o model_0
v -0.10869 1.48644 4.3591
v -0.13077 1.48644 4.269
v -0.10869 1.48644 4.269
v -0.10869 1.48664 4.26743
v -0.13077 1.48644 4.3591
v -0.10869 1.48664 4.36067
v -0.13157 1.48664 4.3601
v -0.10869 1.48734 4.36176
v -0.13077 1.48734 4.36176
v -0.13237 1.48734 4.361
v -0.13302 1.48734 4.3591
v -0.13302 1.48734 4.269
v -0.13209 1.48664 4.269
v -0.13302 1.4881 4.2671
v -0.13209 1.48689 4.26752
v -0.13209 1.48746 4.26653
v -0.13077 1.48664 4.26743
v -0.10869 1.48734 4.26634
v -0.13077 1.48734 4.26634
v -0.10869 1.61414 4.269
v -0.13077 1.61414 4.269
v -0.10869 1.61414 4.3591
v -0.13077 1.61414 4.3591
v -0.10869 1.61389 4.26743
v -0.13077 1.61389 4.26743
v -0.10869 1.61325 4.26634
v -0.13077 1.61325 4.26634
v -0.13209 1.6137 4.26752
v -0.13209 1.61306 4.26653
v -0.13302 1.61249 4.2671
v -0.13302 1.61325 4.269
v -0.13209 1.61389 4.269
v -0.13302 1.61325 4.3591
v -0.13209 1.61389 4.3591
v -0.13201 1.6137 4.36067
v -0.1329 1.61306 4.36067
v -0.13237 1.61249 4.36176
v -0.13077 1.61325 4.36176
v -0.13077 1.61389 4.36067
v -0.10869 1.61325 4.36176
v -0.10869 1.61389 4.36067
v -0.10869 1.48734 4.36176
v -0.10869 1.48842 4.36238
v -0.13077 1.48734 4.36176
v -0.13077 1.48842 4.36238
v -0.13201 1.48842 4.36219
v -0.13237 1.48734 4.361
v -0.1329 1.48842 4.36157
v -0.13302 1.48995 4.36176
v -0.13209 1.48995 4.36238
v -0.13077 1.48995 4.36262
v -0.10869 1.48995 4.36262
v -0.10869 1.61064 4.36262
v -0.13077 1.61064 4.36262
v -0.13157 1.61159 4.36238
v -0.13302 1.61064 4.36176
v -0.13237 1.61249 4.36176
v -0.13077 1.61325 4.36176
v -0.10869 1.61217 4.36238
v -0.10869 1.61325 4.36176
v -0.06896 1.48734 4.361
v -0.06832 1.48734 4.3591
v -0.06792 1.48842 4.36058
v -0.06776 1.48842 4.3591
v -0.06832 1.48734 4.269
v -0.06776 1.48842 4.269
v -0.06756 1.48995 4.3591
v -0.06756 1.48995 4.269
v -0.06756 1.61064 4.269
v -0.06756 1.61064 4.3591
v -0.06776 1.48995 4.36067
v -0.06776 1.61159 4.3601
v -0.06832 1.48995 4.36176
v -0.06832 1.61064 4.36176
v -0.06832 1.61249 4.361
v -0.06832 1.61325 4.3591
v -0.06776 1.61217 4.269
v -0.06844 1.48842 4.36157
v -0.06832 1.61325 4.269
v -0.06844 1.61306 4.26743
v -0.06792 1.61204 4.26743
v -0.06896 1.61249 4.26634
v -0.06776 1.61064 4.26743
v -0.06832 1.61064 4.26634
v -0.06776 1.48995 4.26743
v -0.06832 1.48995 4.26634
v -0.06792 1.48849 4.26743
v -0.06844 1.48746 4.26743
v -0.06896 1.4881 4.26634
v -0.10588 1.48734 4.26634
v -0.10588 1.48842 4.26572
v -0.07061 1.48734 4.26634
v -0.06977 1.489 4.26572
v -0.06896 1.4881 4.26634
v -0.06832 1.48995 4.26634
v -0.06977 1.61159 4.26572
v -0.06832 1.61064 4.26634
v -0.06896 1.61249 4.26634
v -0.07061 1.61325 4.26634
v -0.10588 1.61217 4.26572
v -0.10588 1.61325 4.26634
v -0.10588 1.48995 4.26548
v -0.07061 1.48995 4.26548
v -0.10588 1.61064 4.26548
v -0.07061 1.61064 4.26548
v -0.06832 1.48734 4.269
v -0.06924 1.48664 4.269
v -0.06844 1.48746 4.26743
v -0.06937 1.48689 4.26743
v -0.07061 1.48644 4.269
v -0.06977 1.48664 4.3601
v -0.06832 1.48734 4.3591
v -0.06896 1.48734 4.361
v -0.07061 1.48734 4.36176
v -0.10588 1.48734 4.36176
v -0.10588 1.48664 4.36067
v -0.07061 1.48644 4.3591
v -0.10588 1.48644 4.3591
v -0.10588 1.48644 4.269
v -0.10588 1.48664 4.26743
v -0.07061 1.48664 4.26743
v -0.10588 1.48734 4.26634
v -0.07061 1.48734 4.26634
v -0.06896 1.4881 4.26634
v -0.06832 1.61249 4.361
v -0.06924 1.6137 4.36058
v -0.06832 1.61325 4.3591
v -0.06924 1.61389 4.3591
v -0.06832 1.61325 4.269
v -0.06924 1.61389 4.269
v -0.07061 1.61414 4.3591
v -0.07061 1.61389 4.36067
v -0.10588 1.61389 4.36067
v -0.10588 1.61325 4.36176
v -0.07061 1.61325 4.36176
v -0.06924 1.61306 4.36157
v -0.10588 1.61414 4.3591
v -0.07061 1.61414 4.269
v -0.10588 1.61414 4.269
v -0.10588 1.61389 4.26743
v -0.07061 1.61389 4.26743
v -0.10588 1.61325 4.26634
v -0.07061 1.61325 4.26634
v -0.06937 1.6137 4.26743
v -0.06896 1.61249 4.26634
v -0.06844 1.61306 4.26743
v -0.13302 1.48995 4.36176
v -0.13358 1.48995 4.36067
v -0.13302 1.61064 4.36176
v -0.13358 1.61064 4.36067
v -0.13378 1.48995 4.3591
v -0.13342 1.48842 4.36058
v -0.13358 1.48842 4.3591
v -0.13237 1.48734 4.361
v -0.13302 1.48734 4.3591
v -0.13358 1.489 4.268
v -0.13302 1.48734 4.269
v -0.13302 1.4881 4.2671
v -0.13302 1.48995 4.26634
v -0.13358 1.61159 4.268
v -0.13302 1.61064 4.26634
v -0.13302 1.61249 4.2671
v -0.13302 1.61325 4.269
v -0.13358 1.61217 4.3591
v -0.13302 1.61325 4.3591
v -0.1329 1.61306 4.36067
v -0.13342 1.61204 4.36067
v -0.13237 1.61249 4.36176
v -0.1329 1.48842 4.36157
v -0.13378 1.61064 4.3591
v -0.13378 1.61064 4.269
v -0.13378 1.48995 4.269
v -0.13378 1.49225 4.3135
v -0.13378 1.4925 4.31554
v -0.13378 1.49346 4.31711
v -0.13378 1.50494 4.3591
v -0.13378 1.49678 4.31853
v -0.13378 1.50016 4.31706
v -0.13378 1.49863 4.31815
v -0.13378 1.50494 4.269
v -0.13378 1.49493 4.31815
v -0.13378 1.50111 4.3154
v -0.13378 1.50124 4.31341
v -0.13378 1.50494 4.35346
v -0.13378 1.50067 4.3117
v -0.13378 1.49946 4.31033
v -0.13378 1.49569 4.30961
v -0.13378 1.4941 4.31033
v -0.13378 1.49282 4.3117
v -0.13378 1.49773 4.30957
v -0.06832 1.48995 4.36176
v -0.06844 1.48842 4.36157
v -0.06924 1.48995 4.36238
v -0.06937 1.48842 4.36219
v -0.07061 1.48995 4.36262
v -0.06924 1.61064 4.36238
v -0.06832 1.61064 4.36176
v -0.06832 1.61249 4.361
v -0.06924 1.61204 4.36219
v -0.06924 1.61306 4.36157
v -0.07061 1.61217 4.36238
v -0.07061 1.61325 4.36176
v -0.10588 1.61217 4.36238
v -0.10588 1.61325 4.36176
v -0.10588 1.61064 4.36262
v -0.07061 1.61064 4.36262
v -0.10588 1.48995 4.36262
v -0.07061 1.48842 4.36238
v -0.10588 1.48842 4.36238
v -0.07061 1.48734 4.36176
v -0.06896 1.48734 4.361
v -0.10588 1.48734 4.36176
v -0.10869 1.48734 4.26634
v -0.10869 1.48842 4.26572
v -0.13077 1.48734 4.26634
v -0.13077 1.48842 4.26572
v -0.13209 1.48849 4.26591
v -0.13209 1.48995 4.26572
v -0.13302 1.48995 4.26634
v -0.13302 1.4881 4.2671
v -0.13209 1.48746 4.26653
v -0.10869 1.48995 4.26548
v -0.13077 1.48995 4.26548
v -0.13077 1.61064 4.26548
v -0.13209 1.61064 4.26572
v -0.13302 1.61064 4.26634
v -0.10869 1.61064 4.26548
v -0.13077 1.61217 4.26572
v -0.13209 1.61204 4.26591
v -0.13209 1.61306 4.26653
v -0.13302 1.61249 4.2671
v -0.13077 1.61325 4.26634
v -0.10869 1.61217 4.26572
v -0.10869 1.61325 4.26634
v -0.10728 1.49021 4.36105
v -0.10869 1.48734 4.36176
v -0.10728 1.48919 4.36039
v -0.10869 1.48664 4.36067
v -0.10728 1.48855 4.35934
v -0.10869 1.48644 4.3591
v -0.10728 1.48836 4.35787
v -0.10869 1.48644 4.269
v -0.10728 1.48836 4.27023
v -0.10869 1.48664 4.26743
v -0.10728 1.48855 4.26876
v -0.10869 1.48734 4.26634
v -0.10728 1.48919 4.26771
v -0.10869 1.48842 4.26572
v -0.10728 1.49021 4.26705
v -0.10869 1.48842 4.36238
v -0.10728 1.61032 4.26705
v -0.10869 1.61325 4.26634
v -0.10728 1.6114 4.26771
v -0.10869 1.61389 4.26743
v -0.10728 1.61204 4.26876
v -0.10869 1.61414 4.269
v -0.10728 1.61223 4.27023
v -0.10869 1.61414 4.3591
v -0.10728 1.61223 4.35787
v -0.10869 1.61389 4.36067
v -0.10728 1.61204 4.35934
v -0.10869 1.61325 4.36176
v -0.10728 1.6114 4.36039
v -0.10869 1.61217 4.36238
v -0.10728 1.61032 4.36105
v -0.10869 1.61217 4.26572
v -0.10728 1.49021 4.36105
v -0.10728 1.49174 4.36124
v -0.10869 1.48842 4.36238
v -0.10869 1.48995 4.36262
v -0.10728 1.60885 4.36124
v -0.10869 1.61064 4.36262
v -0.10728 1.61032 4.36105
v -0.10869 1.61217 4.36238
v -0.10728 1.49021 4.26705
v -0.10588 1.48842 4.26572
v -0.10728 1.49174 4.26686
v -0.10588 1.48995 4.26548
v -0.10728 1.60885 4.26686
v -0.10588 1.61064 4.26548
v -0.10728 1.61032 4.26705
v -0.10588 1.61217 4.26572
v -0.10728 1.48836 4.35787
v -0.10728 1.48855 4.35934
v -0.10588 1.48664 4.36067
v -0.10588 1.48734 4.36176
v -0.10588 1.48644 4.3591
v -0.10728 1.48836 4.27023
v -0.10588 1.48644 4.269
v -0.10728 1.48855 4.26876
v -0.10588 1.48664 4.26743
v -0.10728 1.48919 4.26771
v -0.10588 1.48734 4.26634
v -0.10728 1.49021 4.26705
v -0.10588 1.48842 4.26572
v -0.10728 1.48919 4.36039
v -0.10588 1.48842 4.36238
v -0.10728 1.49021 4.36105
v -0.10728 1.61223 4.27023
v -0.10728 1.61204 4.26876
v -0.10588 1.61389 4.26743
v -0.10588 1.61325 4.26634
v -0.10588 1.61414 4.269
v -0.10728 1.61223 4.35787
v -0.10588 1.61414 4.3591
v -0.10728 1.61204 4.35934
v -0.10588 1.61389 4.36067
v -0.10728 1.6114 4.36039
v -0.10588 1.61325 4.36176
v -0.10728 1.61032 4.36105
v -0.10588 1.61217 4.36238
v -0.10728 1.6114 4.26771
v -0.10588 1.61217 4.26572
v -0.10728 1.61032 4.26705
v -0.10869 1.48842 4.26572
v -0.10728 1.49021 4.26705
v -0.10869 1.48995 4.26548
v -0.10728 1.49174 4.26686
v -0.10869 1.61064 4.26548
v -0.10728 1.60885 4.26686
v -0.10869 1.61217 4.26572
v -0.10728 1.61032 4.26705
v -0.10588 1.48842 4.36238
v -0.10728 1.49021 4.36105
v -0.10588 1.48995 4.36262
v -0.10728 1.49174 4.36124
v -0.10588 1.61064 4.36262
v -0.10728 1.60885 4.36124
v -0.10588 1.61217 4.36238
v -0.10728 1.61032 4.36105
v -0.09027 1.61702 4.34534
v -0.08746 1.61702 4.34738
v -0.09027 1.6086 4.34534
v -0.08746 1.6086 4.34738
v -0.08408 1.61702 4.3481
v -0.08408 1.6086 4.3481
v -0.0807 1.61702 4.34738
v -0.0807 1.6086 4.34738
v -0.07789 1.61702 4.34534
v -0.07789 1.6086 4.34534
v -0.09027 1.6086 4.34534
v -0.09027 1.61702 4.34534
v -0.092 1.6086 4.34235
v -0.092 1.61702 4.34235
v -0.09237 1.6086 4.33889
v -0.09237 1.61702 4.33889
v -0.09128 1.6086 4.33562
v -0.09128 1.61702 4.33562
v -0.08899 1.6086 4.33301
v -0.08899 1.61702 4.33301
v -0.08899 1.6086 4.33301
v -0.08899 1.61702 4.33301
v -0.08581 1.6086 4.33163
v -0.08581 1.61702 4.33163
v -0.08235 1.6086 4.33163
v -0.08235 1.61702 4.33163
v -0.07918 1.6086 4.33301
v -0.07918 1.61702 4.33301
v -0.07918 1.6086 4.33301
v -0.07918 1.61702 4.33301
v -0.07688 1.6086 4.33562
v -0.07688 1.61702 4.33562
v -0.0758 1.6086 4.33889
v -0.0758 1.61702 4.33889
v -0.07616 1.6086 4.34235
v -0.07616 1.61702 4.34235
v -0.07789 1.6086 4.34534
v -0.07789 1.61702 4.34534
v -0.07966 1.61446 4.34373
v -0.07845 1.61446 4.3416
v -0.08167 1.61446 4.34515
v -0.07817 1.61446 4.33913
v -0.07894 1.61446 4.3368
v -0.08058 1.61446 4.33495
v -0.08284 1.61446 4.33396
v -0.08533 1.61446 4.33396
v -0.08758 1.61446 4.33495
v -0.08923 1.61446 4.3368
v -0.08999 1.61446 4.33913
v -0.08971 1.61446 4.3416
v -0.08847 1.61446 4.34373
v -0.08649 1.61446 4.34515
v -0.08408 1.61446 4.34568
v -0.08408 1.61702 4.3481
v -0.08746 1.61702 4.34738
v -0.08408 1.61702 4.34568
v -0.08649 1.61702 4.34515
v -0.0807 1.61702 4.34738
v -0.08408 1.61702 4.3481
v -0.08167 1.61702 4.34515
v -0.08408 1.61702 4.34568
v -0.08167 1.61702 4.34515
v -0.07966 1.61702 4.34373
v -0.0807 1.61702 4.34738
v -0.07789 1.61702 4.34534
v -0.07845 1.61702 4.3416
v -0.07616 1.61702 4.34235
v -0.07817 1.61702 4.33913
v -0.0758 1.61702 4.33889
v -0.07894 1.61702 4.3368
v -0.07688 1.61702 4.33562
v -0.07918 1.61702 4.33301
v -0.08058 1.61702 4.33495
v -0.07688 1.61702 4.33562
v -0.07894 1.61702 4.3368
v -0.08235 1.61702 4.33163
v -0.08284 1.61702 4.33396
v -0.07918 1.61702 4.33301
v -0.08058 1.61702 4.33495
v -0.08581 1.61702 4.33163
v -0.08533 1.61702 4.33396
v -0.08235 1.61702 4.33163
v -0.08284 1.61702 4.33396
v -0.08533 1.61702 4.33396
v -0.08581 1.61702 4.33163
v -0.08758 1.61702 4.33495
v -0.08899 1.61702 4.33301
v -0.08923 1.61702 4.3368
v -0.09128 1.61702 4.33562
v -0.08999 1.61702 4.33913
v -0.09237 1.61702 4.33889
v -0.08971 1.61702 4.3416
v -0.092 1.61702 4.34235
v -0.08847 1.61702 4.34373
v -0.09027 1.61702 4.34534
v -0.08746 1.61702 4.34738
v -0.08649 1.61702 4.34515
v -0.09027 1.61702 4.34534
v -0.08847 1.61702 4.34373
v -0.08847 1.61446 4.34373
v -0.08847 1.61702 4.34373
v -0.08649 1.61446 4.34515
v -0.08649 1.61702 4.34515
v -0.08408 1.61446 4.34568
v -0.08408 1.61702 4.34568
v -0.08167 1.61446 4.34515
v -0.08167 1.61702 4.34515
v -0.07966 1.61446 4.34373
v -0.07966 1.61702 4.34373
v -0.07966 1.61446 4.34373
v -0.07966 1.61702 4.34373
v -0.07845 1.61446 4.3416
v -0.07845 1.61702 4.3416
v -0.07817 1.61446 4.33913
v -0.07817 1.61702 4.33913
v -0.07894 1.61446 4.3368
v -0.07894 1.61702 4.3368
v -0.08058 1.61446 4.33495
v -0.08058 1.61702 4.33495
v -0.08058 1.61446 4.33495
v -0.08058 1.61702 4.33495
v -0.08284 1.61446 4.33396
v -0.08284 1.61702 4.33396
v -0.08533 1.61446 4.33396
v -0.08533 1.61702 4.33396
v -0.08758 1.61446 4.33495
v -0.08758 1.61702 4.33495
v -0.08758 1.61446 4.33495
v -0.08758 1.61702 4.33495
v -0.08923 1.61446 4.3368
v -0.08923 1.61702 4.3368
v -0.08999 1.61446 4.33913
v -0.08999 1.61702 4.33913
v -0.08971 1.61446 4.3416
v -0.08971 1.61702 4.3416
v -0.08847 1.61446 4.34373
v -0.08847 1.61702 4.34373
v -0.09027 1.61702 4.31953
v -0.09027 1.6086 4.31953
v -0.08746 1.61702 4.32157
v -0.08746 1.6086 4.32157
v -0.08408 1.61702 4.32228
v -0.08408 1.6086 4.32228
v -0.0807 1.61702 4.32157
v -0.0807 1.6086 4.32157
v -0.07789 1.61702 4.31953
v -0.07789 1.6086 4.31953
v -0.09027 1.6086 4.31953
v -0.09027 1.61702 4.31953
v -0.092 1.6086 4.31654
v -0.092 1.61702 4.31654
v -0.09237 1.6086 4.31308
v -0.09237 1.61702 4.31308
v -0.09128 1.6086 4.3098
v -0.09128 1.61702 4.3098
v -0.08899 1.6086 4.30724
v -0.08899 1.61702 4.30724
v -0.08899 1.6086 4.30724
v -0.08899 1.61702 4.30724
v -0.08581 1.6086 4.30582
v -0.08581 1.61702 4.30582
v -0.08235 1.6086 4.30582
v -0.08235 1.61702 4.30582
v -0.07918 1.6086 4.30724
v -0.07918 1.61702 4.30724
v -0.07918 1.6086 4.30724
v -0.07918 1.61702 4.30724
v -0.07688 1.6086 4.3098
v -0.07688 1.61702 4.3098
v -0.0758 1.6086 4.31308
v -0.0758 1.61702 4.31308
v -0.07616 1.6086 4.31654
v -0.07616 1.61702 4.31654
v -0.07789 1.6086 4.31953
v -0.07789 1.61702 4.31953
v -0.07966 1.61446 4.31792
v -0.07845 1.61446 4.31578
v -0.08167 1.61446 4.31939
v -0.07817 1.61446 4.31336
v -0.07894 1.61446 4.31099
v -0.08058 1.61446 4.30919
v -0.08284 1.61446 4.30814
v -0.08533 1.61446 4.30814
v -0.08758 1.61446 4.30919
v -0.08923 1.61446 4.31099
v -0.08999 1.61446 4.31336
v -0.08971 1.61446 4.31578
v -0.08847 1.61446 4.31792
v -0.08649 1.61446 4.31939
v -0.08408 1.61446 4.31986
v -0.0807 1.61702 4.32157
v -0.08408 1.61702 4.32228
v -0.08167 1.61702 4.31939
v -0.08408 1.61702 4.31986
v -0.08746 1.61702 4.32157
v -0.08649 1.61702 4.31939
v -0.09027 1.61702 4.31953
v -0.08847 1.61702 4.31792
v -0.092 1.61702 4.31654
v -0.08971 1.61702 4.31578
v -0.09237 1.61702 4.31308
v -0.08999 1.61702 4.31336
v -0.09128 1.61702 4.3098
v -0.08923 1.61702 4.31099
v -0.08899 1.61702 4.30724
v -0.08758 1.61702 4.30919
v -0.08581 1.61702 4.30582
v -0.08533 1.61702 4.30814
v -0.08235 1.61702 4.30582
v -0.08284 1.61702 4.30814
v -0.07918 1.61702 4.30724
v -0.08058 1.61702 4.30919
v -0.07688 1.61702 4.3098
v -0.07894 1.61702 4.31099
v -0.07789 1.61702 4.31953
v -0.07966 1.61702 4.31792
v -0.0807 1.61702 4.32157
v -0.08167 1.61702 4.31939
v -0.07616 1.61702 4.31654
v -0.07845 1.61702 4.31578
v -0.07789 1.61702 4.31953
v -0.07966 1.61702 4.31792
v -0.0758 1.61702 4.31308
v -0.07817 1.61702 4.31336
v -0.07616 1.61702 4.31654
v -0.07845 1.61702 4.31578
v -0.07688 1.61702 4.3098
v -0.07894 1.61702 4.31099
v -0.0758 1.61702 4.31308
v -0.07817 1.61702 4.31336
v -0.08847 1.61446 4.31792
v -0.08847 1.61702 4.31792
v -0.08649 1.61446 4.31939
v -0.08649 1.61702 4.31939
v -0.08408 1.61446 4.31986
v -0.08408 1.61702 4.31986
v -0.08167 1.61446 4.31939
v -0.08167 1.61702 4.31939
v -0.07966 1.61446 4.31792
v -0.07966 1.61702 4.31792
v -0.07966 1.61446 4.31792
v -0.07966 1.61702 4.31792
v -0.07845 1.61446 4.31578
v -0.07845 1.61702 4.31578
v -0.07817 1.61446 4.31336
v -0.07817 1.61702 4.31336
v -0.07894 1.61446 4.31099
v -0.07894 1.61702 4.31099
v -0.08058 1.61446 4.30919
v -0.08058 1.61702 4.30919
v -0.08058 1.61446 4.30919
v -0.08058 1.61702 4.30919
v -0.08284 1.61446 4.30814
v -0.08284 1.61702 4.30814
v -0.08533 1.61446 4.30814
v -0.08533 1.61702 4.30814
v -0.08758 1.61446 4.30919
v -0.08758 1.61702 4.30919
v -0.08758 1.61446 4.30919
v -0.08758 1.61702 4.30919
v -0.08923 1.61446 4.31099
v -0.08923 1.61702 4.31099
v -0.08999 1.61446 4.31336
v -0.08999 1.61702 4.31336
v -0.08971 1.61446 4.31578
v -0.08971 1.61702 4.31578
v -0.08847 1.61446 4.31792
v -0.08847 1.61702 4.31792
v -0.09027 1.61702 4.29377
v -0.09027 1.6086 4.29377
v -0.08746 1.61702 4.29576
v -0.08746 1.6086 4.29576
v -0.08408 1.61702 4.29652
v -0.08408 1.6086 4.29652
v -0.0807 1.61702 4.29576
v -0.0807 1.6086 4.29576
v -0.07789 1.61702 4.29377
v -0.07789 1.6086 4.29377
v -0.09027 1.6086 4.29377
v -0.09027 1.61702 4.29377
v -0.092 1.6086 4.29073
v -0.092 1.61702 4.29073
v -0.09237 1.6086 4.28731
v -0.09237 1.61702 4.28731
v -0.09128 1.6086 4.28399
v -0.09128 1.61702 4.28399
v -0.08899 1.6086 4.28143
v -0.08899 1.61702 4.28143
v -0.08899 1.6086 4.28143
v -0.08899 1.61702 4.28143
v -0.08581 1.6086 4.28
v -0.08581 1.61702 4.28
v -0.08235 1.6086 4.28
v -0.08235 1.61702 4.28
v -0.07918 1.6086 4.28143
v -0.07918 1.61702 4.28143
v -0.07918 1.6086 4.28143
v -0.07918 1.61702 4.28143
v -0.07688 1.6086 4.28399
v -0.07688 1.61702 4.28399
v -0.0758 1.6086 4.28731
v -0.0758 1.61702 4.28731
v -0.07616 1.6086 4.29073
v -0.07616 1.61702 4.29073
v -0.07789 1.6086 4.29377
v -0.07789 1.61702 4.29377
v -0.07966 1.61446 4.29215
v -0.07845 1.61446 4.29002
v -0.08167 1.61446 4.29358
v -0.07817 1.61446 4.28755
v -0.07894 1.61446 4.28522
v -0.08058 1.61446 4.28337
v -0.08284 1.61446 4.28238
v -0.08533 1.61446 4.28238
v -0.08758 1.61446 4.28337
v -0.08923 1.61446 4.28522
v -0.08999 1.61446 4.28755
v -0.08971 1.61446 4.29002
v -0.08847 1.61446 4.29215
v -0.08649 1.61446 4.29358
v -0.08408 1.61446 4.2941
v -0.08746 1.61702 4.29576
v -0.08408 1.61702 4.2941
v -0.08408 1.61702 4.29652
v -0.08167 1.61702 4.29358
v -0.08649 1.61702 4.29358
v -0.09027 1.61702 4.29377
v -0.08847 1.61702 4.29215
v -0.092 1.61702 4.29073
v -0.08971 1.61702 4.29002
v -0.09237 1.61702 4.28731
v -0.08999 1.61702 4.28755
v -0.09128 1.61702 4.28399
v -0.08923 1.61702 4.28522
v -0.08899 1.61702 4.28143
v -0.08758 1.61702 4.28337
v -0.08581 1.61702 4.28
v -0.08533 1.61702 4.28238
v -0.08235 1.61702 4.28
v -0.08284 1.61702 4.28238
v -0.07918 1.61702 4.28143
v -0.08058 1.61702 4.28337
v -0.07688 1.61702 4.28399
v -0.07894 1.61702 4.28522
v -0.0758 1.61702 4.28731
v -0.07817 1.61702 4.28755
v -0.07616 1.61702 4.29073
v -0.07845 1.61702 4.29002
v -0.07789 1.61702 4.29377
v -0.07966 1.61702 4.29215
v -0.0807 1.61702 4.29576
v -0.08847 1.61446 4.29215
v -0.08649 1.61446 4.29358
v -0.08847 1.61702 4.29215
v -0.08649 1.61702 4.29358
v -0.08408 1.61446 4.2941
v -0.08408 1.61702 4.2941
v -0.08167 1.61446 4.29358
v -0.08167 1.61702 4.29358
v -0.07966 1.61446 4.29215
v -0.07966 1.61702 4.29215
v -0.07966 1.61446 4.29215
v -0.07966 1.61702 4.29215
v -0.07845 1.61446 4.29002
v -0.07845 1.61702 4.29002
v -0.07817 1.61446 4.28755
v -0.07817 1.61702 4.28755
v -0.07894 1.61446 4.28522
v -0.07894 1.61702 4.28522
v -0.08058 1.61446 4.28337
v -0.08058 1.61702 4.28337
v -0.08058 1.61446 4.28337
v -0.08058 1.61702 4.28337
v -0.08284 1.61446 4.28238
v -0.08284 1.61702 4.28238
v -0.08533 1.61446 4.28238
v -0.08533 1.61702 4.28238
v -0.08758 1.61446 4.28337
v -0.08758 1.61702 4.28337
v -0.08758 1.61446 4.28337
v -0.08758 1.61702 4.28337
v -0.08923 1.61446 4.28522
v -0.08923 1.61702 4.28522
v -0.08999 1.61446 4.28755
v -0.08999 1.61702 4.28755
v -0.08971 1.61446 4.29002
v -0.08971 1.61702 4.29002
v -0.08847 1.61446 4.29215
v -0.08847 1.61702 4.29215
v -0.13378 1.52644 4.28679
v -0.13378 1.52854 4.28446
v -0.13378 1.51853 4.29557
v -0.13378 1.54034 4.27924
v -0.13378 1.50494 4.269
v -0.13378 1.51547 4.32466
v -0.13378 1.50494 4.35346
v -0.13378 1.52293 4.33761
v -0.13378 1.53505 4.34639
v -0.13378 1.54966 4.34947
v -0.13378 1.59405 4.3591
v -0.13378 1.57638 4.33761
v -0.13378 1.58461 4.31735
v -0.13378 1.58385 4.32466
v -0.13378 1.5325 4.28271
v -0.13378 1.51394 4.3098
v -0.13378 1.50494 4.3591
v -0.13378 1.56426 4.34639
v -0.13378 1.59405 4.269
v -0.13378 1.58078 4.29557
v -0.13378 1.55712 4.27839
v -0.13378 1.57077 4.28446
v -0.13378 1.58538 4.3098
v -0.13378 1.54219 4.27839
v -0.12558 1.60726 4.31023
v -0.12558 1.6084 4.31142
v -0.12558 1.60573 4.30957
v -0.12558 1.60381 4.30957
v -0.12558 1.60177 4.31061
v -0.12558 1.60081 4.3117
v -0.12558 1.60024 4.3136
v -0.12558 1.60043 4.3154
v -0.12558 1.60139 4.31706
v -0.12558 1.60292 4.31815
v -0.12558 1.60477 4.31853
v -0.12558 1.60662 4.31815
v -0.12558 1.60815 4.31706
v -0.12558 1.60911 4.3154
v -0.12558 1.60917 4.31312
v -0.13378 1.60081 4.3117
v -0.13378 1.60024 4.3136
v -0.13378 1.60177 4.31061
v -0.13378 1.60573 4.30957
v -0.13378 1.60381 4.30957
v -0.13378 1.60726 4.31023
v -0.13378 1.6084 4.31142
v -0.13378 1.60917 4.31312
v -0.13378 1.60911 4.3154
v -0.13378 1.60662 4.31815
v -0.13378 1.60292 4.31815
v -0.13378 1.60477 4.31853
v -0.13378 1.60815 4.31706
v -0.13378 1.59405 4.3591
v -0.13378 1.60139 4.31706
v -0.13378 1.60043 4.3154
v -0.13378 1.59405 4.269
v -0.12558 1.49346 4.31711
v -0.12558 1.49493 4.31815
v -0.12558 1.4925 4.31554
v -0.12558 1.49678 4.31853
v -0.12558 1.49863 4.31815
v -0.12558 1.50016 4.31706
v -0.12558 1.50111 4.3154
v -0.12558 1.50124 4.31341
v -0.12558 1.50067 4.3117
v -0.12558 1.49946 4.31033
v -0.12558 1.49773 4.30957
v -0.12558 1.49569 4.30961
v -0.12558 1.4941 4.31033
v -0.12558 1.49282 4.3117
v -0.12558 1.49225 4.3135
v -0.13378 1.60815 4.31706
v -0.13378 1.60662 4.31815
v -0.12558 1.60815 4.31706
v -0.12558 1.60662 4.31815
v -0.13378 1.60477 4.31853
v -0.12558 1.60477 4.31853
v -0.13378 1.60292 4.31815
v -0.12558 1.60292 4.31815
v -0.13378 1.60139 4.31706
v -0.12558 1.60139 4.31706
v -0.12558 1.60815 4.31706
v -0.13378 1.60815 4.31706
v -0.12558 1.60911 4.3154
v -0.13378 1.60911 4.3154
v -0.12558 1.60917 4.31312
v -0.13378 1.60917 4.31312
v -0.12558 1.6084 4.31142
v -0.13378 1.6084 4.31142
v -0.12558 1.60726 4.31023
v -0.13378 1.60726 4.31023
v -0.12558 1.60726 4.31023
v -0.13378 1.60726 4.31023
v -0.12558 1.60573 4.30957
v -0.13378 1.60573 4.30957
v -0.12558 1.60381 4.30957
v -0.13378 1.60381 4.30957
v -0.12558 1.60177 4.31061
v -0.13378 1.60177 4.31061
v -0.12558 1.60177 4.31061
v -0.13378 1.60177 4.31061
v -0.12558 1.60081 4.3117
v -0.13378 1.60081 4.3117
v -0.12558 1.60024 4.3136
v -0.13378 1.60024 4.3136
v -0.12558 1.60043 4.3154
v -0.13378 1.60043 4.3154
v -0.12558 1.60139 4.31706
v -0.13378 1.60139 4.31706
v -0.13378 1.50016 4.31706
v -0.12558 1.50016 4.31706
v -0.13378 1.49863 4.31815
v -0.12558 1.49863 4.31815
v -0.13378 1.49678 4.31853
v -0.12558 1.49678 4.31853
v -0.13378 1.49493 4.31815
v -0.12558 1.49493 4.31815
v -0.13378 1.49346 4.31711
v -0.12558 1.49346 4.31711
v -0.12558 1.50016 4.31706
v -0.13378 1.50016 4.31706
v -0.12558 1.50111 4.3154
v -0.13378 1.50111 4.3154
v -0.12558 1.50124 4.31341
v -0.13378 1.50124 4.31341
v -0.12558 1.50067 4.3117
v -0.13378 1.50067 4.3117
v -0.12558 1.49946 4.31033
v -0.13378 1.49946 4.31033
v -0.12558 1.49946 4.31033
v -0.13378 1.49946 4.31033
v -0.12558 1.49773 4.30957
v -0.13378 1.49773 4.30957
v -0.12558 1.49569 4.30961
v -0.13378 1.49569 4.30961
v -0.12558 1.4941 4.31033
v -0.13378 1.4941 4.31033
v -0.12558 1.4941 4.31033
v -0.13378 1.4941 4.31033
v -0.12558 1.49282 4.3117
v -0.13378 1.49282 4.3117
v -0.12558 1.49225 4.3135
v -0.13378 1.49225 4.3135
v -0.12558 1.4925 4.31554
v -0.13378 1.4925 4.31554
v -0.12558 1.49346 4.31711
v -0.13378 1.49346 4.31711
v -0.09011 1.54966 4.35227
v -0.09011 1.55763 4.35147
v -0.14283 1.55763 4.35147
v -0.14283 1.56522 4.349
v -0.14283 1.54966 4.35227
v -0.09011 1.54168 4.35147
v -0.14283 1.54168 4.35147
v -0.09011 1.53409 4.349
v -0.14283 1.53409 4.349
v -0.09011 1.5272 4.34501
v -0.14283 1.5272 4.34501
v -0.09011 1.52121 4.33965
v -0.14283 1.52121 4.33965
v -0.09011 1.56522 4.349
v -0.14283 1.57211 4.34501
v -0.09011 1.57211 4.34501
v -0.14283 1.57811 4.33965
v -0.09011 1.57811 4.33965
v -0.14283 1.57811 4.33965
v -0.09011 1.57811 4.33965
v -0.14283 1.58276 4.33315
v -0.09011 1.58276 4.33315
v -0.14283 1.58601 4.32589
v -0.09011 1.58601 4.32589
v -0.14283 1.58767 4.31806
v -0.09011 1.58767 4.31806
v -0.14283 1.58767 4.31004
v -0.09011 1.58767 4.31004
v -0.14283 1.58601 4.30221
v -0.09011 1.58601 4.30221
v -0.14283 1.58276 4.29495
v -0.09011 1.58276 4.29495
v -0.14283 1.57811 4.28845
v -0.09011 1.57811 4.28845
v -0.14283 1.57811 4.28845
v -0.09011 1.57811 4.28845
v -0.14283 1.57211 4.28309
v -0.09011 1.57211 4.28309
v -0.14283 1.56522 4.2791
v -0.09011 1.56522 4.2791
v -0.14283 1.55763 4.27664
v -0.09011 1.55763 4.27664
v -0.14283 1.54966 4.27583
v -0.09011 1.54966 4.27583
v -0.14283 1.54168 4.27664
v -0.09011 1.54168 4.27664
v -0.14283 1.53409 4.2791
v -0.09011 1.53409 4.2791
v -0.14283 1.5272 4.28309
v -0.09011 1.5272 4.28309
v -0.14283 1.52121 4.28845
v -0.09011 1.52121 4.28845
v -0.14283 1.52121 4.28845
v -0.09011 1.52121 4.28845
v -0.14283 1.51655 4.29495
v -0.09011 1.51655 4.29495
v -0.14283 1.5133 4.30221
v -0.09011 1.5133 4.30221
v -0.14283 1.51164 4.31004
v -0.09011 1.51164 4.31004
v -0.14283 1.51164 4.31806
v -0.09011 1.51164 4.31806
v -0.14283 1.5133 4.32589
v -0.09011 1.5133 4.32589
v -0.14283 1.51655 4.33315
v -0.09011 1.51655 4.33315
v -0.14283 1.52121 4.33965
v -0.09011 1.52121 4.33965
v -0.12908 1.5561 4.3443
v -0.12908 1.56222 4.34231
v -0.12908 1.54966 4.34496
v -0.12908 1.56784 4.33908
v -0.12908 1.57262 4.33476
v -0.12908 1.57645 4.3295
v -0.12908 1.57906 4.32361
v -0.12908 1.5804 4.3173
v -0.12908 1.5804 4.3108
v -0.12908 1.57906 4.30449
v -0.12908 1.57645 4.2986
v -0.12908 1.57262 4.29334
v -0.12908 1.56784 4.28902
v -0.12908 1.56222 4.28579
v -0.12908 1.5561 4.2838
v -0.12908 1.54966 4.28314
v -0.12908 1.54321 4.2838
v -0.12908 1.53709 4.28579
v -0.12908 1.53148 4.28902
v -0.12908 1.52669 4.29334
v -0.12908 1.52287 4.2986
v -0.12908 1.52025 4.30449
v -0.12908 1.51891 4.3108
v -0.12908 1.51891 4.3173
v -0.12908 1.52025 4.32361
v -0.12908 1.52287 4.3295
v -0.12908 1.52669 4.33476
v -0.12908 1.53148 4.33908
v -0.12908 1.53709 4.34231
v -0.12908 1.54321 4.3443
v -0.14778 1.54966 4.35156
v -0.14778 1.55744 4.35071
v -0.1454 1.55763 4.35147
v -0.1454 1.56522 4.349
v -0.1454 1.54966 4.35227
v -0.14778 1.54187 4.35071
v -0.1454 1.54168 4.35147
v -0.14778 1.53441 4.34829
v -0.1454 1.53409 4.349
v -0.14778 1.52765 4.34439
v -0.1454 1.5272 4.34501
v -0.14778 1.52178 4.33913
v -0.1454 1.52121 4.33965
v -0.14778 1.5649 4.34829
v -0.1454 1.57211 4.34501
v -0.14778 1.57166 4.34439
v -0.1454 1.57811 4.33965
v -0.14778 1.57753 4.33913
v -0.1454 1.57811 4.33965
v -0.14778 1.57753 4.33913
v -0.1454 1.58276 4.33315
v -0.14778 1.58212 4.33282
v -0.1454 1.58601 4.32589
v -0.14778 1.58531 4.32565
v -0.1454 1.58767 4.31806
v -0.14778 1.58691 4.31797
v -0.1454 1.58767 4.31004
v -0.14778 1.58691 4.31014
v -0.1454 1.58601 4.30221
v -0.14778 1.58531 4.30245
v -0.1454 1.58276 4.29495
v -0.14778 1.58212 4.29528
v -0.1454 1.57811 4.28845
v -0.14778 1.57753 4.28897
v -0.1454 1.57811 4.28845
v -0.14778 1.57753 4.28897
v -0.1454 1.57211 4.28309
v -0.14778 1.57166 4.28371
v -0.1454 1.56522 4.2791
v -0.14778 1.5649 4.27981
v -0.1454 1.55763 4.27664
v -0.14778 1.55744 4.27739
v -0.1454 1.54966 4.27583
v -0.14778 1.54966 4.27654
v -0.1454 1.54168 4.27664
v -0.14778 1.54187 4.27739
v -0.1454 1.53409 4.2791
v -0.14778 1.53441 4.27981
v -0.1454 1.5272 4.28309
v -0.14778 1.52765 4.28371
v -0.1454 1.52121 4.28845
v -0.14778 1.52178 4.28897
v -0.1454 1.52121 4.28845
v -0.14778 1.52178 4.28897
v -0.1454 1.51655 4.29495
v -0.14778 1.51719 4.29528
v -0.1454 1.5133 4.30221
v -0.14778 1.514 4.30245
v -0.1454 1.51164 4.31004
v -0.14778 1.51234 4.31014
v -0.1454 1.51164 4.31806
v -0.14778 1.51234 4.31796
v -0.1454 1.5133 4.32589
v -0.14778 1.514 4.32565
v -0.1454 1.51655 4.33315
v -0.14778 1.51719 4.33282
v -0.1454 1.52121 4.33965
v -0.14778 1.52178 4.33913
v -0.14778 1.54966 4.35156
v -0.14778 1.5561 4.3443
v -0.14778 1.55744 4.35071
v -0.14778 1.56222 4.34231
v -0.14778 1.54966 4.34496
v -0.14778 1.54187 4.35071
v -0.14778 1.54321 4.3443
v -0.14778 1.53441 4.34829
v -0.14778 1.53709 4.34231
v -0.14778 1.52765 4.34439
v -0.14778 1.53148 4.33908
v -0.14778 1.52178 4.33913
v -0.14778 1.52669 4.33476
v -0.14778 1.51719 4.33282
v -0.14778 1.52287 4.3295
v -0.14778 1.514 4.32565
v -0.14778 1.52025 4.32361
v -0.14778 1.51234 4.31796
v -0.14778 1.51891 4.3173
v -0.14778 1.51234 4.31014
v -0.14778 1.51891 4.3108
v -0.14778 1.514 4.30245
v -0.14778 1.52025 4.30449
v -0.14778 1.51719 4.29528
v -0.14778 1.52287 4.2986
v -0.14778 1.52178 4.28897
v -0.14778 1.52669 4.29334
v -0.14778 1.52765 4.28371
v -0.14778 1.53148 4.28902
v -0.14778 1.53441 4.27981
v -0.14778 1.53709 4.28579
v -0.14778 1.54187 4.27739
v -0.14778 1.54321 4.2838
v -0.14778 1.54966 4.27654
v -0.14778 1.54966 4.28314
v -0.14778 1.55744 4.27739
v -0.14778 1.5561 4.2838
v -0.14778 1.5649 4.27981
v -0.14778 1.56222 4.28579
v -0.14778 1.57166 4.28371
v -0.14778 1.56784 4.28902
v -0.14778 1.57753 4.28897
v -0.14778 1.57262 4.29334
v -0.14778 1.58212 4.29528
v -0.14778 1.57645 4.2986
v -0.14778 1.58531 4.30245
v -0.14778 1.57906 4.30449
v -0.14778 1.58691 4.31014
v -0.14778 1.5804 4.3108
v -0.14778 1.58691 4.31797
v -0.14778 1.5804 4.3173
v -0.14778 1.58531 4.32565
v -0.14778 1.57906 4.32361
v -0.14778 1.58212 4.33282
v -0.14778 1.57645 4.3295
v -0.14778 1.57753 4.33913
v -0.14778 1.57262 4.33476
v -0.14778 1.57166 4.34439
v -0.14778 1.56784 4.33908
v -0.14778 1.5649 4.34829
v -0.14778 1.54966 4.34496
v -0.12908 1.5561 4.3443
v -0.14778 1.5561 4.3443
v -0.12908 1.56222 4.34231
v -0.12908 1.54966 4.34496
v -0.14778 1.54321 4.3443
v -0.12908 1.54321 4.3443
v -0.14778 1.53709 4.34231
v -0.12908 1.53709 4.34231
v -0.14778 1.53148 4.33908
v -0.12908 1.53148 4.33908
v -0.14778 1.52669 4.33476
v -0.12908 1.52669 4.33476
v -0.14778 1.56222 4.34231
v -0.12908 1.56784 4.33908
v -0.14778 1.56784 4.33908
v -0.12908 1.57262 4.33476
v -0.14778 1.57262 4.33476
v -0.12908 1.57262 4.33476
v -0.14778 1.57262 4.33476
v -0.12908 1.57645 4.3295
v -0.14778 1.57645 4.3295
v -0.12908 1.57906 4.32361
v -0.14778 1.57906 4.32361
v -0.12908 1.5804 4.3173
v -0.14778 1.5804 4.3173
v -0.12908 1.5804 4.3108
v -0.14778 1.5804 4.3108
v -0.12908 1.57906 4.30449
v -0.14778 1.57906 4.30449
v -0.12908 1.57645 4.2986
v -0.14778 1.57645 4.2986
v -0.12908 1.57262 4.29334
v -0.14778 1.57262 4.29334
v -0.12908 1.57262 4.29334
v -0.14778 1.57262 4.29334
v -0.12908 1.56784 4.28902
v -0.14778 1.56784 4.28902
v -0.12908 1.56222 4.28579
v -0.14778 1.56222 4.28579
v -0.12908 1.5561 4.2838
v -0.14778 1.5561 4.2838
v -0.12908 1.54966 4.28314
v -0.14778 1.54966 4.28314
v -0.12908 1.54321 4.2838
v -0.14778 1.54321 4.2838
v -0.12908 1.53709 4.28579
v -0.14778 1.53709 4.28579
v -0.12908 1.53148 4.28902
v -0.14778 1.53148 4.28902
v -0.12908 1.52669 4.29334
v -0.14778 1.52669 4.29334
v -0.12908 1.52669 4.29334
v -0.14778 1.52669 4.29334
v -0.12908 1.52287 4.2986
v -0.14778 1.52287 4.2986
v -0.12908 1.52025 4.30449
v -0.14778 1.52025 4.30449
v -0.12908 1.51891 4.3108
v -0.14778 1.51891 4.3108
v -0.12908 1.51891 4.3173
v -0.14778 1.51891 4.3173
v -0.12908 1.52025 4.32361
v -0.14778 1.52025 4.32361
v -0.12908 1.52287 4.3295
v -0.14778 1.52287 4.3295
v -0.12908 1.52669 4.33476
v -0.14778 1.52669 4.33476
v -0.12868 1.55501 4.28214
v -0.14906 1.55501 4.28214
v -0.12868 1.55501 4.34596
v -0.14906 1.55501 4.34596
v -0.12868 1.5443 4.28214
v -0.14906 1.5443 4.28214
v -0.12868 1.55501 4.28214
v -0.14906 1.55501 4.28214
v -0.12868 1.5443 4.34596
v -0.14906 1.5443 4.34596
v -0.12868 1.5443 4.28214
v -0.14906 1.5443 4.28214
v -0.12868 1.55501 4.34596
v -0.14906 1.55501 4.34596
v -0.12868 1.5443 4.34596
v -0.14906 1.5443 4.34596
v -0.14987 1.55438 4.3453
v -0.14987 1.55438 4.2828
v -0.14987 1.54494 4.3453
v -0.14987 1.54494 4.2828
v -0.14987 1.55438 4.3453
v -0.14906 1.55501 4.28214
v -0.14987 1.55438 4.2828
v -0.14906 1.5443 4.28214
v -0.14987 1.54494 4.2828
v -0.14906 1.5443 4.34596
v -0.14987 1.54494 4.3453
v -0.14906 1.55501 4.34596
v -0.1454 1.54966 4.35227
v -0.14283 1.55763 4.35147
v -0.1454 1.55763 4.35147
v -0.14283 1.56522 4.349
v -0.14283 1.54966 4.35227
v -0.1454 1.54168 4.35147
v -0.14283 1.54168 4.35147
v -0.1454 1.53409 4.349
v -0.14283 1.53409 4.349
v -0.1454 1.5272 4.34501
v -0.14283 1.5272 4.34501
v -0.1454 1.52121 4.33965
v -0.14283 1.52121 4.33965
v -0.1454 1.56522 4.349
v -0.14283 1.57211 4.34501
v -0.1454 1.57211 4.34501
v -0.14283 1.57811 4.33965
v -0.1454 1.57811 4.33965
v -0.14283 1.57811 4.33965
v -0.1454 1.57811 4.33965
v -0.14283 1.58276 4.33315
v -0.1454 1.58276 4.33315
v -0.14283 1.58601 4.32589
v -0.1454 1.58601 4.32589
v -0.14283 1.58767 4.31806
v -0.1454 1.58767 4.31806
v -0.14283 1.58767 4.31004
v -0.1454 1.58767 4.31004
v -0.14283 1.58601 4.30221
v -0.1454 1.58601 4.30221
v -0.14283 1.58276 4.29495
v -0.1454 1.58276 4.29495
v -0.14283 1.57811 4.28845
v -0.1454 1.57811 4.28845
v -0.14283 1.57811 4.28845
v -0.1454 1.57811 4.28845
v -0.14283 1.57211 4.28309
v -0.1454 1.57211 4.28309
v -0.14283 1.56522 4.2791
v -0.1454 1.56522 4.2791
v -0.14283 1.55763 4.27664
v -0.1454 1.55763 4.27664
v -0.14283 1.54966 4.27583
v -0.1454 1.54966 4.27583
v -0.14283 1.54168 4.27664
v -0.1454 1.54168 4.27664
v -0.14283 1.53409 4.2791
v -0.1454 1.53409 4.2791
v -0.14283 1.5272 4.28309
v -0.1454 1.5272 4.28309
v -0.14283 1.52121 4.28845
v -0.1454 1.52121 4.28845
v -0.14283 1.52121 4.28845
v -0.1454 1.52121 4.28845
v -0.14283 1.51655 4.29495
v -0.1454 1.51655 4.29495
v -0.14283 1.5133 4.30221
v -0.1454 1.5133 4.30221
v -0.14283 1.51164 4.31004
v -0.1454 1.51164 4.31004
v -0.14283 1.51164 4.31806
v -0.1454 1.51164 4.31806
v -0.14283 1.5133 4.32589
v -0.1454 1.5133 4.32589
v -0.14283 1.51655 4.33315
v -0.1454 1.51655 4.33315
v -0.14283 1.52121 4.33965
v -0.1454 1.52121 4.33965
vn 0 -0.996 0.087
vn -0.091 -0.994 -0.067
vn 0 -0.998 -0.07
vn 0 -0.942 -0.334
vn -0.079 -0.995 0.062
vn -0.008 -0.952 0.305
vn -0.261 -0.938 0.229
vn 0 -0.74 0.673
vn -0.105 -0.74 0.665
vn -0.503 -0.737 0.452
vn -0.721 -0.688 0.083
vn -0.765 -0.639 -0.083
vn -0.381 -0.92 -0.088
vn -0.795 -0.429 -0.43
vn -0.42 -0.852 -0.312
vn -0.421 -0.642 -0.641
vn -0.086 -0.94 -0.332
vn 0.004 -0.706 -0.708
vn -0.087 -0.703 -0.706
vn -0.004 0.998 -0.07
vn -0.085 0.994 -0.069
vn 0 0.998 0.07
vn -0.085 0.994 0.069
vn -0.004 0.942 -0.334
vn -0.082 0.94 -0.333
vn 0 0.706 -0.708
vn -0.083 0.703 -0.706
vn -0.417 0.852 -0.316
vn -0.417 0.642 -0.643
vn -0.796 0.429 -0.427
vn -0.782 0.618 -0.085
vn -0.397 0.913 -0.09
vn -0.761 0.645 0.07
vn -0.373 0.925 0.069
vn -0.361 0.855 0.373
vn -0.698 0.618 0.361
vn -0.504 0.453 0.736
vn -0.105 0.665 0.739
vn -0.104 0.929 0.356
vn 0 0.672 0.741
vn 0 0.942 0.334
vn 0 -0.74 0.673
vn 0 -0.336 0.942
vn -0.105 -0.74 0.665
vn -0.106 -0.357 0.928
vn -0.36 -0.373 0.855
vn -0.503 -0.737 0.452
vn -0.696 -0.361 0.621
vn -0.728 -0.068 0.682
vn -0.354 -0.072 0.932
vn -0.09 -0.072 0.993
vn 0 -0.072 0.997
vn 0 0.085 0.996
vn -0.075 0.063 0.995
vn -0.261 0.227 0.938
vn -0.706 0.081 0.703
vn -0.504 0.453 0.736
vn -0.105 0.665 0.739
vn -0.008 0.307 0.952
vn 0 0.672 0.741
vn 0.503 -0.737 0.452
vn 0.703 -0.706 0.085
vn 0.892 -0.345 0.292
vn 0.943 -0.324 0.081
vn 0.729 -0.681 -0.066
vn 0.952 -0.299 -0.064
vn 0.996 -0.063 0.066
vn 0.996 -0.063 -0.062
vn 0.996 0.068 -0.064
vn 0.997 0.059 0.058
vn 0.958 -0.063 0.281
vn 0.958 0.206 0.2
vn 0.763 -0.068 0.643
vn 0.782 0.085 0.618
vn 0.796 0.429 0.427
vn 0.782 0.618 0.081
vn 0.957 0.282 -0.062
vn 0.696 -0.361 0.621
vn 0.761 0.645 -0.066
vn 0.697 0.618 -0.364
vn 0.892 0.286 -0.35
vn 0.507 0.453 -0.734
vn 0.942 0.085 -0.324
vn 0.688 0.085 -0.721
vn 0.942 -0.085 -0.324
vn 0.688 -0.085 -0.721
vn 0.894 -0.286 -0.345
vn 0.699 -0.618 -0.36
vn 0.504 -0.453 -0.735
vn 0 -0.672 -0.741
vn 0 -0.307 -0.952
vn 0.109 -0.665 -0.739
vn 0.254 -0.227 -0.94
vn 0.504 -0.453 -0.735
vn 0.688 -0.085 -0.721
vn 0.25 0.227 -0.941
vn 0.688 0.085 -0.721
vn 0.507 0.453 -0.734
vn 0.105 0.665 -0.739
vn 0 0.307 -0.952
vn 0.004 0.672 -0.741
vn 0.004 -0.085 -0.996
vn 0.102 -0.063 -0.993
vn 0.004 0.085 -0.996
vn 0.102 0.063 -0.993
vn 0.729 -0.681 -0.066
vn 0.356 -0.932 -0.071
vn 0.699 -0.618 -0.36
vn 0.362 -0.855 -0.373
vn 0.091 -0.994 -0.067
vn 0.261 -0.938 0.229
vn 0.703 -0.706 0.085
vn 0.503 -0.737 0.452
vn 0.105 -0.74 0.665
vn 0 -0.74 0.673
vn 0 -0.952 0.305
vn 0.079 -0.995 0.062
vn 0 -0.996 0.087
vn 0 -0.998 -0.07
vn 0 -0.942 -0.334
vn 0.105 -0.929 -0.356
vn 0 -0.672 -0.741
vn 0.109 -0.665 -0.739
vn 0.504 -0.453 -0.735
vn 0.796 0.429 0.427
vn 0.417 0.852 0.316
vn 0.782 0.618 0.081
vn 0.397 0.913 0.09
vn 0.761 0.645 -0.066
vn 0.372 0.925 -0.073
vn 0.085 0.994 0.069
vn 0.082 0.94 0.333
vn 0 0.942 0.334
vn 0 0.706 0.708
vn 0.083 0.703 0.706
vn 0.42 0.642 0.641
vn 0 0.998 0.07
vn 0.085 0.994 -0.069
vn 0.004 0.998 -0.07
vn 0.004 0.942 -0.334
vn 0.104 0.929 -0.356
vn 0.004 0.672 -0.741
vn 0.105 0.665 -0.739
vn 0.359 0.855 -0.376
vn 0.507 0.453 -0.734
vn 0.697 0.618 -0.364
vn -0.728 -0.068 0.682
vn -0.953 -0.063 0.295
vn -0.706 0.081 0.703
vn -0.943 0.085 0.321
vn -0.996 -0.068 0.064
vn -0.892 -0.345 0.292
vn -0.948 -0.307 0.083
vn -0.503 -0.737 0.452
vn -0.721 -0.688 0.083
vn -0.959 -0.202 -0.197
vn -0.765 -0.639 -0.083
vn -0.795 -0.429 -0.43
vn -0.793 -0.085 -0.603
vn -0.959 0.202 -0.197
vn -0.793 0.085 -0.603
vn -0.796 0.429 -0.427
vn -0.782 0.618 -0.085
vn -0.957 0.282 0.066
vn -0.761 0.645 0.07
vn -0.698 0.618 0.361
vn -0.892 0.286 0.35
vn -0.504 0.453 0.736
vn -0.696 -0.361 0.621
vn -0.996 0.068 0.064
vn -0.995 0.059 -0.077
vn -0.995 -0.059 -0.077
vn -1 0.002 0
vn -1 0.002 0
vn -1 0.002 0
vn -1 0.002 0
vn -1 0.002 0
vn -1 0.002 0
vn -1 0.002 0
vn -1 0.002 0
vn -1 0.002 0
vn -1 0.002 0
vn -1 0.002 0
vn -1 0.002 0
vn -1 0.002 0
vn -1 0.002 0
vn -1 0.002 0
vn -1 0.002 0
vn -1 0.002 0
vn -1 0.002 0
vn 0.763 -0.068 0.643
vn 0.696 -0.361 0.621
vn 0.376 -0.072 0.924
vn 0.36 -0.373 0.855
vn 0.083 -0.072 0.994
vn 0.396 0.089 0.914
vn 0.782 0.085 0.618
vn 0.796 0.429 0.427
vn 0.416 0.312 0.854
vn 0.42 0.642 0.641
vn 0.083 0.336 0.938
vn 0.083 0.703 0.706
vn 0 0.336 0.942
vn 0 0.706 0.708
vn 0 0.072 0.997
vn 0.083 0.072 0.994
vn 0 -0.072 0.997
vn 0.106 -0.357 0.928
vn 0 -0.336 0.942
vn 0.105 -0.74 0.665
vn 0.503 -0.737 0.452
vn 0 -0.74 0.673
vn 0.004 -0.706 -0.708
vn 0 -0.336 -0.942
vn -0.087 -0.703 -0.706
vn -0.083 -0.336 -0.938
vn -0.419 -0.312 -0.853
vn -0.4 -0.089 -0.912
vn -0.793 -0.085 -0.603
vn -0.795 -0.429 -0.43
vn -0.421 -0.642 -0.641
vn 0 -0.072 -0.997
vn -0.083 -0.072 -0.994
vn -0.083 0.072 -0.994
vn -0.4 0.089 -0.912
vn -0.793 0.085 -0.603
vn 0 0.072 -0.997
vn -0.083 0.336 -0.938
vn -0.419 0.312 -0.853
vn -0.417 0.642 -0.643
vn -0.796 0.429 -0.427
vn -0.083 0.703 -0.706
vn 0 0.336 -0.942
vn 0 0.706 -0.708
vn 0.784 -0.163 0.599
vn 0.848 -0.381 0.369
vn 0.847 -0.365 0.386
vn 0.843 -0.503 0.193
vn 0.84 -0.518 0.165
vn 0.813 -0.58 0.049
vn 0.807 -0.59 0.028
vn 0.813 -0.58 -0.049
vn 0.807 -0.59 -0.032
vn 0.844 -0.503 -0.189
vn 0.84 -0.518 -0.165
vn 0.849 -0.381 -0.366
vn 0.846 -0.365 -0.39
vn 0.81 -0.223 -0.543
vn 0.786 -0.163 -0.596
vn 0.812 -0.223 0.54
vn 0.786 0.163 -0.596
vn 0.847 0.381 -0.37
vn 0.846 0.365 -0.39
vn 0.842 0.503 -0.194
vn 0.84 0.518 -0.163
vn 0.813 0.58 -0.055
vn 0.807 0.59 -0.03
vn 0.813 0.58 0.051
vn 0.807 0.59 0.03
vn 0.842 0.503 0.194
vn 0.839 0.518 0.167
vn 0.847 0.381 0.37
vn 0.847 0.365 0.386
vn 0.811 0.223 0.541
vn 0.784 0.163 0.599
vn 0.811 0.223 -0.541
vn 0.784 -0.163 0.599
vn 0.712 -0.028 0.701
vn 0.812 -0.223 0.54
vn 0.738 -0.068 0.671
vn 0.712 0.028 0.701
vn 0.738 0.068 0.671
vn 0.784 0.163 0.599
vn 0.811 0.223 0.541
vn -0.786 -0.163 -0.596
vn -0.81 -0.223 -0.543
vn -0.712 -0.028 -0.701
vn -0.738 -0.068 -0.671
vn -0.712 0.028 -0.701
vn -0.738 0.068 -0.671
vn -0.786 0.163 -0.596
vn -0.811 0.223 -0.541
vn -0.807 -0.59 0.028
vn -0.84 -0.518 0.165
vn -0.843 -0.503 0.193
vn -0.848 -0.381 0.369
vn -0.813 -0.58 0.049
vn -0.807 -0.59 -0.032
vn -0.813 -0.58 -0.049
vn -0.84 -0.518 -0.165
vn -0.844 -0.503 -0.189
vn -0.846 -0.365 -0.39
vn -0.849 -0.381 -0.366
vn -0.786 -0.163 -0.596
vn -0.81 -0.223 -0.543
vn -0.847 -0.365 0.386
vn -0.812 -0.223 0.54
vn -0.784 -0.163 0.599
vn -0.807 0.59 -0.03
vn -0.84 0.518 -0.163
vn -0.842 0.503 -0.194
vn -0.847 0.381 -0.37
vn -0.813 0.58 -0.055
vn -0.807 0.59 0.03
vn -0.813 0.58 0.051
vn -0.839 0.518 0.167
vn -0.842 0.503 0.194
vn -0.847 0.365 0.386
vn -0.847 0.381 0.37
vn -0.784 0.163 0.599
vn -0.811 0.223 0.541
vn -0.846 0.365 -0.39
vn -0.811 0.223 -0.541
vn -0.786 0.163 -0.596
vn 0.81 -0.223 -0.543
vn 0.786 -0.163 -0.596
vn 0.738 -0.068 -0.671
vn 0.712 -0.028 -0.701
vn 0.738 0.068 -0.671
vn 0.712 0.028 -0.701
vn 0.811 0.223 -0.541
vn 0.786 0.163 -0.596
vn -0.812 -0.223 0.54
vn -0.784 -0.163 0.599
vn -0.738 -0.068 0.671
vn -0.712 -0.028 0.701
vn -0.738 0.068 0.671
vn -0.712 0.028 0.701
vn -0.811 0.223 0.541
vn -0.784 0.163 0.599
vn -0.743 0.002 0.669
vn -0.404 0.002 0.915
vn -0.743 0.002 0.669
vn -0.404 0.002 0.915
vn 0 0.002 1
vn 0 0.002 1
vn 0.404 -0.002 0.915
vn 0.404 -0.002 0.915
vn 0.743 -0.002 0.669
vn 0.743 -0.002 0.669
vn -0.743 0.002 0.669
vn -0.743 0.002 0.669
vn -0.95 0.002 0.312
vn -0.95 0.002 0.312
vn -0.994 -0.002 -0.106
vn -0.994 -0.002 -0.106
vn -0.867 -0.002 -0.498
vn -0.867 -0.002 -0.498
vn -0.587 -0.002 -0.81
vn -0.587 -0.002 -0.81
vn -0.587 -0.002 -0.81
vn -0.587 -0.002 -0.81
vn -0.21 -0.002 -0.978
vn -0.21 -0.002 -0.978
vn 0.21 -0.002 -0.978
vn 0.21 -0.002 -0.978
vn 0.587 -0.002 -0.81
vn 0.587 -0.002 -0.81
vn 0.587 -0.002 -0.81
vn 0.587 -0.002 -0.81
vn 0.867 -0.002 -0.498
vn 0.867 -0.002 -0.498
vn 0.994 0.002 -0.106
vn 0.994 0.002 -0.106
vn 0.95 -0.002 0.312
vn 0.95 -0.002 0.312
vn 0.743 -0.002 0.669
vn 0.743 -0.002 0.669
vn 0 1 0
vn 0 1 0
vn 0 1 0
vn 0 1 0
vn 0 1 0
vn 0 1 0
vn 0 1 0
vn 0 1 0
vn 0 1 0
vn 0 1 0
vn 0 1 0
vn 0 1 0
vn 0 1 0
vn 0 1 0
vn 0 1 0
vn 0 1 0
vn 0 1 0
vn 0 1 0
vn 0 1 0
vn 0 1 0
vn 0 1 0
vn 0 1 0
vn 0 1 0
vn 0 1 0
vn 0 1 0
vn 0 1 0
vn 0 1 0
vn 0 1 0
vn 0 1 0
vn 0 1 0
vn 0 1 0
vn 0 1 0
vn 0 1 0
vn 0 1 0
vn 0 1 0
vn 0 1 0
vn 0 1 0
vn 0 1 0
vn 0 1 0
vn 0 1 0
vn 0 1 0
vn 0 1 0
vn 0 1 0
vn 0 1 0
vn 0 1 0
vn 0 1 0
vn 0 1 0
vn 0 1 0
vn 0 1 0
vn 0 1 0
vn 0 1 0
vn 0 1 0
vn 0 1 0
vn 0 1 0
vn 0 1 0
vn 0 1 0
vn 0 1 0
vn 0 1 0
vn 0 1 0
vn 0 1 0
vn 0 1 0
vn 0.743 0.002 -0.669
vn 0.743 0.002 -0.669
vn 0.404 0.002 -0.915
vn 0.404 0.002 -0.915
vn 0 0.002 -1
vn 0 -0.002 -1
vn -0.404 -0.002 -0.915
vn -0.404 -0.002 -0.915
vn -0.743 -0.002 -0.669
vn -0.743 -0.002 -0.669
vn -0.743 -0.002 -0.669
vn -0.743 -0.002 -0.669
vn -0.95 -0.002 -0.312
vn -0.95 -0.002 -0.312
vn -0.994 0.002 0.106
vn -0.994 0.002 0.106
vn -0.867 0.002 0.498
vn -0.867 0.002 0.498
vn -0.587 0.002 0.81
vn -0.587 0.002 0.81
vn -0.587 0.002 0.81
vn -0.587 0.002 0.81
vn -0.21 0.002 0.978
vn -0.21 0.002 0.978
vn 0.21 0.002 0.978
vn 0.21 0.002 0.978
vn 0.587 0.002 0.81
vn 0.587 0.002 0.81
vn 0.587 0.002 0.81
vn 0.587 0.002 0.81
vn 0.867 0.002 0.498
vn 0.867 0.002 0.498
vn 0.994 -0.002 0.106
vn 0.994 -0.002 0.106
vn 0.95 -0.002 -0.312
vn 0.95 -0.002 -0.312
vn 0.743 0.002 -0.669
vn 0.743 0.002 -0.669
vn -0.743 -0.002 0.669
vn -0.743 -0.002 0.669
vn -0.404 0.002 0.915
vn -0.404 0.002 0.915
vn 0 -0.002 1
vn 0 -0.002 1
vn 0.404 -0.002 0.915
vn 0.404 -0.002 0.915
vn 0.743 -0.002 0.669
vn 0.743 -0.002 0.669
vn -0.743 -0.002 0.669
vn -0.743 -0.002 0.669
vn -0.95 -0.002 0.312
vn -0.95 -0.002 0.312
vn -0.994 0.002 -0.106
vn -0.994 0.002 -0.106
vn -0.867 0.002 -0.498
vn -0.867 0.002 -0.498
vn -0.587 0.002 -0.81
vn -0.587 0.002 -0.81
vn -0.587 0.002 -0.81
vn -0.587 0.002 -0.81
vn -0.21 -0.002 -0.978
vn -0.21 -0.002 -0.978
vn 0.21 -0.002 -0.978
vn 0.21 -0.002 -0.978
vn 0.587 -0.002 -0.81
vn 0.587 -0.002 -0.81
vn 0.587 -0.002 -0.81
vn 0.587 -0.002 -0.81
vn 0.867 -0.002 -0.498
vn 0.867 -0.002 -0.498
vn 0.994 -0.002 -0.106
vn 0.994 -0.002 -0.106
vn 0.95 -0.002 0.312
vn 0.95 -0.002 0.312
vn 0.743 -0.002 0.669
vn 0.743 -0.002 0.669
vn 0 1 0
vn 0 1 0
vn 0 1 0
vn 0 1 0
vn 0 1 0
vn 0 1 0
vn 0 1 0
vn 0 1 0
vn 0 1 0
vn 0 1 0
vn 0 1 0
vn 0 1 0
vn 0 1 0
vn 0 1 0
vn 0 1 0
vn 0 1 0
vn 0 1 0
vn 0 1 0
vn 0 1 0
vn 0 1 0
vn 0 1 0
vn 0 1 0
vn 0 1 0
vn 0 1 0
vn 0 1 0
vn 0 1 0
vn 0 1 0
vn 0 1 0
vn 0 1 0
vn 0 1 0
vn 0 1 0
vn 0 1 0
vn 0 1 0
vn 0 1 0
vn 0 1 0
vn 0 1 0
vn 0 1 0
vn 0 1 0
vn 0 1 0
vn 0 1 0
vn 0 1 0
vn 0 1 0
vn 0 1 0
vn 0 1 0
vn 0 1 0
vn 0 1 0
vn 0 1 0
vn 0 1 0
vn 0 1 0
vn 0 1 0
vn 0 1 0
vn 0 1 0
vn 0 1 0
vn 0 1 0
vn 0 1 0
vn 0.743 0.002 -0.669
vn 0.743 0.002 -0.669
vn 0.404 0.002 -0.915
vn 0.404 0.002 -0.915
vn 0 0.002 -1
vn 0 0.002 -1
vn -0.404 0.002 -0.915
vn -0.404 0.002 -0.915
vn -0.743 0.002 -0.669
vn -0.743 0.002 -0.669
vn -0.743 0.002 -0.669
vn -0.743 0.002 -0.669
vn -0.95 0.002 -0.312
vn -0.95 0.002 -0.312
vn -0.994 0.002 0.106
vn -0.994 0.002 0.106
vn -0.867 0.002 0.498
vn -0.867 0.002 0.498
vn -0.587 -0.002 0.81
vn -0.587 -0.002 0.81
vn -0.587 -0.002 0.81
vn -0.587 -0.002 0.81
vn -0.21 0.002 0.978
vn -0.21 0.002 0.978
vn 0.21 0.002 0.978
vn 0.21 0.002 0.978
vn 0.587 0.002 0.81
vn 0.587 0.002 0.81
vn 0.587 0.002 0.81
vn 0.587 0.002 0.81
vn 0.867 -0.002 0.498
vn 0.867 -0.002 0.498
vn 0.994 -0.002 0.106
vn 0.994 -0.002 0.106
vn 0.95 -0.002 -0.312
vn 0.95 -0.002 -0.312
vn 0.743 0.002 -0.669
vn 0.743 0.002 -0.669
vn -0.743 0.002 0.669
vn -0.743 0.002 0.669
vn -0.404 0.002 0.915
vn -0.404 0.002 0.915
vn 0 0.002 1
vn 0 0.002 1
vn 0.404 0.002 0.915
vn 0.404 0.002 0.915
vn 0.743 -0.002 0.669
vn 0.743 -0.002 0.669
vn -0.743 0.002 0.669
vn -0.743 0.002 0.669
vn -0.95 0.002 0.312
vn -0.95 0.002 0.312
vn -0.994 -0.002 -0.106
vn -0.994 -0.002 -0.106
vn -0.867 -0.002 -0.498
vn -0.867 -0.002 -0.498
vn -0.587 -0.002 -0.81
vn -0.587 -0.002 -0.81
vn -0.587 -0.002 -0.81
vn -0.587 -0.002 -0.81
vn -0.21 0.002 -0.978
vn -0.21 0.002 -0.978
vn 0.21 -0.002 -0.978
vn 0.21 -0.002 -0.978
vn 0.587 -0.002 -0.81
vn 0.587 -0.002 -0.81
vn 0.587 -0.002 -0.81
vn 0.587 -0.002 -0.81
vn 0.867 -0.002 -0.498
vn 0.867 -0.002 -0.498
vn 0.994 -0.002 -0.106
vn 0.994 -0.002 -0.106
vn 0.95 -0.002 0.312
vn 0.95 -0.002 0.312
vn 0.743 -0.002 0.669
vn 0.743 -0.002 0.669
vn 0 1 0
vn 0 1 0
vn 0 1 0
vn 0 1 0
vn 0 1 0
vn 0 1 0
vn 0 1 0
vn 0 1 0
vn 0 1 0
vn 0 1 0
vn 0 1 0
vn 0 1 0
vn 0 1 0
vn 0 1 0
vn 0 1 0
vn 0 1 0
vn 0 1 0
vn 0 1 0
vn 0 1 0
vn 0 1 0
vn 0 1 0
vn 0 1 0
vn 0 1 0
vn 0 1 0
vn 0 1 0
vn 0 1 0
vn 0 1 0
vn 0 1 0
vn 0 1 0
vn 0 1 0
vn 0 1 0
vn 0 1 0
vn 0 1 0
vn 0 1 0
vn 0 1 0
vn 0 1 0
vn 0 1 0
vn 0 1 0
vn 0 1 0
vn 0 1 0
vn 0 1 0
vn 0 1 0
vn 0 1 0
vn 0 1 0
vn 0 1 0
vn 0.743 0.002 -0.669
vn 0.404 0.002 -0.915
vn 0.743 0.002 -0.669
vn 0.404 0.002 -0.915
vn 0 -0.002 -1
vn 0 -0.002 -1
vn -0.404 -0.002 -0.915
vn -0.404 -0.002 -0.915
vn -0.743 -0.002 -0.669
vn -0.743 -0.002 -0.669
vn -0.743 -0.002 -0.669
vn -0.743 -0.002 -0.669
vn -0.95 0.002 -0.312
vn -0.95 0.002 -0.312
vn -0.994 0.002 0.106
vn -0.994 0.002 0.106
vn -0.867 0.002 0.498
vn -0.867 0.002 0.498
vn -0.587 0.002 0.81
vn -0.587 0.002 0.81
vn -0.587 0.002 0.81
vn -0.587 0.002 0.81
vn -0.21 0.002 0.978
vn -0.21 0.002 0.978
vn 0.21 0.002 0.978
vn 0.21 0.002 0.978
vn 0.587 0.002 0.81
vn 0.587 0.002 0.81
vn 0.587 0.002 0.81
vn 0.587 0.002 0.81
vn 0.867 0.002 0.498
vn 0.867 0.002 0.498
vn 0.994 0.002 0.106
vn 0.994 0.002 0.106
vn 0.95 0.002 -0.312
vn 0.95 0.002 -0.312
vn 0.743 0.002 -0.669
vn 0.743 0.002 -0.669
vn -1 -0.002 0
vn -1 -0.002 0
vn -1 -0.002 0
vn -1 -0.002 0
vn -1 0.002 0
vn -1 -0.002 0
vn -1 0.002 0
vn -1 -0.002 0
vn -1 -0.002 0
vn -1 -0.002 0
vn -1 -0.002 0
vn -1 -0.002 0
vn -1 -0.002 0
vn -1 -0.002 0
vn -1 -0.002 0
vn -1 -0.002 0
vn -1 0.002 0
vn -1 -0.002 0
vn -1 -0.002 0
vn -1 -0.002 0
vn -1 -0.002 0
vn -1 -0.002 0
vn -1 -0.002 0
vn -1 -0.002 0
vn -1 -0.002 0
vn -1 -0.002 0
vn -1 -0.002 0
vn -1 -0.002 0
vn -1 -0.002 0
vn -1 -0.002 0
vn -1 -0.002 0
vn -1 -0.002 0
vn -1 -0.002 0
vn -1 -0.002 0
vn -1 -0.002 0
vn -1 -0.002 0
vn -1 -0.002 0
vn -1 -0.002 0
vn -1 -0.002 0
vn -1 -0.002 0
vn -1 -0.002 0
vn -1 -0.002 0
vn -1 -0.002 0
vn -1 -0.002 0
vn -1 -0.002 0
vn -1 -0.002 0
vn -1 -0.002 0
vn -1 -0.002 0
vn -1 -0.002 0
vn -1 -0.002 0
vn -1 -0.002 0
vn -1 -0.002 0
vn -1 -0.002 0
vn -1 -0.002 0
vn -1 -0.002 0
vn -1 -0.002 0
vn -1 0.002 0
vn -1 0.002 0
vn -1 0.002 0
vn -1 0.002 0
vn -1 0.002 0
vn -1 0.002 0
vn -1 0.002 0
vn -1 0.002 0
vn -1 0.002 0
vn -1 0.002 0
vn -1 0.002 0
vn -1 0.002 0
vn -1 0.002 0
vn -1 0.002 0
vn -1 0.002 0
vn 0.004 -0.742 -0.67
vn 0.004 -0.405 -0.914
vn 0.004 -0.742 -0.67
vn 0.004 -0.405 -0.914
vn 0 -0.002 -1
vn 0 -0.002 -1
vn -0.004 0.405 -0.914
vn -0.004 0.405 -0.914
vn 0 0.742 -0.67
vn 0 0.742 -0.67
vn 0.004 -0.742 -0.67
vn 0.004 -0.742 -0.67
vn 0.004 -0.961 -0.276
vn 0.004 -0.961 -0.276
vn 0 -0.983 0.182
vn 0 -0.983 0.182
vn 0 -0.831 0.556
vn 0 -0.831 0.556
vn 0 -0.569 0.822
vn 0 -0.569 0.822
vn 0 -0.569 0.822
vn 0 -0.569 0.822
vn 0 -0.206 0.979
vn 0 -0.206 0.979
vn 0 0.244 0.97
vn 0 0.244 0.97
vn 0 0.618 0.786
vn 0 0.618 0.786
vn 0 0.618 0.786
vn 0 0.618 0.786
vn 0 0.87 0.493
vn 0 0.87 0.493
vn 0 0.995 0.096
vn 0 0.995 0.096
vn -0.004 0.951 -0.309
vn -0.004 0.951 -0.309
vn 0 0.742 -0.67
vn 0 0.742 -0.67
vn 0.004 -0.742 -0.67
vn 0.004 -0.742 -0.67
vn 0.004 -0.405 -0.914
vn 0.004 -0.405 -0.914
vn 0 -0.002 -1
vn 0 -0.002 -1
vn 0.004 0.405 -0.914
vn 0.004 0.405 -0.914
vn 0 0.737 -0.676
vn 0 0.737 -0.676
vn 0.004 -0.742 -0.67
vn 0.004 -0.742 -0.67
vn 0.004 -0.955 -0.297
vn 0.004 -0.955 -0.297
vn 0 -0.993 0.122
vn 0 -0.993 0.122
vn 0 -0.863 0.504
vn 0 -0.863 0.504
vn 0 -0.587 0.81
vn 0 -0.587 0.81
vn 0 -0.587 0.81
vn 0 -0.587 0.81
vn 0 -0.193 0.981
vn 0 -0.193 0.981
vn 0 0.223 0.975
vn 0 0.223 0.975
vn 0 0.587 0.81
vn 0 0.587 0.81
vn 0 0.587 0.81
vn 0 0.587 0.81
vn 0 0.866 0.501
vn 0 0.866 0.501
vn 0 0.996 0.092
vn 0 0.996 0.092
vn 0 0.944 -0.33
vn 0 0.944 -0.33
vn 0 0.737 -0.676
vn 0 0.737 -0.676
vn 0 -0.002 1
vn 0 0.206 0.979
vn 0 0.206 0.979
vn 0 0.405 0.914
vn 0 -0.002 1
vn 0 -0.206 0.979
vn 0 -0.206 0.979
vn 0 -0.405 0.914
vn 0 -0.405 0.914
vn 0 -0.587 0.81
vn 0 -0.587 0.81
vn 0 -0.742 0.67
vn 0 -0.742 0.67
vn 0 0.405 0.914
vn 0 0.587 0.81
vn 0 0.587 0.81
vn 0 0.742 0.67
vn 0 0.742 0.67
vn 0 0.742 0.67
vn 0 0.742 0.67
vn 0 0.866 0.501
vn 0 0.866 0.501
vn 0 0.951 0.309
vn 0 0.951 0.309
vn 0 0.995 0.105
vn 0 0.995 0.105
vn 0 0.995 -0.105
vn 0 0.995 -0.105
vn -0.004 0.951 -0.309
vn -0.004 0.951 -0.309
vn 0 0.866 -0.501
vn 0 0.866 -0.501
vn 0 0.742 -0.67
vn 0 0.742 -0.67
vn 0 0.742 -0.67
vn 0 0.742 -0.67
vn -0.004 0.587 -0.81
vn -0.004 0.587 -0.81
vn -0.004 0.405 -0.914
vn -0.004 0.405 -0.914
vn -0.004 0.206 -0.979
vn -0.004 0.206 -0.979
vn 0 -0.002 -1
vn 0 0.002 -1
vn 0 -0.206 -0.979
vn 0 -0.206 -0.979
vn -0.004 -0.405 -0.914
vn 0.004 -0.405 -0.914
vn 0 -0.587 -0.81
vn 0 -0.587 -0.81
vn -0.004 -0.742 -0.67
vn 0.004 -0.742 -0.67
vn -0.004 -0.742 -0.67
vn 0.004 -0.742 -0.67
vn 0 -0.866 -0.501
vn 0 -0.866 -0.501
vn 0.004 -0.951 -0.309
vn 0.004 -0.951 -0.309
vn 0.004 -0.995 -0.105
vn 0.004 -0.995 -0.105
vn 0 -0.995 0.105
vn 0 -0.995 0.105
vn 0 -0.951 0.309
vn 0 -0.951 0.309
vn 0 -0.866 0.501
vn 0 -0.866 0.501
vn 0 -0.742 0.67
vn 0 -0.742 0.67
vn -1 0.002 0
vn -1 0.002 0
vn -1 0.002 0
vn -1 0.002 0
vn -1 0.002 0
vn -1 0.002 0
vn -1 0.002 0
vn -1 0.002 0
vn -1 0.002 0
vn -1 0.002 0
vn -1 0.002 0
vn -1 0.002 0
vn -1 0.002 0
vn -1 0.002 0
vn -1 0.002 0
vn -1 0.002 0
vn -1 0.002 0
vn -1 0.002 0
vn -1 0.002 0
vn -1 0.002 0
vn -1 0.002 0
vn -1 0.002 0
vn -1 0.002 0
vn -1 0.002 0
vn -1 0.002 0
vn -1 0.002 0
vn -1 0.002 0
vn -1 0.002 0
vn -1 0.002 0
vn -1 0.002 0
vn -0.305 -0.002 0.952
vn -0.304 0.198 0.932
vn -0.304 0.198 0.932
vn -0.304 0.389 0.87
vn -0.305 -0.002 0.952
vn -0.304 -0.198 0.932
vn -0.304 -0.198 0.932
vn -0.304 -0.389 0.87
vn -0.304 -0.389 0.87
vn -0.303 -0.562 0.77
vn -0.303 -0.562 0.77
vn -0.3 -0.709 0.638
vn -0.3 -0.709 0.638
vn -0.304 0.389 0.87
vn -0.302 0.562 0.77
vn -0.302 0.562 0.77
vn -0.299 0.709 0.638
vn -0.299 0.709 0.638
vn -0.299 0.709 0.638
vn -0.299 0.709 0.638
vn -0.3 0.826 0.477
vn -0.3 0.826 0.477
vn -0.304 0.906 0.295
vn -0.304 0.906 0.295
vn -0.302 0.948 0.1
vn -0.302 0.948 0.1
vn -0.302 0.948 -0.1
vn -0.302 0.948 -0.1
vn -0.301 0.906 -0.297
vn -0.301 0.906 -0.297
vn -0.3 0.826 -0.477
vn -0.3 0.826 -0.477
vn -0.303 0.709 -0.636
vn -0.303 0.709 -0.636
vn -0.303 0.709 -0.636
vn -0.303 0.709 -0.636
vn -0.306 0.562 -0.769
vn -0.306 0.562 -0.769
vn -0.3 0.389 -0.871
vn -0.3 0.389 -0.871
vn -0.304 0.198 -0.932
vn -0.304 0.198 -0.932
vn -0.305 -0.002 -0.952
vn -0.305 -0.002 -0.952
vn -0.304 -0.198 -0.932
vn -0.304 -0.198 -0.932
vn -0.304 -0.389 -0.87
vn -0.304 -0.389 -0.87
vn -0.303 -0.562 -0.77
vn -0.303 -0.562 -0.77
vn -0.3 -0.709 -0.638
vn -0.3 -0.709 -0.638
vn -0.3 -0.709 -0.638
vn -0.3 -0.709 -0.638
vn -0.301 -0.826 -0.476
vn -0.301 -0.826 -0.476
vn -0.305 -0.906 -0.294
vn -0.305 -0.906 -0.294
vn -0.303 -0.948 -0.097
vn -0.303 -0.948 -0.097
vn -0.303 -0.948 0.097
vn -0.303 -0.948 0.097
vn -0.305 -0.906 0.294
vn -0.305 -0.906 0.294
vn -0.301 -0.826 0.476
vn -0.301 -0.826 0.476
vn -0.3 -0.709 0.638
vn -0.3 -0.709 0.638
vn -1 0.002 0
vn -1 0.002 0
vn -1 0.002 0
vn -1 0.002 0
vn -1 0.002 0
vn -1 0.002 0
vn -1 0.002 0
vn -1 0.002 0
vn -1 0.002 0
vn -1 0.002 0
vn -1 0.002 0
vn -1 0.002 0
vn -1 0.002 0
vn -1 0.002 0
vn -1 0.002 0
vn -1 0.002 0
vn -1 0.002 0
vn -1 0.002 0
vn -1 0.002 0
vn -1 0.002 0
vn -1 0.002 0
vn -1 0.002 0
vn -1 0.002 0
vn -1 0.002 0
vn -1 0.002 0
vn -1 0.002 0
vn -1 0.002 0
vn -1 0.002 0
vn -1 0.002 0
vn -1 0.002 0
vn -1 0.002 0
vn -1 0.002 0
vn -1 0.002 0
vn -1 0.002 0
vn -1 0.002 0
vn -1 0.002 0
vn -1 0.002 0
vn -1 0.002 0
vn -1 0.002 0
vn -1 0.002 0
vn -1 0.002 0
vn -1 0.002 0
vn -1 0.002 0
vn -1 0.002 0
vn -1 0.002 0
vn -1 0.002 0
vn -1 0.002 0
vn -1 0.002 0
vn -1 0.002 0
vn -1 0.002 0
vn -1 0.002 0
vn -1 0.002 0
vn -1 0.002 0
vn -1 0.002 0
vn -1 0.002 0
vn -1 0.002 0
vn -1 0.002 0
vn -1 0.002 0
vn -1 0.002 0
vn -1 0.002 0
vn 0 0.002 -1
vn 0 -0.206 -0.979
vn 0 -0.206 -0.979
vn 0.004 -0.405 -0.914
vn 0 0.002 -1
vn 0.004 0.206 -0.979
vn 0.004 0.206 -0.979
vn 0.004 0.405 -0.914
vn 0.004 0.405 -0.914
vn 0.004 0.587 -0.81
vn 0.004 0.587 -0.81
vn 0 0.742 -0.67
vn 0 0.742 -0.67
vn 0.004 -0.405 -0.914
vn 0 -0.587 -0.81
vn 0 -0.587 -0.81
vn 0.004 -0.742 -0.67
vn 0.004 -0.742 -0.67
vn 0.004 -0.742 -0.67
vn 0.004 -0.742 -0.67
vn 0 -0.866 -0.501
vn 0 -0.866 -0.501
vn 0.004 -0.951 -0.309
vn 0.004 -0.951 -0.309
vn 0.004 -0.995 -0.105
vn 0.004 -0.995 -0.105
vn 0 -0.995 0.105
vn 0 -0.995 0.105
vn 0 -0.951 0.309
vn 0 -0.951 0.309
vn 0 -0.866 0.501
vn 0 -0.866 0.501
vn 0 -0.742 0.67
vn 0 -0.742 0.67
vn 0 -0.742 0.67
vn 0 -0.742 0.67
vn 0 -0.587 0.81
vn 0 -0.587 0.81
vn 0 -0.405 0.914
vn 0 -0.405 0.914
vn 0 -0.206 0.979
vn 0 -0.206 0.979
vn 0 0.002 1
vn 0 0.002 1
vn 0 0.206 0.979
vn 0 0.206 0.979
vn 0 0.405 0.914
vn 0 0.405 0.914
vn 0 0.587 0.81
vn 0 0.587 0.81
vn 0 0.742 0.67
vn 0 0.742 0.67
vn 0 0.742 0.67
vn 0 0.742 0.67
vn 0 0.866 0.501
vn 0 0.866 0.501
vn 0 0.951 0.309
vn 0 0.951 0.309
vn 0 0.995 0.105
vn 0 0.995 0.105
vn 0 0.995 -0.105
vn 0 0.995 -0.105
vn 0.004 0.951 -0.309
vn 0.004 0.951 -0.309
vn 0 0.866 -0.501
vn 0 0.866 -0.501
vn 0 0.742 -0.67
vn 0 0.742 -0.67
vn 0 0.706 -0.708
vn -0.351 0.662 -0.662
vn 0 0.706 0.708
vn -0.355 0.662 0.661
vn 0.004 -0.706 -0.708
vn -0.355 -0.662 -0.66
vn 0 0.706 -0.708
vn -0.351 0.662 -0.662
vn 0 -0.706 0.708
vn -0.355 -0.662 0.66
vn 0.004 -0.706 -0.708
vn -0.355 -0.662 -0.66
vn 0 0.706 0.708
vn -0.355 0.662 0.661
vn 0 -0.706 0.708
vn -0.355 -0.662 0.66
vn -1 0.002 0
vn -1 0.002 0
vn -1 0.002 0
vn -1 0.002 0
vn -0.746 0.476 0.466
vn -0.351 0.662 -0.662
vn -0.746 0.476 -0.466
vn -0.355 -0.662 -0.66
vn -0.746 -0.476 -0.466
vn -0.355 -0.662 0.66
vn -0.746 -0.476 0.466
vn -0.355 0.662 0.661
vn 0 -0.002 1
vn 0 0.206 0.979
vn 0 0.206 0.979
vn 0 0.405 0.914
vn 0 -0.002 1
vn 0 -0.206 0.979
vn 0 -0.206 0.979
vn 0 -0.405 0.914
vn 0 -0.405 0.914
vn 0 -0.587 0.81
vn 0 -0.587 0.81
vn 0 -0.742 0.67
vn 0 -0.742 0.67
vn 0 0.405 0.914
vn 0 0.587 0.81
vn 0 0.587 0.81
vn 0 0.742 0.67
vn 0 0.742 0.67
vn 0 0.742 0.67
vn 0 0.742 0.67
vn 0 0.866 0.501
vn 0 0.866 0.501
vn 0 0.951 0.309
vn 0 0.951 0.309
vn 0 0.995 0.105
vn 0 0.995 0.105
vn 0 0.995 -0.105
vn 0 0.995 -0.105
vn -0.004 0.951 -0.309
vn 0.004 0.951 -0.309
vn 0 0.866 -0.501
vn 0 0.866 -0.501
vn 0 0.742 -0.67
vn 0 0.742 -0.67
vn 0 0.742 -0.67
vn 0 0.742 -0.67
vn -0.004 0.587 -0.81
vn 0.004 0.587 -0.81
vn -0.004 0.405 -0.914
vn -0.004 0.405 -0.914
vn -0.004 0.206 -0.979
vn -0.004 0.206 -0.979
vn 0 -0.002 -1
vn 0 -0.002 -1
vn 0 -0.206 -0.979
vn 0 -0.206 -0.979
vn -0.004 -0.405 -0.914
vn -0.004 -0.405 -0.914
vn 0 -0.587 -0.81
vn 0 -0.587 -0.81
vn -0.004 -0.742 -0.67
vn -0.004 -0.742 -0.67
vn -0.004 -0.742 -0.67
vn -0.004 -0.742 -0.67
vn 0 -0.866 -0.501
vn 0 -0.866 -0.501
vn 0.004 -0.951 -0.309
vn 0.004 -0.951 -0.309
vn 0.004 -0.995 -0.105
vn 0.004 -0.995 -0.105
vn 0 -0.995 0.105
vn 0 -0.995 0.105
vn 0 -0.951 0.309
vn 0 -0.951 0.309
vn 0 -0.866 0.501
vn 0 -0.866 0.501
vn 0 -0.742 0.67
vn 0 -0.742 0.67
vt 0.0969 0.9582
vt 0.0162 0.9835
vt 0.0162 0.9582
vt 0.0148 0.9582
vt 0.0969 0.9835
vt 0.0983 0.9582
vt 0.0978 0.9843
vt 0.0993 0.9582
vt 0.0993 0.9835
vt 0.0987 0.9853
vt 0.0969 0.986
vt 0.0162 0.986
vt 0.0162 0.985
vt 0.0148 0.986
vt 0.0149 0.985
vt 0.0141 0.985
vt 0.0148 0.9835
vt 0.0139 0.9582
vt 0.0139 0.9835
vt 0.0162 0.9582
vt 0.0162 0.9835
vt 0.0969 0.9582
vt 0.0969 0.9835
vt 0.0148 0.9582
vt 0.0148 0.9835
vt 0.0139 0.9582
vt 0.0139 0.9835
vt 0.0149 0.985
vt 0.0141 0.985
vt 0.0148 0.986
vt 0.0162 0.986
vt 0.0162 0.985
vt 0.0969 0.986
vt 0.0969 0.985
vt 0.0983 0.9849
vt 0.0983 0.9858
vt 0.0993 0.985
vt 0.0993 0.9835
vt 0.0983 0.9835
vt 0.0993 0.9582
vt 0.0983 0.9582
vt 0.046 0.9682
vt 0.046 0.9678
vt 0.0171 0.9682
vt 0.0171 0.9678
vt 0.0155 0.9678
vt 0.0153 0.9682
vt 0.0143 0.9678
vt 0.0141 0.9671
vt 0.0154 0.9671
vt 0.0171 0.9671
vt 0.046 0.9671
vt 0.046 0.9134
vt 0.0171 0.9134
vt 0.016 0.9131
vt 0.0141 0.9134
vt 0.0149 0.9127
vt 0.0171 0.9125
vt 0.046 0.9129
vt 0.046 0.9125
vt 0.0983 0.9682
vt 0.0969 0.9682
vt 0.0982 0.9678
vt 0.0969 0.9678
vt 0.0162 0.9682
vt 0.0162 0.9678
vt 0.0969 0.9671
vt 0.0162 0.9671
vt 0.0162 0.9134
vt 0.0969 0.9134
vt 0.0983 0.9671
vt 0.0978 0.9131
vt 0.0993 0.9671
vt 0.0993 0.9134
vt 0.0987 0.9127
vt 0.0969 0.9125
vt 0.0162 0.9129
vt 0.0992 0.9678
vt 0.0162 0.9125
vt 0.0148 0.9125
vt 0.0148 0.9129
vt 0.0139 0.9129
vt 0.0148 0.9134
vt 0.0139 0.9134
vt 0.0148 0.9671
vt 0.0139 0.9671
vt 0.0148 0.9678
vt 0.0148 0.9681
vt 0.0139 0.9678
vt 0.0498 0.9682
vt 0.0498 0.9678
vt 0.0961 0.9682
vt 0.0971 0.9675
vt 0.0982 0.9679
vt 0.0991 0.9671
vt 0.0971 0.9131
vt 0.0991 0.9134
vt 0.0982 0.9127
vt 0.0961 0.9125
vt 0.0498 0.9129
vt 0.0498 0.9125
vt 0.0498 0.9671
vt 0.0961 0.9671
vt 0.0498 0.9134
vt 0.0961 0.9134
vt 0.0162 0.9118
vt 0.0162 0.9129
vt 0.0148 0.912
vt 0.0148 0.913
vt 0.0162 0.9144
vt 0.0978 0.9135
vt 0.0969 0.9118
vt 0.0987 0.9126
vt 0.0993 0.9144
vt 0.0993 0.9548
vt 0.0983 0.9548
vt 0.0969 0.9144
vt 0.0969 0.9548
vt 0.0162 0.9548
vt 0.0148 0.9548
vt 0.0148 0.9144
vt 0.0139 0.9548
vt 0.0139 0.9144
vt 0.0139 0.9129
vt 0.0983 0.9118
vt 0.0982 0.9129
vt 0.0969 0.9118
vt 0.0969 0.9129
vt 0.0162 0.9118
vt 0.0162 0.9129
vt 0.0969 0.9144
vt 0.0983 0.9144
vt 0.0983 0.9548
vt 0.0993 0.9548
vt 0.0993 0.9144
vt 0.0992 0.9129
vt 0.0969 0.9548
vt 0.0162 0.9144
vt 0.0162 0.9548
vt 0.0148 0.9548
vt 0.0148 0.9144
vt 0.0139 0.9548
vt 0.0139 0.9144
vt 0.0148 0.913
vt 0.0139 0.9129
vt 0.0148 0.912
vt 0.0993 0.9671
vt 0.0983 0.9671
vt 0.0993 0.9134
vt 0.0983 0.9134
vt 0.0969 0.9671
vt 0.0982 0.9678
vt 0.0969 0.9678
vt 0.0983 0.9682
vt 0.0969 0.9682
vt 0.0154 0.9675
vt 0.0162 0.9682
vt 0.0146 0.9679
vt 0.0139 0.9671
vt 0.0154 0.9131
vt 0.0139 0.9134
vt 0.0146 0.9127
vt 0.0162 0.9125
vt 0.0969 0.9129
vt 0.0969 0.9125
vt 0.0983 0.9125
vt 0.0983 0.9129
vt 0.0993 0.9129
vt 0.0992 0.9678
vt 0.0969 0.9134
vt 0.0162 0.9134
vt 0.0162 0.9671
vt 0.0561 0.9663
vt 0.0579 0.9661
vt 0.0593 0.9658
vt 0.0969 0.9578
vt 0.0606 0.9645
vt 0.0592 0.9631
vt 0.0603 0.9638
vt 0.0162 0.9578
vt 0.0603 0.9652
vt 0.0578 0.9628
vt 0.056 0.9627
vt 0.0918 0.9578
vt 0.0545 0.9629
vt 0.0533 0.9635
vt 0.0526 0.965
vt 0.0533 0.9655
vt 0.0545 0.966
vt 0.0525 0.9641
vt 0.0991 0.9671
vt 0.0989 0.9678
vt 0.0978 0.9671
vt 0.0977 0.9678
vt 0.0961 0.9671
vt 0.0978 0.9134
vt 0.0991 0.9134
vt 0.0991 0.9129
vt 0.0978 0.9129
vt 0.0978 0.9125
vt 0.0961 0.9129
vt 0.0961 0.9125
vt 0.0498 0.9129
vt 0.0498 0.9125
vt 0.0498 0.9134
vt 0.0961 0.9134
vt 0.0498 0.9671
vt 0.0961 0.9678
vt 0.0498 0.9678
vt 0.0961 0.9682
vt 0.0979 0.9682
vt 0.0498 0.9682
vt 0.046 0.9682
vt 0.046 0.9678
vt 0.0171 0.9682
vt 0.0171 0.9678
vt 0.0154 0.9678
vt 0.0154 0.9671
vt 0.0141 0.9671
vt 0.0141 0.9678
vt 0.0154 0.9681
vt 0.046 0.9671
vt 0.0171 0.9671
vt 0.0171 0.9134
vt 0.0154 0.9134
vt 0.0141 0.9134
vt 0.046 0.9134
vt 0.0171 0.9129
vt 0.0154 0.9129
vt 0.0154 0.9125
vt 0.0141 0.9129
vt 0.0171 0.9125
vt 0.046 0.9129
vt 0.046 0.9125
vt 0.0987 0.967
vt 0.0993 0.9682
vt 0.0981 0.9674
vt 0.0983 0.9684
vt 0.0971 0.9676
vt 0.0969 0.9685
vt 0.0958 0.9678
vt 0.0162 0.9685
vt 0.0173 0.9678
vt 0.0148 0.9684
vt 0.016 0.9676
vt 0.0139 0.9682
vt 0.015 0.9674
vt 0.0133 0.9678
vt 0.0145 0.967
vt 0.0998 0.9678
vt 0.0145 0.9135
vt 0.0139 0.9125
vt 0.015 0.9131
vt 0.0148 0.9121
vt 0.016 0.9129
vt 0.0162 0.9121
vt 0.0173 0.9128
vt 0.0969 0.9121
vt 0.0958 0.9128
vt 0.0983 0.9121
vt 0.0971 0.9129
vt 0.0993 0.9125
vt 0.0981 0.9131
vt 0.0998 0.9129
vt 0.0987 0.9135
vt 0.0133 0.9129
vt 0.0479 0.967
vt 0.0479 0.9665
vt 0.046 0.9678
vt 0.046 0.9671
vt 0.0479 0.9142
vt 0.046 0.9134
vt 0.0479 0.9135
vt 0.046 0.9129
vt 0.0479 0.967
vt 0.0498 0.9678
vt 0.0479 0.9665
vt 0.0498 0.9671
vt 0.0479 0.9142
vt 0.0498 0.9134
vt 0.0479 0.9135
vt 0.0498 0.9129
vt 0.0958 0.9678
vt 0.0971 0.9676
vt 0.0983 0.9684
vt 0.0993 0.9682
vt 0.0969 0.9685
vt 0.0173 0.9678
vt 0.0162 0.9685
vt 0.016 0.9676
vt 0.0148 0.9684
vt 0.015 0.9674
vt 0.0139 0.9682
vt 0.0145 0.967
vt 0.0133 0.9678
vt 0.0981 0.9674
vt 0.0998 0.9678
vt 0.0987 0.967
vt 0.0173 0.9128
vt 0.016 0.9129
vt 0.0148 0.9121
vt 0.0139 0.9125
vt 0.0162 0.9121
vt 0.0958 0.9128
vt 0.0969 0.9121
vt 0.0971 0.9129
vt 0.0983 0.9121
vt 0.0981 0.9131
vt 0.0993 0.9125
vt 0.0987 0.9135
vt 0.0998 0.9129
vt 0.015 0.9131
vt 0.0133 0.9129
vt 0.0145 0.9135
vt 0.046 0.9678
vt 0.0479 0.967
vt 0.046 0.9671
vt 0.0479 0.9665
vt 0.046 0.9134
vt 0.0479 0.9142
vt 0.046 0.9129
vt 0.0479 0.9135
vt 0.0498 0.9678
vt 0.0479 0.967
vt 0.0498 0.9671
vt 0.0479 0.9665
vt 0.0498 0.9134
vt 0.0479 0.9142
vt 0.0498 0.9129
vt 0.0479 0.9135
vt 0.0682 0.911
vt 0.0714 0.911
vt 0.0682 0.9143
vt 0.0714 0.9143
vt 0.0753 0.911
vt 0.0753 0.9143
vt 0.0792 0.911
vt 0.0792 0.9143
vt 0.0824 0.911
vt 0.0824 0.9143
vt 0.0846 0.9143
vt 0.0846 0.911
vt 0.082 0.9143
vt 0.082 0.911
vt 0.0788 0.9143
vt 0.0788 0.911
vt 0.0759 0.9143
vt 0.0759 0.911
vt 0.0735 0.9143
vt 0.0735 0.911
vt 0.0696 0.9143
vt 0.0696 0.911
vt 0.0733 0.9143
vt 0.0733 0.911
vt 0.0772 0.9143
vt 0.0772 0.911
vt 0.0809 0.9143
vt 0.0809 0.911
vt 0.0735 0.9143
vt 0.0735 0.911
vt 0.0759 0.9143
vt 0.0759 0.911
vt 0.0788 0.9143
vt 0.0788 0.911
vt 0.082 0.9143
vt 0.082 0.911
vt 0.0846 0.9143
vt 0.0846 0.911
vt 0.0832 0.9282
vt 0.0812 0.927
vt 0.0845 0.9302
vt 0.0791 0.9268
vt 0.077 0.9275
vt 0.0754 0.9291
vt 0.0744 0.9314
vt 0.0744 0.9339
vt 0.0754 0.9361
vt 0.077 0.9377
vt 0.0791 0.9385
vt 0.0812 0.9383
vt 0.0832 0.937
vt 0.0845 0.9351
vt 0.0849 0.9326
vt 0.0871 0.9326
vt 0.0864 0.936
vt 0.0849 0.9326
vt 0.0845 0.9351
vt 0.0864 0.9292
vt 0.0871 0.9326
vt 0.0845 0.9302
vt 0.0849 0.9326
vt 0.0845 0.9302
vt 0.0832 0.9282
vt 0.0864 0.9292
vt 0.0846 0.9264
vt 0.0812 0.927
vt 0.082 0.9247
vt 0.0791 0.9268
vt 0.0788 0.9243
vt 0.077 0.9275
vt 0.0759 0.9254
vt 0.0735 0.9277
vt 0.0754 0.9291
vt 0.0759 0.9254
vt 0.077 0.9275
vt 0.0723 0.9309
vt 0.0744 0.9314
vt 0.0735 0.9277
vt 0.0754 0.9291
vt 0.0723 0.9343
vt 0.0744 0.9339
vt 0.0723 0.9309
vt 0.0744 0.9314
vt 0.0744 0.9339
vt 0.0723 0.9343
vt 0.0754 0.9361
vt 0.0735 0.9375
vt 0.077 0.9377
vt 0.0759 0.9398
vt 0.0791 0.9385
vt 0.0788 0.9409
vt 0.0812 0.9383
vt 0.082 0.9405
vt 0.0832 0.937
vt 0.0846 0.9388
vt 0.0864 0.936
vt 0.0845 0.9351
vt 0.0846 0.9388
vt 0.0832 0.937
vt 0.0703 0.9119
vt 0.0703 0.911
vt 0.0726 0.9119
vt 0.0726 0.911
vt 0.0753 0.9119
vt 0.0753 0.911
vt 0.0781 0.9119
vt 0.0781 0.911
vt 0.0804 0.9119
vt 0.0804 0.911
vt 0.0832 0.9119
vt 0.0832 0.911
vt 0.0812 0.9119
vt 0.0812 0.911
vt 0.0791 0.9119
vt 0.0791 0.911
vt 0.077 0.9119
vt 0.077 0.911
vt 0.0754 0.9119
vt 0.0754 0.911
vt 0.0793 0.9119
vt 0.0793 0.911
vt 0.0767 0.9119
vt 0.0767 0.911
vt 0.0739 0.9119
vt 0.0739 0.911
vt 0.0713 0.9119
vt 0.0713 0.911
vt 0.0754 0.9119
vt 0.0754 0.911
vt 0.077 0.9119
vt 0.077 0.911
vt 0.0791 0.9119
vt 0.0791 0.911
vt 0.0812 0.9119
vt 0.0812 0.911
vt 0.0832 0.9119
vt 0.0832 0.911
vt 0.0682 0.911
vt 0.0682 0.9143
vt 0.0714 0.911
vt 0.0714 0.9143
vt 0.0753 0.911
vt 0.0753 0.9143
vt 0.0792 0.911
vt 0.0792 0.9143
vt 0.0824 0.911
vt 0.0824 0.9143
vt 0.0615 0.9143
vt 0.0615 0.911
vt 0.0588 0.9143
vt 0.0588 0.911
vt 0.0558 0.9143
vt 0.0558 0.911
vt 0.0527 0.9143
vt 0.0527 0.911
vt 0.0505 0.9143
vt 0.0505 0.911
vt 0.0696 0.9143
vt 0.0696 0.911
vt 0.0733 0.9143
vt 0.0733 0.911
vt 0.0772 0.9143
vt 0.0772 0.911
vt 0.0809 0.9143
vt 0.0809 0.911
vt 0.0505 0.9143
vt 0.0505 0.911
vt 0.0527 0.9143
vt 0.0527 0.911
vt 0.0558 0.9143
vt 0.0558 0.911
vt 0.0588 0.9143
vt 0.0588 0.911
vt 0.0615 0.9143
vt 0.0615 0.911
vt 0.0601 0.9282
vt 0.0581 0.927
vt 0.0614 0.9302
vt 0.056 0.9268
vt 0.0538 0.9275
vt 0.0522 0.9291
vt 0.0513 0.9314
vt 0.0513 0.9339
vt 0.0522 0.9361
vt 0.0538 0.9377
vt 0.056 0.9385
vt 0.0581 0.9383
vt 0.0601 0.937
vt 0.0614 0.9351
vt 0.0618 0.9326
vt 0.0633 0.9292
vt 0.064 0.9326
vt 0.0614 0.9302
vt 0.0618 0.9326
vt 0.0633 0.936
vt 0.0614 0.9351
vt 0.0615 0.9388
vt 0.0601 0.937
vt 0.0588 0.9405
vt 0.0581 0.9383
vt 0.0558 0.9409
vt 0.056 0.9385
vt 0.0527 0.9398
vt 0.0538 0.9377
vt 0.0505 0.9375
vt 0.0522 0.9361
vt 0.0492 0.9343
vt 0.0513 0.9339
vt 0.0492 0.9309
vt 0.0513 0.9314
vt 0.0505 0.9277
vt 0.0522 0.9291
vt 0.0527 0.9254
vt 0.0538 0.9275
vt 0.0615 0.9264
vt 0.0601 0.9282
vt 0.0633 0.9292
vt 0.0614 0.9302
vt 0.0588 0.9247
vt 0.0581 0.927
vt 0.0615 0.9264
vt 0.0601 0.9282
vt 0.0558 0.9243
vt 0.056 0.9268
vt 0.0588 0.9247
vt 0.0581 0.927
vt 0.0527 0.9254
vt 0.0538 0.9275
vt 0.0558 0.9243
vt 0.056 0.9268
vt 0.0703 0.9119
vt 0.0703 0.911
vt 0.0726 0.9119
vt 0.0726 0.911
vt 0.0753 0.9119
vt 0.0753 0.911
vt 0.0781 0.9119
vt 0.0781 0.911
vt 0.0804 0.9119
vt 0.0804 0.911
vt 0.0601 0.9119
vt 0.0601 0.911
vt 0.0581 0.9119
vt 0.0581 0.911
vt 0.056 0.9119
vt 0.056 0.911
vt 0.0538 0.9119
vt 0.0538 0.911
vt 0.0522 0.9119
vt 0.0522 0.911
vt 0.0793 0.9119
vt 0.0793 0.911
vt 0.0767 0.9119
vt 0.0767 0.911
vt 0.0739 0.9119
vt 0.0739 0.911
vt 0.0713 0.9119
vt 0.0713 0.911
vt 0.0522 0.9119
vt 0.0522 0.911
vt 0.0538 0.9119
vt 0.0538 0.911
vt 0.056 0.9119
vt 0.056 0.911
vt 0.0581 0.9119
vt 0.0581 0.911
vt 0.0601 0.9119
vt 0.0601 0.911
vt 0.0682 0.911
vt 0.0682 0.9143
vt 0.0714 0.911
vt 0.0714 0.9143
vt 0.0753 0.911
vt 0.0753 0.9143
vt 0.0792 0.911
vt 0.0792 0.9143
vt 0.0824 0.911
vt 0.0824 0.9143
vt 0.0384 0.9143
vt 0.0384 0.911
vt 0.0357 0.9143
vt 0.0357 0.911
vt 0.0326 0.9143
vt 0.0326 0.911
vt 0.0297 0.9143
vt 0.0297 0.911
vt 0.0274 0.9143
vt 0.0274 0.911
vt 0.0696 0.9143
vt 0.0696 0.911
vt 0.0733 0.9143
vt 0.0733 0.911
vt 0.0772 0.9143
vt 0.0772 0.911
vt 0.0809 0.9143
vt 0.0809 0.911
vt 0.0274 0.9143
vt 0.0274 0.911
vt 0.0297 0.9143
vt 0.0297 0.911
vt 0.0326 0.9143
vt 0.0326 0.911
vt 0.0357 0.9143
vt 0.0357 0.911
vt 0.0384 0.9143
vt 0.0384 0.911
vt 0.0369 0.9282
vt 0.0351 0.927
vt 0.0382 0.9302
vt 0.0328 0.9268
vt 0.0307 0.9275
vt 0.0291 0.9291
vt 0.0283 0.9314
vt 0.0283 0.9339
vt 0.0291 0.9361
vt 0.0307 0.9377
vt 0.0328 0.9385
vt 0.0351 0.9383
vt 0.0369 0.937
vt 0.0382 0.9351
vt 0.0388 0.9326
vt 0.0403 0.936
vt 0.0388 0.9326
vt 0.0408 0.9326
vt 0.0382 0.9302
vt 0.0382 0.9351
vt 0.0384 0.9388
vt 0.0369 0.937
vt 0.0357 0.9405
vt 0.0351 0.9383
vt 0.0326 0.9409
vt 0.0328 0.9385
vt 0.0297 0.9398
vt 0.0307 0.9377
vt 0.0274 0.9375
vt 0.0291 0.9361
vt 0.0261 0.9343
vt 0.0283 0.9339
vt 0.0261 0.9309
vt 0.0283 0.9314
vt 0.0274 0.9277
vt 0.0291 0.9291
vt 0.0297 0.9254
vt 0.0307 0.9275
vt 0.0326 0.9243
vt 0.0328 0.9268
vt 0.0357 0.9247
vt 0.0351 0.927
vt 0.0384 0.9264
vt 0.0369 0.9282
vt 0.0403 0.9292
vt 0.0703 0.9119
vt 0.0726 0.9119
vt 0.0703 0.911
vt 0.0726 0.911
vt 0.0753 0.9119
vt 0.0753 0.911
vt 0.0781 0.9119
vt 0.0781 0.911
vt 0.0804 0.9119
vt 0.0804 0.911
vt 0.0369 0.9119
vt 0.0369 0.911
vt 0.0351 0.9119
vt 0.0351 0.911
vt 0.0328 0.9119
vt 0.0328 0.911
vt 0.0307 0.9119
vt 0.0307 0.911
vt 0.0291 0.9119
vt 0.0291 0.911
vt 0.0793 0.9119
vt 0.0793 0.911
vt 0.0767 0.9119
vt 0.0767 0.911
vt 0.0739 0.9119
vt 0.0739 0.911
vt 0.0713 0.9119
vt 0.0713 0.911
vt 0.0291 0.9119
vt 0.0291 0.911
vt 0.0307 0.9119
vt 0.0307 0.911
vt 0.0328 0.9119
vt 0.0328 0.911
vt 0.0351 0.9119
vt 0.0351 0.911
vt 0.0369 0.9119
vt 0.0369 0.911
vt 0.2791 0.6912
vt 0.26 0.6741
vt 0.3523 0.7569
vt 0.2164 0.5764
vt 0.1102 0.8838
vt 0.5939 0.7822
vt 0.8505 0.8838
vt 0.7016 0.7203
vt 0.7746 0.6202
vt 0.8004 0.4991
vt 0.9002 0.1057
vt 0.7016 0.2779
vt 0.5332 0.2096
vt 0.5939 0.216
vt 0.2454 0.6414
vt 0.4705 0.7951
vt 0.9002 0.8838
vt 0.7746 0.378
vt 0.1102 0.1057
vt 0.3523 0.2413
vt 0.2095 0.4372
vt 0.26 0.3241
vt 0.4705 0.2031
vt 0.2095 0.561
vt 0.0532 0.9147
vt 0.0543 0.9143
vt 0.0525 0.9154
vt 0.0525 0.9161
vt 0.0535 0.9169
vt 0.0545 0.9173
vt 0.0562 0.9175
vt 0.0578 0.9174
vt 0.0592 0.9171
vt 0.0603 0.9164
vt 0.0606 0.9158
vt 0.0603 0.915
vt 0.0592 0.9144
vt 0.0578 0.9141
vt 0.0558 0.9141
vt 0.0545 0.9173
vt 0.0562 0.9175
vt 0.0535 0.9169
vt 0.0525 0.9154
vt 0.0525 0.9161
vt 0.0532 0.9147
vt 0.0543 0.9143
vt 0.0558 0.9141
vt 0.0578 0.9141
vt 0.0603 0.915
vt 0.0603 0.9164
vt 0.0606 0.9158
vt 0.0592 0.9144
vt 0.0969 0.923
vt 0.0592 0.9171
vt 0.0578 0.9174
vt 0.0162 0.923
vt 0.0593 0.9658
vt 0.0603 0.9652
vt 0.0579 0.9661
vt 0.0606 0.9645
vt 0.0603 0.9638
vt 0.0592 0.9631
vt 0.0578 0.9628
vt 0.056 0.9627
vt 0.0545 0.9629
vt 0.0533 0.9635
vt 0.0525 0.9641
vt 0.0526 0.965
vt 0.0533 0.9655
vt 0.0545 0.966
vt 0.0561 0.9663
vt 0.0131 0.9144
vt 0.0131 0.915
vt 0.0278 0.9144
vt 0.0278 0.915
vt 0.0131 0.9158
vt 0.0278 0.9158
vt 0.0131 0.9164
vt 0.0278 0.9164
vt 0.0131 0.9171
vt 0.0278 0.9171
vt 0.0592 0.974
vt 0.0592 0.9869
vt 0.0578 0.974
vt 0.0578 0.9869
vt 0.0558 0.974
vt 0.0558 0.9869
vt 0.0543 0.974
vt 0.0543 0.9869
vt 0.0532 0.974
vt 0.0532 0.9869
vt 0.0278 0.9147
vt 0.0131 0.9147
vt 0.0278 0.9154
vt 0.0131 0.9154
vt 0.0278 0.9161
vt 0.0131 0.9161
vt 0.0278 0.9169
vt 0.0131 0.9169
vt 0.0535 0.974
vt 0.0535 0.9869
vt 0.0545 0.974
vt 0.0545 0.9869
vt 0.0562 0.974
vt 0.0562 0.9869
vt 0.0578 0.974
vt 0.0578 0.9869
vt 0.0592 0.974
vt 0.0592 0.9869
vt 0.0131 0.9631
vt 0.0278 0.9631
vt 0.0131 0.9638
vt 0.0278 0.9638
vt 0.0131 0.9645
vt 0.0278 0.9645
vt 0.0131 0.9652
vt 0.0278 0.9652
vt 0.0131 0.9658
vt 0.0278 0.9658
vt 0.0592 0.974
vt 0.0592 0.9869
vt 0.0578 0.974
vt 0.0578 0.9869
vt 0.056 0.974
vt 0.056 0.9869
vt 0.0545 0.974
vt 0.0545 0.9869
vt 0.0533 0.974
vt 0.0533 0.9869
vt 0.0278 0.9635
vt 0.0131 0.9635
vt 0.0278 0.9641
vt 0.0131 0.9641
vt 0.0278 0.965
vt 0.0131 0.965
vt 0.0278 0.9655
vt 0.0131 0.9655
vt 0.0533 0.974
vt 0.0533 0.9869
vt 0.0545 0.974
vt 0.0545 0.9869
vt 0.0561 0.974
vt 0.0561 0.9869
vt 0.0579 0.974
vt 0.0579 0.9869
vt 0.0592 0.974
vt 0.0592 0.9869
vt 0.2873 0.7927
vt 0.2873 0.7826
vt 0.1834 0.7826
vt 0.1834 0.773
vt 0.1834 0.7927
vt 0.2873 0.8028
vt 0.1834 0.8028
vt 0.2873 0.8125
vt 0.1834 0.8125
vt 0.2873 0.8212
vt 0.1834 0.8212
vt 0.2873 0.8288
vt 0.1834 0.8288
vt 0.2873 0.773
vt 0.1834 0.7642
vt 0.2873 0.7642
vt 0.1834 0.7567
vt 0.2873 0.7567
vt 0.2701 0.841
vt 0.2701 0.7445
vt 0.2613 0.841
vt 0.2613 0.7445
vt 0.2514 0.841
vt 0.2514 0.7445
vt 0.2408 0.841
vt 0.2408 0.7445
vt 0.2299 0.841
vt 0.2299 0.7445
vt 0.2192 0.841
vt 0.2192 0.7445
vt 0.2093 0.841
vt 0.2093 0.7445
vt 0.2006 0.841
vt 0.2006 0.7445
vt 0.1834 0.7567
vt 0.2873 0.7567
vt 0.1834 0.7642
vt 0.2873 0.7642
vt 0.1834 0.773
vt 0.2873 0.773
vt 0.1834 0.7826
vt 0.2873 0.7826
vt 0.1834 0.7927
vt 0.2873 0.7927
vt 0.1834 0.8028
vt 0.2873 0.8028
vt 0.1834 0.8125
vt 0.2873 0.8125
vt 0.1834 0.8212
vt 0.2873 0.8212
vt 0.1834 0.8288
vt 0.2873 0.8288
vt 0.2006 0.841
vt 0.2006 0.7445
vt 0.2093 0.841
vt 0.2093 0.7445
vt 0.2192 0.841
vt 0.2192 0.7445
vt 0.2299 0.841
vt 0.2299 0.7445
vt 0.2408 0.841
vt 0.2408 0.7445
vt 0.2514 0.841
vt 0.2514 0.7445
vt 0.2613 0.841
vt 0.2613 0.7445
vt 0.2701 0.841
vt 0.2701 0.7445
vt 0.6343 0.4682
vt 0.6252 0.4386
vt 0.6374 0.499
vt 0.6104 0.4116
vt 0.5907 0.3886
vt 0.5669 0.3703
vt 0.5399 0.3576
vt 0.511 0.3511
vt 0.4815 0.3511
vt 0.4526 0.3576
vt 0.4256 0.3703
vt 0.4018 0.3886
vt 0.3821 0.4116
vt 0.3674 0.4386
vt 0.3582 0.4682
vt 0.3551 0.499
vt 0.3582 0.53
vt 0.3674 0.5596
vt 0.3821 0.5865
vt 0.4018 0.6096
vt 0.4256 0.6279
vt 0.4526 0.6406
vt 0.4815 0.6471
vt 0.511 0.6471
vt 0.5399 0.6406
vt 0.5669 0.6279
vt 0.5907 0.6096
vt 0.6104 0.5865
vt 0.6252 0.5596
vt 0.6343 0.53
vt 0.3218 0.499
vt 0.3218 0.4616
vt 0.3662 0.4608
vt 0.3662 0.4243
vt 0.3662 0.499
vt 0.3218 0.5366
vt 0.3662 0.5373
vt 0.3218 0.5724
vt 0.3662 0.5739
vt 0.3218 0.605
vt 0.3662 0.6072
vt 0.3218 0.6331
vt 0.3662 0.6358
vt 0.3218 0.4258
vt 0.3662 0.3909
vt 0.3218 0.3931
vt 0.3662 0.3624
vt 0.3218 0.3651
vt 0.613 0.6353
vt 0.6107 0.682
vt 0.5835 0.6353
vt 0.5818 0.682
vt 0.5502 0.6353
vt 0.5491 0.682
vt 0.5146 0.6353
vt 0.5141 0.682
vt 0.4781 0.6353
vt 0.4784 0.682
vt 0.4423 0.6353
vt 0.4434 0.682
vt 0.409 0.6353
vt 0.4107 0.682
vt 0.3795 0.6353
vt 0.3818 0.682
vt 0.3662 0.3624
vt 0.3218 0.3651
vt 0.3662 0.3909
vt 0.3218 0.3931
vt 0.3662 0.4243
vt 0.3218 0.4258
vt 0.3662 0.4608
vt 0.3218 0.4616
vt 0.3662 0.499
vt 0.3218 0.499
vt 0.3662 0.5373
vt 0.3218 0.5366
vt 0.3662 0.5739
vt 0.3218 0.5724
vt 0.3662 0.6072
vt 0.3218 0.605
vt 0.3662 0.6358
vt 0.3218 0.6331
vt 0.3795 0.6353
vt 0.3818 0.682
vt 0.409 0.6353
vt 0.4107 0.682
vt 0.4423 0.6353
vt 0.4434 0.682
vt 0.4781 0.6353
vt 0.4784 0.682
vt 0.5146 0.6353
vt 0.5141 0.682
vt 0.5502 0.6353
vt 0.5491 0.682
vt 0.5835 0.6353
vt 0.5818 0.682
vt 0.613 0.6353
vt 0.6107 0.682
vt 0.6674 0.499
vt 0.6343 0.4682
vt 0.6636 0.4616
vt 0.6252 0.4386
vt 0.6374 0.499
vt 0.6636 0.5366
vt 0.6343 0.53
vt 0.6525 0.5724
vt 0.6252 0.5596
vt 0.6347 0.605
vt 0.6104 0.5865
vt 0.6107 0.6331
vt 0.5907 0.6096
vt 0.5818 0.6552
vt 0.5669 0.6279
vt 0.5491 0.6705
vt 0.5399 0.6406
vt 0.5141 0.6784
vt 0.511 0.6471
vt 0.4784 0.6784
vt 0.4815 0.6471
vt 0.4434 0.6705
vt 0.4526 0.6406
vt 0.4107 0.6552
vt 0.4256 0.6279
vt 0.3818 0.6331
vt 0.4018 0.6096
vt 0.3578 0.605
vt 0.3821 0.5865
vt 0.34 0.5724
vt 0.3674 0.5596
vt 0.3289 0.5366
vt 0.3582 0.53
vt 0.3252 0.499
vt 0.3551 0.499
vt 0.3289 0.4616
vt 0.3582 0.4682
vt 0.34 0.4258
vt 0.3674 0.4386
vt 0.3578 0.3931
vt 0.3821 0.4116
vt 0.3818 0.3651
vt 0.4018 0.3886
vt 0.4107 0.3429
vt 0.4256 0.3703
vt 0.4434 0.3276
vt 0.4526 0.3576
vt 0.4784 0.3197
vt 0.4815 0.3511
vt 0.5141 0.3197
vt 0.511 0.3511
vt 0.5491 0.3276
vt 0.5399 0.3576
vt 0.5818 0.3429
vt 0.5669 0.3703
vt 0.6107 0.3651
vt 0.5907 0.3886
vt 0.6347 0.3931
vt 0.6104 0.4116
vt 0.6525 0.4258
vt 0.3218 0.499
vt 0.6707 0.4682
vt 0.3218 0.4682
vt 0.6707 0.4386
vt 0.6707 0.499
vt 0.3218 0.53
vt 0.6707 0.53
vt 0.3218 0.5596
vt 0.6707 0.5596
vt 0.3218 0.5865
vt 0.6707 0.5865
vt 0.3218 0.6096
vt 0.6707 0.6096
vt 0.3218 0.4386
vt 0.6707 0.4116
vt 0.3218 0.4116
vt 0.6707 0.3886
vt 0.3218 0.3886
vt 0.5907 0.3162
vt 0.5907 0.682
vt 0.5669 0.3162
vt 0.5669 0.682
vt 0.5399 0.3162
vt 0.5399 0.682
vt 0.511 0.3162
vt 0.511 0.682
vt 0.4815 0.3162
vt 0.4815 0.682
vt 0.4526 0.3162
vt 0.4526 0.682
vt 0.4256 0.3162
vt 0.4256 0.682
vt 0.4018 0.3162
vt 0.4018 0.682
vt 0.6707 0.3886
vt 0.3218 0.3886
vt 0.6707 0.4116
vt 0.3218 0.4116
vt 0.6707 0.4386
vt 0.3218 0.4386
vt 0.6707 0.4682
vt 0.3218 0.4682
vt 0.6707 0.499
vt 0.3218 0.499
vt 0.6707 0.53
vt 0.3218 0.53
vt 0.6707 0.5596
vt 0.3218 0.5596
vt 0.6707 0.5865
vt 0.3218 0.5865
vt 0.6707 0.6096
vt 0.3218 0.6096
vt 0.4018 0.3162
vt 0.4018 0.682
vt 0.4256 0.3162
vt 0.4256 0.682
vt 0.4526 0.3162
vt 0.4526 0.682
vt 0.4815 0.3162
vt 0.4815 0.682
vt 0.511 0.3162
vt 0.511 0.682
vt 0.5399 0.3162
vt 0.5399 0.682
vt 0.5669 0.3162
vt 0.5669 0.682
vt 0.5907 0.3162
vt 0.5907 0.682
vt 0.3549 0.4545
vt 0.3549 0.5582
vt 0.6283 0.4545
vt 0.6283 0.5582
vt 0.6352 0.5471
vt 0.3589 0.5471
vt 0.6352 0.4698
vt 0.3589 0.4698
vt 0.6283 0.4545
vt 0.6283 0.5582
vt 0.3549 0.4545
vt 0.3549 0.5582
vt 0.6352 0.4698
vt 0.3589 0.4698
vt 0.6352 0.5471
vt 0.3589 0.5471
vt 0.6278 0.4685
vt 0.3553 0.4685
vt 0.6278 0.5484
vt 0.3553 0.5484
vt 0.6278 0.4685
vt 0.3525 0.4631
vt 0.3553 0.4685
vt 0.3525 0.5537
vt 0.3553 0.5484
vt 0.6307 0.5537
vt 0.6278 0.5484
vt 0.6307 0.4631
vt 0.3662 0.499
vt 0.414 0.4608
vt 0.3662 0.4608
vt 0.414 0.4243
vt 0.414 0.499
vt 0.3662 0.5373
vt 0.414 0.5373
vt 0.3662 0.5739
vt 0.414 0.5739
vt 0.3662 0.6072
vt 0.414 0.6072
vt 0.3662 0.6358
vt 0.414 0.6358
vt 0.3662 0.4243
vt 0.414 0.3909
vt 0.3662 0.3909
vt 0.414 0.3624
vt 0.3662 0.3624
vt 0.613 0.5852
vt 0.613 0.6353
vt 0.5835 0.5852
vt 0.5835 0.6353
vt 0.5502 0.5852
vt 0.5502 0.6353
vt 0.5146 0.5852
vt 0.5146 0.6353
vt 0.4781 0.5852
vt 0.4781 0.6353
vt 0.4423 0.5852
vt 0.4423 0.6353
vt 0.409 0.5852
vt 0.409 0.6353
vt 0.3795 0.5852
vt 0.3795 0.6353
vt 0.414 0.3624
vt 0.3662 0.3624
vt 0.414 0.3909
vt 0.3662 0.3909
vt 0.414 0.4243
vt 0.3662 0.4243
vt 0.414 0.4608
vt 0.3662 0.4608
vt 0.414 0.499
vt 0.3662 0.499
vt 0.414 0.5373
vt 0.3662 0.5373
vt 0.414 0.5739
vt 0.3662 0.5739
vt 0.414 0.6072
vt 0.3662 0.6072
vt 0.414 0.6358
vt 0.3662 0.6358
vt 0.3795 0.5852
vt 0.3795 0.6353
vt 0.409 0.5852
vt 0.409 0.6353
vt 0.4423 0.5852
vt 0.4423 0.6353
vt 0.4781 0.5852
vt 0.4781 0.6353
vt 0.5146 0.5852
vt 0.5146 0.6353
vt 0.5502 0.5852
vt 0.5502 0.6353
vt 0.5835 0.5852
vt 0.5835 0.6353
vt 0.613 0.5852
vt 0.613 0.6353
f 1/1/1 2/2/2 3/3/3
f 2/2/2 4/4/4 3/3/3
f 2/2/2 1/1/1 5/5/5
f 1/1/1 6/6/6 5/5/5
f 5/5/5 6/6/6 7/7/7
f 6/6/6 8/8/8 7/7/7
f 8/8/8 9/9/9 7/7/7
f 9/9/9 10/10/10 7/7/7
f 10/10/10 11/11/11 7/7/7
f 11/11/11 12/12/12 7/7/7
f 7/7/7 12/12/12 13/13/13
f 12/12/12 14/14/14 13/13/13
f 13/13/13 14/14/14 15/15/15
f 14/14/14 16/16/16 15/15/15
f 16/16/16 17/17/17 15/15/15
f 15/15/15 17/17/17 2/2/2
f 2/2/2 17/17/17 4/4/4
f 4/4/4 17/17/17 18/18/18
f 18/18/18 17/17/17 19/19/19
f 17/17/17 16/16/16 19/19/19
f 7/7/7 13/13/13 5/5/5
f 5/5/5 13/13/13 2/2/2
f 13/13/13 15/15/15 2/2/2
f 20/20/20 21/21/21 22/22/22
f 21/21/21 23/23/23 22/22/22
f 20/20/20 24/24/24 21/21/21
f 21/21/21 24/24/24 25/25/25
f 24/24/24 26/26/26 25/25/25
f 26/26/26 27/27/27 25/25/25
f 25/25/25 27/27/27 28/28/28
f 27/27/27 29/29/29 28/28/28
f 29/29/29 30/30/30 28/28/28
f 30/30/30 31/31/31 28/28/28
f 28/28/28 31/31/31 32/32/32
f 31/31/31 33/33/33 32/32/32
f 32/32/32 33/33/33 34/34/34
f 34/34/34 33/33/33 35/35/35
f 33/33/33 36/36/36 35/35/35
f 36/36/36 37/37/37 35/35/35
f 37/37/37 38/38/38 35/35/35
f 35/35/35 38/38/38 39/39/39
f 38/38/38 40/40/40 39/39/39
f 40/40/40 41/41/41 39/39/39
f 39/39/39 41/41/41 23/23/23
f 41/41/41 22/22/22 23/23/23
f 28/28/28 32/32/32 25/25/25
f 25/25/25 32/32/32 21/21/21
f 32/32/32 34/34/34 21/21/21
f 21/21/21 34/34/34 23/23/23
f 23/23/23 34/34/34 39/39/39
f 34/34/34 35/35/35 39/39/39
f 42/42/42 43/43/43 44/44/44
f 43/43/43 45/45/45 44/44/44
f 45/45/45 46/46/46 44/44/44
f 44/44/44 46/46/46 47/47/47
f 47/47/47 46/46/46 48/48/48
f 48/48/48 46/46/46 49/49/49
f 49/49/49 46/46/46 50/50/50
f 46/46/46 45/45/45 50/50/50
f 50/50/50 45/45/45 51/51/51
f 45/45/45 52/52/52 51/51/51
f 52/52/52 53/53/53 51/51/51
f 51/51/51 53/53/53 54/54/54
f 53/53/53 55/55/55 54/54/54
f 54/54/54 55/55/55 50/50/50
f 50/50/50 55/55/55 49/49/49
f 49/49/49 55/55/55 56/56/56
f 56/56/56 55/55/55 57/57/57
f 57/57/57 55/55/55 58/58/58
f 55/55/55 59/59/59 58/58/58
f 58/58/58 59/59/59 60/60/60
f 45/45/45 43/43/43 52/52/52
f 50/50/50 51/51/51 54/54/54
f 53/53/53 59/59/59 55/55/55
f 61/61/61 62/62/62 63/63/63
f 63/63/63 62/62/62 64/64/64
f 62/62/62 65/65/65 64/64/64
f 65/65/65 66/66/66 64/64/64
f 64/64/64 66/66/66 67/67/67
f 66/66/66 68/68/68 67/67/67
f 68/68/68 69/69/69 67/67/67
f 69/69/69 70/70/70 67/67/67
f 67/67/67 70/70/70 71/71/71
f 70/70/70 72/72/72 71/71/71
f 71/71/71 72/72/72 73/73/73
f 73/73/73 72/72/72 74/74/74
f 74/74/74 72/72/72 75/75/75
f 75/75/75 72/72/72 76/76/76
f 76/76/76 72/72/72 77/77/77
f 77/77/77 72/72/72 69/69/69
f 72/72/72 70/70/70 69/69/69
f 61/61/61 63/63/63 78/78/78
f 78/78/78 63/63/63 73/73/73
f 73/73/73 63/63/63 71/71/71
f 63/63/63 64/64/64 71/71/71
f 71/71/71 64/64/64 67/67/67
f 76/76/76 77/77/77 79/79/79
f 79/79/79 77/77/77 80/80/80
f 77/77/77 81/81/81 80/80/80
f 80/80/80 81/81/81 82/82/82
f 81/81/81 83/83/83 82/82/82
f 82/82/82 83/83/83 84/84/84
f 83/83/83 85/85/85 84/84/84
f 84/84/84 85/85/85 86/86/86
f 86/86/86 85/85/85 87/87/87
f 85/85/85 66/66/66 87/87/87
f 66/66/66 65/65/65 87/87/87
f 65/65/65 88/88/88 87/87/87
f 88/88/88 89/89/89 87/87/87
f 87/87/87 89/89/89 86/86/86
f 77/77/77 69/69/69 81/81/81
f 81/81/81 69/69/69 83/83/83
f 69/69/69 68/68/68 83/83/83
f 83/83/83 68/68/68 85/85/85
f 68/68/68 66/66/66 85/85/85
f 90/90/90 91/91/91 92/92/92
f 91/91/91 93/93/93 92/92/92
f 92/92/92 93/93/93 94/94/94
f 94/94/94 93/93/93 95/95/95
f 93/93/93 96/96/96 95/95/95
f 95/95/95 96/96/96 97/97/97
f 97/97/97 96/96/96 98/98/98
f 98/98/98 96/96/96 99/99/99
f 96/96/96 100/100/100 99/99/99
f 99/99/99 100/100/100 101/101/101
f 91/91/91 102/102/102 93/93/93
f 93/93/93 102/102/102 103/103/103
f 102/102/102 104/104/104 103/103/103
f 103/103/103 104/104/104 105/105/105
f 104/104/104 96/96/96 105/105/105
f 96/96/96 93/93/93 105/105/105
f 105/105/105 93/93/93 103/103/103
f 104/104/104 100/100/100 96/96/96
f 106/106/106 107/107/107 108/108/108
f 108/108/108 107/107/107 109/109/109
f 109/109/109 107/107/107 110/110/110
f 110/110/110 107/107/107 111/111/111
f 107/107/107 112/112/112 111/111/111
f 112/112/112 113/113/113 111/111/111
f 113/113/113 114/114/114 111/111/111
f 114/114/114 115/115/115 111/111/111
f 115/115/115 116/116/116 111/111/111
f 111/111/111 116/116/116 117/117/117
f 116/116/116 118/118/118 117/117/117
f 118/118/118 119/119/119 117/117/117
f 117/117/117 119/119/119 110/110/110
f 119/119/119 120/120/120 110/110/110
f 110/110/110 120/120/120 121/121/121
f 120/120/120 122/122/122 121/121/121
f 122/122/122 123/123/123 121/121/121
f 123/123/123 124/124/124 121/121/121
f 121/121/121 124/124/124 109/109/109
f 124/124/124 108/108/108 109/109/109
f 107/107/107 106/106/106 112/112/112
f 111/111/111 117/117/117 110/110/110
f 110/110/110 121/121/121 109/109/109
f 125/125/125 127/127/127 126/126/126
f 126/126/126 127/127/127 128/128/128
f 127/127/127 129/129/129 128/128/128
f 129/129/129 130/130/130 128/128/128
f 130/130/130 131/131/131 128/128/128
f 128/128/128 131/131/131 132/132/132
f 131/131/131 133/133/133 132/132/132
f 133/133/133 134/134/134 132/132/132
f 134/134/134 135/135/135 132/132/132
f 132/132/132 135/135/135 126/126/126
f 135/135/135 136/136/136 126/126/126
f 126/126/126 136/136/136 125/125/125
f 132/132/132 126/126/126 128/128/128
f 133/133/133 131/131/131 137/137/137
f 131/131/131 138/138/138 137/137/137
f 137/137/137 138/138/138 139/139/139
f 139/139/139 138/138/138 140/140/140
f 138/138/138 141/141/141 140/140/140
f 140/140/140 141/141/141 142/142/142
f 142/142/142 141/141/141 143/143/143
f 141/141/141 144/144/144 143/143/143
f 143/143/143 144/144/144 145/145/145
f 145/145/145 144/144/144 146/146/146
f 146/146/146 144/144/144 129/129/129
f 129/129/129 144/144/144 130/130/130
f 144/144/144 141/141/141 130/130/130
f 141/141/141 138/138/138 130/130/130
f 130/130/130 138/138/138 131/131/131
f 147/147/147 149/149/149 148/148/148
f 149/149/149 150/150/150 148/148/148
f 150/150/150 151/151/151 148/148/148
f 148/148/148 151/151/151 152/152/152
f 151/151/151 153/153/153 152/152/152
f 152/152/152 153/153/153 154/154/154
f 154/154/154 153/153/153 155/155/155
f 153/153/153 156/156/156 155/155/155
f 155/155/155 156/156/156 157/157/157
f 157/157/157 156/156/156 158/158/158
f 158/158/158 156/156/156 159/159/159
f 156/156/156 160/160/160 159/159/159
f 159/159/159 160/160/160 161/161/161
f 161/161/161 160/160/160 162/162/162
f 162/162/162 160/160/160 163/163/163
f 160/160/160 164/164/164 163/163/163
f 163/163/163 164/164/164 165/165/165
f 165/165/165 164/164/164 166/166/166
f 164/164/164 167/167/167 166/166/166
f 166/166/166 167/167/167 168/168/168
f 167/167/167 150/150/150 168/168/168
f 168/168/168 150/150/150 149/149/149
f 147/147/147 148/148/148 169/169/169
f 148/148/148 152/152/152 169/169/169
f 169/169/169 152/152/152 154/154/154
f 150/150/150 167/167/167 170/170/170
f 167/167/167 164/164/164 170/170/170
f 164/164/164 160/160/160 170/170/170
f 170/170/170 160/160/160 171/171/171
f 160/160/160 156/156/156 171/171/171
f 171/171/171 156/156/156 172/172/172
f 156/156/156 153/153/153 172/172/172
f 153/153/153 151/151/151 172/172/172
f 172/172/172 151/151/151 173/173/173
f 173/173/173 151/151/151 174/174/174
f 174/174/174 151/151/151 175/175/175
f 151/151/151 176/176/176 175/175/175
f 175/175/175 176/176/176 177/177/177
f 176/176/176 178/178/178 177/177/177
f 177/177/177 178/178/178 179/179/179
f 150/150/150 170/170/170 151/151/151
f 180/180/180 172/172/172 173/173/173
f 175/175/175 177/177/177 181/181/181
f 182/182/182 178/178/178 183/183/183
f 178/178/178 176/176/176 183/183/183
f 183/183/183 176/176/176 180/180/180
f 176/176/176 184/184/184 180/180/180
f 185/185/185 183/183/183 186/186/186
f 183/183/183 180/180/180 186/186/186
f 186/186/186 180/180/180 187/187/187
f 180/180/180 173/173/173 187/187/187
f 187/187/187 173/173/173 188/188/188
f 173/173/173 189/189/189 188/188/188
f 187/187/187 190/190/190 186/186/186
f 191/191/191 193/193/193 192/192/192
f 192/192/192 193/193/193 194/194/194
f 194/194/194 193/193/193 195/195/195
f 195/195/195 193/193/193 196/196/196
f 193/193/193 197/197/197 196/196/196
f 197/197/197 198/198/198 196/196/196
f 196/196/196 198/198/198 199/199/199
f 198/198/198 200/200/200 199/199/199
f 199/199/199 200/200/200 201/201/201
f 200/200/200 202/202/202 201/201/201
f 201/201/201 202/202/202 203/203/203
f 202/202/202 204/204/204 203/203/203
f 193/193/193 191/191/191 197/197/197
f 203/203/203 205/205/205 201/201/201
f 201/201/201 205/205/205 206/206/206
f 205/205/205 207/207/207 206/206/206
f 206/206/206 207/207/207 195/195/195
f 207/207/207 208/208/208 195/195/195
f 195/195/195 208/208/208 194/194/194
f 201/201/201 206/206/206 199/199/199
f 199/199/199 206/206/206 196/196/196
f 206/206/206 195/195/195 196/196/196
f 207/207/207 209/209/209 208/208/208
f 209/209/209 210/210/210 208/208/208
f 210/210/210 211/211/211 208/208/208
f 208/208/208 211/211/211 194/194/194
f 211/211/211 192/192/192 194/194/194
f 209/209/209 212/212/212 210/210/210
f 213/213/213 215/215/215 214/214/214
f 214/214/214 215/215/215 216/216/216
f 215/215/215 217/217/217 216/216/216
f 216/216/216 217/217/217 218/218/218
f 218/218/218 217/217/217 219/219/219
f 219/219/219 217/217/217 220/220/220
f 220/220/220 217/217/217 221/221/221
f 217/217/217 215/215/215 221/221/221
f 214/214/214 216/216/216 222/222/222
f 216/216/216 223/223/223 222/222/222
f 222/222/222 223/223/223 224/224/224
f 224/224/224 223/223/223 225/225/225
f 223/223/223 218/218/218 225/225/225
f 225/225/225 218/218/218 226/226/226
f 218/218/218 219/219/219 226/226/226
f 218/218/218 223/223/223 216/216/216
f 222/222/222 224/224/224 227/227/227
f 227/227/227 224/224/224 228/228/228
f 224/224/224 229/229/229 228/228/228
f 228/228/228 229/229/229 230/230/230
f 230/230/230 229/229/229 231/231/231
f 229/229/229 225/225/225 231/231/231
f 231/231/231 225/225/225 226/226/226
f 224/224/224 225/225/225 229/229/229
f 230/230/230 232/232/232 228/228/228
f 232/232/232 233/233/233 228/228/228
f 228/228/228 233/233/233 227/227/227
f 232/232/232 234/234/234 233/233/233
f 235/235/235 236/236/236 237/237/237
f 236/236/236 238/238/238 237/237/237
f 237/237/237 238/238/238 239/239/239
f 238/238/238 240/240/240 239/239/239
f 239/239/239 240/240/240 241/241/241
f 240/240/240 242/242/242 241/241/241
f 241/241/241 242/242/242 243/243/243
f 242/242/242 244/244/244 243/243/243
f 243/243/243 244/244/244 245/245/245
f 244/244/244 246/246/246 245/245/245
f 245/245/245 246/246/246 247/247/247
f 246/246/246 248/248/248 247/247/247
f 247/247/247 248/248/248 249/249/249
f 235/235/235 250/250/250 236/236/236
f 251/251/251 252/252/252 253/253/253
f 252/252/252 254/254/254 253/253/253
f 253/253/253 254/254/254 255/255/255
f 254/254/254 256/256/256 255/255/255
f 255/255/255 256/256/256 257/257/257
f 256/256/256 258/258/258 257/257/257
f 257/257/257 258/258/258 259/259/259
f 258/258/258 260/260/260 259/259/259
f 259/259/259 260/260/260 261/261/261
f 260/260/260 262/262/262 261/261/261
f 261/261/261 262/262/262 263/263/263
f 262/262/262 264/264/264 263/263/263
f 263/263/263 264/264/264 265/265/265
f 251/251/251 266/266/266 252/252/252
f 267/267/267 268/268/268 269/269/269
f 269/269/269 268/268/268 270/270/270
f 268/268/268 271/271/271 270/270/270
f 270/270/270 271/271/271 272/272/272
f 271/271/271 273/273/273 272/272/272
f 272/272/272 273/273/273 274/274/274
f 275/275/275 277/277/277 276/276/276
f 276/276/276 277/277/277 278/278/278
f 277/277/277 279/279/279 278/278/278
f 278/278/278 279/279/279 280/280/280
f 279/279/279 281/281/281 280/280/280
f 280/280/280 281/281/281 282/282/282
f 283/283/283 285/285/285 284/284/284
f 284/284/284 285/285/285 286/286/286
f 285/285/285 283/283/283 287/287/287
f 283/283/283 288/288/288 287/287/287
f 287/287/287 288/288/288 289/289/289
f 288/288/288 290/290/290 289/289/289
f 289/289/289 290/290/290 291/291/291
f 290/290/290 292/292/292 291/291/291
f 291/291/291 292/292/292 293/293/293
f 292/292/292 294/294/294 293/293/293
f 293/293/293 294/294/294 295/295/295
f 284/284/284 286/286/286 296/296/296
f 286/286/286 297/297/297 296/296/296
f 296/296/296 297/297/297 298/298/298
f 299/299/299 301/301/301 300/300/300
f 300/300/300 301/301/301 302/302/302
f 301/301/301 299/299/299 303/303/303
f 299/299/299 304/304/304 303/303/303
f 303/303/303 304/304/304 305/305/305
f 304/304/304 306/306/306 305/305/305
f 305/305/305 306/306/306 307/307/307
f 306/306/306 308/308/308 307/307/307
f 307/307/307 308/308/308 309/309/309
f 308/308/308 310/310/310 309/309/309
f 309/309/309 310/310/310 311/311/311
f 300/300/300 302/302/302 312/312/312
f 302/302/302 313/313/313 312/312/312
f 312/312/312 313/313/313 314/314/314
f 315/315/315 317/317/317 316/316/316
f 316/316/316 317/317/317 318/318/318
f 317/317/317 319/319/319 318/318/318
f 318/318/318 319/319/319 320/320/320
f 319/319/319 321/321/321 320/320/320
f 320/320/320 321/321/321 322/322/322
f 323/323/323 325/325/325 324/324/324
f 324/324/324 325/325/325 326/326/326
f 325/325/325 327/327/327 326/326/326
f 326/326/326 327/327/327 328/328/328
f 327/327/327 329/329/329 328/328/328
f 328/328/328 329/329/329 330/330/330
f 331/331/331 333/333/333 332/332/332
f 333/333/333 334/334/334 332/332/332
f 332/332/332 334/334/334 335/335/335
f 334/334/334 336/336/336 335/335/335
f 335/335/335 336/336/336 337/337/337
f 336/336/336 338/338/338 337/337/337
f 337/337/337 338/338/338 339/339/339
f 338/338/338 340/340/340 339/339/339
f 341/341/341 342/342/342 343/343/343
f 342/342/342 344/344/344 343/343/343
f 343/343/343 344/344/344 345/345/345
f 344/344/344 346/346/346 345/345/345
f 345/345/345 346/346/346 347/347/347
f 346/346/346 348/348/348 347/347/347
f 347/347/347 348/348/348 349/349/349
f 348/348/348 350/350/350 349/349/349
f 351/351/351 352/352/352 353/353/353
f 352/352/352 354/354/354 353/353/353
f 353/353/353 354/354/354 355/355/355
f 354/354/354 356/356/356 355/355/355
f 355/355/355 356/356/356 357/357/357
f 356/356/356 358/358/358 357/357/357
f 359/359/359 360/360/360 361/361/361
f 360/360/360 362/362/362 361/361/361
f 361/361/361 362/362/362 363/363/363
f 362/362/362 364/364/364 363/363/363
f 363/363/363 364/364/364 365/365/365
f 364/364/364 366/366/366 365/365/365
f 365/365/365 366/366/366 367/367/367
f 366/366/366 368/368/368 367/367/367
f 369/369/369 370/370/370 371/371/371
f 370/370/370 372/372/372 371/371/371
f 372/372/372 373/373/373 371/371/371
f 373/373/373 374/374/374 371/371/371
f 374/374/374 375/375/375 371/371/371
f 375/375/375 376/376/376 371/371/371
f 376/376/376 377/377/377 371/371/371
f 377/377/377 378/378/378 371/371/371
f 378/378/378 379/379/379 371/371/371
f 379/379/379 380/380/380 371/371/371
f 380/380/380 381/381/381 371/371/371
f 381/381/381 382/382/382 371/371/371
f 371/371/371 382/382/382 383/383/383
f 384/384/384 386/386/386 385/385/385
f 385/385/385 386/386/386 387/387/387
f 388/388/388 390/390/390 389/389/389
f 389/389/389 390/390/390 391/391/391
f 392/392/392 394/394/394 393/393/393
f 394/394/394 395/395/395 393/393/393
f 393/393/393 395/395/395 396/396/396
f 395/395/395 397/397/397 396/396/396
f 396/396/396 397/397/397 398/398/398
f 397/397/397 399/399/399 398/398/398
f 398/398/398 399/399/399 400/400/400
f 399/399/399 401/401/401 400/400/400
f 402/402/402 403/403/403 404/404/404
f 403/403/403 405/405/405 404/404/404
f 406/406/406 407/407/407 408/408/408
f 407/407/407 409/409/409 408/408/408
f 410/410/410 411/411/411 412/412/412
f 411/411/411 413/413/413 412/412/412
f 414/414/414 415/415/415 416/416/416
f 415/415/415 417/417/417 416/416/416
f 416/416/416 417/417/417 418/418/418
f 417/417/417 419/419/419 418/418/418
f 418/418/418 419/419/419 420/420/420
f 419/419/419 421/421/421 420/420/420
f 420/420/420 421/421/421 422/422/422
f 421/421/421 423/423/423 422/422/422
f 422/422/422 423/423/423 424/424/424
f 423/423/423 425/425/425 424/424/424
f 426/426/426 427/427/427 428/428/428
f 427/427/427 429/429/429 428/428/428
f 430/430/430 431/431/431 432/432/432
f 431/431/431 433/433/433 432/432/432
f 432/432/432 433/433/433 434/434/434
f 433/433/433 435/435/435 434/434/434
f 434/434/434 435/435/435 436/436/436
f 435/435/435 437/437/437 436/436/436
f 436/436/436 437/437/437 438/438/438
f 437/437/437 439/439/439 438/438/438
f 440/440/440 441/441/441 442/442/442
f 441/441/441 443/443/443 442/442/442
f 442/442/442 443/443/443 444/444/444
f 443/443/443 445/445/445 444/444/444
f 444/444/444 445/445/445 446/446/446
f 445/445/445 447/447/447 446/446/446
f 446/446/446 447/447/447 448/448/448
f 447/447/447 449/449/449 448/448/448
f 450/450/450 451/451/451 452/452/452
f 451/451/451 453/453/453 452/452/452
f 452/452/452 453/453/453 454/454/454
f 453/453/453 455/455/455 454/454/454
f 454/454/454 455/455/455 456/456/456
f 455/455/455 457/457/457 456/456/456
f 458/458/458 459/459/459 460/460/460
f 459/459/459 461/461/461 460/460/460
f 460/460/460 461/461/461 462/462/462
f 461/461/461 463/463/463 462/462/462
f 462/462/462 463/463/463 464/464/464
f 463/463/463 465/465/465 464/464/464
f 464/464/464 465/465/465 466/466/466
f 465/465/465 467/467/467 466/466/466
f 468/468/468 469/469/469 470/470/470
f 469/469/469 471/471/471 470/470/470
f 470/470/470 471/471/471 472/472/472
f 471/471/471 473/473/473 472/472/472
f 472/472/472 473/473/473 474/474/474
f 473/473/473 475/475/475 474/474/474
f 474/474/474 475/475/475 476/476/476
f 475/475/475 477/477/477 476/476/476
f 478/478/478 479/479/479 480/480/480
f 479/479/479 481/481/481 480/480/480
f 480/480/480 481/481/481 482/482/482
f 481/481/481 483/483/483 482/482/482
f 482/482/482 483/483/483 484/484/484
f 483/483/483 485/485/485 484/484/484
f 484/484/484 485/485/485 486/486/486
f 485/485/485 487/487/487 486/486/486
f 488/488/488 489/489/489 490/490/490
f 489/489/489 491/491/491 490/490/490
f 490/490/490 491/491/491 492/492/492
f 491/491/491 493/493/493 492/492/492
f 492/492/492 493/493/493 494/494/494
f 493/493/493 495/495/495 494/494/494
f 496/496/496 497/497/497 498/498/498
f 497/497/497 499/499/499 498/498/498
f 498/498/498 499/499/499 500/500/500
f 499/499/499 501/501/501 500/500/500
f 500/500/500 501/501/501 502/502/502
f 501/501/501 503/503/503 502/502/502
f 502/502/502 503/503/503 504/504/504
f 503/503/503 505/505/505 504/504/504
f 506/506/506 507/507/507 508/508/508
f 507/507/507 509/509/509 508/508/508
f 509/509/509 510/510/510 508/508/508
f 510/510/510 511/511/511 508/508/508
f 511/511/511 512/512/512 508/508/508
f 512/512/512 513/513/513 508/508/508
f 513/513/513 514/514/514 508/508/508
f 514/514/514 515/515/515 508/508/508
f 515/515/515 516/516/516 508/508/508
f 516/516/516 517/517/517 508/508/508
f 517/517/517 518/518/518 508/508/508
f 518/518/518 519/519/519 508/508/508
f 508/508/508 519/519/519 520/520/520
f 521/521/521 523/523/523 522/522/522
f 523/523/523 524/524/524 522/522/522
f 522/522/522 524/524/524 525/525/525
f 524/524/524 526/526/526 525/525/525
f 525/525/525 526/526/526 527/527/527
f 526/526/526 528/528/528 527/527/527
f 527/527/527 528/528/528 529/529/529
f 528/528/528 530/530/530 529/529/529
f 529/529/529 530/530/530 531/531/531
f 530/530/530 532/532/532 531/531/531
f 531/531/531 532/532/532 533/533/533
f 532/532/532 534/534/534 533/533/533
f 533/533/533 534/534/534 535/535/535
f 534/534/534 536/536/536 535/535/535
f 535/535/535 536/536/536 537/537/537
f 536/536/536 538/538/538 537/537/537
f 537/537/537 538/538/538 539/539/539
f 538/538/538 540/540/540 539/539/539
f 539/539/539 540/540/540 541/541/541
f 540/540/540 542/542/542 541/541/541
f 541/541/541 542/542/542 543/543/543
f 542/542/542 544/544/544 543/543/543
f 545/545/545 546/546/546 547/547/547
f 546/546/546 548/548/548 547/547/547
f 549/549/549 550/550/550 551/551/551
f 550/550/550 552/552/552 551/551/551
f 553/553/553 554/554/554 555/555/555
f 554/554/554 556/556/556 555/555/555
f 557/557/557 558/558/558 559/559/559
f 558/558/558 560/560/560 559/559/559
f 561/561/561 562/562/562 563/563/563
f 562/562/562 564/564/564 563/563/563
f 563/563/563 564/564/564 565/565/565
f 564/564/564 566/566/566 565/565/565
f 565/565/565 566/566/566 567/567/567
f 566/566/566 568/568/568 567/567/567
f 567/567/567 568/568/568 569/569/569
f 568/568/568 570/570/570 569/569/569
f 571/571/571 572/572/572 573/573/573
f 572/572/572 574/574/574 573/573/573
f 573/573/573 574/574/574 575/575/575
f 574/574/574 576/576/576 575/575/575
f 575/575/575 576/576/576 577/577/577
f 576/576/576 578/578/578 577/577/577
f 577/577/577 578/578/578 579/579/579
f 578/578/578 580/580/580 579/579/579
f 581/581/581 582/582/582 583/583/583
f 582/582/582 584/584/584 583/583/583
f 583/583/583 584/584/584 585/585/585
f 584/584/584 586/586/586 585/585/585
f 585/585/585 586/586/586 587/587/587
f 586/586/586 588/588/588 587/587/587
f 589/589/589 590/590/590 591/591/591
f 590/590/590 592/592/592 591/591/591
f 591/591/591 592/592/592 593/593/593
f 592/592/592 594/594/594 593/593/593
f 593/593/593 594/594/594 595/595/595
f 594/594/594 596/596/596 595/595/595
f 595/595/595 596/596/596 597/597/597
f 596/596/596 598/598/598 597/597/597
f 599/599/599 600/600/600 601/601/601
f 600/600/600 602/602/602 601/601/601
f 601/601/601 602/602/602 603/603/603
f 602/602/602 604/604/604 603/603/603
f 603/603/603 604/604/604 605/605/605
f 604/604/604 606/606/606 605/605/605
f 605/605/605 606/606/606 607/607/607
f 606/606/606 608/608/608 607/607/607
f 609/609/609 610/610/610 611/611/611
f 610/610/610 612/612/612 611/611/611
f 611/611/611 612/612/612 613/613/613
f 612/612/612 614/614/614 613/613/613
f 613/613/613 614/614/614 615/615/615
f 614/614/614 616/616/616 615/615/615
f 615/615/615 616/616/616 617/617/617
f 616/616/616 618/618/618 617/617/617
f 619/619/619 620/620/620 621/621/621
f 620/620/620 622/622/622 621/621/621
f 621/621/621 622/622/622 623/623/623
f 622/622/622 624/624/624 623/623/623
f 623/623/623 624/624/624 625/625/625
f 624/624/624 626/626/626 625/625/625
f 627/627/627 628/628/628 629/629/629
f 628/628/628 630/630/630 629/629/629
f 629/629/629 630/630/630 631/631/631
f 630/630/630 632/632/632 631/631/631
f 631/631/631 632/632/632 633/633/633
f 632/632/632 634/634/634 633/633/633
f 633/633/633 634/634/634 635/635/635
f 634/634/634 636/636/636 635/635/635
f 637/637/637 638/638/638 639/639/639
f 638/638/638 640/640/640 639/639/639
f 640/640/640 641/641/641 639/639/639
f 641/641/641 642/642/642 639/639/639
f 642/642/642 643/643/643 639/639/639
f 643/643/643 644/644/644 639/639/639
f 644/644/644 645/645/645 639/639/639
f 645/645/645 646/646/646 639/639/639
f 646/646/646 647/647/647 639/639/639
f 647/647/647 648/648/648 639/639/639
f 648/648/648 649/649/649 639/639/639
f 649/649/649 650/650/650 639/639/639
f 639/639/639 650/650/650 651/651/651
f 652/652/652 654/654/654 653/653/653
f 653/653/653 654/654/654 655/655/655
f 653/653/653 656/656/656 652/652/652
f 652/652/652 656/656/656 657/657/657
f 656/656/656 658/658/658 657/657/657
f 657/657/657 658/658/658 659/659/659
f 658/658/658 660/660/660 659/659/659
f 659/659/659 660/660/660 661/661/661
f 660/660/660 662/662/662 661/661/661
f 661/661/661 662/662/662 663/663/663
f 662/662/662 664/664/664 663/663/663
f 663/663/663 664/664/664 665/665/665
f 664/664/664 666/666/666 665/665/665
f 665/665/665 666/666/666 667/667/667
f 666/666/666 668/668/668 667/667/667
f 667/667/667 668/668/668 669/669/669
f 668/668/668 670/670/670 669/669/669
f 669/669/669 670/670/670 671/671/671
f 670/670/670 672/672/672 671/671/671
f 671/671/671 672/672/672 673/673/673
f 672/672/672 674/674/674 673/673/673
f 673/673/673 674/674/674 675/675/675
f 674/674/674 676/676/676 675/675/675
f 675/675/675 676/676/676 677/677/677
f 676/676/676 678/678/678 677/677/677
f 677/677/677 678/678/678 679/679/679
f 678/678/678 680/680/680 679/679/679
f 679/679/679 680/680/680 681/681/681
f 680/680/680 655/655/655 681/681/681
f 681/681/681 655/655/655 654/654/654
f 682/682/682 684/684/684 683/683/683
f 684/684/684 685/685/685 683/683/683
f 683/683/683 685/685/685 686/686/686
f 685/685/685 687/687/687 686/686/686
f 686/686/686 687/687/687 688/688/688
f 687/687/687 689/689/689 688/688/688
f 688/688/688 689/689/689 690/690/690
f 689/689/689 691/691/691 690/690/690
f 692/692/692 693/693/693 694/694/694
f 693/693/693 695/695/695 694/694/694
f 694/694/694 695/695/695 696/696/696
f 695/695/695 697/697/697 696/696/696
f 696/696/696 697/697/697 698/698/698
f 697/697/697 699/699/699 698/698/698
f 698/698/698 699/699/699 700/700/700
f 699/699/699 701/701/701 700/700/700
f 702/702/702 703/703/703 704/704/704
f 703/703/703 705/705/705 704/704/704
f 704/704/704 705/705/705 706/706/706
f 705/705/705 707/707/707 706/706/706
f 706/706/706 707/707/707 708/708/708
f 707/707/707 709/709/709 708/708/708
f 710/710/710 711/711/711 712/712/712
f 711/711/711 713/713/713 712/712/712
f 712/712/712 713/713/713 714/714/714
f 713/713/713 715/715/715 714/714/714
f 714/714/714 715/715/715 716/716/716
f 715/715/715 717/717/717 716/716/716
f 716/716/716 717/717/717 718/718/718
f 717/717/717 719/719/719 718/718/718
f 720/720/720 721/721/721 722/722/722
f 721/721/721 723/723/723 722/722/722
f 723/723/723 724/724/724 722/722/722
f 722/722/722 724/724/724 725/725/725
f 724/724/724 726/726/726 725/725/725
f 725/725/725 726/726/726 727/727/727
f 727/727/727 726/726/726 728/728/728
f 728/728/728 726/726/726 729/729/729
f 726/726/726 730/730/730 729/729/729
f 729/729/729 730/730/730 731/731/731
f 730/730/730 732/732/732 731/731/731
f 731/731/731 732/732/732 733/733/733
f 721/721/721 734/734/734 723/723/723
f 722/722/722 725/725/725 735/735/735
f 726/726/726 736/736/736 730/730/730
f 731/731/731 737/737/737 729/729/729
f 730/730/730 738/738/738 732/732/732
f 732/732/732 738/738/738 739/739/739
f 738/738/738 740/740/740 739/739/739
f 739/739/739 740/740/740 741/741/741
f 739/739/739 742/742/742 732/732/732
f 743/743/743 740/740/740 723/723/723
f 740/740/740 738/738/738 723/723/723
f 723/723/723 738/738/738 724/724/724
f 744/744/744 746/746/746 745/745/745
f 746/746/746 747/747/747 745/745/745
f 747/747/747 748/748/748 745/745/745
f 748/748/748 749/749/749 745/745/745
f 749/749/749 750/750/750 745/745/745
f 750/750/750 751/751/751 745/745/745
f 751/751/751 752/752/752 745/745/745
f 752/752/752 753/753/753 745/745/745
f 753/753/753 754/754/754 745/745/745
f 754/754/754 755/755/755 745/745/745
f 755/755/755 756/756/756 745/745/745
f 756/756/756 757/757/757 745/745/745
f 745/745/745 757/757/757 758/758/758
f 759/759/759 761/761/761 760/760/760
f 760/760/760 761/761/761 762/762/762
f 761/761/761 763/763/763 762/762/762
f 764/764/764 765/765/765 762/762/762
f 765/765/765 171/171/171 762/762/762
f 762/762/762 171/171/171 760/760/760
f 766/766/766 767/767/767 765/765/765
f 765/765/765 767/767/767 171/171/171
f 171/171/171 767/767/767 170/170/170
f 767/767/767 768/768/768 170/170/170
f 170/170/170 768/768/768 769/769/769
f 768/768/768 770/770/770 769/769/769
f 767/767/767 771/771/771 768/768/768
f 170/170/170 769/769/769 772/772/772
f 769/769/769 773/773/773 772/772/772
f 772/772/772 773/773/773 760/760/760
f 773/773/773 774/774/774 760/760/760
f 772/772/772 760/760/760 775/775/775
f 760/760/760 171/171/171 775/775/775
f 776/776/776 777/777/777 778/778/778
f 777/777/777 779/779/779 778/778/778
f 779/779/779 780/780/780 778/778/778
f 780/780/780 781/781/781 778/778/778
f 781/781/781 782/782/782 778/778/778
f 782/782/782 783/783/783 778/778/778
f 783/783/783 784/784/784 778/778/778
f 784/784/784 785/785/785 778/778/778
f 785/785/785 786/786/786 778/778/778
f 786/786/786 787/787/787 778/778/778
f 787/787/787 788/788/788 778/778/778
f 788/788/788 789/789/789 778/778/778
f 778/778/778 789/789/789 790/790/790
f 791/791/791 793/793/793 792/792/792
f 793/793/793 794/794/794 792/792/792
f 792/792/792 794/794/794 795/795/795
f 794/794/794 796/796/796 795/795/795
f 795/795/795 796/796/796 797/797/797
f 796/796/796 798/798/798 797/797/797
f 797/797/797 798/798/798 799/799/799
f 798/798/798 800/800/800 799/799/799
f 801/801/801 802/802/802 803/803/803
f 802/802/802 804/804/804 803/803/803
f 803/803/803 804/804/804 805/805/805
f 804/804/804 806/806/806 805/805/805
f 805/805/805 806/806/806 807/807/807
f 806/806/806 808/808/808 807/807/807
f 807/807/807 808/808/808 809/809/809
f 808/808/808 810/810/810 809/809/809
f 811/811/811 812/812/812 813/813/813
f 812/812/812 814/814/814 813/813/813
f 813/813/813 814/814/814 815/815/815
f 814/814/814 816/816/816 815/815/815
f 815/815/815 816/816/816 817/817/817
f 816/816/816 818/818/818 817/817/817
f 819/819/819 820/820/820 821/821/821
f 820/820/820 822/822/822 821/821/821
f 821/821/821 822/822/822 823/823/823
f 822/822/822 824/824/824 823/823/823
f 823/823/823 824/824/824 825/825/825
f 824/824/824 826/826/826 825/825/825
f 825/825/825 826/826/826 827/827/827
f 826/826/826 828/828/828 827/827/827
f 829/829/829 830/830/830 831/831/831
f 830/830/830 832/832/832 831/831/831
f 831/831/831 832/832/832 833/833/833
f 832/832/832 834/834/834 833/833/833
f 833/833/833 834/834/834 835/835/835
f 834/834/834 836/836/836 835/835/835
f 835/835/835 836/836/836 837/837/837
f 836/836/836 838/838/838 837/837/837
f 839/839/839 840/840/840 841/841/841
f 840/840/840 842/842/842 841/841/841
f 841/841/841 842/842/842 843/843/843
f 842/842/842 844/844/844 843/843/843
f 843/843/843 844/844/844 845/845/845
f 844/844/844 846/846/846 845/845/845
f 845/845/845 846/846/846 847/847/847
f 846/846/846 848/848/848 847/847/847
f 849/849/849 850/850/850 851/851/851
f 850/850/850 852/852/852 851/851/851
f 851/851/851 852/852/852 853/853/853
f 852/852/852 854/854/854 853/853/853
f 853/853/853 854/854/854 855/855/855
f 854/854/854 856/856/856 855/855/855
f 857/857/857 858/858/858 859/859/859
f 858/858/858 860/860/860 859/859/859
f 859/859/859 860/860/860 861/861/861
f 860/860/860 862/862/862 861/861/861
f 861/861/861 862/862/862 863/863/863
f 862/862/862 864/864/864 863/863/863
f 863/863/863 864/864/864 865/865/865
f 864/864/864 866/866/866 865/865/865
f 867/867/867 868/868/868 869/869/869
f 868/868/868 870/870/870 869/869/869
f 869/869/869 871/871/871 867/867/867
f 867/867/867 871/871/871 872/872/872
f 871/871/871 873/873/873 872/872/872
f 872/872/872 873/873/873 874/874/874
f 873/873/873 875/875/875 874/874/874
f 874/874/874 875/875/875 876/876/876
f 875/875/875 877/877/877 876/876/876
f 876/876/876 877/877/877 878/878/878
f 877/877/877 879/879/879 878/878/878
f 868/868/868 880/880/880 870/870/870
f 870/870/870 880/880/880 881/881/881
f 880/880/880 882/882/882 881/881/881
f 881/881/881 882/882/882 883/883/883
f 882/882/882 884/884/884 883/883/883
f 885/885/885 886/886/886 887/887/887
f 886/886/886 888/888/888 887/887/887
f 887/887/887 888/888/888 889/889/889
f 888/888/888 890/890/890 889/889/889
f 889/889/889 890/890/890 891/891/891
f 890/890/890 892/892/892 891/891/891
f 891/891/891 892/892/892 893/893/893
f 892/892/892 894/894/894 893/893/893
f 893/893/893 894/894/894 895/895/895
f 894/894/894 896/896/896 895/895/895
f 895/895/895 896/896/896 897/897/897
f 896/896/896 898/898/898 897/897/897
f 897/897/897 898/898/898 899/899/899
f 898/898/898 900/900/900 899/899/899
f 901/901/901 902/902/902 903/903/903
f 902/902/902 904/904/904 903/903/903
f 903/903/903 904/904/904 905/905/905
f 904/904/904 906/906/906 905/905/905
f 905/905/905 906/906/906 907/907/907
f 906/906/906 908/908/908 907/907/907
f 907/907/907 908/908/908 909/909/909
f 908/908/908 910/910/910 909/909/909
f 909/909/909 910/910/910 911/911/911
f 910/910/910 912/912/912 911/911/911
f 911/911/911 912/912/912 913/913/913
f 912/912/912 914/914/914 913/913/913
f 913/913/913 914/914/914 915/915/915
f 914/914/914 916/916/916 915/915/915
f 915/915/915 916/916/916 917/917/917
f 916/916/916 918/918/918 917/917/917
f 919/919/919 920/920/920 921/921/921
f 920/920/920 922/922/922 921/921/921
f 921/921/921 922/922/922 923/923/923
f 922/922/922 924/924/924 923/923/923
f 923/923/923 924/924/924 925/925/925
f 924/924/924 926/926/926 925/925/925
f 925/925/925 926/926/926 927/927/927
f 926/926/926 928/928/928 927/927/927
f 927/927/927 928/928/928 929/929/929
f 928/928/928 930/930/930 929/929/929
f 929/929/929 930/930/930 931/931/931
f 930/930/930 932/932/932 931/931/931
f 931/931/931 932/932/932 933/933/933
f 932/932/932 934/934/934 933/933/933
f 935/935/935 936/936/936 937/937/937
f 936/936/936 938/938/938 937/937/937
f 938/938/938 939/939/939 937/937/937
f 939/939/939 940/940/940 937/937/937
f 940/940/940 941/941/941 937/937/937
f 941/941/941 942/942/942 937/937/937
f 942/942/942 943/943/943 937/937/937
f 943/943/943 944/944/944 937/937/937
f 944/944/944 945/945/945 937/937/937
f 945/945/945 946/946/946 937/937/937
f 946/946/946 947/947/947 937/937/937
f 947/947/947 948/948/948 937/937/937
f 948/948/948 949/949/949 937/937/937
f 949/949/949 950/950/950 937/937/937
f 950/950/950 951/951/951 937/937/937
f 951/951/951 952/952/952 937/937/937
f 952/952/952 953/953/953 937/937/937
f 953/953/953 954/954/954 937/937/937
f 954/954/954 955/955/955 937/937/937
f 955/955/955 956/956/956 937/937/937
f 956/956/956 957/957/957 937/937/937
f 957/957/957 958/958/958 937/937/937
f 958/958/958 959/959/959 937/937/937
f 959/959/959 960/960/960 937/937/937
f 960/960/960 961/961/961 937/937/937
f 961/961/961 962/962/962 937/937/937
f 962/962/962 963/963/963 937/937/937
f 937/937/937 963/963/963 964/964/964
f 965/965/965 967/967/967 966/966/966
f 966/966/966 967/967/967 968/968/968
f 967/967/967 965/965/965 969/969/969
f 965/965/965 970/970/970 969/969/969
f 969/969/969 970/970/970 971/971/971
f 970/970/970 972/972/972 971/971/971
f 971/971/971 972/972/972 973/973/973
f 972/972/972 974/974/974 973/973/973
f 973/973/973 974/974/974 975/975/975
f 974/974/974 976/976/976 975/975/975
f 975/975/975 976/976/976 977/977/977
f 966/966/966 968/968/968 978/978/978
f 968/968/968 979/979/979 978/978/978
f 978/978/978 979/979/979 980/980/980
f 979/979/979 981/981/981 980/980/980
f 980/980/980 981/981/981 982/982/982
f 983/983/983 985/985/985 984/984/984
f 984/984/984 985/985/985 986/986/986
f 985/985/985 987/987/987 986/986/986
f 986/986/986 987/987/987 988/988/988
f 987/987/987 989/989/989 988/988/988
f 988/988/988 989/989/989 990/990/990
f 989/989/989 991/991/991 990/990/990
f 990/990/990 991/991/991 992/992/992
f 991/991/991 993/993/993 992/992/992
f 992/992/992 993/993/993 994/994/994
f 993/993/993 995/995/995 994/994/994
f 994/994/994 995/995/995 996/996/996
f 995/995/995 997/997/997 996/996/996
f 996/996/996 997/997/997 998/998/998
f 999/999/999 1001/1001/1001 1000/1000/1000
f 1000/1000/1000 1001/1001/1001 1002/1002/1002
f 1001/1001/1001 1003/1003/1003 1002/1002/1002
f 1002/1002/1002 1003/1003/1003 1004/1004/1004
f 1003/1003/1003 1005/1005/1005 1004/1004/1004
f 1004/1004/1004 1005/1005/1005 1006/1006/1006
f 1005/1005/1005 1007/1007/1007 1006/1006/1006
f 1006/1006/1006 1007/1007/1007 1008/1008/1008
f 1007/1007/1007 1009/1009/1009 1008/1008/1008
f 1008/1008/1008 1009/1009/1009 1010/1010/1010
f 1009/1009/1009 1011/1011/1011 1010/1010/1010
f 1010/1010/1010 1011/1011/1011 1012/1012/1012
f 1011/1011/1011 1013/1013/1013 1012/1012/1012
f 1012/1012/1012 1013/1013/1013 1014/1014/1014
f 1013/1013/1013 1015/1015/1015 1014/1014/1014
f 1014/1014/1014 1015/1015/1015 1016/1016/1016
f 1017/1017/1017 1019/1019/1019 1018/1018/1018
f 1018/1018/1018 1019/1019/1019 1020/1020/1020
f 1019/1019/1019 1021/1021/1021 1020/1020/1020
f 1020/1020/1020 1021/1021/1021 1022/1022/1022
f 1021/1021/1021 1023/1023/1023 1022/1022/1022
f 1022/1022/1022 1023/1023/1023 1024/1024/1024
f 1023/1023/1023 1025/1025/1025 1024/1024/1024
f 1024/1024/1024 1025/1025/1025 1026/1026/1026
f 1025/1025/1025 1027/1027/1027 1026/1026/1026
f 1026/1026/1026 1027/1027/1027 1028/1028/1028
f 1027/1027/1027 1029/1029/1029 1028/1028/1028
f 1028/1028/1028 1029/1029/1029 1030/1030/1030
f 1029/1029/1029 1031/1031/1031 1030/1030/1030
f 1030/1030/1030 1031/1031/1031 1032/1032/1032
f 1033/1033/1033 1035/1035/1035 1034/1034/1034
f 1034/1034/1034 1035/1035/1035 1036/1036/1036
f 1034/1034/1034 1037/1037/1037 1033/1033/1033
f 1033/1033/1033 1037/1037/1037 1038/1038/1038
f 1037/1037/1037 1039/1039/1039 1038/1038/1038
f 1038/1038/1038 1039/1039/1039 1040/1040/1040
f 1039/1039/1039 1041/1041/1041 1040/1040/1040
f 1040/1040/1040 1041/1041/1041 1042/1042/1042
f 1041/1041/1041 1043/1043/1043 1042/1042/1042
f 1042/1042/1042 1043/1043/1043 1044/1044/1044
f 1043/1043/1043 1045/1045/1045 1044/1044/1044
f 1044/1044/1044 1045/1045/1045 1046/1046/1046
f 1045/1045/1045 1047/1047/1047 1046/1046/1046
f 1046/1046/1046 1047/1047/1047 1048/1048/1048
f 1047/1047/1047 1049/1049/1049 1048/1048/1048
f 1048/1048/1048 1049/1049/1049 1050/1050/1050
f 1049/1049/1049 1051/1051/1051 1050/1050/1050
f 1050/1050/1050 1051/1051/1051 1052/1052/1052
f 1051/1051/1051 1053/1053/1053 1052/1052/1052
f 1052/1052/1052 1053/1053/1053 1054/1054/1054
f 1053/1053/1053 1055/1055/1055 1054/1054/1054
f 1054/1054/1054 1055/1055/1055 1056/1056/1056
f 1055/1055/1055 1057/1057/1057 1056/1056/1056
f 1056/1056/1056 1057/1057/1057 1058/1058/1058
f 1057/1057/1057 1059/1059/1059 1058/1058/1058
f 1058/1058/1058 1059/1059/1059 1060/1060/1060
f 1059/1059/1059 1061/1061/1061 1060/1060/1060
f 1060/1060/1060 1061/1061/1061 1062/1062/1062
f 1061/1061/1061 1063/1063/1063 1062/1062/1062
f 1062/1062/1062 1063/1063/1063 1064/1064/1064
f 1063/1063/1063 1065/1065/1065 1064/1064/1064
f 1064/1064/1064 1065/1065/1065 1066/1066/1066
f 1065/1065/1065 1067/1067/1067 1066/1066/1066
f 1066/1066/1066 1067/1067/1067 1068/1068/1068
f 1067/1067/1067 1069/1069/1069 1068/1068/1068
f 1068/1068/1068 1069/1069/1069 1070/1070/1070
f 1069/1069/1069 1071/1071/1071 1070/1070/1070
f 1070/1070/1070 1071/1071/1071 1072/1072/1072
f 1071/1071/1071 1073/1073/1073 1072/1072/1072
f 1072/1072/1072 1073/1073/1073 1074/1074/1074
f 1073/1073/1073 1075/1075/1075 1074/1074/1074
f 1074/1074/1074 1075/1075/1075 1076/1076/1076
f 1075/1075/1075 1077/1077/1077 1076/1076/1076
f 1076/1076/1076 1077/1077/1077 1078/1078/1078
f 1077/1077/1077 1079/1079/1079 1078/1078/1078
f 1078/1078/1078 1079/1079/1079 1080/1080/1080
f 1079/1079/1079 1081/1081/1081 1080/1080/1080
f 1080/1080/1080 1081/1081/1081 1082/1082/1082
f 1081/1081/1081 1083/1083/1083 1082/1082/1082
f 1082/1082/1082 1083/1083/1083 1084/1084/1084
f 1083/1083/1083 1085/1085/1085 1084/1084/1084
f 1084/1084/1084 1085/1085/1085 1086/1086/1086
f 1085/1085/1085 1087/1087/1087 1086/1086/1086
f 1086/1086/1086 1087/1087/1087 1088/1088/1088
f 1087/1087/1087 1089/1089/1089 1088/1088/1088
f 1088/1088/1088 1089/1089/1089 1090/1090/1090
f 1089/1089/1089 1091/1091/1091 1090/1090/1090
f 1090/1090/1090 1091/1091/1091 1092/1092/1092
f 1091/1091/1091 1036/1036/1036 1092/1092/1092
f 1092/1092/1092 1036/1036/1036 1035/1035/1035
f 1093/1093/1093 1095/1095/1095 1094/1094/1094
f 1094/1094/1094 1095/1095/1095 1096/1096/1096
f 1094/1094/1094 1097/1097/1097 1093/1093/1093
f 1093/1093/1093 1097/1097/1097 1098/1098/1098
f 1097/1097/1097 1099/1099/1099 1098/1098/1098
f 1098/1098/1098 1099/1099/1099 1100/1100/1100
f 1099/1099/1099 1101/1101/1101 1100/1100/1100
f 1100/1100/1100 1101/1101/1101 1102/1102/1102
f 1101/1101/1101 1103/1103/1103 1102/1102/1102
f 1102/1102/1102 1103/1103/1103 1104/1104/1104
f 1103/1103/1103 1105/1105/1105 1104/1104/1104
f 1095/1095/1095 1106/1106/1106 1096/1096/1096
f 1096/1096/1096 1106/1106/1106 1107/1107/1107
f 1106/1106/1106 1108/1108/1108 1107/1107/1107
f 1107/1107/1107 1108/1108/1108 1109/1109/1109
f 1108/1108/1108 1110/1110/1110 1109/1109/1109
f 1111/1111/1111 1112/1112/1112 1113/1113/1113
f 1112/1112/1112 1114/1114/1114 1113/1113/1113
f 1113/1113/1113 1114/1114/1114 1115/1115/1115
f 1114/1114/1114 1116/1116/1116 1115/1115/1115
f 1115/1115/1115 1116/1116/1116 1117/1117/1117
f 1116/1116/1116 1118/1118/1118 1117/1117/1117
f 1117/1117/1117 1118/1118/1118 1119/1119/1119
f 1118/1118/1118 1120/1120/1120 1119/1119/1119
f 1119/1119/1119 1120/1120/1120 1121/1121/1121
f 1120/1120/1120 1122/1122/1122 1121/1121/1121
f 1121/1121/1121 1122/1122/1122 1123/1123/1123
f 1122/1122/1122 1124/1124/1124 1123/1123/1123
f 1123/1123/1123 1124/1124/1124 1125/1125/1125
f 1124/1124/1124 1126/1126/1126 1125/1125/1125
f 1127/1127/1127 1128/1128/1128 1129/1129/1129
f 1128/1128/1128 1130/1130/1130 1129/1129/1129
f 1129/1129/1129 1130/1130/1130 1131/1131/1131
f 1130/1130/1130 1132/1132/1132 1131/1131/1131
f 1131/1131/1131 1132/1132/1132 1133/1133/1133
f 1132/1132/1132 1134/1134/1134 1133/1133/1133
f 1133/1133/1133 1134/1134/1134 1135/1135/1135
f 1134/1134/1134 1136/1136/1136 1135/1135/1135
f 1135/1135/1135 1136/1136/1136 1137/1137/1137
f 1136/1136/1136 1138/1138/1138 1137/1137/1137
f 1137/1137/1137 1138/1138/1138 1139/1139/1139
f 1138/1138/1138 1140/1140/1140 1139/1139/1139
f 1139/1139/1139 1140/1140/1140 1141/1141/1141
f 1140/1140/1140 1142/1142/1142 1141/1141/1141
f 1141/1141/1141 1142/1142/1142 1143/1143/1143
f 1142/1142/1142 1144/1144/1144 1143/1143/1143
f 1145/1145/1145 1146/1146/1146 1147/1147/1147
f 1146/1146/1146 1148/1148/1148 1147/1147/1147
f 1147/1147/1147 1148/1148/1148 1149/1149/1149
f 1148/1148/1148 1150/1150/1150 1149/1149/1149
f 1149/1149/1149 1150/1150/1150 1151/1151/1151
f 1150/1150/1150 1152/1152/1152 1151/1151/1151
f 1151/1151/1151 1152/1152/1152 1153/1153/1153
f 1152/1152/1152 1154/1154/1154 1153/1153/1153
f 1153/1153/1153 1154/1154/1154 1155/1155/1155
f 1154/1154/1154 1156/1156/1156 1155/1155/1155
f 1155/1155/1155 1156/1156/1156 1157/1157/1157
f 1156/1156/1156 1158/1158/1158 1157/1157/1157
f 1157/1157/1157 1158/1158/1158 1159/1159/1159
f 1158/1158/1158 1160/1160/1160 1159/1159/1159
f 1161/1161/1161 1162/1162/1162 1163/1163/1163
f 1162/1162/1162 1164/1164/1164 1163/1163/1163
f 1165/1165/1165 1166/1166/1166 1167/1167/1167
f 1166/1166/1166 1168/1168/1168 1167/1167/1167
f 1169/1169/1169 1170/1170/1170 1171/1171/1171
f 1170/1170/1170 1172/1172/1172 1171/1171/1171
f 1173/1173/1173 1174/1174/1174 1175/1175/1175
f 1174/1174/1174 1176/1176/1176 1175/1175/1175
f 1177/1177/1177 1178/1178/1178 1179/1179/1179
f 1178/1178/1178 1180/1180/1180 1179/1179/1179
f 1181/1181/1181 1182/1182/1182 1183/1183/1183
f 1182/1182/1182 1184/1184/1184 1183/1183/1183
f 1183/1183/1183 1184/1184/1184 1185/1185/1185
f 1184/1184/1184 1186/1186/1186 1185/1185/1185
f 1185/1185/1185 1186/1186/1186 1187/1187/1187
f 1186/1186/1186 1188/1188/1188 1187/1187/1187
f 1187/1187/1187 1188/1188/1188 1181/1181/1181
f 1188/1188/1188 1182/1182/1182 1181/1181/1181
f 1189/1189/1189 1190/1190/1190 1191/1191/1191
f 1190/1190/1190 1192/1192/1192 1191/1191/1191
f 1190/1190/1190 1189/1189/1189 1193/1193/1193
f 1189/1189/1189 1194/1194/1194 1193/1193/1193
f 1193/1193/1193 1194/1194/1194 1195/1195/1195
f 1194/1194/1194 1196/1196/1196 1195/1195/1195
f 1195/1195/1195 1196/1196/1196 1197/1197/1197
f 1196/1196/1196 1198/1198/1198 1197/1197/1197
f 1197/1197/1197 1198/1198/1198 1199/1199/1199
f 1198/1198/1198 1200/1200/1200 1199/1199/1199
f 1199/1199/1199 1200/1200/1200 1201/1201/1201
f 1191/1191/1191 1192/1192/1192 1202/1202/1202
f 1192/1192/1192 1203/1203/1203 1202/1202/1202
f 1202/1202/1202 1203/1203/1203 1204/1204/1204
f 1203/1203/1203 1205/1205/1205 1204/1204/1204
f 1204/1204/1204 1205/1205/1205 1206/1206/1206
f 1207/1207/1207 1209/1209/1209 1208/1208/1208
f 1208/1208/1208 1209/1209/1209 1210/1210/1210
f 1209/1209/1209 1211/1211/1211 1210/1210/1210
f 1210/1210/1210 1211/1211/1211 1212/1212/1212
f 1211/1211/1211 1213/1213/1213 1212/1212/1212
f 1212/1212/1212 1213/1213/1213 1214/1214/1214
f 1213/1213/1213 1215/1215/1215 1214/1214/1214
f 1214/1214/1214 1215/1215/1215 1216/1216/1216
f 1215/1215/1215 1217/1217/1217 1216/1216/1216
f 1216/1216/1216 1217/1217/1217 1218/1218/1218
f 1217/1217/1217 1219/1219/1219 1218/1218/1218
f 1218/1218/1218 1219/1219/1219 1220/1220/1220
f 1219/1219/1219 1221/1221/1221 1220/1220/1220
f 1220/1220/1220 1221/1221/1221 1222/1222/1222
f 1223/1223/1223 1225/1225/1225 1224/1224/1224
f 1224/1224/1224 1225/1225/1225 1226/1226/1226
f 1225/1225/1225 1227/1227/1227 1226/1226/1226
f 1226/1226/1226 1227/1227/1227 1228/1228/1228
f 1227/1227/1227 1229/1229/1229 1228/1228/1228
f 1228/1228/1228 1229/1229/1229 1230/1230/1230
f 1229/1229/1229 1231/1231/1231 1230/1230/1230
f 1230/1230/1230 1231/1231/1231 1232/1232/1232
f 1231/1231/1231 1233/1233/1233 1232/1232/1232
f 1232/1232/1232 1233/1233/1233 1234/1234/1234
f 1233/1233/1233 1235/1235/1235 1234/1234/1234
f 1234/1234/1234 1235/1235/1235 1236/1236/1236
f 1235/1235/1235 1237/1237/1237 1236/1236/1236
f 1236/1236/1236 1237/1237/1237 1238/1238/1238
f 1237/1237/1237 1239/1239/1239 1238/1238/1238
f 1238/1238/1238 1239/1239/1239 1240/1240/1240
f 1241/1241/1241 1243/1243/1243 1242/1242/1242
f 1242/1242/1242 1243/1243/1243 1244/1244/1244
f 1243/1243/1243 1245/1245/1245 1244/1244/1244
f 1244/1244/1244 1245/1245/1245 1246/1246/1246
f 1245/1245/1245 1247/1247/1247 1246/1246/1246
f 1246/1246/1246 1247/1247/1247 1248/1248/1248
f 1247/1247/1247 1249/1249/1249 1248/1248/1248
f 1248/1248/1248 1249/1249/1249 1250/1250/1250
f 1249/1249/1249 1251/1251/1251 1250/1250/1250
f 1250/1250/1250 1251/1251/1251 1252/1252/1252
f 1251/1251/1251 1253/1253/1253 1252/1252/1252
f 1252/1252/1252 1253/1253/1253 1254/1254/1254
f 1253/1253/1253 1255/1255/1255 1254/1254/1254
f 1254/1254/1254 1255/1255/1255 1256/1256/1256
