o model_1
v -0.16428 1.37792 3.83331
v -0.17344 1.39592 3.83355
v -0.16489 1.37763 3.83355
v -0.17412 1.39561 3.83331
v -0.17283 1.39621 3.83331
v -0.16366 1.3782 3.83294
v -0.17222 1.3965 3.83294
v -0.1633 1.37838 3.83232
v -0.17185 1.39667 3.83232
v -0.16317 1.37843 3.83159
v -0.17173 1.39672 3.83159
v -0.1633 1.37838 3.83085
v -0.17185 1.39667 3.83085
v -0.16366 1.3782 3.83024
v -0.17222 1.3965 3.83024
v -0.16428 1.37792 3.82987
v -0.17283 1.39621 3.82987
v -0.16489 1.37763 3.82975
v -0.17344 1.39592 3.82975
v -0.16556 1.37732 3.82987
v -0.17412 1.39561 3.82987
v -0.16612 1.37706 3.83024
v -0.17467 1.39535 3.83024
v -0.16648 1.37689 3.83085
v -0.17504 1.39518 3.83085
v -0.16661 1.37683 3.83159
v -0.17516 1.39512 3.83159
v -0.16648 1.37689 3.83232
v -0.17504 1.39518 3.83232
v -0.16612 1.37706 3.83294
v -0.17467 1.39535 3.83294
v -0.16556 1.37732 3.83331
v -0.16312 1.37704 3.8349
v -0.16489 1.37763 3.83355
v -0.16435 1.37647 3.83515
v -0.16556 1.37732 3.83331
v -0.16428 1.37792 3.83331
v -0.16208 1.37753 3.83416
v -0.16366 1.3782 3.83294
v -0.16134 1.37788 3.83294
v -0.1633 1.37838 3.83232
v -0.1611 1.37799 3.83159
v -0.16317 1.37843 3.83159
v -0.16134 1.37788 3.83024
v -0.1633 1.37838 3.83085
v -0.16208 1.37753 3.82901
v -0.16366 1.3782 3.83024
v -0.16312 1.37704 3.82828
v -0.16428 1.37792 3.82987
v -0.16435 1.37647 3.82803
v -0.16489 1.37763 3.82975
v -0.16564 1.37587 3.82828
v -0.16556 1.37732 3.82987
v -0.16668 1.37538 3.82901
v -0.16612 1.37706 3.83024
v -0.16735 1.37507 3.83024
v -0.16648 1.37689 3.83085
v -0.1676 1.37495 3.83159
v -0.16661 1.37683 3.83159
v -0.16735 1.37507 3.83294
v -0.16648 1.37689 3.83232
v -0.16668 1.37538 3.83416
v -0.16612 1.37706 3.83294
v -0.16564 1.37587 3.8349
v -0.16277 1.37548 3.83404
v -0.16435 1.37647 3.83515
v -0.16369 1.37505 3.83429
v -0.16564 1.37587 3.8349
v -0.16312 1.37704 3.8349
v -0.16197 1.37586 3.83343
v -0.16208 1.37753 3.83416
v -0.16148 1.37609 3.83257
v -0.16134 1.37788 3.83294
v -0.1613 1.37617 3.83159
v -0.1611 1.37799 3.83159
v -0.16148 1.37609 3.83061
v -0.16134 1.37788 3.83024
v -0.16197 1.37586 3.82975
v -0.16208 1.37753 3.82901
v -0.16277 1.37548 3.82914
v -0.16312 1.37704 3.82828
v -0.16369 1.37505 3.82889
v -0.16435 1.37647 3.82803
v -0.16461 1.37462 3.82914
v -0.16564 1.37587 3.82828
v -0.1654 1.37425 3.82975
v -0.16668 1.37538 3.82901
v -0.16595 1.37399 3.83061
v -0.16735 1.37507 3.83024
v -0.16614 1.37391 3.83159
v -0.1676 1.37495 3.83159
v -0.16595 1.37399 3.83257
v -0.16735 1.37507 3.83294
v -0.1654 1.37425 3.83343
v -0.16668 1.37538 3.83416
v -0.16461 1.37462 3.83404
v -0.161 1.37395 3.83637
v -0.16369 1.37505 3.83429
v -0.16278 1.37312 3.83674
v -0.16461 1.37462 3.83404
v -0.16277 1.37548 3.83404
v -0.15947 1.37467 3.83527
v -0.16197 1.37586 3.83343
v -0.15849 1.37513 3.83355
v -0.16148 1.37609 3.83257
v -0.15812 1.3753 3.83159
v -0.1613 1.37617 3.83159
v -0.15849 1.37513 3.82963
v -0.16148 1.37609 3.83061
v -0.15947 1.37467 3.82791
v -0.16197 1.37586 3.82975
v -0.161 1.37395 3.8268
v -0.16277 1.37548 3.82914
v -0.16278 1.37312 3.82644
v -0.16369 1.37505 3.82889
v -0.16456 1.37229 3.8268
v -0.16461 1.37462 3.82914
v -0.16609 1.37157 3.82791
v -0.1654 1.37425 3.82975
v -0.16713 1.37109 3.82963
v -0.16595 1.37399 3.83061
v -0.16744 1.37094 3.83159
v -0.16614 1.37391 3.83159
v -0.16713 1.37109 3.83355
v -0.16595 1.37399 3.83257
v -0.16609 1.37157 3.83527
v -0.1654 1.37425 3.83343
v -0.16456 1.37229 3.83637
v -0.15932 1.37035 3.83637
v -0.16278 1.37312 3.83674
v -0.1611 1.36952 3.83674
v -0.16456 1.37229 3.83637
v -0.161 1.37395 3.83637
v -0.15779 1.37106 3.83527
v -0.15947 1.37467 3.83527
v -0.15681 1.37152 3.83355
v -0.15849 1.37513 3.83355
v -0.15644 1.37169 3.83159
v -0.15812 1.3753 3.83159
v -0.15681 1.37152 3.82963
v -0.15849 1.37513 3.82963
v -0.15779 1.37106 3.82791
v -0.15947 1.37467 3.82791
v -0.15932 1.37035 3.8268
v -0.161 1.37395 3.8268
v -0.1611 1.36952 3.82644
v -0.16278 1.37312 3.82644
v -0.16287 1.36868 3.8268
v -0.16456 1.37229 3.8268
v -0.16441 1.36797 3.82791
v -0.16609 1.37157 3.82791
v -0.16545 1.36748 3.82963
v -0.16713 1.37109 3.82963
v -0.16575 1.36734 3.83159
v -0.16744 1.37094 3.83159
v -0.16545 1.36748 3.83355
v -0.16713 1.37109 3.83355
v -0.16441 1.36797 3.83527
v -0.16609 1.37157 3.83527
v -0.16287 1.36868 3.83637
v -0.15647 1.36665 3.83883
v -0.1611 1.36952 3.83674
v -0.15917 1.36539 3.83944
v -0.16287 1.36868 3.83637
v -0.15932 1.37035 3.83637
v -0.15414 1.36774 3.83711
v -0.15779 1.37106 3.83527
v -0.15261 1.36846 3.83466
v -0.15681 1.37152 3.83355
v -0.15206 1.36872 3.83159
v -0.15644 1.37169 3.83159
v -0.15261 1.36846 3.82864
v -0.15681 1.37152 3.82963
v -0.15414 1.36774 3.82607
v -0.15779 1.37106 3.82791
v -0.15647 1.36665 3.82435
v -0.15932 1.37035 3.8268
v -0.15917 1.36539 3.82374
v -0.1611 1.36952 3.82644
v -0.16193 1.3641 3.82435
v -0.16287 1.36868 3.8268
v -0.1642 1.36304 3.82607
v -0.16441 1.36797 3.82791
v -0.16573 1.36233 3.82864
v -0.16545 1.36748 3.82963
v -0.16628 1.36207 3.83159
v -0.16575 1.36734 3.83159
v -0.16573 1.36233 3.83466
v -0.16545 1.36748 3.83355
v -0.1642 1.36304 3.83711
v -0.16441 1.36797 3.83527
v -0.16193 1.3641 3.83883
v -0.1566 1.36644 3.83846
v -0.15917 1.36539 3.83944
v -0.15911 1.36526 3.83895
v -0.16193 1.3641 3.83883
v -0.15647 1.36665 3.83883
v -0.15439 1.36747 3.83686
v -0.15414 1.36774 3.83711
v -0.15298 1.36813 3.83441
v -0.15261 1.36846 3.83466
v -0.15243 1.36839 3.83159
v -0.15206 1.36872 3.83159
v -0.15298 1.36813 3.82877
v -0.15261 1.36846 3.82864
v -0.15439 1.36747 3.82644
v -0.15414 1.36774 3.82607
v -0.1566 1.36644 3.82484
v -0.15647 1.36665 3.82435
v -0.15911 1.36526 3.82423
v -0.15917 1.36539 3.82374
v -0.16168 1.36406 3.82484
v -0.16193 1.3641 3.82435
v -0.16383 1.36306 3.82644
v -0.1642 1.36304 3.82607
v -0.1653 1.36237 3.82877
v -0.16573 1.36233 3.82864
v -0.16579 1.36214 3.83159
v -0.16628 1.36207 3.83159
v -0.1653 1.36237 3.83441
v -0.16573 1.36233 3.83466
v -0.16383 1.36306 3.83686
v -0.1642 1.36304 3.83711
v -0.16168 1.36406 3.83846
v -0.15431 1.36154 3.83846
v -0.15911 1.36526 3.83895
v -0.15682 1.36037 3.83895
v -0.16168 1.36406 3.83846
v -0.1566 1.36644 3.83846
v -0.1521 1.36258 3.83686
v -0.15439 1.36747 3.83686
v -0.15069 1.36323 3.83441
v -0.15298 1.36813 3.83441
v -0.15014 1.36349 3.83159
v -0.15243 1.36839 3.83159
v -0.15069 1.36323 3.82877
v -0.15298 1.36813 3.82877
v -0.1521 1.36258 3.82644
v -0.15439 1.36747 3.82644
v -0.15431 1.36154 3.82484
v -0.1566 1.36644 3.82484
v -0.15682 1.36037 3.82423
v -0.15911 1.36526 3.82423
v -0.15939 1.35917 3.82484
v -0.16168 1.36406 3.82484
v -0.16154 1.35816 3.82644
v -0.16383 1.36306 3.82644
v -0.16301 1.35748 3.82877
v -0.1653 1.36237 3.82877
v -0.1635 1.35725 3.83159
v -0.16579 1.36214 3.83159
v -0.16301 1.35748 3.83441
v -0.1653 1.36237 3.83441
v -0.16154 1.35816 3.83686
v -0.16383 1.36306 3.83686
v -0.15939 1.35917 3.83846
v -0.15357 1.36189 3.8403
v -0.15682 1.36037 3.83895
v -0.15682 1.36037 3.84103
v -0.15939 1.35917 3.83846
v -0.15431 1.36154 3.83846
v -0.15081 1.36318 3.83821
v -0.1521 1.36258 3.83686
v -0.14891 1.36407 3.83527
v -0.15069 1.36323 3.83441
v -0.1483 1.36435 3.83159
v -0.15014 1.36349 3.83159
v -0.14891 1.36407 3.82803
v -0.15069 1.36323 3.82877
v -0.15081 1.36318 3.82496
v -0.1521 1.36258 3.82644
v -0.15357 1.36189 3.82288
v -0.15431 1.36154 3.82484
v -0.15682 1.36037 3.82214
v -0.15682 1.36037 3.82423
v -0.16013 1.35882 3.82288
v -0.15939 1.35917 3.82484
v -0.16289 1.35753 3.82496
v -0.16154 1.35816 3.82644
v -0.16473 1.35667 3.82803
v -0.16301 1.35748 3.82877
v -0.1654 1.35636 3.83159
v -0.1635 1.35725 3.83159
v -0.16473 1.35667 3.83527
v -0.16301 1.35748 3.83441
v -0.16289 1.35753 3.83821
v -0.16154 1.35816 3.83686
v -0.16013 1.35882 3.8403
v -0.14881 1.35171 3.8403
v -0.15682 1.36037 3.84103
v -0.15206 1.35019 3.84103
v -0.16013 1.35882 3.8403
v -0.15357 1.36189 3.8403
v -0.14606 1.353 3.83821
v -0.15081 1.36318 3.83821
v -0.14416 1.35389 3.83527
v -0.14891 1.36407 3.83527
v -0.14354 1.35418 3.83159
v -0.1483 1.36435 3.83159
v -0.14416 1.35389 3.82803
v -0.14891 1.36407 3.82803
v -0.14606 1.353 3.82496
v -0.15081 1.36318 3.82496
v -0.14881 1.35171 3.82288
v -0.15357 1.36189 3.82288
v -0.15206 1.35019 3.82214
v -0.15682 1.36037 3.82214
v -0.15537 1.34865 3.82288
v -0.16013 1.35882 3.82288
v -0.15813 1.34736 3.82496
v -0.16289 1.35753 3.82496
v -0.15997 1.3465 3.82803
v -0.16473 1.35667 3.82803
v -0.16064 1.34618 3.83159
v -0.1654 1.35636 3.83159
v -0.15997 1.3465 3.83527
v -0.16473 1.35667 3.83527
v -0.15813 1.34736 3.83821
v -0.16289 1.35753 3.83821
v -0.15537 1.34865 3.8403
v -0.14865 1.34896 3.83785
v -0.15206 1.35019 3.84103
v -0.15098 1.34787 3.83834
v -0.15537 1.34865 3.8403
v -0.14881 1.35171 3.8403
v -0.14669 1.34988 3.83637
v -0.14606 1.353 3.83821
v -0.14534 1.35051 3.83416
v -0.14416 1.35389 3.83527
v -0.14485 1.35074 3.83159
v -0.14354 1.35418 3.83159
v -0.14534 1.35051 3.82901
v -0.14416 1.35389 3.82803
v -0.14669 1.34988 3.8268
v -0.14606 1.353 3.82496
v -0.14865 1.34896 3.82533
v -0.14881 1.35171 3.82288
v -0.15098 1.34787 3.82484
v -0.15206 1.35019 3.82214
v -0.15337 1.34676 3.82533
v -0.15537 1.34865 3.82288
v -0.15533 1.34584 3.8268
v -0.15813 1.34736 3.82496
v -0.15668 1.34521 3.82901
v -0.15997 1.3465 3.82803
v -0.15711 1.34501 3.83159
v -0.16064 1.34618 3.83159
v -0.15668 1.34521 3.83416
v -0.15997 1.3465 3.83527
v -0.15533 1.34584 3.83637
v -0.15813 1.34736 3.83821
v -0.15337 1.34676 3.83785
v -0.17222 1.3965 3.83294
v -0.17185 1.39667 3.83232
v -0.17283 1.39621 3.83331
v -0.17173 1.39672 3.83159
v -0.17185 1.39667 3.83085
v -0.17222 1.3965 3.83024
v -0.17283 1.39621 3.82987
v -0.17344 1.39592 3.82975
v -0.17412 1.39561 3.82987
v -0.17467 1.39535 3.83024
v -0.17504 1.39518 3.83085
v -0.17516 1.39512 3.83159
v -0.17504 1.39518 3.83232
v -0.17467 1.39535 3.83294
v -0.17412 1.39561 3.83331
v -0.17344 1.39592 3.83355
v -0.15337 1.34676 3.83785
v -0.15098 1.34787 3.83834
v -0.15533 1.34584 3.83637
v -0.15668 1.34521 3.83416
v -0.15711 1.34501 3.83159
v -0.15668 1.34521 3.82901
v -0.15533 1.34584 3.8268
v -0.15337 1.34676 3.82533
v -0.15098 1.34787 3.82484
v -0.14865 1.34896 3.82533
v -0.14669 1.34988 3.8268
v -0.14534 1.35051 3.82901
v -0.14485 1.35074 3.83159
v -0.14534 1.35051 3.83416
v -0.14669 1.34988 3.83637
v -0.14865 1.34896 3.83785
v -0.1651 1.37408 3.82411
v -0.16094 1.36519 3.82411
v -0.16209 1.37548 3.82411
v -0.15794 1.3666 3.82411
v -0.1651 1.37408 3.83907
v -0.1651 1.37408 3.82411
v -0.16209 1.37548 3.83907
v -0.16209 1.37548 3.82411
v -0.16094 1.36519 3.83907
v -0.1651 1.37408 3.83907
v -0.15794 1.3666 3.83907
v -0.16209 1.37548 3.83907
v -0.16094 1.36519 3.82411
v -0.16094 1.36519 3.83907
v -0.15794 1.3666 3.82411
v -0.15794 1.3666 3.83907
v -0.1651 1.37408 3.82411
v -0.1651 1.37408 3.83907
v -0.16094 1.36519 3.82411
v -0.16094 1.36519 3.83907
v -0.15794 1.3666 3.83907
v -0.16209 1.37548 3.83907
v -0.15794 1.3666 3.82411
v -0.16209 1.37548 3.82411
v -0.16713 1.38051 3.82472
v -0.16328 1.37226 3.82619
v -0.16566 1.38119 3.82472
v -0.16181 1.37295 3.82619
v -0.16701 1.38025 3.82398
v -0.16713 1.38051 3.82472
v -0.16554 1.38094 3.82398
v -0.16566 1.38119 3.82472
v -0.16731 1.38089 3.82374
v -0.16701 1.38025 3.82398
v -0.16584 1.38158 3.82374
v -0.16554 1.38094 3.82398
v -0.16846 1.38334 3.82484
v -0.16731 1.38089 3.82374
v -0.16699 1.38403 3.82484
v -0.16584 1.38158 3.82374
v -0.164 1.37381 3.82779
v -0.16846 1.38334 3.82484
v -0.16253 1.3745 3.82779
v -0.16699 1.38403 3.82484
v -0.16328 1.37226 3.82619
v -0.164 1.37381 3.82779
v -0.16181 1.37295 3.82619
v -0.16253 1.3745 3.82779
v -0.16731 1.38089 3.82374
v -0.16846 1.38334 3.82484
v -0.16701 1.38025 3.82398
v -0.164 1.37381 3.82779
v -0.16713 1.38051 3.82472
v -0.16328 1.37226 3.82619
v -0.16566 1.38119 3.82472
v -0.16181 1.37295 3.82619
v -0.16554 1.38094 3.82398
v -0.16699 1.38403 3.82484
v -0.16584 1.38158 3.82374
v -0.16253 1.3745 3.82779
v -0.16181 1.37295 3.83699
v -0.16328 1.37226 3.83699
v -0.16566 1.38119 3.83846
v -0.16713 1.38051 3.83846
v -0.16566 1.38119 3.83846
v -0.16713 1.38051 3.83846
v -0.16554 1.38094 3.83932
v -0.16701 1.38025 3.83932
v -0.16554 1.38094 3.83932
v -0.16701 1.38025 3.83932
v -0.16584 1.38158 3.83944
v -0.16731 1.38089 3.83944
v -0.16584 1.38158 3.83944
v -0.16731 1.38089 3.83944
v -0.16699 1.38403 3.83834
v -0.16846 1.38334 3.83834
v -0.16699 1.38403 3.83834
v -0.16846 1.38334 3.83834
v -0.16253 1.3745 3.83551
v -0.164 1.37381 3.83551
v -0.16253 1.3745 3.83551
v -0.164 1.37381 3.83551
v -0.16181 1.37295 3.83699
v -0.16328 1.37226 3.83699
v -0.16713 1.38051 3.83846
v -0.16328 1.37226 3.83699
v -0.16701 1.38025 3.83932
v -0.16846 1.38334 3.83834
v -0.16731 1.38089 3.83944
v -0.164 1.37381 3.83551
v -0.16584 1.38158 3.83944
v -0.16699 1.38403 3.83834
v -0.16554 1.38094 3.83932
v -0.16253 1.3745 3.83551
v -0.16566 1.38119 3.83846
v -0.16181 1.37295 3.83699
v -0.08747 1.44161 3.53657
v -0.08748 1.25104 3.53657
v -0.08607 1.44164 3.53595
v -0.08602 1.25094 3.53595
v -0.08748 1.23393 3.53902
v -0.08607 1.2338 3.53841
v -0.08743 1.21386 3.54307
v -0.08603 1.21373 3.54246
v -0.08745 1.19219 3.54957
v -0.08605 1.1919 3.54908
v -0.08748 1.17004 3.55963
v -0.08608 1.16976 3.55914
v -0.08744 1.14887 3.5741
v -0.0861 1.14856 3.57374
v -0.08745 1.13003 3.59398
v -0.08605 1.12959 3.59361
v -0.08749 1.11494 3.62011
v -0.08603 1.11437 3.61986
v -0.0875 1.10473 3.65323
v -0.08604 1.10416 3.65323
v -0.08746 1.10083 3.69457
v -0.086 1.10025 3.69457
v -0.0881 1.10618 3.73529
v -0.0867 1.10558 3.73554
v -0.0902 1.12137 3.76719
v -0.08879 1.12093 3.76768
v -0.09389 1.14492 3.79123
v -0.0926 1.14473 3.79184
v -0.09942 1.17513 3.8084
v -0.09814 1.17511 3.80914
v -0.10694 1.21039 3.81994
v -0.10566 1.21052 3.82079
v -0.1167 1.24915 3.82705
v -0.11548 1.24941 3.82791
v -0.12877 1.28966 3.83085
v -0.12754 1.29008 3.83171
v -0.1434 1.33054 3.83232
v -0.14229 1.33106 3.83318
v -0.16091 1.37023 3.83269
v -0.15968 1.37065 3.83355
v -0.08808 1.44164 3.53792
v -0.08747 1.44161 3.53657
v -0.08803 1.2511 3.53792
v -0.08748 1.25104 3.53657
v -0.08802 1.23415 3.54037
v -0.08748 1.23393 3.53902
v -0.08804 1.21421 3.54442
v -0.08743 1.21386 3.54307
v -0.08806 1.19269 3.55092
v -0.08745 1.19219 3.54957
v -0.08803 1.17073 3.56086
v -0.08748 1.17004 3.55963
v -0.08805 1.14984 3.57521
v -0.08744 1.14887 3.5741
v -0.08805 1.13116 3.59484
v -0.08745 1.13003 3.59398
v -0.08809 1.11623 3.6206
v -0.08749 1.11494 3.62011
v -0.0881 1.10618 3.65359
v -0.0875 1.10473 3.65323
v -0.08807 1.10227 3.69444
v -0.08746 1.10083 3.69457
v -0.0887 1.10747 3.73493
v -0.0881 1.10618 3.73529
v -0.09074 1.12253 3.76633
v -0.0902 1.12137 3.76719
v -0.09443 1.14576 3.79
v -0.09389 1.14492 3.79123
v -0.09991 1.17569 3.80705
v -0.09942 1.17513 3.8084
v -0.10731 1.21069 3.81859
v -0.10694 1.21039 3.81994
v -0.11707 1.2493 3.82558
v -0.1167 1.24915 3.82705
v -0.12907 1.28968 3.82926
v -0.12877 1.28966 3.83085
v -0.14376 1.33053 3.83085
v -0.1434 1.33054 3.83232
v -0.16115 1.37012 3.83122
v -0.16091 1.37023 3.83269
v -0.08747 1.44161 3.53939
v -0.08808 1.44164 3.53792
v -0.08748 1.2512 3.53939
v -0.08803 1.2511 3.53792
v -0.08747 1.23441 3.54172
v -0.08802 1.23415 3.54037
v -0.08749 1.21462 3.54577
v -0.08804 1.21421 3.54442
v -0.08745 1.19313 3.55227
v -0.08806 1.19269 3.55092
v -0.08747 1.17146 3.56208
v -0.08803 1.17073 3.56086
v -0.08749 1.15073 3.57631
v -0.08805 1.14984 3.57521
v -0.08749 1.13236 3.59569
v -0.08805 1.13116 3.59484
v -0.08747 1.11746 3.62121
v -0.08809 1.11623 3.6206
v -0.08748 1.10757 3.65384
v -0.0881 1.10618 3.65359
v -0.0875 1.10379 3.69444
v -0.08807 1.10227 3.69444
v -0.08808 1.10886 3.73456
v -0.0887 1.10747 3.73493
v -0.09012 1.12376 3.76559
v -0.09074 1.12253 3.76633
v -0.09375 1.14671 3.78902
v -0.09443 1.14576 3.79
v -0.09917 1.17635 3.80583
v -0.09991 1.17569 3.80705
v -0.10657 1.21119 3.81724
v -0.10731 1.21069 3.81859
v -0.11627 1.24967 3.82435
v -0.11707 1.2493 3.82558
v -0.12828 1.29005 3.82803
v -0.12907 1.28968 3.82926
v -0.14291 1.33077 3.8295
v -0.14376 1.33053 3.83085
v -0.16036 1.37049 3.82987
v -0.16115 1.37012 3.83122
v -0.08607 1.44164 3.54
v -0.08747 1.44161 3.53939
v -0.08608 1.25123 3.54
v -0.08748 1.2512 3.53939
v -0.08601 1.23446 3.54233
v -0.08747 1.23441 3.54172
v -0.08602 1.21468 3.54638
v -0.08749 1.21462 3.54577
v -0.08604 1.19332 3.55276
v -0.08745 1.19313 3.55227
v -0.08601 1.17167 3.5627
v -0.08747 1.17146 3.56208
v -0.08602 1.1511 3.5768
v -0.08749 1.15073 3.57631
v -0.08609 1.13287 3.59606
v -0.08749 1.13236 3.59569
v -0.086 1.11799 3.62146
v -0.08747 1.11746 3.62121
v -0.08607 1.10807 3.65396
v -0.08748 1.10757 3.65384
v -0.08603 1.10432 3.69444
v -0.0875 1.10379 3.69444
v -0.08667 1.10952 3.73443
v -0.08808 1.10886 3.73456
v -0.08871 1.12426 3.76535
v -0.09012 1.12376 3.76559
v -0.09234 1.14721 3.78865
v -0.09375 1.14671 3.78902
v -0.09776 1.17685 3.80558
v -0.09917 1.17635 3.80583
v -0.10516 1.21169 3.81699
v -0.10657 1.21119 3.81724
v -0.1148 1.25004 3.82398
v -0.11627 1.24967 3.82435
v -0.12687 1.29055 3.82779
v -0.12828 1.29005 3.82803
v -0.14156 1.3314 3.82926
v -0.14291 1.33077 3.8295
v -0.15901 1.37112 3.82963
v -0.16036 1.37049 3.82987
v -0.08466 1.44167 3.53939
v -0.08607 1.44164 3.54
v -0.08467 1.25126 3.53939
v -0.08608 1.25123 3.54
v -0.0846 1.23433 3.54172
v -0.08601 1.23446 3.54233
v -0.08461 1.21455 3.54577
v -0.08602 1.21468 3.54638
v -0.08464 1.19319 3.55227
v -0.08604 1.19332 3.55276
v -0.0846 1.17139 3.56208
v -0.08601 1.17167 3.5627
v -0.08468 1.15079 3.57631
v -0.08602 1.1511 3.5768
v -0.08462 1.13229 3.59569
v -0.08609 1.13287 3.59606
v -0.08466 1.11752 3.62121
v -0.086 1.11799 3.62146
v -0.08461 1.1075 3.65384
v -0.08607 1.10807 3.65396
v -0.08463 1.10372 3.69444
v -0.08603 1.10432 3.69444
v -0.08527 1.10892 3.73456
v -0.08667 1.10952 3.73443
v -0.08731 1.12382 3.76584
v -0.08871 1.12426 3.76535
v -0.09094 1.14692 3.78939
v -0.09234 1.14721 3.78865
v -0.09642 1.1767 3.80632
v -0.09776 1.17685 3.80558
v -0.10388 1.21167 3.81785
v -0.10516 1.21169 3.81699
v -0.11358 1.2503 3.82484
v -0.1148 1.25004 3.82398
v -0.12564 1.29081 3.82864
v -0.12687 1.29055 3.82779
v -0.14033 1.33182 3.83012
v -0.14156 1.3314 3.82926
v -0.15778 1.37154 3.83048
v -0.15901 1.37112 3.82963
v -0.08405 1.44164 3.53792
v -0.08466 1.44167 3.53939
v -0.08406 1.25107 3.53792
v -0.08467 1.25126 3.53939
v -0.08405 1.23412 3.54037
v -0.0846 1.23433 3.54172
v -0.08407 1.21418 3.54442
v -0.08461 1.21455 3.54577
v -0.08409 1.19266 3.55092
v -0.08464 1.19319 3.55227
v -0.08406 1.1707 3.56086
v -0.0846 1.17139 3.56208
v -0.08408 1.14982 3.57521
v -0.08468 1.15079 3.57631
v -0.08402 1.13116 3.59484
v -0.08462 1.13229 3.59569
v -0.08406 1.11623 3.6206
v -0.08466 1.11752 3.62121
v -0.08407 1.10618 3.65359
v -0.08461 1.1075 3.65384
v -0.08403 1.10227 3.69457
v -0.08463 1.10372 3.69444
v -0.08467 1.10747 3.73505
v -0.08527 1.10892 3.73456
v -0.08677 1.12266 3.7667
v -0.08731 1.12382 3.76584
v -0.09046 1.14605 3.79049
v -0.09094 1.14692 3.78939
v -0.09593 1.17614 3.80767
v -0.09642 1.1767 3.80632
v -0.10345 1.21139 3.8192
v -0.10388 1.21167 3.81785
v -0.11321 1.25016 3.82631
v -0.11358 1.2503 3.82484
v -0.12528 1.29082 3.83012
v -0.12564 1.29081 3.82864
v -0.14009 1.33193 3.83159
v -0.14033 1.33182 3.83012
v -0.15754 1.37165 3.83196
v -0.15778 1.37154 3.83048
v -0.08466 1.44167 3.53657
v -0.08405 1.44164 3.53792
v -0.08461 1.25097 3.53657
v -0.08406 1.25107 3.53792
v -0.08461 1.23386 3.53902
v -0.08405 1.23412 3.54037
v -0.08468 1.21389 3.54307
v -0.08407 1.21418 3.54442
v -0.08464 1.19209 3.54957
v -0.08409 1.19266 3.55092
v -0.08461 1.16997 3.55963
v -0.08406 1.1707 3.56086
v -0.08463 1.14893 3.5741
v -0.08408 1.14982 3.57521
v -0.08464 1.13009 3.59398
v -0.08402 1.13116 3.59484
v -0.08462 1.11487 3.62011
v -0.08406 1.11623 3.6206
v -0.08463 1.10466 3.65323
v -0.08407 1.10618 3.65359
v -0.08465 1.10088 3.69457
v -0.08403 1.10227 3.69457
v -0.08529 1.10608 3.73542
v -0.08467 1.10747 3.73505
v -0.08739 1.12143 3.76743
v -0.08677 1.12266 3.7667
v -0.09113 1.1451 3.7916
v -0.09046 1.14605 3.79049
v -0.09667 1.17548 3.80889
v -0.09593 1.17614 3.80767
v -0.10419 1.21089 3.82055
v -0.10345 1.21139 3.8192
v -0.11401 1.24978 3.82766
v -0.11321 1.25016 3.82631
v -0.12613 1.29058 3.83134
v -0.12528 1.29082 3.83012
v -0.14082 1.33159 3.83282
v -0.14009 1.33193 3.83159
v -0.15833 1.37128 3.83331
v -0.15754 1.37165 3.83196
v -0.08607 1.44164 3.53595
v -0.08466 1.44167 3.53657
v -0.08602 1.25094 3.53595
v -0.08461 1.25097 3.53657
v -0.08607 1.2338 3.53841
v -0.08461 1.23386 3.53902
v -0.08603 1.21373 3.54246
v -0.08468 1.21389 3.54307
v -0.08605 1.1919 3.54908
v -0.08464 1.19209 3.54957
v -0.08608 1.16976 3.55914
v -0.08461 1.16997 3.55963
v -0.0861 1.14856 3.57374
v -0.08463 1.14893 3.5741
v -0.08605 1.12959 3.59361
v -0.08464 1.13009 3.59398
v -0.08603 1.11437 3.61986
v -0.08462 1.11487 3.62011
v -0.08604 1.10416 3.65323
v -0.08463 1.10466 3.65323
v -0.086 1.10025 3.69457
v -0.08465 1.10088 3.69457
v -0.0867 1.10558 3.73554
v -0.08529 1.10608 3.73542
v -0.08879 1.12093 3.76768
v -0.08739 1.12143 3.76743
v -0.0926 1.14473 3.79184
v -0.09113 1.1451 3.7916
v -0.09814 1.17511 3.80914
v -0.09667 1.17548 3.80889
v -0.10566 1.21052 3.82079
v -0.10419 1.21089 3.82055
v -0.11548 1.24941 3.82791
v -0.11401 1.24978 3.82766
v -0.12754 1.29008 3.83171
v -0.12613 1.29058 3.83134
v -0.14229 1.33106 3.83318
v -0.14082 1.33159 3.83282
v -0.15968 1.37065 3.83355
v -0.15833 1.37128 3.83331
v -0.08808 1.44164 3.53792
v -0.08747 1.44161 3.53939
v -0.08747 1.44161 3.53657
v -0.08607 1.44164 3.54
v -0.08466 1.44167 3.53939
v -0.08405 1.44164 3.53792
v -0.08466 1.44167 3.53657
v -0.08607 1.44164 3.53595
v -0.16091 1.37023 3.83269
v -0.16115 1.37012 3.83122
v -0.15968 1.37065 3.83355
v -0.16036 1.37049 3.82987
v -0.15754 1.37165 3.83196
v -0.15778 1.37154 3.83048
v -0.15901 1.37112 3.82963
v -0.15833 1.37128 3.83331
v -0.16188 1.37359 3.78913
v -0.1743 1.39777 3.78938
v -0.1628 1.37316 3.78938
v -0.17522 1.39734 3.78913
v -0.17338 1.3982 3.78913
v -0.16109 1.37397 3.78852
v -0.17259 1.39857 3.78852
v -0.1606 1.3742 3.78766
v -0.1721 1.3988 3.78766
v -0.16041 1.37428 3.78668
v -0.17191 1.39889 3.78668
v -0.1606 1.3742 3.7857
v -0.1721 1.3988 3.7857
v -0.16109 1.37397 3.78484
v -0.17259 1.39857 3.78484
v -0.16188 1.37359 3.78423
v -0.17338 1.3982 3.78423
v -0.1628 1.37316 3.78398
v -0.1743 1.39777 3.78398
v -0.16372 1.37273 3.78423
v -0.17522 1.39734 3.78423
v -0.16452 1.37236 3.78484
v -0.17602 1.39697 3.78484
v -0.16507 1.3721 3.7857
v -0.17657 1.39671 3.7857
v -0.16525 1.37202 3.78668
v -0.17676 1.39662 3.78668
v -0.16507 1.3721 3.78766
v -0.17657 1.39671 3.78766
v -0.16452 1.37236 3.78852
v -0.17602 1.39697 3.78852
v -0.16372 1.37273 3.78913
v -0.16012 1.37206 3.79146
v -0.1628 1.37316 3.78938
v -0.1619 1.37123 3.79183
v -0.16372 1.37273 3.78913
v -0.16188 1.37359 3.78913
v -0.15859 1.37278 3.79036
v -0.16109 1.37397 3.78852
v -0.15761 1.37324 3.78864
v -0.1606 1.3742 3.78766
v -0.15724 1.37341 3.78668
v -0.16041 1.37428 3.78668
v -0.15761 1.37324 3.78472
v -0.1606 1.3742 3.7857
v -0.15859 1.37278 3.783
v -0.16109 1.37397 3.78484
v -0.16012 1.37206 3.78189
v -0.16188 1.37359 3.78423
v -0.1619 1.37123 3.78153
v -0.1628 1.37316 3.78398
v -0.16368 1.3704 3.78189
v -0.16372 1.37273 3.78423
v -0.16521 1.36968 3.783
v -0.16452 1.37236 3.78484
v -0.16625 1.3692 3.78472
v -0.16507 1.3721 3.7857
v -0.16656 1.36905 3.78668
v -0.16525 1.37202 3.78668
v -0.16625 1.3692 3.78864
v -0.16507 1.3721 3.78766
v -0.16521 1.36968 3.79036
v -0.16452 1.37236 3.78852
v -0.16368 1.3704 3.79146
v -0.15843 1.36846 3.79146
v -0.1619 1.37123 3.79183
v -0.16021 1.36762 3.79183
v -0.16368 1.3704 3.79146
v -0.16012 1.37206 3.79146
v -0.1569 1.36917 3.79036
v -0.15859 1.37278 3.79036
v -0.15592 1.36963 3.78864
v -0.15761 1.37324 3.78864
v -0.15555 1.3698 3.78668
v -0.15724 1.37341 3.78668
v -0.15592 1.36963 3.78472
v -0.15761 1.37324 3.78472
v -0.1569 1.36917 3.783
v -0.15859 1.37278 3.783
v -0.15843 1.36846 3.78189
v -0.16012 1.37206 3.78189
v -0.16021 1.36762 3.78153
v -0.1619 1.37123 3.78153
v -0.16199 1.36679 3.78189
v -0.16368 1.3704 3.78189
v -0.16352 1.36608 3.783
v -0.16521 1.36968 3.783
v -0.16456 1.36559 3.78472
v -0.16625 1.3692 3.78472
v -0.16487 1.36545 3.78668
v -0.16656 1.36905 3.78668
v -0.16456 1.36559 3.78864
v -0.16625 1.3692 3.78864
v -0.16352 1.36608 3.79036
v -0.16521 1.36968 3.79036
v -0.16199 1.36679 3.79146
v -0.15559 1.36476 3.79392
v -0.16021 1.36762 3.79183
v -0.15828 1.3635 3.79453
v -0.16199 1.36679 3.79146
v -0.15843 1.36846 3.79146
v -0.15326 1.36585 3.7922
v -0.1569 1.36917 3.79036
v -0.15173 1.36657 3.78975
v -0.15592 1.36963 3.78864
v -0.15117 1.36683 3.78668
v -0.15555 1.3698 3.78668
v -0.15173 1.36657 3.78373
v -0.15592 1.36963 3.78472
v -0.15326 1.36585 3.78116
v -0.1569 1.36917 3.783
v -0.15559 1.36476 3.77944
v -0.15843 1.36846 3.78189
v -0.15828 1.3635 3.77883
v -0.16021 1.36762 3.78153
v -0.16104 1.36221 3.77944
v -0.16199 1.36679 3.78189
v -0.16331 1.36115 3.78116
v -0.16352 1.36608 3.783
v -0.16484 1.36044 3.78373
v -0.16456 1.36559 3.78472
v -0.16539 1.36018 3.78668
v -0.16487 1.36545 3.78668
v -0.16484 1.36044 3.78975
v -0.16456 1.36559 3.78864
v -0.16331 1.36115 3.7922
v -0.16352 1.36608 3.79036
v -0.16104 1.36221 3.79392
v -0.15571 1.36455 3.79355
v -0.15828 1.3635 3.79453
v -0.15822 1.36337 3.79404
v -0.16104 1.36221 3.79392
v -0.15559 1.36476 3.79392
v -0.1535 1.36558 3.79195
v -0.15326 1.36585 3.7922
v -0.1521 1.36624 3.7895
v -0.15173 1.36657 3.78975
v -0.15154 1.3665 3.78668
v -0.15117 1.36683 3.78668
v -0.1521 1.36624 3.78386
v -0.15173 1.36657 3.78373
v -0.1535 1.36558 3.78153
v -0.15326 1.36585 3.78116
v -0.15571 1.36455 3.77993
v -0.15559 1.36476 3.77944
v -0.15822 1.36337 3.77932
v -0.15828 1.3635 3.77883
v -0.1608 1.36217 3.77993
v -0.16104 1.36221 3.77944
v -0.16294 1.36117 3.78153
v -0.16331 1.36115 3.78116
v -0.16442 1.36048 3.78386
v -0.16484 1.36044 3.78373
v -0.16491 1.36025 3.78668
v -0.16539 1.36018 3.78668
v -0.16442 1.36048 3.7895
v -0.16484 1.36044 3.78975
v -0.16294 1.36117 3.79195
v -0.16331 1.36115 3.7922
v -0.1608 1.36217 3.79355
v -0.15342 1.35965 3.79355
v -0.15822 1.36337 3.79404
v -0.15594 1.35848 3.79404
v -0.1608 1.36217 3.79355
v -0.15571 1.36455 3.79355
v -0.15122 1.36069 3.79195
v -0.1535 1.36558 3.79195
v -0.14981 1.36134 3.7895
v -0.1521 1.36624 3.7895
v -0.14926 1.3616 3.78668
v -0.15154 1.3665 3.78668
v -0.14981 1.36134 3.78386
v -0.1521 1.36624 3.78386
v -0.15122 1.36069 3.78153
v -0.1535 1.36558 3.78153
v -0.15342 1.35965 3.77993
v -0.15571 1.36455 3.77993
v -0.15594 1.35848 3.77932
v -0.15822 1.36337 3.77932
v -0.15851 1.35728 3.77993
v -0.1608 1.36217 3.77993
v -0.16066 1.35627 3.78153
v -0.16294 1.36117 3.78153
v -0.16213 1.35558 3.78386
v -0.16442 1.36048 3.78386
v -0.16262 1.35536 3.78668
v -0.16491 1.36025 3.78668
v -0.16213 1.35558 3.7895
v -0.16442 1.36048 3.7895
v -0.16066 1.35627 3.79195
v -0.16294 1.36117 3.79195
v -0.15851 1.35728 3.79355
v -0.15269 1.36 3.79539
v -0.15594 1.35848 3.79404
v -0.15594 1.35848 3.79612
v -0.15851 1.35728 3.79355
v -0.15342 1.35965 3.79355
v -0.14993 1.36129 3.7933
v -0.15122 1.36069 3.79195
v -0.14803 1.36218 3.79036
v -0.14981 1.36134 3.7895
v -0.14742 1.36246 3.78668
v -0.14926 1.3616 3.78668
v -0.14803 1.36218 3.78312
v -0.14981 1.36134 3.78386
v -0.14993 1.36129 3.78005
v -0.15122 1.36069 3.78153
v -0.15269 1.36 3.77797
v -0.15342 1.35965 3.77993
v -0.15594 1.35848 3.77723
v -0.15594 1.35848 3.77932
v -0.15925 1.35693 3.77797
v -0.15851 1.35728 3.77993
v -0.162 1.35564 3.78005
v -0.16066 1.35627 3.78153
v -0.16384 1.35478 3.78312
v -0.16213 1.35558 3.78386
v -0.16452 1.35447 3.78668
v -0.16262 1.35536 3.78668
v -0.16384 1.35478 3.79036
v -0.16213 1.35558 3.7895
v -0.162 1.35564 3.7933
v -0.16066 1.35627 3.79195
v -0.15925 1.35693 3.79539
v -0.14793 1.34982 3.79539
v -0.15594 1.35848 3.79612
v -0.15118 1.3483 3.79612
v -0.15925 1.35693 3.79539
v -0.15269 1.36 3.79539
v -0.14517 1.35111 3.7933
v -0.14993 1.36129 3.7933
v -0.14327 1.352 3.79036
v -0.14803 1.36218 3.79036
v -0.14266 1.35229 3.78668
v -0.14742 1.36246 3.78668
v -0.14327 1.352 3.78312
v -0.14803 1.36218 3.78312
v -0.14517 1.35111 3.78005
v -0.14993 1.36129 3.78005
v -0.14793 1.34982 3.77797
v -0.15269 1.36 3.77797
v -0.15118 1.3483 3.77723
v -0.15594 1.35848 3.77723
v -0.15449 1.34675 3.77797
v -0.15925 1.35693 3.77797
v -0.15725 1.34547 3.78005
v -0.162 1.35564 3.78005
v -0.15909 1.34461 3.78312
v -0.16384 1.35478 3.78312
v -0.15976 1.34429 3.78668
v -0.16452 1.35447 3.78668
v -0.15909 1.34461 3.79036
v -0.16384 1.35478 3.79036
v -0.15725 1.34547 3.7933
v -0.162 1.35564 3.7933
v -0.15449 1.34675 3.79539
v -0.14777 1.34707 3.79294
v -0.15118 1.3483 3.79612
v -0.15009 1.34598 3.79343
v -0.15449 1.34675 3.79539
v -0.14793 1.34982 3.79539
v -0.1458 1.34799 3.79146
v -0.14517 1.35111 3.7933
v -0.14446 1.34862 3.78925
v -0.14327 1.352 3.79036
v -0.14397 1.34885 3.78668
v -0.14266 1.35229 3.78668
v -0.14446 1.34862 3.7841
v -0.14327 1.352 3.78312
v -0.1458 1.34799 3.78189
v -0.14517 1.35111 3.78005
v -0.14777 1.34707 3.78042
v -0.14793 1.34982 3.77797
v -0.15009 1.34598 3.77993
v -0.15118 1.3483 3.77723
v -0.15248 1.34487 3.78042
v -0.15449 1.34675 3.77797
v -0.15445 1.34395 3.78189
v -0.15725 1.34547 3.78005
v -0.15579 1.34332 3.7841
v -0.15909 1.34461 3.78312
v -0.15622 1.34312 3.78668
v -0.15976 1.34429 3.78668
v -0.15579 1.34332 3.78925
v -0.15909 1.34461 3.79036
v -0.15445 1.34395 3.79146
v -0.15725 1.34547 3.7933
v -0.15248 1.34487 3.79294
v -0.16814 1.38794 3.78815
v -0.16771 1.38814 3.78754
v -0.16875 1.38765 3.78864
v -0.16759 1.38819 3.78668
v -0.16771 1.38814 3.78594
v -0.16814 1.38794 3.78521
v -0.16875 1.38765 3.78484
v -0.16943 1.38733 3.78459
v -0.17016 1.38699 3.78484
v -0.17077 1.3867 3.78521
v -0.17114 1.38653 3.78594
v -0.17133 1.38645 3.78668
v -0.17114 1.38653 3.78754
v -0.17077 1.3867 3.78815
v -0.17016 1.38699 3.78864
v -0.16943 1.38733 3.78876
v -0.15248 1.34487 3.79294
v -0.15009 1.34598 3.79343
v -0.15445 1.34395 3.79146
v -0.15579 1.34332 3.78925
v -0.15622 1.34312 3.78668
v -0.15579 1.34332 3.7841
v -0.15445 1.34395 3.78189
v -0.15248 1.34487 3.78042
v -0.15009 1.34598 3.77993
v -0.14777 1.34707 3.78042
v -0.1458 1.34799 3.78189
v -0.14446 1.34862 3.7841
v -0.14397 1.34885 3.78668
v -0.14446 1.34862 3.78925
v -0.1458 1.34799 3.79146
v -0.14777 1.34707 3.79294
v -0.1743 1.39777 3.78938
v -0.17363 1.39808 3.78864
v -0.17338 1.3982 3.78913
v -0.17302 1.39837 3.78815
v -0.1743 1.39777 3.78876
v -0.17522 1.39734 3.78913
v -0.17504 1.39742 3.78864
v -0.17602 1.39697 3.78852
v -0.17565 1.39714 3.78815
v -0.17657 1.39671 3.78766
v -0.17602 1.39697 3.78754
v -0.17676 1.39662 3.78668
v -0.1762 1.39688 3.78668
v -0.17657 1.39671 3.7857
v -0.17602 1.39697 3.78594
v -0.17602 1.39697 3.78484
v -0.17565 1.39714 3.78521
v -0.17522 1.39734 3.78423
v -0.17504 1.39742 3.78484
v -0.1743 1.39777 3.78398
v -0.1743 1.39777 3.78459
v -0.17338 1.3982 3.78423
v -0.17363 1.39808 3.78484
v -0.17259 1.39857 3.78484
v -0.17302 1.39837 3.78521
v -0.1721 1.3988 3.7857
v -0.17259 1.39857 3.78594
v -0.17191 1.39889 3.78668
v -0.17247 1.39863 3.78668
v -0.1721 1.3988 3.78766
v -0.17259 1.39857 3.78754
v -0.17259 1.39857 3.78852
v -0.1743 1.39777 3.78876
v -0.16875 1.38765 3.78864
v -0.17363 1.39808 3.78864
v -0.16814 1.38794 3.78815
v -0.16943 1.38733 3.78876
v -0.17504 1.39742 3.78864
v -0.17016 1.38699 3.78864
v -0.17565 1.39714 3.78815
v -0.17077 1.3867 3.78815
v -0.17602 1.39697 3.78754
v -0.17114 1.38653 3.78754
v -0.1762 1.39688 3.78668
v -0.17133 1.38645 3.78668
v -0.17602 1.39697 3.78594
v -0.17114 1.38653 3.78594
v -0.17565 1.39714 3.78521
v -0.17077 1.3867 3.78521
v -0.17504 1.39742 3.78484
v -0.17016 1.38699 3.78484
v -0.1743 1.39777 3.78459
v -0.16943 1.38733 3.78459
v -0.17363 1.39808 3.78484
v -0.16875 1.38765 3.78484
v -0.17302 1.39837 3.78521
v -0.16814 1.38794 3.78521
v -0.17259 1.39857 3.78594
v -0.16771 1.38814 3.78594
v -0.17247 1.39863 3.78668
v -0.16759 1.38819 3.78668
v -0.17259 1.39857 3.78754
v -0.16771 1.38814 3.78754
v -0.17302 1.39837 3.78815
v -0.17133 1.39445 3.78104
v -0.17302 1.39805 3.78104
v -0.1725 1.3939 3.78067
v -0.17418 1.39751 3.78067
v -0.17079 1.39329 3.78239
v -0.17133 1.39445 3.78104
v -0.17196 1.39274 3.78177
v -0.1725 1.3939 3.78067
v -0.17366 1.39336 3.78104
v -0.17312 1.3922 3.78239
v -0.16694 1.38504 3.78239
v -0.1681 1.3845 3.78177
v -0.17079 1.39329 3.78239
v -0.17196 1.39274 3.78177
v -0.16633 1.38376 3.78018
v -0.1675 1.38321 3.77981
v -0.16694 1.38504 3.78239
v -0.1681 1.3845 3.78177
v -0.16927 1.38396 3.78239
v -0.16866 1.38267 3.78018
v -0.1573 1.36443 3.78018
v -0.15847 1.36389 3.77981
v -0.16633 1.38376 3.78018
v -0.1675 1.38321 3.77981
v -0.1573 1.36443 3.78533
v -0.15841 1.36376 3.78435
v -0.1573 1.36443 3.78018
v -0.15963 1.36334 3.78018
v -0.15847 1.36389 3.77981
v -0.15963 1.36334 3.78533
v -0.17302 1.39805 3.78496
v -0.17418 1.39751 3.78435
v -0.1573 1.36443 3.78533
v -0.15841 1.36376 3.78435
v -0.16224 1.375 3.78288
v -0.16457 1.37391 3.78288
v -0.16573 1.38247 3.78288
v -0.16806 1.38138 3.78288
v -0.16224 1.375 3.78042
v -0.16457 1.37391 3.78042
v -0.16224 1.375 3.78288
v -0.16457 1.37391 3.78288
v -0.16573 1.38247 3.78042
v -0.16806 1.38138 3.78042
v -0.16224 1.375 3.78042
v -0.16457 1.37391 3.78042
v -0.16573 1.38247 3.78288
v -0.16806 1.38138 3.78288
v -0.16573 1.38247 3.78042
v -0.16806 1.38138 3.78042
v -0.15851 1.36701 3.78288
v -0.16083 1.36592 3.78288
v -0.1614 1.37319 3.78288
v -0.16373 1.3721 3.78288
v -0.15851 1.36701 3.78042
v -0.16083 1.36592 3.78042
v -0.15851 1.36701 3.78288
v -0.16083 1.36592 3.78288
v -0.1614 1.37319 3.78042
v -0.16373 1.3721 3.78042
v -0.15851 1.36701 3.78042
v -0.16083 1.36592 3.78042
v -0.1614 1.37319 3.78288
v -0.16373 1.3721 3.78288
v -0.1614 1.37319 3.78042
v -0.16373 1.3721 3.78042
v -0.1614 1.37319 3.78042
v -0.15851 1.36701 3.78042
v -0.1614 1.37319 3.78288
v -0.15851 1.36701 3.78288
v -0.16224 1.375 3.78042
v -0.16224 1.375 3.78288
v -0.16573 1.38247 3.78042
v -0.1573 1.36443 3.78018
v -0.1573 1.36443 3.78533
v -0.17302 1.39805 3.78496
v -0.16573 1.38247 3.78288
v -0.17302 1.39805 3.78104
v -0.16633 1.38376 3.78018
v -0.17079 1.39329 3.78239
v -0.16694 1.38504 3.78239
v -0.17133 1.39445 3.78104
v -0.17535 1.39697 3.78104
v -0.17535 1.39697 3.78496
v -0.17366 1.39336 3.78104
v -0.16806 1.38138 3.78288
v -0.15963 1.36334 3.78018
v -0.16373 1.3721 3.78288
v -0.15963 1.36334 3.78533
v -0.16083 1.36592 3.78042
v -0.16083 1.36592 3.78288
v -0.16866 1.38267 3.78018
v -0.16927 1.38396 3.78239
v -0.17312 1.3922 3.78239
v -0.16373 1.3721 3.78042
v -0.16806 1.38138 3.78042
v -0.16457 1.37391 3.78042
v -0.16457 1.37391 3.78288
v -0.17366 1.39336 3.78104
v -0.1725 1.3939 3.78067
v -0.17535 1.39697 3.78104
v -0.17418 1.39751 3.78067
v -0.16927 1.38396 3.78239
v -0.1681 1.3845 3.78177
v -0.17312 1.3922 3.78239
v -0.17196 1.39274 3.78177
v -0.15963 1.36334 3.78018
v -0.15847 1.36389 3.77981
v -0.16866 1.38267 3.78018
v -0.1675 1.38321 3.77981
v -0.17535 1.39697 3.78496
v -0.17418 1.39751 3.78435
v -0.15963 1.36334 3.78533
v -0.15841 1.36376 3.78435
v -0.17335 1.39366 3.78288
v -0.17335 1.39366 3.78177
v -0.17256 1.39403 3.78275
v -0.17182 1.39438 3.78177
v -0.17182 1.39438 3.78288
v -0.17256 1.39403 3.78177
v -0.17418 1.39751 3.78067
v -0.17498 1.39714 3.78177
v -0.17535 1.39697 3.78104
v -0.17498 1.39714 3.78288
v -0.17418 1.39751 3.78177
v -0.17302 1.39805 3.78104
v -0.17345 1.39785 3.78177
v -0.17302 1.39805 3.78496
v -0.17345 1.39785 3.78288
v -0.17418 1.39751 3.78435
v -0.17418 1.39751 3.78275
v -0.17535 1.39697 3.78496
v -0.17498 1.39714 3.78177
v -0.17418 1.39751 3.78177
v -0.17335 1.39366 3.78177
v -0.17256 1.39403 3.78177
v -0.17345 1.39785 3.78177
v -0.17182 1.39438 3.78177
v -0.17498 1.39714 3.78288
v -0.17335 1.39366 3.78288
v -0.17498 1.39714 3.78177
v -0.17335 1.39366 3.78177
v -0.17335 1.39366 3.78288
v -0.17498 1.39714 3.78288
v -0.17256 1.39403 3.78275
v -0.17418 1.39751 3.78275
v -0.17182 1.39438 3.78288
v -0.17345 1.39785 3.78288
v -0.17345 1.39785 3.78177
v -0.17182 1.39438 3.78177
v -0.17345 1.39785 3.78288
v -0.17182 1.39438 3.78288
v -0.17418 1.39751 3.79269
v -0.1725 1.3939 3.79269
v -0.17302 1.39805 3.79244
v -0.17133 1.39445 3.79244
v -0.17079 1.39329 3.79097
v -0.17133 1.39445 3.79244
v -0.17196 1.39274 3.79159
v -0.1725 1.3939 3.79269
v -0.17366 1.39336 3.79244
v -0.17312 1.3922 3.79097
v -0.17196 1.39274 3.79159
v -0.17079 1.39329 3.79097
v -0.1681 1.3845 3.79159
v -0.16694 1.38504 3.79097
v -0.16633 1.38376 3.79318
v -0.1675 1.38321 3.79355
v -0.16694 1.38504 3.79097
v -0.1681 1.3845 3.79159
v -0.16927 1.38396 3.79097
v -0.16866 1.38267 3.79318
v -0.1675 1.38321 3.79355
v -0.16633 1.38376 3.79318
v -0.15847 1.36389 3.79355
v -0.1573 1.36443 3.79318
v -0.15847 1.36389 3.79355
v -0.1573 1.36443 3.79318
v -0.15963 1.36334 3.79318
v -0.15841 1.36376 3.78901
v -0.15963 1.36334 3.78803
v -0.1573 1.36443 3.78803
v -0.15841 1.36376 3.78901
v -0.1573 1.36443 3.78803
v -0.17418 1.39751 3.78901
v -0.17302 1.39805 3.78852
v -0.16806 1.38138 3.7906
v -0.16573 1.38247 3.7906
v -0.16457 1.37391 3.7906
v -0.16224 1.375 3.7906
v -0.16457 1.37391 3.7906
v -0.16224 1.375 3.7906
v -0.16457 1.37391 3.79294
v -0.16224 1.375 3.79294
v -0.16457 1.37391 3.79294
v -0.16224 1.375 3.79294
v -0.16806 1.38138 3.79294
v -0.16573 1.38247 3.79294
v -0.16806 1.38138 3.79294
v -0.16573 1.38247 3.79294
v -0.16806 1.38138 3.7906
v -0.16573 1.38247 3.7906
v -0.16373 1.3721 3.7906
v -0.1614 1.37319 3.7906
v -0.16083 1.36592 3.7906
v -0.15851 1.36701 3.7906
v -0.16083 1.36592 3.7906
v -0.15851 1.36701 3.7906
v -0.16083 1.36592 3.79294
v -0.15851 1.36701 3.79294
v -0.16083 1.36592 3.79294
v -0.15851 1.36701 3.79294
v -0.16373 1.3721 3.79294
v -0.1614 1.37319 3.79294
v -0.16373 1.3721 3.79294
v -0.1614 1.37319 3.79294
v -0.16373 1.3721 3.7906
v -0.1614 1.37319 3.7906
v -0.17302 1.39805 3.79244
v -0.17302 1.39805 3.78852
v -0.17133 1.39445 3.79244
v -0.16573 1.38247 3.7906
v -0.1573 1.36443 3.79318
v -0.1614 1.37319 3.7906
v -0.1573 1.36443 3.78803
v -0.15851 1.36701 3.79294
v -0.15851 1.36701 3.7906
v -0.16633 1.38376 3.79318
v -0.16694 1.38504 3.79097
v -0.17079 1.39329 3.79097
v -0.1614 1.37319 3.79294
v -0.16573 1.38247 3.79294
v -0.16224 1.375 3.79294
v -0.16224 1.375 3.7906
v -0.16373 1.3721 3.79294
v -0.16373 1.3721 3.7906
v -0.16083 1.36592 3.79294
v -0.16083 1.36592 3.7906
v -0.16457 1.37391 3.79294
v -0.16806 1.38138 3.79294
v -0.16457 1.37391 3.7906
v -0.16806 1.38138 3.7906
v -0.17535 1.39697 3.78852
v -0.17535 1.39697 3.79244
v -0.16866 1.38267 3.79318
v -0.17312 1.3922 3.79097
v -0.16927 1.38396 3.79097
v -0.15963 1.36334 3.78803
v -0.15963 1.36334 3.79318
v -0.17366 1.39336 3.79244
v -0.17418 1.39751 3.79269
v -0.1725 1.3939 3.79269
v -0.17535 1.39697 3.79244
v -0.17366 1.39336 3.79244
v -0.17196 1.39274 3.79159
v -0.1681 1.3845 3.79159
v -0.17312 1.3922 3.79097
v -0.16927 1.38396 3.79097
v -0.1675 1.38321 3.79355
v -0.15847 1.36389 3.79355
v -0.16866 1.38267 3.79318
v -0.15963 1.36334 3.79318
v -0.15841 1.36376 3.78901
v -0.17418 1.39751 3.78901
v -0.15963 1.36334 3.78803
v -0.17535 1.39697 3.78852
v -0.17256 1.39403 3.79171
v -0.17335 1.39366 3.79159
v -0.17182 1.39438 3.79159
v -0.17256 1.39403 3.7906
v -0.17182 1.39438 3.79048
v -0.17335 1.39366 3.79048
v -0.17498 1.39714 3.79159
v -0.17418 1.39751 3.79171
v -0.17418 1.39751 3.79269
v -0.17302 1.39805 3.79244
v -0.17535 1.39697 3.79244
v -0.17498 1.39714 3.79048
v -0.17535 1.39697 3.78852
v -0.17418 1.39751 3.7906
v -0.17418 1.39751 3.78901
v -0.17345 1.39785 3.79048
v -0.17302 1.39805 3.78852
v -0.17345 1.39785 3.79159
v -0.17498 1.39714 3.79159
v -0.17418 1.39751 3.79171
v -0.17335 1.39366 3.79159
v -0.17256 1.39403 3.79171
v -0.17345 1.39785 3.79159
v -0.17182 1.39438 3.79159
v -0.17335 1.39366 3.79159
v -0.17498 1.39714 3.79159
v -0.17335 1.39366 3.79048
v -0.17498 1.39714 3.79048
v -0.17335 1.39366 3.79048
v -0.17498 1.39714 3.79048
v -0.17256 1.39403 3.7906
v -0.17418 1.39751 3.7906
v -0.17182 1.39438 3.79048
v -0.17345 1.39785 3.79048
v -0.17182 1.39438 3.79048
v -0.17345 1.39785 3.79048
v -0.17182 1.39438 3.79159
v -0.17345 1.39785 3.79159
v -0.08749 1.44165 3.54563
v -0.08744 1.25095 3.54563
v -0.08609 1.44168 3.54502
v -0.08604 1.25098 3.54502
v -0.08749 1.2346 3.54845
v -0.08603 1.23435 3.54796
v -0.08749 1.2164 3.55348
v -0.08603 1.21614 3.55287
v -0.0875 1.1974 3.56109
v -0.08604 1.19714 3.5606
v -0.08744 1.17859 3.57176
v -0.0861 1.17827 3.57127
v -0.08744 1.16085 3.58599
v -0.08604 1.16041 3.58562
v -0.08749 1.14545 3.60427
v -0.08602 1.14488 3.6039
v -0.08745 1.13306 3.62696
v -0.08605 1.13246 3.62672
v -0.08744 1.1249 3.65456
v -0.08604 1.1243 3.65444
v -0.08746 1.12191 3.68744
v -0.08606 1.12131 3.68744
v -0.08816 1.12661 3.71921
v -0.0867 1.12604 3.71946
v -0.09021 1.13993 3.7435
v -0.08887 1.13962 3.74399
v -0.09392 1.16081 3.76116
v -0.09264 1.16062 3.7619
v -0.09948 1.18772 3.77331
v -0.0982 1.18769 3.77417
v -0.10696 1.21938 3.78104
v -0.10568 1.21951 3.78189
v -0.11668 1.25471 3.78533
v -0.11546 1.25496 3.78619
v -0.12877 1.29238 3.78717
v -0.12754 1.2928 3.78803
v -0.14347 1.33134 3.78766
v -0.14225 1.33176 3.78852
v -0.16087 1.37014 3.78766
v -0.1597 1.37069 3.78852
v -0.0881 1.44168 3.54698
v -0.08749 1.44165 3.54563
v -0.08805 1.25114 3.54698
v -0.08744 1.25095 3.54563
v -0.08804 1.23482 3.5498
v -0.08749 1.2346 3.54845
v -0.08804 1.21677 3.55483
v -0.08749 1.2164 3.55348
v -0.08805 1.19793 3.56232
v -0.0875 1.1974 3.56109
v -0.08805 1.1794 3.57299
v -0.08744 1.17859 3.57176
v -0.08805 1.16182 3.58697
v -0.08744 1.16085 3.58599
v -0.08809 1.14658 3.605
v -0.08749 1.14545 3.60427
v -0.08805 1.13435 3.62745
v -0.08745 1.13306 3.62696
v -0.08804 1.12635 3.65481
v -0.08744 1.1249 3.65456
v -0.08806 1.12336 3.68744
v -0.08746 1.12191 3.68744
v -0.0887 1.12792 3.71872
v -0.08816 1.12661 3.71921
v -0.09075 1.14109 3.74252
v -0.09021 1.13993 3.7435
v -0.0944 1.16152 3.75994
v -0.09392 1.16081 3.76116
v -0.0999 1.18815 3.77196
v -0.09948 1.18772 3.77331
v -0.10733 1.21952 3.77956
v -0.10696 1.21938 3.78104
v -0.11699 1.25472 3.78386
v -0.11668 1.25471 3.78533
v -0.12907 1.29239 3.7857
v -0.12877 1.29238 3.78717
v -0.14372 1.33123 3.78607
v -0.14347 1.33134 3.78766
v -0.16111 1.37003 3.78619
v -0.16087 1.37014 3.78766
v -0.08749 1.44165 3.54845
v -0.0881 1.44168 3.54698
v -0.0875 1.25124 3.54845
v -0.08805 1.25114 3.54698
v -0.08743 1.23511 3.55128
v -0.08804 1.23482 3.5498
v -0.08743 1.21721 3.55618
v -0.08804 1.21677 3.55483
v -0.08749 1.19866 3.56366
v -0.08805 1.19793 3.56232
v -0.08749 1.18013 3.57409
v -0.08805 1.1794 3.57299
v -0.08749 1.16287 3.58808
v -0.08805 1.16182 3.58697
v -0.08747 1.14781 3.60586
v -0.08809 1.14658 3.605
v -0.08749 1.13571 3.62807
v -0.08805 1.13435 3.62745
v -0.08748 1.12771 3.65505
v -0.08804 1.12635 3.65481
v -0.08744 1.12475 3.68732
v -0.08806 1.12336 3.68744
v -0.08808 1.12931 3.71823
v -0.0887 1.12792 3.71872
v -0.09007 1.1422 3.74166
v -0.09075 1.14109 3.74252
v -0.09373 1.16231 3.75883
v -0.0944 1.16152 3.75994
v -0.09911 1.18868 3.77073
v -0.0999 1.18815 3.77196
v -0.10659 1.22002 3.77834
v -0.10733 1.21952 3.77956
v -0.11619 1.25509 3.78251
v -0.11699 1.25472 3.78386
v -0.12822 1.29264 3.78435
v -0.12907 1.29239 3.7857
v -0.14286 1.33147 3.78484
v -0.14372 1.33123 3.78607
v -0.16032 1.3704 3.78496
v -0.16111 1.37003 3.78619
v -0.08609 1.44168 3.54907
v -0.08749 1.44165 3.54845
v -0.08603 1.2513 3.54907
v -0.0875 1.25124 3.54845
v -0.08602 1.23529 3.55177
v -0.08743 1.23511 3.55128
v -0.08602 1.2174 3.55667
v -0.08743 1.21721 3.55618
v -0.08602 1.19887 3.56416
v -0.08749 1.19866 3.56366
v -0.08609 1.18048 3.57458
v -0.08749 1.18013 3.57409
v -0.08602 1.16324 3.58844
v -0.08749 1.16287 3.58808
v -0.086 1.14818 3.60623
v -0.08747 1.14781 3.60586
v -0.08602 1.13624 3.62831
v -0.08749 1.13571 3.62807
v -0.08601 1.12824 3.65518
v -0.08748 1.12771 3.65505
v -0.08609 1.12538 3.68732
v -0.08744 1.12475 3.68732
v -0.08668 1.12981 3.71811
v -0.08808 1.12931 3.71823
v -0.08867 1.1427 3.74141
v -0.09007 1.1422 3.74166
v -0.09232 1.16281 3.75859
v -0.09373 1.16231 3.75883
v -0.09764 1.18905 3.77049
v -0.09911 1.18868 3.77073
v -0.10512 1.2204 3.77809
v -0.10659 1.22002 3.77834
v -0.11478 1.25559 3.78226
v -0.11619 1.25509 3.78251
v -0.12681 1.29314 3.7841
v -0.12822 1.29264 3.78435
v -0.14151 1.3321 3.78459
v -0.14286 1.33147 3.78484
v -0.15897 1.37103 3.78459
v -0.16032 1.3704 3.78496
v -0.08462 1.44158 3.54845
v -0.08609 1.44168 3.54907
v -0.08463 1.25117 3.54845
v -0.08603 1.2513 3.54907
v -0.08462 1.23516 3.55128
v -0.08602 1.23529 3.55177
v -0.08462 1.21727 3.55618
v -0.08602 1.2174 3.55667
v -0.08462 1.19859 3.56366
v -0.08602 1.19887 3.56416
v -0.08468 1.18019 3.57409
v -0.08609 1.18048 3.57458
v -0.08468 1.16293 3.58808
v -0.08602 1.16324 3.58844
v -0.08466 1.14771 3.60586
v -0.086 1.14818 3.60623
v -0.08462 1.13564 3.62807
v -0.08602 1.13624 3.62831
v -0.08461 1.12764 3.65505
v -0.08601 1.12824 3.65518
v -0.08463 1.12481 3.68744
v -0.08609 1.12538 3.68732
v -0.08527 1.12937 3.71835
v -0.08668 1.12981 3.71811
v -0.08726 1.14225 3.74203
v -0.08867 1.1427 3.74141
v -0.09097 1.16265 3.7592
v -0.09232 1.16281 3.75859
v -0.09641 1.18915 3.77122
v -0.09764 1.18905 3.77049
v -0.10384 1.22053 3.77883
v -0.10512 1.2204 3.77809
v -0.11356 1.25585 3.78312
v -0.11478 1.25559 3.78226
v -0.12558 1.29356 3.78496
v -0.12681 1.29314 3.7841
v -0.14035 1.33265 3.78545
v -0.14151 1.3321 3.78459
v -0.1578 1.37158 3.78545
v -0.15897 1.37103 3.78459
v -0.08407 1.44168 3.54698
v -0.08462 1.44158 3.54845
v -0.08408 1.25111 3.54698
v -0.08463 1.25117 3.54845
v -0.08401 1.23482 3.5498
v -0.08462 1.23516 3.55128
v -0.08401 1.21677 3.55483
v -0.08462 1.21727 3.55618
v -0.08407 1.19806 3.56232
v -0.08462 1.19859 3.56366
v -0.08408 1.17938 3.57299
v -0.08468 1.18019 3.57409
v -0.08401 1.16183 3.58697
v -0.08468 1.16293 3.58808
v -0.08406 1.14658 3.605
v -0.08466 1.14771 3.60586
v -0.08402 1.13435 3.62745
v -0.08462 1.13564 3.62807
v -0.08407 1.12632 3.65481
v -0.08461 1.12764 3.65505
v -0.08403 1.12336 3.68744
v -0.08463 1.12481 3.68744
v -0.08467 1.12793 3.71884
v -0.08527 1.12937 3.71835
v -0.08678 1.14122 3.74289
v -0.08726 1.14225 3.74203
v -0.09049 1.16194 3.76055
v -0.09097 1.16265 3.7592
v -0.09599 1.18872 3.77269
v -0.09641 1.18915 3.77122
v -0.10347 1.22038 3.78042
v -0.10384 1.22053 3.77883
v -0.11325 1.25584 3.78459
v -0.11356 1.25585 3.78312
v -0.12534 1.29367 3.78643
v -0.12558 1.29356 3.78496
v -0.14004 1.33263 3.78692
v -0.14035 1.33265 3.78545
v -0.15756 1.37169 3.78705
v -0.1578 1.37158 3.78545
v -0.08462 1.44158 3.54563
v -0.08407 1.44168 3.54698
v -0.08463 1.25101 3.54563
v -0.08408 1.25111 3.54698
v -0.08462 1.23453 3.54845
v -0.08401 1.23482 3.5498
v -0.08462 1.21632 3.55348
v -0.08401 1.21677 3.55483
v -0.08463 1.19733 3.56109
v -0.08407 1.19806 3.56232
v -0.08463 1.17849 3.57176
v -0.08408 1.17938 3.57299
v -0.08463 1.16091 3.58599
v -0.08401 1.16183 3.58697
v -0.08461 1.14538 3.60427
v -0.08406 1.14658 3.605
v -0.08464 1.13312 3.62696
v -0.08402 1.13435 3.62745
v -0.08463 1.12496 3.65456
v -0.08407 1.12632 3.65481
v -0.08465 1.12197 3.68744
v -0.08403 1.12336 3.68744
v -0.08529 1.12654 3.71933
v -0.08467 1.12793 3.71884
v -0.0874 1.14015 3.74374
v -0.08678 1.14122 3.74289
v -0.09111 1.16102 3.76165
v -0.09049 1.16194 3.76055
v -0.09673 1.18806 3.77392
v -0.09599 1.18872 3.77269
v -0.10427 1.22001 3.78165
v -0.10347 1.22038 3.78042
v -0.11405 1.25547 3.78594
v -0.11325 1.25584 3.78459
v -0.12613 1.2933 3.78778
v -0.12534 1.29367 3.78643
v -0.1409 1.33239 3.78815
v -0.14004 1.33263 3.78692
v -0.15835 1.37132 3.78827
v -0.15756 1.37169 3.78705
v -0.08609 1.44168 3.54502
v -0.08462 1.44158 3.54563
v -0.08604 1.25098 3.54502
v -0.08463 1.25101 3.54563
v -0.08603 1.23435 3.54796
v -0.08462 1.23453 3.54845
v -0.08603 1.21614 3.55287
v -0.08462 1.21632 3.55348
v -0.08604 1.19714 3.5606
v -0.08463 1.19733 3.56109
v -0.0861 1.17827 3.57127
v -0.08463 1.17849 3.57176
v -0.08604 1.16041 3.58562
v -0.08463 1.16091 3.58599
v -0.08602 1.14488 3.6039
v -0.08461 1.14538 3.60427
v -0.08605 1.13246 3.62672
v -0.08464 1.13312 3.62696
v -0.08604 1.1243 3.65444
v -0.08463 1.12496 3.65456
v -0.08606 1.12131 3.68744
v -0.08465 1.12197 3.68744
v -0.0867 1.12604 3.71946
v -0.08529 1.12654 3.71933
v -0.08887 1.13962 3.74399
v -0.0874 1.14015 3.74374
v -0.09264 1.16062 3.7619
v -0.09111 1.16102 3.76165
v -0.0982 1.18769 3.77417
v -0.09673 1.18806 3.77392
v -0.10568 1.21951 3.78189
v -0.10427 1.22001 3.78165
v -0.11546 1.25496 3.78619
v -0.11405 1.25547 3.78594
v -0.12754 1.2928 3.78803
v -0.12613 1.2933 3.78778
v -0.14225 1.33176 3.78852
v -0.1409 1.33239 3.78815
v -0.1597 1.37069 3.78852
v -0.15835 1.37132 3.78827
v -0.0881 1.44168 3.54698
v -0.08749 1.44165 3.54845
v -0.08749 1.44165 3.54563
v -0.08609 1.44168 3.54907
v -0.08462 1.44158 3.54845
v -0.08407 1.44168 3.54698
v -0.08462 1.44158 3.54563
v -0.08609 1.44168 3.54502
v -0.16087 1.37014 3.78766
v -0.16111 1.37003 3.78619
v -0.1597 1.37069 3.78852
v -0.16032 1.3704 3.78496
v -0.15756 1.37169 3.78705
v -0.1578 1.37158 3.78545
v -0.15897 1.37103 3.78459
v -0.15835 1.37132 3.78827
vn 0.344 0.163 0.925
vn 0.002 0.001 1
vn 0.002 0.001 1
vn -0.344 -0.165 0.924
vn 0.344 0.163 0.925
vn 0.639 0.301 0.708
vn 0.639 0.301 0.708
vn 0.835 0.395 0.383
vn 0.835 0.395 0.383
vn 0.906 0.424 0
vn 0.906 0.424 0
vn 0.835 0.395 -0.383
vn 0.835 0.395 -0.383
vn 0.639 0.301 -0.708
vn 0.639 0.301 -0.708
vn 0.344 0.163 -0.925
vn 0.344 0.163 -0.925
vn -0.002 -0.001 -1
vn -0.002 -0.001 -1
vn -0.344 -0.165 -0.924
vn -0.344 -0.165 -0.924
vn -0.638 -0.303 -0.708
vn -0.638 -0.303 -0.708
vn -0.837 -0.391 -0.383
vn -0.837 -0.391 -0.383
vn -0.906 -0.424 0
vn -0.906 -0.424 0
vn -0.837 -0.391 0.383
vn -0.837 -0.391 0.383
vn -0.638 -0.303 0.708
vn -0.638 -0.303 0.708
vn -0.344 -0.165 0.924
vn -0.127 0.819 0.56
vn -0.335 0.722 0.605
vn -0.335 0.722 0.605
vn -0.547 0.623 0.56
vn -0.127 0.819 0.56
vn 0.047 0.903 0.428
vn 0.047 0.903 0.428
vn 0.168 0.958 0.231
vn 0.168 0.958 0.231
vn 0.21 0.978 0
vn 0.21 0.978 0
vn 0.168 0.958 -0.231
vn 0.168 0.958 -0.231
vn 0.047 0.903 -0.428
vn 0.047 0.903 -0.428
vn -0.127 0.819 -0.56
vn -0.127 0.819 -0.56
vn -0.339 0.721 -0.605
vn -0.339 0.721 -0.605
vn -0.547 0.623 -0.56
vn -0.547 0.623 -0.56
vn -0.723 0.543 -0.427
vn -0.723 0.543 -0.427
vn -0.843 0.486 -0.231
vn -0.843 0.486 -0.231
vn -0.885 0.466 0
vn -0.885 0.466 0
vn -0.843 0.486 0.231
vn -0.843 0.486 0.231
vn -0.723 0.543 0.427
vn -0.723 0.543 0.427
vn -0.547 0.623 0.56
vn 0.517 -0.342 0.785
vn 0.224 -0.474 0.852
vn 0.224 -0.474 0.852
vn -0.071 -0.614 0.786
vn 0.517 -0.342 0.785
vn 0.766 -0.221 0.603
vn 0.766 -0.221 0.603
vn 0.934 -0.145 0.327
vn 0.934 -0.145 0.327
vn 0.993 -0.117 0
vn 0.993 -0.117 0
vn 0.934 -0.145 -0.327
vn 0.934 -0.145 -0.327
vn 0.766 -0.221 -0.603
vn 0.766 -0.221 -0.603
vn 0.517 -0.342 -0.785
vn 0.517 -0.342 -0.785
vn 0.22 -0.475 -0.852
vn 0.22 -0.475 -0.852
vn -0.071 -0.614 -0.786
vn -0.071 -0.614 -0.786
vn -0.321 -0.733 -0.6
vn -0.321 -0.733 -0.6
vn -0.488 -0.81 -0.326
vn -0.488 -0.81 -0.326
vn -0.547 -0.837 0
vn -0.547 -0.837 0
vn -0.488 -0.81 0.326
vn -0.488 -0.81 0.326
vn -0.321 -0.733 0.6
vn -0.321 -0.733 0.6
vn -0.071 -0.614 0.786
vn -0.088 0.785 0.614
vn -0.315 0.679 0.663
vn -0.315 0.679 0.663
vn -0.546 0.571 0.614
vn -0.088 0.785 0.614
vn 0.108 0.875 0.473
vn 0.108 0.875 0.473
vn 0.236 0.938 0.252
vn 0.236 0.938 0.252
vn 0.286 0.958 0
vn 0.286 0.958 0
vn 0.236 0.938 -0.252
vn 0.236 0.938 -0.252
vn 0.108 0.875 -0.473
vn 0.108 0.875 -0.473
vn -0.088 0.785 -0.614
vn -0.088 0.785 -0.614
vn -0.319 0.677 -0.663
vn -0.319 0.677 -0.663
vn -0.546 0.571 -0.614
vn -0.546 0.571 -0.614
vn -0.74 0.478 -0.472
vn -0.74 0.478 -0.472
vn -0.871 0.421 -0.252
vn -0.871 0.421 -0.252
vn -0.919 0.395 0
vn -0.919 0.395 0
vn -0.871 0.421 0.252
vn -0.871 0.421 0.252
vn -0.74 0.478 0.472
vn -0.74 0.478 0.472
vn -0.546 0.571 0.614
vn 0.344 0.163 0.925
vn 0.002 0.001 1
vn 0.002 0.001 1
vn -0.344 -0.165 0.924
vn 0.344 0.163 0.925
vn 0.639 0.301 0.708
vn 0.639 0.301 0.708
vn 0.835 0.395 0.383
vn 0.835 0.395 0.383
vn 0.906 0.424 0
vn 0.906 0.424 0
vn 0.835 0.395 -0.383
vn 0.835 0.395 -0.383
vn 0.639 0.301 -0.708
vn 0.639 0.301 -0.708
vn 0.344 0.163 -0.925
vn 0.344 0.163 -0.925
vn -0.002 -0.001 -1
vn -0.002 -0.001 -1
vn -0.344 -0.165 -0.924
vn -0.344 -0.165 -0.924
vn -0.638 -0.303 -0.708
vn -0.638 -0.303 -0.708
vn -0.837 -0.391 -0.383
vn -0.837 -0.391 -0.383
vn -0.906 -0.424 0
vn -0.906 -0.424 0
vn -0.837 -0.391 0.383
vn -0.837 -0.391 0.383
vn -0.638 -0.303 0.708
vn -0.638 -0.303 0.708
vn -0.344 -0.165 0.924
vn 0.081 0.602 0.795
vn -0.214 0.464 0.86
vn -0.214 0.464 0.86
vn -0.514 0.325 0.794
vn 0.081 0.602 0.795
vn 0.335 0.718 0.61
vn 0.335 0.718 0.61
vn 0.505 0.798 0.329
vn 0.505 0.798 0.329
vn 0.565 0.825 0
vn 0.565 0.825 0
vn 0.505 0.798 -0.329
vn 0.505 0.798 -0.329
vn 0.335 0.718 -0.61
vn 0.335 0.718 -0.61
vn 0.081 0.602 -0.795
vn 0.081 0.602 -0.795
vn -0.218 0.462 -0.86
vn -0.218 0.462 -0.86
vn -0.514 0.325 -0.794
vn -0.514 0.325 -0.794
vn -0.767 0.205 -0.609
vn -0.767 0.205 -0.609
vn -0.936 0.125 -0.328
vn -0.936 0.125 -0.328
vn -0.995 0.096 0
vn -0.995 0.096 0
vn -0.936 0.125 0.328
vn -0.936 0.125 0.328
vn -0.767 0.205 0.609
vn -0.767 0.205 0.609
vn -0.514 0.325 0.794
vn 0.531 -0.751 0.393
vn 0.386 -0.819 0.424
vn 0.386 -0.819 0.424
vn 0.236 -0.889 0.393
vn 0.531 -0.751 0.393
vn 0.655 -0.695 0.297
vn 0.655 -0.695 0.297
vn 0.736 -0.656 0.165
vn 0.736 -0.656 0.165
vn 0.768 -0.64 0.004
vn 0.768 -0.64 0.004
vn 0.736 -0.656 -0.165
vn 0.736 -0.656 -0.165
vn 0.655 -0.695 -0.297
vn 0.655 -0.695 -0.297
vn 0.531 -0.751 -0.393
vn 0.531 -0.751 -0.393
vn 0.382 -0.821 -0.424
vn 0.382 -0.821 -0.424
vn 0.236 -0.889 -0.393
vn 0.236 -0.889 -0.393
vn 0.113 -0.948 -0.297
vn 0.113 -0.948 -0.297
vn 0.031 -0.986 -0.161
vn 0.031 -0.986 -0.161
vn -0.002 -1 0
vn -0.002 -1 0
vn 0.031 -0.986 0.161
vn 0.031 -0.986 0.161
vn 0.113 -0.948 0.297
vn 0.113 -0.948 0.297
vn 0.236 -0.889 0.393
vn 0.344 0.163 0.925
vn 0.002 0.001 1
vn 0.002 0.001 1
vn -0.344 -0.165 0.924
vn 0.344 0.163 0.925
vn 0.639 0.301 0.708
vn 0.639 0.301 0.708
vn 0.835 0.395 0.383
vn 0.835 0.395 0.383
vn 0.906 0.424 0
vn 0.906 0.424 0
vn 0.835 0.395 -0.383
vn 0.835 0.395 -0.383
vn 0.639 0.301 -0.708
vn 0.639 0.301 -0.708
vn 0.344 0.163 -0.925
vn 0.344 0.163 -0.925
vn -0.002 -0.001 -1
vn -0.002 -0.001 -1
vn -0.344 -0.165 -0.924
vn -0.344 -0.165 -0.924
vn -0.638 -0.303 -0.708
vn -0.638 -0.303 -0.708
vn -0.837 -0.391 -0.383
vn -0.837 -0.391 -0.383
vn -0.906 -0.424 0
vn -0.906 -0.424 0
vn -0.837 -0.391 0.383
vn -0.837 -0.391 0.383
vn -0.638 -0.303 0.708
vn -0.638 -0.303 0.708
vn -0.344 -0.165 0.924
vn -0.425 0.905 0
vn -0.425 0.905 0
vn -0.425 0.905 0
vn -0.425 0.905 0
vn -0.425 0.905 0
vn -0.425 0.905 0
vn -0.425 0.905 0
vn -0.425 0.905 0
vn -0.425 0.905 0
vn -0.425 0.905 0
vn -0.425 0.905 0
vn -0.425 0.905 0
vn -0.425 0.905 0
vn -0.425 0.905 0
vn -0.425 0.905 0
vn -0.425 0.905 0
vn -0.425 0.905 0
vn -0.425 0.905 0
vn -0.425 0.905 0
vn -0.425 0.905 0
vn -0.425 0.905 0
vn -0.425 0.905 0
vn -0.425 0.905 0
vn -0.425 0.905 0
vn -0.425 0.905 0
vn -0.425 0.905 0
vn -0.425 0.905 0
vn -0.425 0.905 0
vn -0.425 0.905 0
vn -0.425 0.905 0
vn -0.425 0.905 0
vn -0.425 0.905 0
vn 0.344 0.163 0.925
vn -0.002 -0.001 1
vn -0.002 -0.001 1
vn -0.344 -0.165 0.924
vn 0.344 0.163 0.925
vn 0.639 0.301 0.708
vn 0.639 0.301 0.708
vn 0.835 0.395 0.383
vn 0.835 0.395 0.383
vn 0.906 0.424 0
vn 0.906 0.424 0
vn 0.835 0.395 -0.383
vn 0.835 0.395 -0.383
vn 0.639 0.301 -0.708
vn 0.639 0.301 -0.708
vn 0.344 0.163 -0.925
vn 0.344 0.163 -0.925
vn -0.002 -0.001 -1
vn -0.002 -0.001 -1
vn -0.344 -0.165 -0.924
vn -0.344 -0.165 -0.924
vn -0.638 -0.303 -0.708
vn -0.638 -0.303 -0.708
vn -0.837 -0.391 -0.383
vn -0.837 -0.391 -0.383
vn -0.906 -0.424 0
vn -0.906 -0.424 0
vn -0.837 -0.391 0.383
vn -0.837 -0.391 0.383
vn -0.638 -0.303 0.708
vn -0.638 -0.303 0.708
vn -0.344 -0.165 0.924
vn 0.545 -0.549 0.634
vn 0.306 -0.661 0.685
vn 0.306 -0.661 0.685
vn 0.071 -0.769 0.636
vn 0.545 -0.549 0.634
vn 0.747 -0.455 0.485
vn 0.747 -0.455 0.485
vn 0.883 -0.39 0.259
vn 0.883 -0.39 0.259
vn 0.93 -0.367 0
vn 0.93 -0.367 0
vn 0.883 -0.39 -0.259
vn 0.883 -0.39 -0.259
vn 0.747 -0.455 -0.485
vn 0.747 -0.455 -0.485
vn 0.545 -0.549 -0.634
vn 0.545 -0.549 -0.634
vn 0.306 -0.661 -0.685
vn 0.306 -0.661 -0.685
vn 0.071 -0.769 -0.636
vn 0.071 -0.769 -0.636
vn -0.13 -0.864 -0.487
vn -0.13 -0.864 -0.487
vn -0.267 -0.928 -0.259
vn -0.267 -0.928 -0.259
vn -0.315 -0.949 -0.004
vn -0.315 -0.949 0.004
vn -0.267 -0.928 0.259
vn -0.267 -0.928 0.259
vn -0.13 -0.864 0.487
vn -0.13 -0.864 0.487
vn 0.071 -0.769 0.636
vn -0.425 0.905 0
vn -0.425 0.905 0
vn -0.425 0.905 0
vn -0.425 0.905 0
vn -0.425 0.905 0
vn -0.425 0.905 0
vn -0.425 0.905 0
vn -0.425 0.905 0
vn -0.425 0.905 0
vn -0.425 0.905 0
vn -0.425 0.905 0
vn -0.425 0.905 0
vn -0.425 0.905 0
vn -0.425 0.905 0
vn -0.425 0.905 0
vn -0.425 0.905 0
vn 0.422 -0.907 0
vn 0.422 -0.907 0
vn 0.422 -0.907 0
vn 0.422 -0.907 0
vn 0.422 -0.907 0
vn 0.422 -0.907 0
vn 0.422 -0.907 0
vn 0.422 -0.907 0
vn 0.422 -0.907 0
vn 0.422 -0.907 0
vn 0.422 -0.907 0
vn 0.422 -0.907 0
vn 0.422 -0.907 0
vn 0.422 -0.907 0
vn 0.422 -0.907 0
vn 0.422 -0.907 0
vn 0.002 0.001 -1
vn 0.002 0.001 -1
vn 0.002 0.001 -1
vn 0.002 0.001 -1
vn -0.425 0.905 0
vn -0.425 0.905 0
vn -0.425 0.905 0
vn -0.425 0.905 0
vn 0.002 0.001 1
vn 0.002 0.001 1
vn 0.002 0.001 1
vn 0.002 0.001 1
vn 0.425 -0.905 0
vn 0.425 -0.905 0
vn 0.425 -0.905 0
vn 0.425 -0.905 0
vn -0.906 -0.424 0
vn -0.906 -0.424 0
vn -0.906 -0.424 0
vn -0.906 -0.424 0
vn 0.906 0.424 0
vn 0.906 0.424 0
vn 0.906 0.424 0
vn 0.906 0.424 0
vn 0.069 -0.142 -0.987
vn 0.069 -0.142 -0.987
vn 0.069 -0.142 -0.987
vn 0.069 -0.142 -0.987
vn 0.403 -0.858 0.319
vn 0.403 -0.858 0.319
vn 0.403 -0.858 0.319
vn 0.403 -0.858 0.319
vn 0.119 -0.249 -0.961
vn 0.119 -0.249 -0.961
vn 0.119 -0.249 -0.961
vn 0.119 -0.249 -0.961
vn -0.164 0.346 -0.924
vn -0.164 0.346 -0.924
vn -0.164 0.346 -0.924
vn -0.164 0.346 -0.924
vn -0.116 0.242 0.963
vn -0.116 0.242 0.963
vn -0.116 0.242 0.963
vn -0.116 0.242 0.963
vn 0.288 -0.61 0.738
vn 0.288 -0.61 0.738
vn 0.288 -0.61 0.738
vn 0.288 -0.61 0.738
vn -0.906 -0.424 0
vn -0.906 -0.424 0
vn -0.906 -0.424 0
vn -0.906 -0.424 0
vn -0.906 -0.424 0
vn -0.906 -0.424 0
vn 0.906 0.424 0
vn 0.906 0.424 0
vn 0.906 0.424 0
vn 0.906 0.424 0
vn 0.906 0.424 0
vn 0.906 0.424 0
vn 0.069 -0.142 0.987
vn 0.069 -0.142 0.987
vn 0.069 -0.142 0.987
vn 0.069 -0.142 0.987
vn 0.403 -0.858 -0.319
vn 0.403 -0.858 -0.319
vn 0.403 -0.858 -0.319
vn 0.403 -0.858 -0.319
vn 0.119 -0.249 0.961
vn 0.119 -0.249 0.961
vn 0.119 -0.249 0.961
vn 0.119 -0.249 0.961
vn -0.164 0.346 0.924
vn -0.164 0.346 0.924
vn -0.164 0.346 0.924
vn -0.164 0.346 0.924
vn -0.116 0.242 -0.963
vn -0.116 0.242 -0.963
vn -0.116 0.242 -0.963
vn -0.116 0.242 -0.963
vn 0.288 -0.61 -0.738
vn 0.288 -0.61 -0.738
vn 0.288 -0.61 -0.738
vn 0.288 -0.61 -0.738
vn -0.906 -0.424 0
vn -0.906 -0.424 0
vn -0.906 -0.424 0
vn -0.906 -0.424 0
vn -0.906 -0.424 0
vn -0.906 -0.424 0
vn 0.906 0.424 0
vn 0.906 0.424 0
vn 0.906 0.424 0
vn 0.906 0.424 0
vn 0.906 0.424 0
vn 0.906 0.424 0
vn -0.386 0.002 -0.923
vn -0.385 -0.066 -0.92
vn -0.386 0.002 -0.923
vn -0.385 -0.066 -0.92
vn -0.382 -0.158 -0.91
vn -0.382 -0.158 -0.91
vn -0.383 -0.223 -0.897
vn -0.383 -0.223 -0.897
vn -0.382 -0.326 -0.865
vn -0.382 -0.326 -0.865
vn -0.383 -0.456 -0.804
vn -0.383 -0.456 -0.804
vn -0.383 -0.599 -0.703
vn -0.383 -0.599 -0.703
vn -0.385 -0.739 -0.553
vn -0.385 -0.739 -0.553
vn -0.385 -0.845 -0.372
vn -0.385 -0.845 -0.372
vn -0.383 -0.905 -0.182
vn -0.383 -0.905 -0.182
vn -0.385 -0.923 0.011
vn -0.385 -0.923 0.011
vn -0.392 -0.886 0.247
vn -0.392 -0.886 0.247
vn -0.411 -0.768 0.492
vn -0.411 -0.768 0.492
vn -0.438 -0.593 0.675
vn -0.438 -0.593 0.675
vn -0.467 -0.436 0.769
vn -0.467 -0.436 0.769
vn -0.489 -0.322 0.81
vn -0.489 -0.322 0.81
vn -0.505 -0.255 0.825
vn -0.505 -0.255 0.825
vn -0.516 -0.223 0.827
vn -0.516 -0.223 0.827
vn -0.516 -0.223 0.827
vn -0.516 -0.223 0.827
vn -0.51 -0.236 0.827
vn -0.51 -0.236 0.827
vn -0.924 0.004 -0.381
vn -0.924 0.004 -0.381
vn -0.923 -0.027 -0.384
vn -0.923 -0.027 -0.384
vn -0.923 -0.064 -0.379
vn -0.923 -0.064 -0.379
vn -0.925 -0.092 -0.37
vn -0.925 -0.092 -0.37
vn -0.924 -0.136 -0.357
vn -0.924 -0.136 -0.357
vn -0.925 -0.187 -0.332
vn -0.925 -0.187 -0.332
vn -0.926 -0.245 -0.288
vn -0.926 -0.245 -0.288
vn -0.926 -0.303 -0.226
vn -0.926 -0.303 -0.226
vn -0.925 -0.349 -0.152
vn -0.925 -0.349 -0.152
vn -0.924 -0.375 -0.075
vn -0.924 -0.375 -0.075
vn -0.925 -0.38 0
vn -0.925 -0.38 0
vn -0.927 -0.369 0.071
vn -0.927 -0.369 0.071
vn -0.932 -0.336 0.139
vn -0.932 -0.336 0.139
vn -0.938 -0.297 0.18
vn -0.938 -0.297 0.18
vn -0.942 -0.274 0.195
vn -0.942 -0.274 0.195
vn -0.943 -0.268 0.196
vn -0.943 -0.268 0.196
vn -0.939 -0.285 0.193
vn -0.939 -0.285 0.193
vn -0.928 -0.319 0.19
vn -0.928 -0.319 0.19
vn -0.91 -0.368 0.188
vn -0.91 -0.368 0.188
vn -0.899 -0.395 0.19
vn -0.899 -0.395 0.19
vn -0.924 0.004 0.381
vn -0.924 0.004 0.381
vn -0.925 0.029 0.378
vn -0.925 0.029 0.378
vn -0.924 0.068 0.375
vn -0.924 0.068 0.375
vn -0.924 0.092 0.371
vn -0.924 0.092 0.371
vn -0.923 0.134 0.361
vn -0.923 0.134 0.361
vn -0.924 0.19 0.331
vn -0.924 0.19 0.331
vn -0.924 0.245 0.292
vn -0.924 0.245 0.292
vn -0.925 0.303 0.23
vn -0.925 0.303 0.23
vn -0.925 0.348 0.15
vn -0.925 0.348 0.15
vn -0.924 0.375 0.075
vn -0.924 0.375 0.075
vn -0.924 0.383 -0.015
vn -0.924 0.383 -0.015
vn -0.923 0.358 -0.142
vn -0.923 0.358 -0.142
vn -0.913 0.285 -0.293
vn -0.913 0.285 -0.293
vn -0.892 0.169 -0.419
vn -0.892 0.169 -0.419
vn -0.868 0.043 -0.494
vn -0.868 0.043 -0.494
vn -0.843 -0.062 -0.534
vn -0.843 -0.062 -0.534
vn -0.822 -0.151 -0.549
vn -0.822 -0.151 -0.549
vn -0.798 -0.227 -0.559
vn -0.798 -0.227 -0.559
vn -0.772 -0.299 -0.561
vn -0.772 -0.299 -0.561
vn -0.76 -0.326 -0.563
vn -0.76 -0.326 -0.563
vn -0.386 0.002 0.923
vn -0.386 0.002 0.923
vn -0.382 0.063 0.922
vn -0.382 0.063 0.922
vn -0.384 0.154 0.91
vn -0.384 0.154 0.91
vn -0.386 0.228 0.894
vn -0.386 0.228 0.894
vn -0.385 0.328 0.863
vn -0.385 0.328 0.863
vn -0.384 0.457 0.802
vn -0.384 0.457 0.802
vn -0.385 0.601 0.701
vn -0.385 0.601 0.701
vn -0.386 0.737 0.555
vn -0.386 0.737 0.555
vn -0.384 0.847 0.369
vn -0.384 0.847 0.369
vn -0.383 0.906 0.18
vn -0.383 0.906 0.18
vn -0.385 0.922 -0.023
vn -0.385 0.922 -0.023
vn -0.377 0.884 -0.276
vn -0.377 0.884 -0.276
vn -0.356 0.747 -0.562
vn -0.356 0.747 -0.562
vn -0.323 0.541 -0.777
vn -0.323 0.541 -0.777
vn -0.286 0.34 -0.896
vn -0.286 0.34 -0.896
vn -0.252 0.184 -0.95
vn -0.252 0.184 -0.95
vn -0.222 0.07 -0.972
vn -0.222 0.07 -0.972
vn -0.198 -0.003 -0.98
vn -0.198 -0.003 -0.98
vn -0.185 -0.051 -0.981
vn -0.185 -0.051 -0.981
vn -0.178 -0.065 -0.982
vn -0.178 -0.065 -0.982
vn 0.386 -0.002 0.923
vn 0.386 -0.002 0.923
vn 0.384 0.069 0.921
vn 0.384 0.069 0.921
vn 0.382 0.158 0.91
vn 0.382 0.158 0.91
vn 0.381 0.226 0.897
vn 0.381 0.226 0.897
vn 0.381 0.327 0.865
vn 0.381 0.327 0.865
vn 0.385 0.451 0.805
vn 0.385 0.451 0.805
vn 0.384 0.598 0.704
vn 0.384 0.598 0.704
vn 0.384 0.741 0.551
vn 0.384 0.741 0.551
vn 0.383 0.848 0.366
vn 0.383 0.848 0.366
vn 0.383 0.906 0.179
vn 0.383 0.906 0.179
vn 0.385 0.923 -0.015
vn 0.385 0.923 -0.015
vn 0.392 0.887 -0.244
vn 0.392 0.887 -0.244
vn 0.411 0.766 -0.494
vn 0.411 0.766 -0.494
vn 0.439 0.592 -0.676
vn 0.439 0.592 -0.676
vn 0.468 0.434 -0.77
vn 0.468 0.434 -0.77
vn 0.492 0.317 -0.811
vn 0.492 0.317 -0.811
vn 0.507 0.25 -0.825
vn 0.507 0.25 -0.825
vn 0.515 0.224 -0.827
vn 0.515 0.224 -0.827
vn 0.515 0.224 -0.827
vn 0.515 0.224 -0.827
vn 0.512 0.231 -0.827
vn 0.512 0.231 -0.827
vn 0.924 -0.002 0.383
vn 0.924 -0.002 0.383
vn 0.924 0.026 0.382
vn 0.924 0.026 0.382
vn 0.924 0.063 0.378
vn 0.924 0.063 0.378
vn 0.924 0.093 0.371
vn 0.924 0.093 0.371
vn 0.925 0.135 0.356
vn 0.925 0.135 0.356
vn 0.924 0.188 0.333
vn 0.924 0.188 0.333
vn 0.925 0.246 0.288
vn 0.925 0.246 0.288
vn 0.925 0.304 0.227
vn 0.925 0.304 0.227
vn 0.926 0.347 0.15
vn 0.926 0.347 0.15
vn 0.926 0.371 0.072
vn 0.926 0.371 0.072
vn 0.925 0.38 0
vn 0.925 0.38 0
vn 0.926 0.371 -0.072
vn 0.926 0.371 -0.072
vn 0.932 0.335 -0.138
vn 0.932 0.335 -0.138
vn 0.938 0.296 -0.179
vn 0.938 0.296 -0.179
vn 0.942 0.272 -0.194
vn 0.942 0.272 -0.194
vn 0.942 0.27 -0.197
vn 0.942 0.27 -0.197
vn 0.938 0.286 -0.194
vn 0.938 0.286 -0.194
vn 0.927 0.321 -0.191
vn 0.927 0.321 -0.191
vn 0.909 0.371 -0.189
vn 0.909 0.371 -0.189
vn 0.896 0.4 -0.19
vn 0.896 0.4 -0.19
vn 0.924 -0.002 -0.383
vn 0.924 -0.002 -0.383
vn 0.925 -0.028 -0.379
vn 0.925 -0.028 -0.379
vn 0.923 -0.065 -0.379
vn 0.923 -0.065 -0.379
vn 0.925 -0.094 -0.369
vn 0.925 -0.094 -0.369
vn 0.924 -0.136 -0.358
vn 0.924 -0.136 -0.358
vn 0.923 -0.188 -0.335
vn 0.923 -0.188 -0.335
vn 0.925 -0.246 -0.289
vn 0.925 -0.246 -0.289
vn 0.925 -0.303 -0.23
vn 0.925 -0.303 -0.23
vn 0.925 -0.348 -0.154
vn 0.925 -0.348 -0.154
vn 0.924 -0.376 -0.072
vn 0.924 -0.376 -0.072
vn 0.924 -0.383 0.015
vn 0.924 -0.383 0.015
vn 0.923 -0.358 0.143
vn 0.923 -0.358 0.143
vn 0.912 -0.283 0.296
vn 0.912 -0.283 0.296
vn 0.892 -0.168 0.42
vn 0.892 -0.168 0.42
vn 0.87 -0.047 0.491
vn 0.87 -0.047 0.491
vn 0.846 0.057 0.531
vn 0.846 0.057 0.531
vn 0.822 0.15 0.549
vn 0.822 0.15 0.549
vn 0.798 0.226 0.559
vn 0.798 0.226 0.559
vn 0.774 0.295 0.56
vn 0.774 0.295 0.56
vn 0.758 0.329 0.563
vn 0.758 0.329 0.563
vn 0.386 -0.002 -0.923
vn 0.386 -0.002 -0.923
vn 0.385 -0.068 -0.921
vn 0.385 -0.068 -0.921
vn 0.383 -0.153 -0.911
vn 0.383 -0.153 -0.911
vn 0.384 -0.225 -0.895
vn 0.384 -0.225 -0.895
vn 0.384 -0.324 -0.865
vn 0.384 -0.324 -0.865
vn 0.384 -0.457 -0.802
vn 0.384 -0.457 -0.802
vn 0.383 -0.599 -0.703
vn 0.383 -0.599 -0.703
vn 0.386 -0.737 -0.555
vn 0.386 -0.737 -0.555
vn 0.384 -0.847 -0.369
vn 0.384 -0.847 -0.369
vn 0.383 -0.906 -0.18
vn 0.383 -0.906 -0.18
vn 0.385 -0.922 0.023
vn 0.385 -0.922 0.023
vn 0.377 -0.884 0.276
vn 0.377 -0.884 0.276
vn 0.36 -0.745 0.562
vn 0.36 -0.745 0.562
vn 0.324 -0.543 0.775
vn 0.324 -0.543 0.775
vn 0.288 -0.343 0.894
vn 0.288 -0.343 0.894
vn 0.25 -0.181 0.951
vn 0.25 -0.181 0.951
vn 0.222 -0.07 0.972
vn 0.222 -0.07 0.972
vn 0.197 0.005 0.98
vn 0.197 0.005 0.98
vn 0.186 0.048 0.981
vn 0.186 0.048 0.981
vn 0.177 0.068 0.982
vn 0.177 0.068 0.982
vn 0.002 1 0
vn 0.002 1 0
vn 0.002 1 0
vn 0.002 1 0
vn 0.002 1 0
vn 0.002 1 0
vn 0.002 1 0
vn 0.002 1 0
vn -0.402 0.916 0.008
vn -0.402 0.916 0.008
vn -0.402 0.916 0.008
vn -0.402 0.916 0.008
vn -0.402 0.916 0.008
vn -0.402 0.916 0.008
vn -0.402 0.916 0.008
vn -0.402 0.916 0.008
vn 0.344 0.163 0.925
vn 0.002 0.001 1
vn 0.002 0.001 1
vn -0.344 -0.165 0.924
vn 0.344 0.163 0.925
vn 0.639 0.301 0.708
vn 0.639 0.301 0.708
vn 0.835 0.395 0.383
vn 0.835 0.395 0.383
vn 0.906 0.424 0
vn 0.906 0.424 0
vn 0.835 0.395 -0.383
vn 0.835 0.395 -0.383
vn 0.639 0.301 -0.708
vn 0.639 0.301 -0.708
vn 0.344 0.163 -0.925
vn 0.344 0.163 -0.925
vn -0.002 -0.001 -1
vn -0.002 -0.001 -1
vn -0.344 -0.165 -0.924
vn -0.344 -0.165 -0.924
vn -0.638 -0.303 -0.708
vn -0.638 -0.303 -0.708
vn -0.837 -0.391 -0.383
vn -0.837 -0.391 -0.383
vn -0.906 -0.424 0
vn -0.906 -0.424 0
vn -0.837 -0.391 0.383
vn -0.837 -0.391 0.383
vn -0.638 -0.303 0.708
vn -0.638 -0.303 0.708
vn -0.344 -0.165 0.924
vn -0.088 0.785 0.614
vn -0.315 0.679 0.663
vn -0.315 0.679 0.663
vn -0.546 0.571 0.614
vn -0.088 0.785 0.614
vn 0.108 0.875 0.473
vn 0.108 0.875 0.473
vn 0.236 0.938 0.252
vn 0.236 0.938 0.252
vn 0.286 0.958 0
vn 0.286 0.958 0
vn 0.236 0.938 -0.252
vn 0.236 0.938 -0.252
vn 0.108 0.875 -0.473
vn 0.108 0.875 -0.473
vn -0.088 0.785 -0.614
vn -0.088 0.785 -0.614
vn -0.319 0.677 -0.663
vn -0.319 0.677 -0.663
vn -0.546 0.571 -0.614
vn -0.546 0.571 -0.614
vn -0.74 0.478 -0.472
vn -0.74 0.478 -0.472
vn -0.871 0.421 -0.252
vn -0.871 0.421 -0.252
vn -0.919 0.395 0
vn -0.919 0.395 0
vn -0.871 0.421 0.252
vn -0.871 0.421 0.252
vn -0.74 0.478 0.472
vn -0.74 0.478 0.472
vn -0.546 0.571 0.614
vn 0.344 0.163 0.925
vn 0.002 0.001 1
vn 0.002 0.001 1
vn -0.344 -0.165 0.924
vn 0.344 0.163 0.925
vn 0.639 0.301 0.708
vn 0.639 0.301 0.708
vn 0.835 0.395 0.383
vn 0.835 0.395 0.383
vn 0.906 0.424 0
vn 0.906 0.424 0
vn 0.835 0.395 -0.383
vn 0.835 0.395 -0.383
vn 0.639 0.301 -0.708
vn 0.639 0.301 -0.708
vn 0.344 0.163 -0.925
vn 0.344 0.163 -0.925
vn -0.002 -0.001 -1
vn -0.002 -0.001 -1
vn -0.344 -0.165 -0.924
vn -0.344 -0.165 -0.924
vn -0.638 -0.303 -0.708
vn -0.638 -0.303 -0.708
vn -0.837 -0.391 -0.383
vn -0.837 -0.391 -0.383
vn -0.906 -0.424 0
vn -0.906 -0.424 0
vn -0.837 -0.391 0.383
vn -0.837 -0.391 0.383
vn -0.638 -0.303 0.708
vn -0.638 -0.303 0.708
vn -0.344 -0.165 0.924
vn 0.081 0.602 0.795
vn -0.214 0.464 0.86
vn -0.214 0.464 0.86
vn -0.514 0.325 0.794
vn 0.081 0.602 0.795
vn 0.335 0.718 0.61
vn 0.335 0.718 0.61
vn 0.505 0.798 0.329
vn 0.505 0.798 0.329
vn 0.565 0.825 0
vn 0.565 0.825 0
vn 0.505 0.798 -0.329
vn 0.505 0.798 -0.329
vn 0.335 0.718 -0.61
vn 0.335 0.718 -0.61
vn 0.081 0.602 -0.795
vn 0.081 0.602 -0.795
vn -0.218 0.462 -0.86
vn -0.218 0.462 -0.86
vn -0.514 0.325 -0.794
vn -0.514 0.325 -0.794
vn -0.767 0.205 -0.609
vn -0.767 0.205 -0.609
vn -0.936 0.125 -0.328
vn -0.936 0.125 -0.328
vn -0.995 0.096 0
vn -0.995 0.096 0
vn -0.936 0.125 0.328
vn -0.936 0.125 0.328
vn -0.767 0.205 0.609
vn -0.767 0.205 0.609
vn -0.514 0.325 0.794
vn 0.531 -0.751 0.393
vn 0.386 -0.819 0.424
vn 0.386 -0.819 0.424
vn 0.236 -0.889 0.393
vn 0.531 -0.751 0.393
vn 0.655 -0.695 0.297
vn 0.655 -0.695 0.297
vn 0.736 -0.656 0.165
vn 0.736 -0.656 0.165
vn 0.768 -0.64 0.004
vn 0.768 -0.64 0.004
vn 0.736 -0.656 -0.165
vn 0.736 -0.656 -0.165
vn 0.655 -0.695 -0.297
vn 0.655 -0.695 -0.297
vn 0.531 -0.751 -0.393
vn 0.531 -0.751 -0.393
vn 0.382 -0.821 -0.424
vn 0.382 -0.821 -0.424
vn 0.236 -0.889 -0.393
vn 0.236 -0.889 -0.393
vn 0.113 -0.948 -0.297
vn 0.113 -0.948 -0.297
vn 0.031 -0.986 -0.161
vn 0.031 -0.986 -0.161
vn -0.002 -1 0
vn -0.002 -1 0
vn 0.031 -0.986 0.161
vn 0.031 -0.986 0.161
vn 0.113 -0.948 0.297
vn 0.113 -0.948 0.297
vn 0.236 -0.889 0.393
vn 0.344 0.163 0.925
vn 0.002 0.001 1
vn 0.002 0.001 1
vn -0.344 -0.165 0.924
vn 0.344 0.163 0.925
vn 0.639 0.301 0.708
vn 0.639 0.301 0.708
vn 0.835 0.395 0.383
vn 0.835 0.395 0.383
vn 0.906 0.424 0
vn 0.906 0.424 0
vn 0.835 0.395 -0.383
vn 0.835 0.395 -0.383
vn 0.639 0.301 -0.708
vn 0.639 0.301 -0.708
vn 0.344 0.163 -0.925
vn 0.344 0.163 -0.925
vn -0.002 -0.001 -1
vn -0.002 -0.001 -1
vn -0.344 -0.165 -0.924
vn -0.344 -0.165 -0.924
vn -0.638 -0.303 -0.708
vn -0.638 -0.303 -0.708
vn -0.837 -0.391 -0.383
vn -0.837 -0.391 -0.383
vn -0.906 -0.424 0
vn -0.906 -0.424 0
vn -0.837 -0.391 0.383
vn -0.837 -0.391 0.383
vn -0.638 -0.303 0.708
vn -0.638 -0.303 0.708
vn -0.344 -0.165 0.924
vn -0.425 0.905 0
vn -0.425 0.905 0
vn -0.425 0.905 0
vn -0.425 0.905 0
vn -0.425 0.905 0
vn -0.425 0.905 0
vn -0.425 0.905 0
vn -0.425 0.905 0
vn -0.425 0.905 0
vn -0.425 0.905 0
vn -0.425 0.905 0
vn -0.425 0.905 0
vn -0.425 0.905 0
vn -0.425 0.905 0
vn -0.425 0.905 0
vn -0.425 0.905 0
vn -0.425 0.905 0
vn -0.425 0.905 0
vn -0.425 0.905 0
vn -0.425 0.905 0
vn -0.425 0.905 0
vn -0.425 0.905 0
vn -0.425 0.905 0
vn -0.425 0.905 0
vn -0.425 0.905 0
vn -0.425 0.905 0
vn -0.425 0.905 0
vn -0.425 0.905 0
vn -0.425 0.905 0
vn -0.425 0.905 0
vn -0.425 0.905 0
vn -0.425 0.905 0
vn 0.344 0.163 0.925
vn -0.002 -0.001 1
vn -0.002 -0.001 1
vn -0.344 -0.165 0.924
vn 0.344 0.163 0.925
vn 0.639 0.301 0.708
vn 0.639 0.301 0.708
vn 0.835 0.395 0.383
vn 0.835 0.395 0.383
vn 0.906 0.424 0
vn 0.906 0.424 0
vn 0.835 0.395 -0.383
vn 0.835 0.395 -0.383
vn 0.639 0.301 -0.708
vn 0.639 0.301 -0.708
vn 0.344 0.163 -0.925
vn 0.344 0.163 -0.925
vn -0.002 -0.001 -1
vn -0.002 -0.001 -1
vn -0.344 -0.165 -0.924
vn -0.344 -0.165 -0.924
vn -0.638 -0.303 -0.708
vn -0.638 -0.303 -0.708
vn -0.837 -0.391 -0.383
vn -0.837 -0.391 -0.383
vn -0.906 -0.424 0
vn -0.906 -0.424 0
vn -0.837 -0.391 0.383
vn -0.837 -0.391 0.383
vn -0.638 -0.303 0.708
vn -0.638 -0.303 0.708
vn -0.344 -0.165 0.924
vn 0.545 -0.549 0.634
vn 0.306 -0.661 0.685
vn 0.306 -0.661 0.685
vn 0.071 -0.769 0.636
vn 0.545 -0.549 0.634
vn 0.747 -0.455 0.485
vn 0.747 -0.455 0.485
vn 0.883 -0.39 0.259
vn 0.883 -0.39 0.259
vn 0.93 -0.367 0
vn 0.93 -0.367 0
vn 0.883 -0.39 -0.259
vn 0.883 -0.39 -0.259
vn 0.747 -0.455 -0.485
vn 0.747 -0.455 -0.485
vn 0.545 -0.549 -0.634
vn 0.545 -0.549 -0.634
vn 0.306 -0.661 -0.685
vn 0.306 -0.661 -0.685
vn 0.071 -0.769 -0.636
vn 0.071 -0.769 -0.636
vn -0.13 -0.864 -0.487
vn -0.13 -0.864 -0.487
vn -0.267 -0.928 -0.259
vn -0.267 -0.928 -0.259
vn -0.315 -0.949 -0.004
vn -0.315 -0.949 0.004
vn -0.267 -0.928 0.259
vn -0.267 -0.928 0.259
vn -0.13 -0.864 0.487
vn -0.13 -0.864 0.487
vn 0.071 -0.769 0.636
vn -0.425 0.905 0
vn -0.425 0.905 0
vn -0.425 0.905 0
vn -0.425 0.905 0
vn -0.425 0.905 0
vn -0.425 0.905 0
vn -0.425 0.905 0
vn -0.425 0.905 0
vn -0.425 0.905 0
vn -0.425 0.905 0
vn -0.425 0.905 0
vn -0.425 0.905 0
vn -0.425 0.905 0
vn -0.425 0.905 0
vn -0.425 0.905 0
vn -0.425 0.905 0
vn 0.422 -0.907 0
vn 0.422 -0.907 0
vn 0.422 -0.907 0
vn 0.422 -0.907 0
vn 0.422 -0.907 0
vn 0.422 -0.907 0
vn 0.422 -0.907 0
vn 0.422 -0.907 0
vn 0.422 -0.907 0
vn 0.422 -0.907 0
vn 0.422 -0.907 0
vn 0.422 -0.907 0
vn 0.422 -0.907 0
vn 0.422 -0.907 0
vn 0.422 -0.907 0
vn 0.422 -0.907 0
vn -0.425 0.905 0
vn -0.425 0.905 0
vn -0.425 0.905 0
vn -0.425 0.905 0
vn -0.425 0.905 0
vn -0.425 0.905 0
vn -0.425 0.905 0
vn -0.425 0.905 0
vn -0.425 0.905 0
vn -0.425 0.905 0
vn -0.425 0.905 0
vn -0.425 0.905 0
vn -0.425 0.905 0
vn -0.425 0.905 0
vn -0.425 0.905 0
vn -0.425 0.905 0
vn -0.425 0.905 0
vn -0.425 0.905 0
vn -0.425 0.905 0
vn -0.425 0.905 0
vn -0.425 0.905 0
vn -0.425 0.905 0
vn -0.425 0.905 0
vn -0.425 0.905 0
vn -0.425 0.905 0
vn -0.425 0.905 0
vn -0.425 0.905 0
vn -0.425 0.905 0
vn -0.425 0.905 0
vn -0.425 0.905 0
vn -0.425 0.905 0
vn -0.425 0.905 0
vn -0.002 -0.001 -1
vn -0.347 -0.158 -0.924
vn -0.347 -0.158 -0.924
vn -0.641 -0.296 -0.708
vn -0.002 -0.001 -1
vn 0.344 0.163 -0.925
vn 0.344 0.163 -0.925
vn 0.639 0.301 -0.708
vn 0.639 0.301 -0.708
vn 0.835 0.395 -0.383
vn 0.835 0.395 -0.383
vn 0.906 0.424 0
vn 0.906 0.424 0
vn 0.835 0.395 0.383
vn 0.835 0.395 0.383
vn 0.639 0.301 0.708
vn 0.639 0.301 0.708
vn 0.344 0.163 0.925
vn 0.344 0.163 0.925
vn 0.002 0.001 1
vn 0.002 0.001 1
vn -0.347 -0.158 0.924
vn -0.347 -0.158 0.924
vn -0.641 -0.296 0.708
vn -0.641 -0.296 0.708
vn -0.837 -0.391 0.383
vn -0.837 -0.391 0.383
vn -0.906 -0.424 0
vn -0.906 -0.424 0
vn -0.837 -0.391 -0.383
vn -0.837 -0.391 -0.383
vn -0.641 -0.296 -0.708
vn 0.237 0.109 -0.965
vn 0.237 0.109 -0.965
vn 0.237 0.109 -0.965
vn 0.237 0.109 -0.965
vn 0.506 -0.505 -0.7
vn 0.506 -0.505 -0.7
vn 0.295 -0.625 -0.723
vn 0.295 -0.625 -0.723
vn 0.063 -0.712 -0.7
vn 0.063 -0.712 -0.7
vn 0.355 0.168 -0.919
vn 0.355 0.168 -0.919
vn 0.355 0.168 -0.919
vn 0.355 0.168 -0.919
vn -0.175 0.83 -0.529
vn -0.358 0.76 -0.543
vn -0.175 0.83 -0.529
vn -0.358 0.76 -0.543
vn -0.525 0.667 -0.529
vn -0.525 0.667 -0.529
vn 0.263 0.123 -0.957
vn 0.263 0.123 -0.957
vn 0.263 0.123 -0.957
vn 0.263 0.123 -0.957
vn 0.425 -0.905 -0.015
vn 0.425 -0.905 -0.015
vn 0.425 -0.905 -0.015
vn 0.425 -0.905 -0.015
vn 0.425 -0.905 -0.015
vn 0.425 -0.905 -0.015
vn -0.439 -0.203 0.875
vn -0.439 -0.203 0.875
vn -0.439 -0.203 0.875
vn -0.439 -0.203 0.875
vn -0.002 -0.001 -1
vn -0.002 -0.001 -1
vn -0.002 -0.001 -1
vn -0.002 -0.001 -1
vn -0.425 0.905 0
vn -0.425 0.905 0
vn -0.425 0.905 0
vn -0.425 0.905 0
vn 0.002 0.001 1
vn 0.002 0.001 1
vn 0.002 0.001 1
vn 0.002 0.001 1
vn 0.425 -0.905 0
vn 0.425 -0.905 0
vn 0.425 -0.905 0
vn 0.425 -0.905 0
vn -0.002 -0.001 -1
vn -0.002 -0.001 -1
vn -0.002 -0.001 -1
vn -0.002 -0.001 -1
vn -0.425 0.905 0
vn -0.425 0.905 0
vn -0.425 0.905 0
vn -0.425 0.905 0
vn 0.002 0.001 1
vn 0.002 0.001 1
vn 0.002 0.001 1
vn 0.002 0.001 1
vn 0.425 -0.905 0
vn 0.425 -0.905 0
vn 0.425 -0.905 0
vn 0.425 -0.905 0
vn 0.906 0.424 0
vn 0.906 0.424 0
vn 0.906 0.424 0
vn 0.906 0.424 0
vn 0.906 0.424 0
vn 0.906 0.424 0
vn 0.906 0.424 0
vn 0.906 0.424 0
vn 0.906 0.424 0
vn 0.906 0.424 0
vn 0.906 0.424 0
vn 0.906 0.424 0
vn 0.906 0.424 0
vn 0.906 0.424 0
vn 0.906 0.424 0
vn 0.906 0.424 0
vn -0.906 -0.424 0
vn -0.906 -0.424 0
vn -0.906 -0.424 0
vn -0.906 -0.424 0
vn -0.906 -0.424 0
vn -0.906 -0.424 0
vn -0.906 -0.424 0
vn -0.906 -0.424 0
vn -0.906 -0.424 0
vn -0.906 -0.424 0
vn -0.906 -0.424 0
vn -0.906 -0.424 0
vn -0.906 -0.424 0
vn -0.906 -0.424 0
vn -0.906 -0.424 0
vn -0.906 -0.424 0
vn -0.237 -0.111 -0.965
vn -0.237 -0.111 -0.965
vn -0.237 -0.111 -0.965
vn -0.237 -0.111 -0.965
vn -0.355 -0.17 -0.919
vn -0.355 -0.17 -0.919
vn -0.355 -0.17 -0.919
vn -0.355 -0.17 -0.919
vn -0.264 -0.121 -0.957
vn -0.264 -0.121 -0.957
vn -0.264 -0.121 -0.957
vn -0.264 -0.121 -0.957
vn 0.435 0.212 0.875
vn 0.435 0.212 0.875
vn 0.435 0.212 0.875
vn 0.435 0.212 0.875
vn -0.425 0.905 0
vn -0.425 0.905 0
vn -0.425 0.905 0
vn -0.425 0.905 0
vn -0.425 0.905 0
vn -0.425 0.905 0
vn -0.425 0.905 0
vn -0.425 0.905 0
vn -0.425 0.905 0
vn -0.425 0.905 0
vn -0.425 0.905 0
vn -0.422 0.907 0
vn -0.422 0.907 0
vn -0.425 0.905 0
vn -0.425 0.905 0
vn -0.425 0.905 0
vn -0.425 0.905 0
vn -0.425 0.905 0
vn 0.08 0.04 0.996
vn 0.002 0.001 1
vn 0.08 0.04 0.996
vn 0.002 0.001 1
vn -0.082 -0.036 0.996
vn -0.082 -0.036 0.996
vn 0.906 0.424 0
vn 0.906 0.424 0
vn 0.906 0.424 0
vn 0.906 0.424 0
vn -0.1 -0.049 -0.994
vn -0.1 -0.049 -0.994
vn -0.002 -0.001 -1
vn -0.002 -0.001 -1
vn 0.102 0.045 -0.994
vn 0.102 0.045 -0.994
vn -0.906 -0.424 0
vn -0.906 -0.424 0
vn -0.906 -0.424 0
vn -0.906 -0.424 0
vn 0.237 0.109 0.965
vn 0.237 0.109 0.965
vn 0.237 0.109 0.965
vn 0.237 0.109 0.965
vn 0.506 -0.505 0.7
vn 0.506 -0.505 0.7
vn 0.295 -0.625 0.723
vn 0.295 -0.625 0.723
vn 0.063 -0.712 0.7
vn 0.063 -0.712 0.7
vn 0.355 0.168 0.919
vn 0.355 0.168 0.919
vn 0.355 0.168 0.919
vn 0.355 0.168 0.919
vn -0.175 0.83 0.529
vn -0.358 0.76 0.543
vn -0.175 0.83 0.529
vn -0.358 0.76 0.543
vn -0.525 0.667 0.529
vn -0.525 0.667 0.529
vn 0.263 0.123 0.957
vn 0.263 0.123 0.957
vn 0.263 0.123 0.957
vn 0.263 0.123 0.957
vn 0.425 -0.905 0.015
vn 0.425 -0.905 0.015
vn 0.425 -0.905 0.015
vn 0.425 -0.905 0.015
vn 0.425 -0.905 0.015
vn 0.425 -0.905 0.015
vn -0.439 -0.203 -0.875
vn -0.439 -0.203 -0.875
vn -0.439 -0.203 -0.875
vn -0.439 -0.203 -0.875
vn -0.002 -0.001 1
vn -0.002 -0.001 1
vn -0.002 -0.001 1
vn -0.002 -0.001 1
vn -0.425 0.905 0
vn -0.425 0.905 0
vn -0.425 0.905 0
vn -0.425 0.905 0
vn 0.002 0.001 -1
vn 0.002 0.001 -1
vn 0.002 0.001 -1
vn 0.002 0.001 -1
vn 0.425 -0.905 0
vn 0.425 -0.905 0
vn 0.425 -0.905 0
vn 0.425 -0.905 0
vn -0.002 -0.001 1
vn -0.002 -0.001 1
vn -0.002 -0.001 1
vn -0.002 -0.001 1
vn -0.425 0.905 0
vn -0.425 0.905 0
vn -0.425 0.905 0
vn -0.425 0.905 0
vn 0.002 0.001 -1
vn 0.002 0.001 -1
vn 0.002 0.001 -1
vn 0.002 0.001 -1
vn 0.425 -0.905 0
vn 0.425 -0.905 0
vn 0.425 -0.905 0
vn 0.425 -0.905 0
vn 0.906 0.424 0
vn 0.906 0.424 0
vn 0.906 0.424 0
vn 0.906 0.424 0
vn 0.906 0.424 0
vn 0.906 0.424 0
vn 0.906 0.424 0
vn 0.906 0.424 0
vn 0.906 0.424 0
vn 0.906 0.424 0
vn 0.906 0.424 0
vn 0.906 0.424 0
vn 0.906 0.424 0
vn 0.906 0.424 0
vn 0.906 0.424 0
vn 0.906 0.424 0
vn -0.906 -0.424 0
vn -0.906 -0.424 0
vn -0.906 -0.424 0
vn -0.906 -0.424 0
vn -0.906 -0.424 0
vn -0.906 -0.424 0
vn -0.906 -0.424 0
vn -0.906 -0.424 0
vn -0.906 -0.424 0
vn -0.906 -0.424 0
vn -0.906 -0.424 0
vn -0.906 -0.424 0
vn -0.906 -0.424 0
vn -0.906 -0.424 0
vn -0.906 -0.424 0
vn -0.906 -0.424 0
vn -0.237 -0.111 0.965
vn -0.237 -0.111 0.965
vn -0.237 -0.111 0.965
vn -0.237 -0.111 0.965
vn -0.355 -0.17 0.919
vn -0.355 -0.17 0.919
vn -0.355 -0.17 0.919
vn -0.355 -0.17 0.919
vn -0.264 -0.121 0.957
vn -0.264 -0.121 0.957
vn -0.264 -0.121 0.957
vn -0.264 -0.121 0.957
vn 0.435 0.212 -0.875
vn 0.435 0.212 -0.875
vn 0.435 0.212 -0.875
vn 0.435 0.212 -0.875
vn -0.425 0.905 0
vn -0.425 0.905 0
vn -0.425 0.905 0
vn -0.425 0.905 0
vn -0.425 0.905 0
vn -0.425 0.905 0
vn -0.425 0.905 0
vn -0.425 0.905 0
vn -0.425 0.905 0
vn -0.422 0.907 0
vn -0.425 0.905 0
vn -0.425 0.905 0
vn -0.425 0.905 0
vn -0.425 0.905 0
vn -0.425 0.905 0
vn -0.425 0.905 0
vn -0.425 0.905 0
vn -0.422 0.907 0
vn 0.08 0.04 -0.996
vn 0.002 0.001 -1
vn 0.08 0.04 -0.996
vn 0.002 0.001 -1
vn -0.082 -0.036 -0.996
vn -0.082 -0.036 -0.996
vn 0.906 0.424 0
vn 0.906 0.424 0
vn 0.906 0.424 0
vn 0.906 0.424 0
vn -0.1 -0.049 0.994
vn -0.1 -0.049 0.994
vn -0.002 -0.001 1
vn -0.002 -0.001 1
vn 0.102 0.045 0.994
vn 0.102 0.045 0.994
vn -0.906 -0.424 0
vn -0.906 -0.424 0
vn -0.906 -0.424 0
vn -0.906 -0.424 0
vn -0.386 0.002 -0.923
vn -0.382 -0.083 -0.92
vn -0.386 0.002 -0.923
vn -0.382 -0.083 -0.92
vn -0.382 -0.206 -0.901
vn -0.382 -0.206 -0.901
vn -0.385 -0.292 -0.876
vn -0.385 -0.292 -0.876
vn -0.384 -0.4 -0.832
vn -0.384 -0.4 -0.832
vn -0.385 -0.519 -0.763
vn -0.385 -0.519 -0.763
vn -0.385 -0.643 -0.662
vn -0.385 -0.643 -0.662
vn -0.385 -0.762 -0.521
vn -0.385 -0.762 -0.521
vn -0.385 -0.851 -0.356
vn -0.385 -0.851 -0.356
vn -0.386 -0.906 -0.172
vn -0.386 -0.906 -0.172
vn -0.385 -0.923 0.019
vn -0.385 -0.923 0.019
vn -0.397 -0.876 0.275
vn -0.397 -0.876 0.275
vn -0.421 -0.73 0.538
vn -0.421 -0.73 0.538
vn -0.455 -0.535 0.712
vn -0.455 -0.535 0.712
vn -0.485 -0.38 0.787
vn -0.485 -0.38 0.787
vn -0.508 -0.281 0.814
vn -0.508 -0.281 0.814
vn -0.523 -0.226 0.822
vn -0.523 -0.226 0.822
vn -0.527 -0.207 0.824
vn -0.527 -0.207 0.824
vn -0.526 -0.219 0.822
vn -0.526 -0.219 0.822
vn -0.519 -0.232 0.822
vn -0.519 -0.232 0.822
vn -0.924 0.004 -0.381
vn -0.924 0.004 -0.381
vn -0.925 -0.033 -0.378
vn -0.925 -0.033 -0.378
vn -0.925 -0.081 -0.372
vn -0.925 -0.081 -0.372
vn -0.923 -0.124 -0.364
vn -0.923 -0.124 -0.364
vn -0.926 -0.164 -0.341
vn -0.926 -0.164 -0.341
vn -0.924 -0.215 -0.315
vn -0.924 -0.215 -0.315
vn -0.926 -0.262 -0.273
vn -0.926 -0.262 -0.273
vn -0.924 -0.314 -0.217
vn -0.924 -0.314 -0.217
vn -0.924 -0.354 -0.145
vn -0.924 -0.354 -0.145
vn -0.924 -0.375 -0.07
vn -0.924 -0.375 -0.07
vn -0.925 -0.38 0
vn -0.925 -0.38 0
vn -0.928 -0.364 0.072
vn -0.928 -0.364 0.072
vn -0.933 -0.331 0.14
vn -0.933 -0.331 0.14
vn -0.94 -0.291 0.175
vn -0.94 -0.291 0.175
vn -0.944 -0.275 0.184
vn -0.944 -0.275 0.184
vn -0.944 -0.275 0.184
vn -0.944 -0.275 0.184
vn -0.937 -0.296 0.185
vn -0.937 -0.296 0.185
vn -0.926 -0.331 0.182
vn -0.926 -0.331 0.182
vn -0.91 -0.374 0.181
vn -0.91 -0.374 0.181
vn -0.898 -0.401 0.182
vn -0.898 -0.401 0.182
vn -0.924 0.004 0.381
vn -0.924 0.004 0.381
vn -0.925 0.034 0.378
vn -0.925 0.034 0.378
vn -0.923 0.083 0.377
vn -0.923 0.083 0.377
vn -0.925 0.125 0.36
vn -0.925 0.125 0.36
vn -0.925 0.165 0.343
vn -0.925 0.165 0.343
vn -0.923 0.215 0.318
vn -0.923 0.215 0.318
vn -0.925 0.267 0.272
vn -0.925 0.267 0.272
vn -0.924 0.316 0.215
vn -0.924 0.316 0.215
vn -0.924 0.354 0.142
vn -0.924 0.354 0.142
vn -0.924 0.375 0.075
vn -0.924 0.375 0.075
vn -0.924 0.383 -0.023
vn -0.924 0.383 -0.023
vn -0.922 0.35 -0.164
vn -0.922 0.35 -0.164
vn -0.907 0.258 -0.333
vn -0.907 0.258 -0.333
vn -0.88 0.123 -0.458
vn -0.88 0.123 -0.458
vn -0.851 -0.006 -0.525
vn -0.851 -0.006 -0.525
vn -0.827 -0.11 -0.552
vn -0.827 -0.11 -0.552
vn -0.804 -0.189 -0.564
vn -0.804 -0.189 -0.564
vn -0.785 -0.253 -0.565
vn -0.785 -0.253 -0.565
vn -0.763 -0.307 -0.569
vn -0.763 -0.307 -0.569
vn -0.753 -0.333 -0.567
vn -0.753 -0.333 -0.567
vn -0.386 0.002 0.923
vn -0.386 0.002 0.923
vn -0.386 0.079 0.919
vn -0.386 0.079 0.919
vn -0.383 0.203 0.901
vn -0.383 0.203 0.901
vn -0.384 0.295 0.875
vn -0.384 0.295 0.875
vn -0.383 0.403 0.831
vn -0.383 0.403 0.831
vn -0.385 0.521 0.762
vn -0.385 0.521 0.762
vn -0.385 0.643 0.662
vn -0.385 0.643 0.662
vn -0.382 0.761 0.524
vn -0.382 0.761 0.524
vn -0.386 0.852 0.355
vn -0.386 0.852 0.355
vn -0.383 0.907 0.173
vn -0.383 0.907 0.173
vn -0.385 0.922 -0.03
vn -0.385 0.922 -0.03
vn -0.377 0.872 -0.312
vn -0.377 0.872 -0.312
vn -0.349 0.7 -0.623
vn -0.349 0.7 -0.623
vn -0.303 0.468 -0.83
vn -0.303 0.468 -0.83
vn -0.261 0.265 -0.928
vn -0.261 0.265 -0.928
vn -0.224 0.115 -0.968
vn -0.224 0.115 -0.968
vn -0.197 0.026 -0.98
vn -0.197 0.026 -0.98
vn -0.178 -0.035 -0.983
vn -0.178 -0.035 -0.983
vn -0.169 -0.064 -0.984
vn -0.169 -0.064 -0.984
vn -0.166 -0.071 -0.984
vn -0.166 -0.071 -0.984
vn 0.386 -0.002 0.923
vn 0.386 -0.002 0.923
vn 0.383 0.081 0.92
vn 0.383 0.081 0.92
vn 0.384 0.201 0.901
vn 0.384 0.201 0.901
vn 0.382 0.297 0.875
vn 0.382 0.297 0.875
vn 0.383 0.402 0.831
vn 0.383 0.402 0.831
vn 0.384 0.521 0.762
vn 0.384 0.521 0.762
vn 0.384 0.645 0.66
vn 0.384 0.645 0.66
vn 0.386 0.759 0.524
vn 0.386 0.759 0.524
vn 0.384 0.853 0.353
vn 0.384 0.853 0.353
vn 0.386 0.906 0.172
vn 0.386 0.906 0.172
vn 0.385 0.923 -0.023
vn 0.385 0.923 -0.023
vn 0.397 0.877 -0.272
vn 0.397 0.877 -0.272
vn 0.42 0.732 -0.537
vn 0.42 0.732 -0.537
vn 0.454 0.537 -0.711
vn 0.454 0.537 -0.711
vn 0.486 0.379 -0.788
vn 0.486 0.379 -0.788
vn 0.511 0.276 -0.814
vn 0.511 0.276 -0.814
vn 0.522 0.227 -0.822
vn 0.522 0.227 -0.822
vn 0.526 0.209 -0.824
vn 0.526 0.209 -0.824
vn 0.525 0.22 -0.822
vn 0.525 0.22 -0.822
vn 0.519 0.234 -0.822
vn 0.519 0.234 -0.822
vn 0.924 -0.002 0.383
vn 0.924 -0.002 0.383
vn 0.924 0.036 0.381
vn 0.924 0.036 0.381
vn 0.923 0.084 0.375
vn 0.923 0.084 0.375
vn 0.923 0.123 0.363
vn 0.923 0.123 0.363
vn 0.925 0.166 0.343
vn 0.925 0.166 0.343
vn 0.923 0.217 0.316
vn 0.923 0.217 0.316
vn 0.925 0.264 0.274
vn 0.925 0.264 0.274
vn 0.925 0.313 0.217
vn 0.925 0.313 0.217
vn 0.924 0.353 0.144
vn 0.924 0.353 0.144
vn 0.924 0.377 0.071
vn 0.924 0.377 0.071
vn 0.925 0.38 0
vn 0.925 0.38 0
vn 0.927 0.369 -0.076
vn 0.927 0.369 -0.076
vn 0.934 0.329 -0.139
vn 0.934 0.329 -0.139
vn 0.941 0.29 -0.174
vn 0.941 0.29 -0.174
vn 0.943 0.275 -0.185
vn 0.943 0.275 -0.185
vn 0.943 0.275 -0.185
vn 0.943 0.275 -0.185
vn 0.938 0.295 -0.184
vn 0.938 0.295 -0.184
vn 0.926 0.33 -0.181
vn 0.926 0.33 -0.181
vn 0.91 0.374 -0.181
vn 0.91 0.374 -0.181
vn 0.898 0.401 -0.182
vn 0.898 0.401 -0.182
vn 0.924 -0.002 -0.383
vn 0.924 -0.002 -0.383
vn 0.923 -0.03 -0.383
vn 0.923 -0.03 -0.383
vn 0.924 -0.087 -0.371
vn 0.924 -0.087 -0.371
vn 0.923 -0.122 -0.364
vn 0.923 -0.122 -0.364
vn 0.925 -0.164 -0.344
vn 0.925 -0.164 -0.344
vn 0.923 -0.215 -0.319
vn 0.923 -0.215 -0.319
vn 0.924 -0.265 -0.275
vn 0.924 -0.265 -0.275
vn 0.923 -0.315 -0.219
vn 0.923 -0.315 -0.219
vn 0.924 -0.354 -0.143
vn 0.924 -0.354 -0.143
vn 0.924 -0.376 -0.072
vn 0.924 -0.376 -0.072
vn 0.924 -0.383 0.023
vn 0.924 -0.383 0.023
vn 0.922 -0.349 0.165
vn 0.922 -0.349 0.165
vn 0.906 -0.256 0.337
vn 0.906 -0.256 0.337
vn 0.88 -0.122 0.459
vn 0.88 -0.122 0.459
vn 0.85 0.01 0.527
vn 0.85 0.01 0.527
vn 0.826 0.111 0.552
vn 0.826 0.111 0.552
vn 0.804 0.189 0.564
vn 0.804 0.189 0.564
vn 0.785 0.253 0.565
vn 0.785 0.253 0.565
vn 0.761 0.31 0.569
vn 0.761 0.31 0.569
vn 0.753 0.333 0.567
vn 0.753 0.333 0.567
vn 0.386 -0.002 -0.923
vn 0.386 -0.002 -0.923
vn 0.386 -0.081 -0.919
vn 0.386 -0.081 -0.919
vn 0.384 -0.205 -0.9
vn 0.384 -0.205 -0.9
vn 0.385 -0.297 -0.874
vn 0.385 -0.297 -0.874
vn 0.382 -0.401 -0.833
vn 0.382 -0.401 -0.833
vn 0.384 -0.518 -0.764
vn 0.384 -0.518 -0.764
vn 0.385 -0.643 -0.662
vn 0.385 -0.643 -0.662
vn 0.382 -0.761 -0.524
vn 0.382 -0.761 -0.524
vn 0.386 -0.852 -0.355
vn 0.386 -0.852 -0.355
vn 0.383 -0.907 -0.173
vn 0.383 -0.907 -0.173
vn 0.385 -0.922 0.03
vn 0.385 -0.922 0.03
vn 0.377 -0.872 0.312
vn 0.377 -0.872 0.312
vn 0.349 -0.7 0.623
vn 0.349 -0.7 0.623
vn 0.303 -0.468 0.83
vn 0.303 -0.468 0.83
vn 0.261 -0.265 0.928
vn 0.261 -0.265 0.928
vn 0.224 -0.115 0.968
vn 0.224 -0.115 0.968
vn 0.196 -0.025 0.98
vn 0.196 -0.025 0.98
vn 0.179 0.032 0.983
vn 0.179 0.032 0.983
vn 0.168 0.066 0.984
vn 0.168 0.066 0.984
vn 0.165 0.073 0.984
vn 0.165 0.073 0.984
vn 0.002 1 0
vn 0.002 1 0
vn 0.002 1 0
vn 0.002 1 0
vn 0.002 1 0
vn 0.002 1 0
vn 0.002 1 0
vn 0.002 1 0
vn -0.41 0.912 0
vn -0.41 0.912 0
vn -0.41 0.912 0
vn -0.41 0.912 0
vn -0.41 0.912 0
vn -0.41 0.912 0
vn -0.41 0.912 0
vn -0.41 0.912 0
f 1//1 2//2 3//3
f 2//2 4//4 3//3
f 2//2 1//1 5//5
f 1//1 6//6 5//5
f 5//5 6//6 7//7
f 6//6 8//8 7//7
f 7//7 8//8 9//9
f 8//8 10//10 9//9
f 9//9 10//10 11//11
f 10//10 12//12 11//11
f 11//11 12//12 13//13
f 12//12 14//14 13//13
f 13//13 14//14 15//15
f 14//14 16//16 15//15
f 15//15 16//16 17//17
f 16//16 18//18 17//17
f 17//17 18//18 19//19
f 18//18 20//20 19//19
f 19//19 20//20 21//21
f 20//20 22//22 21//21
f 21//21 22//22 23//23
f 22//22 24//24 23//23
f 23//23 24//24 25//25
f 24//24 26//26 25//25
f 25//25 26//26 27//27
f 26//26 28//28 27//27
f 27//27 28//28 29//29
f 28//28 30//30 29//29
f 29//29 30//30 31//31
f 30//30 32//32 31//31
f 31//31 32//32 4//4
f 32//32 3//3 4//4
f 33//33 34//34 35//35
f 34//34 36//36 35//35
f 34//34 33//33 37//37
f 33//33 38//38 37//37
f 37//37 38//38 39//39
f 38//38 40//40 39//39
f 39//39 40//40 41//41
f 40//40 42//42 41//41
f 41//41 42//42 43//43
f 42//42 44//44 43//43
f 43//43 44//44 45//45
f 44//44 46//46 45//45
f 45//45 46//46 47//47
f 46//46 48//48 47//47
f 47//47 48//48 49//49
f 48//48 50//50 49//49
f 49//49 50//50 51//51
f 50//50 52//52 51//51
f 51//51 52//52 53//53
f 52//52 54//54 53//53
f 53//53 54//54 55//55
f 54//54 56//56 55//55
f 55//55 56//56 57//57
f 56//56 58//58 57//57
f 57//57 58//58 59//59
f 58//58 60//60 59//59
f 59//59 60//60 61//61
f 60//60 62//62 61//61
f 61//61 62//62 63//63
f 62//62 64//64 63//63
f 63//63 64//64 36//36
f 64//64 35//35 36//36
f 65//65 66//66 67//67
f 66//66 68//68 67//67
f 66//66 65//65 69//69
f 65//65 70//70 69//69
f 69//69 70//70 71//71
f 70//70 72//72 71//71
f 71//71 72//72 73//73
f 72//72 74//74 73//73
f 73//73 74//74 75//75
f 74//74 76//76 75//75
f 75//75 76//76 77//77
f 76//76 78//78 77//77
f 77//77 78//78 79//79
f 78//78 80//80 79//79
f 79//79 80//80 81//81
f 80//80 82//82 81//81
f 81//81 82//82 83//83
f 82//82 84//84 83//83
f 83//83 84//84 85//85
f 84//84 86//86 85//85
f 85//85 86//86 87//87
f 86//86 88//88 87//87
f 87//87 88//88 89//89
f 88//88 90//90 89//89
f 89//89 90//90 91//91
f 90//90 92//92 91//91
f 91//91 92//92 93//93
f 92//92 94//94 93//93
f 93//93 94//94 95//95
f 94//94 96//96 95//95
f 95//95 96//96 68//68
f 96//96 67//67 68//68
f 97//97 98//98 99//99
f 98//98 100//100 99//99
f 98//98 97//97 101//101
f 97//97 102//102 101//101
f 101//101 102//102 103//103
f 102//102 104//104 103//103
f 103//103 104//104 105//105
f 104//104 106//106 105//105
f 105//105 106//106 107//107
f 106//106 108//108 107//107
f 107//107 108//108 109//109
f 108//108 110//110 109//109
f 109//109 110//110 111//111
f 110//110 112//112 111//111
f 111//111 112//112 113//113
f 112//112 114//114 113//113
f 113//113 114//114 115//115
f 114//114 116//116 115//115
f 115//115 116//116 117//117
f 116//116 118//118 117//117
f 117//117 118//118 119//119
f 118//118 120//120 119//119
f 119//119 120//120 121//121
f 120//120 122//122 121//121
f 121//121 122//122 123//123
f 122//122 124//124 123//123
f 123//123 124//124 125//125
f 124//124 126//126 125//125
f 125//125 126//126 127//127
f 126//126 128//128 127//127
f 127//127 128//128 100//100
f 128//128 99//99 100//100
f 129//129 130//130 131//131
f 130//130 132//132 131//131
f 130//130 129//129 133//133
f 129//129 134//134 133//133
f 133//133 134//134 135//135
f 134//134 136//136 135//135
f 135//135 136//136 137//137
f 136//136 138//138 137//137
f 137//137 138//138 139//139
f 138//138 140//140 139//139
f 139//139 140//140 141//141
f 140//140 142//142 141//141
f 141//141 142//142 143//143
f 142//142 144//144 143//143
f 143//143 144//144 145//145
f 144//144 146//146 145//145
f 145//145 146//146 147//147
f 146//146 148//148 147//147
f 147//147 148//148 149//149
f 148//148 150//150 149//149
f 149//149 150//150 151//151
f 150//150 152//152 151//151
f 151//151 152//152 153//153
f 152//152 154//154 153//153
f 153//153 154//154 155//155
f 154//154 156//156 155//155
f 155//155 156//156 157//157
f 156//156 158//158 157//157
f 157//157 158//158 159//159
f 158//158 160//160 159//159
f 159//159 160//160 132//132
f 160//160 131//131 132//132
f 161//161 162//162 163//163
f 162//162 164//164 163//163
f 162//162 161//161 165//165
f 161//161 166//166 165//165
f 165//165 166//166 167//167
f 166//166 168//168 167//167
f 167//167 168//168 169//169
f 168//168 170//170 169//169
f 169//169 170//170 171//171
f 170//170 172//172 171//171
f 171//171 172//172 173//173
f 172//172 174//174 173//173
f 173//173 174//174 175//175
f 174//174 176//176 175//175
f 175//175 176//176 177//177
f 176//176 178//178 177//177
f 177//177 178//178 179//179
f 178//178 180//180 179//179
f 179//179 180//180 181//181
f 180//180 182//182 181//181
f 181//181 182//182 183//183
f 182//182 184//184 183//183
f 183//183 184//184 185//185
f 184//184 186//186 185//185
f 185//185 186//186 187//187
f 186//186 188//188 187//187
f 187//187 188//188 189//189
f 188//188 190//190 189//189
f 189//189 190//190 191//191
f 190//190 192//192 191//191
f 191//191 192//192 164//164
f 192//192 163//163 164//164
f 193//193 194//194 195//195
f 194//194 196//196 195//195
f 194//194 193//193 197//197
f 193//193 198//198 197//197
f 197//197 198//198 199//199
f 198//198 200//200 199//199
f 199//199 200//200 201//201
f 200//200 202//202 201//201
f 201//201 202//202 203//203
f 202//202 204//204 203//203
f 203//203 204//204 205//205
f 204//204 206//206 205//205
f 205//205 206//206 207//207
f 206//206 208//208 207//207
f 207//207 208//208 209//209
f 208//208 210//210 209//209
f 209//209 210//210 211//211
f 210//210 212//212 211//211
f 211//211 212//212 213//213
f 212//212 214//214 213//213
f 213//213 214//214 215//215
f 214//214 216//216 215//215
f 215//215 216//216 217//217
f 216//216 218//218 217//217
f 217//217 218//218 219//219
f 218//218 220//220 219//219
f 219//219 220//220 221//221
f 220//220 222//222 221//221
f 221//221 222//222 223//223
f 222//222 224//224 223//223
f 223//223 224//224 196//196
f 224//224 195//195 196//196
f 225//225 226//226 227//227
f 226//226 228//228 227//227
f 226//226 225//225 229//229
f 225//225 230//230 229//229
f 229//229 230//230 231//231
f 230//230 232//232 231//231
f 231//231 232//232 233//233
f 232//232 234//234 233//233
f 233//233 234//234 235//235
f 234//234 236//236 235//235
f 235//235 236//236 237//237
f 236//236 238//238 237//237
f 237//237 238//238 239//239
f 238//238 240//240 239//239
f 239//239 240//240 241//241
f 240//240 242//242 241//241
f 241//241 242//242 243//243
f 242//242 244//244 243//243
f 243//243 244//244 245//245
f 244//244 246//246 245//245
f 245//245 246//246 247//247
f 246//246 248//248 247//247
f 247//247 248//248 249//249
f 248//248 250//250 249//249
f 249//249 250//250 251//251
f 250//250 252//252 251//251
f 251//251 252//252 253//253
f 252//252 254//254 253//253
f 253//253 254//254 255//255
f 254//254 256//256 255//255
f 255//255 256//256 228//228
f 256//256 227//227 228//228
f 257//257 258//258 259//259
f 258//258 260//260 259//259
f 258//258 257//257 261//261
f 257//257 262//262 261//261
f 261//261 262//262 263//263
f 262//262 264//264 263//263
f 263//263 264//264 265//265
f 264//264 266//266 265//265
f 265//265 266//266 267//267
f 266//266 268//268 267//267
f 267//267 268//268 269//269
f 268//268 270//270 269//269
f 269//269 270//270 271//271
f 270//270 272//272 271//271
f 271//271 272//272 273//273
f 272//272 274//274 273//273
f 273//273 274//274 275//275
f 274//274 276//276 275//275
f 275//275 276//276 277//277
f 276//276 278//278 277//277
f 277//277 278//278 279//279
f 278//278 280//280 279//279
f 279//279 280//280 281//281
f 280//280 282//282 281//281
f 281//281 282//282 283//283
f 282//282 284//284 283//283
f 283//283 284//284 285//285
f 284//284 286//286 285//285
f 285//285 286//286 287//287
f 286//286 288//288 287//287
f 287//287 288//288 260//260
f 288//288 259//259 260//260
f 289//289 290//290 291//291
f 290//290 292//292 291//291
f 290//290 289//289 293//293
f 289//289 294//294 293//293
f 293//293 294//294 295//295
f 294//294 296//296 295//295
f 295//295 296//296 297//297
f 296//296 298//298 297//297
f 297//297 298//298 299//299
f 298//298 300//300 299//299
f 299//299 300//300 301//301
f 300//300 302//302 301//301
f 301//301 302//302 303//303
f 302//302 304//304 303//303
f 303//303 304//304 305//305
f 304//304 306//306 305//305
f 305//305 306//306 307//307
f 306//306 308//308 307//307
f 307//307 308//308 309//309
f 308//308 310//310 309//309
f 309//309 310//310 311//311
f 310//310 312//312 311//311
f 311//311 312//312 313//313
f 312//312 314//314 313//313
f 313//313 314//314 315//315
f 314//314 316//316 315//315
f 315//315 316//316 317//317
f 316//316 318//318 317//317
f 317//317 318//318 319//319
f 318//318 320//320 319//319
f 319//319 320//320 292//292
f 320//320 291//291 292//292
f 321//321 322//322 323//323
f 322//322 324//324 323//323
f 322//322 321//321 325//325
f 321//321 326//326 325//325
f 325//325 326//326 327//327
f 326//326 328//328 327//327
f 327//327 328//328 329//329
f 328//328 330//330 329//329
f 329//329 330//330 331//331
f 330//330 332//332 331//331
f 331//331 332//332 333//333
f 332//332 334//334 333//333
f 333//333 334//334 335//335
f 334//334 336//336 335//335
f 335//335 336//336 337//337
f 336//336 338//338 337//337
f 337//337 338//338 339//339
f 338//338 340//340 339//339
f 339//339 340//340 341//341
f 340//340 342//342 341//341
f 341//341 342//342 343//343
f 342//342 344//344 343//343
f 343//343 344//344 345//345
f 344//344 346//346 345//345
f 345//345 346//346 347//347
f 346//346 348//348 347//347
f 347//347 348//348 349//349
f 348//348 350//350 349//349
f 349//349 350//350 351//351
f 350//350 352//352 351//351
f 351//351 352//352 324//324
f 352//352 323//323 324//324
f 353//353 354//354 355//355
f 354//354 356//356 355//355
f 356//356 357//357 355//355
f 357//357 358//358 355//355
f 358//358 359//359 355//355
f 359//359 360//360 355//355
f 360//360 361//361 355//355
f 361//361 362//362 355//355
f 362//362 363//363 355//355
f 363//363 364//364 355//355
f 364//364 365//365 355//355
f 365//365 366//366 355//355
f 366//366 367//367 355//355
f 355//355 367//367 368//368
f 369//369 371//371 370//370
f 371//371 372//372 370//370
f 372//372 373//373 370//370
f 373//373 374//374 370//370
f 374//374 375//375 370//370
f 375//375 376//376 370//370
f 376//376 377//377 370//370
f 377//377 378//378 370//370
f 378//378 379//379 370//370
f 379//379 380//380 370//370
f 380//380 381//381 370//370
f 381//381 382//382 370//370
f 382//382 383//383 370//370
f 370//370 383//383 384//384
f 385//385 387//387 386//386
f 386//386 387//387 388//388
f 389//389 391//391 390//390
f 390//390 391//391 392//392
f 393//393 395//395 394//394
f 394//394 395//395 396//396
f 397//397 399//399 398//398
f 398//398 399//399 400//400
f 401//401 403//403 402//402
f 402//402 403//403 404//404
f 405//405 407//407 406//406
f 406//406 407//407 408//408
f 409//409 411//411 410//410
f 410//410 411//411 412//412
f 413//413 415//415 414//414
f 414//414 415//415 416//416
f 417//417 419//419 418//418
f 418//418 419//419 420//420
f 421//421 423//423 422//422
f 422//422 423//423 424//424
f 425//425 427//427 426//426
f 426//426 427//427 428//428
f 429//429 431//431 430//430
f 430//430 431//431 432//432
f 433//433 435//435 434//434
f 434//434 435//435 436//436
f 435//435 437//437 436//436
f 436//436 437//437 438//438
f 439//439 441//441 440//440
f 440//440 441//441 442//442
f 441//441 443//443 442//442
f 444//444 440//440 442//442
f 445//445 447//447 446//446
f 446//446 447//447 448//448
f 449//449 451//451 450//450
f 450//450 451//451 452//452
f 453//453 455//455 454//454
f 454//454 455//455 456//456
f 457//457 459//459 458//458
f 458//458 459//459 460//460
f 461//461 463//463 462//462
f 462//462 463//463 464//464
f 465//465 467//467 466//466
f 466//466 467//467 468//468
f 469//469 471//471 470//470
f 470//470 471//471 472//472
f 471//471 473//473 472//472
f 474//474 470//470 472//472
f 475//475 477//477 476//476
f 476//476 477//477 478//478
f 477//477 479//479 478//478
f 478//478 479//479 480//480
f 481//481 483//483 482//482
f 483//483 484//484 482//482
f 482//482 484//484 485//485
f 484//484 486//486 485//485
f 485//485 486//486 487//487
f 486//486 488//488 487//487
f 487//487 488//488 489//489
f 488//488 490//490 489//489
f 489//489 490//490 491//491
f 490//490 492//492 491//491
f 491//491 492//492 493//493
f 492//492 494//494 493//493
f 493//493 494//494 495//495
f 494//494 496//496 495//495
f 495//495 496//496 497//497
f 496//496 498//498 497//497
f 497//497 498//498 499//499
f 498//498 500//500 499//499
f 499//499 500//500 501//501
f 500//500 502//502 501//501
f 501//501 502//502 503//503
f 502//502 504//504 503//503
f 503//503 504//504 505//505
f 504//504 506//506 505//505
f 505//505 506//506 507//507
f 506//506 508//508 507//507
f 507//507 508//508 509//509
f 508//508 510//510 509//509
f 509//509 510//510 511//511
f 510//510 512//512 511//511
f 511//511 512//512 513//513
f 512//512 514//514 513//513
f 513//513 514//514 515//515
f 514//514 516//516 515//515
f 515//515 516//516 517//517
f 516//516 518//518 517//517
f 517//517 518//518 519//519
f 518//518 520//520 519//519
f 521//521 522//522 523//523
f 522//522 524//524 523//523
f 523//523 524//524 525//525
f 524//524 526//526 525//525
f 525//525 526//526 527//527
f 526//526 528//528 527//527
f 527//527 528//528 529//529
f 528//528 530//530 529//529
f 529//529 530//530 531//531
f 530//530 532//532 531//531
f 531//531 532//532 533//533
f 532//532 534//534 533//533
f 533//533 534//534 535//535
f 534//534 536//536 535//535
f 535//535 536//536 537//537
f 536//536 538//538 537//537
f 537//537 538//538 539//539
f 538//538 540//540 539//539
f 539//539 540//540 541//541
f 540//540 542//542 541//541
f 541//541 542//542 543//543
f 542//542 544//544 543//543
f 543//543 544//544 545//545
f 544//544 546//546 545//545
f 545//545 546//546 547//547
f 546//546 548//548 547//547
f 547//547 548//548 549//549
f 548//548 550//550 549//549
f 549//549 550//550 551//551
f 550//550 552//552 551//551
f 551//551 552//552 553//553
f 552//552 554//554 553//553
f 553//553 554//554 555//555
f 554//554 556//556 555//555
f 555//555 556//556 557//557
f 556//556 558//558 557//557
f 557//557 558//558 559//559
f 558//558 560//560 559//559
f 561//561 562//562 563//563
f 562//562 564//564 563//563
f 563//563 564//564 565//565
f 564//564 566//566 565//565
f 565//565 566//566 567//567
f 566//566 568//568 567//567
f 567//567 568//568 569//569
f 568//568 570//570 569//569
f 569//569 570//570 571//571
f 570//570 572//572 571//571
f 571//571 572//572 573//573
f 572//572 574//574 573//573
f 573//573 574//574 575//575
f 574//574 576//576 575//575
f 575//575 576//576 577//577
f 576//576 578//578 577//577
f 577//577 578//578 579//579
f 578//578 580//580 579//579
f 579//579 580//580 581//581
f 580//580 582//582 581//581
f 581//581 582//582 583//583
f 582//582 584//584 583//583
f 583//583 584//584 585//585
f 584//584 586//586 585//585
f 585//585 586//586 587//587
f 586//586 588//588 587//587
f 587//587 588//588 589//589
f 588//588 590//590 589//589
f 589//589 590//590 591//591
f 590//590 592//592 591//591
f 591//591 592//592 593//593
f 592//592 594//594 593//593
f 593//593 594//594 595//595
f 594//594 596//596 595//595
f 595//595 596//596 597//597
f 596//596 598//598 597//597
f 597//597 598//598 599//599
f 598//598 600//600 599//599
f 601//601 602//602 603//603
f 602//602 604//604 603//603
f 603//603 604//604 605//605
f 604//604 606//606 605//605
f 605//605 606//606 607//607
f 606//606 608//608 607//607
f 607//607 608//608 609//609
f 608//608 610//610 609//609
f 609//609 610//610 611//611
f 610//610 612//612 611//611
f 611//611 612//612 613//613
f 612//612 614//614 613//613
f 613//613 614//614 615//615
f 614//614 616//616 615//615
f 615//615 616//616 617//617
f 616//616 618//618 617//617
f 617//617 618//618 619//619
f 618//618 620//620 619//619
f 619//619 620//620 621//621
f 620//620 622//622 621//621
f 621//621 622//622 623//623
f 622//622 624//624 623//623
f 623//623 624//624 625//625
f 624//624 626//626 625//625
f 625//625 626//626 627//627
f 626//626 628//628 627//627
f 627//627 628//628 629//629
f 628//628 630//630 629//629
f 629//629 630//630 631//631
f 630//630 632//632 631//631
f 631//631 632//632 633//633
f 632//632 634//634 633//633
f 633//633 634//634 635//635
f 634//634 636//636 635//635
f 635//635 636//636 637//637
f 636//636 638//638 637//637
f 637//637 638//638 639//639
f 638//638 640//640 639//639
f 641//641 642//642 643//643
f 642//642 644//644 643//643
f 643//643 644//644 645//645
f 644//644 646//646 645//645
f 645//645 646//646 647//647
f 646//646 648//648 647//647
f 647//647 648//648 649//649
f 648//648 650//650 649//649
f 649//649 650//650 651//651
f 650//650 652//652 651//651
f 651//651 652//652 653//653
f 652//652 654//654 653//653
f 653//653 654//654 655//655
f 654//654 656//656 655//655
f 655//655 656//656 657//657
f 656//656 658//658 657//657
f 657//657 658//658 659//659
f 658//658 660//660 659//659
f 659//659 660//660 661//661
f 660//660 662//662 661//661
f 661//661 662//662 663//663
f 662//662 664//664 663//663
f 663//663 664//664 665//665
f 664//664 666//666 665//665
f 665//665 666//666 667//667
f 666//666 668//668 667//667
f 667//667 668//668 669//669
f 668//668 670//670 669//669
f 669//669 670//670 671//671
f 670//670 672//672 671//671
f 671//671 672//672 673//673
f 672//672 674//674 673//673
f 673//673 674//674 675//675
f 674//674 676//676 675//675
f 675//675 676//676 677//677
f 676//676 678//678 677//677
f 677//677 678//678 679//679
f 678//678 680//680 679//679
f 681//681 682//682 683//683
f 682//682 684//684 683//683
f 683//683 684//684 685//685
f 684//684 686//686 685//685
f 685//685 686//686 687//687
f 686//686 688//688 687//687
f 687//687 688//688 689//689
f 688//688 690//690 689//689
f 689//689 690//690 691//691
f 690//690 692//692 691//691
f 691//691 692//692 693//693
f 692//692 694//694 693//693
f 693//693 694//694 695//695
f 694//694 696//696 695//695
f 695//695 696//696 697//697
f 696//696 698//698 697//697
f 697//697 698//698 699//699
f 698//698 700//700 699//699
f 699//699 700//700 701//701
f 700//700 702//702 701//701
f 701//701 702//702 703//703
f 702//702 704//704 703//703
f 703//703 704//704 705//705
f 704//704 706//706 705//705
f 705//705 706//706 707//707
f 706//706 708//708 707//707
f 707//707 708//708 709//709
f 708//708 710//710 709//709
f 709//709 710//710 711//711
f 710//710 712//712 711//711
f 711//711 712//712 713//713
f 712//712 714//714 713//713
f 713//713 714//714 715//715
f 714//714 716//716 715//715
f 715//715 716//716 717//717
f 716//716 718//718 717//717
f 717//717 718//718 719//719
f 718//718 720//720 719//719
f 721//721 722//722 723//723
f 722//722 724//724 723//723
f 723//723 724//724 725//725
f 724//724 726//726 725//725
f 725//725 726//726 727//727
f 726//726 728//728 727//727
f 727//727 728//728 729//729
f 728//728 730//730 729//729
f 729//729 730//730 731//731
f 730//730 732//732 731//731
f 731//731 732//732 733//733
f 732//732 734//734 733//733
f 733//733 734//734 735//735
f 734//734 736//736 735//735
f 735//735 736//736 737//737
f 736//736 738//738 737//737
f 737//737 738//738 739//739
f 738//738 740//740 739//739
f 739//739 740//740 741//741
f 740//740 742//742 741//741
f 741//741 742//742 743//743
f 742//742 744//744 743//743
f 743//743 744//744 745//745
f 744//744 746//746 745//745
f 745//745 746//746 747//747
f 746//746 748//748 747//747
f 747//747 748//748 749//749
f 748//748 750//750 749//749
f 749//749 750//750 751//751
f 750//750 752//752 751//751
f 751//751 752//752 753//753
f 752//752 754//754 753//753
f 753//753 754//754 755//755
f 754//754 756//756 755//755
f 755//755 756//756 757//757
f 756//756 758//758 757//757
f 757//757 758//758 759//759
f 758//758 760//760 759//759
f 761//761 762//762 763//763
f 762//762 764//764 763//763
f 763//763 764//764 765//765
f 764//764 766//766 765//765
f 765//765 766//766 767//767
f 766//766 768//768 767//767
f 767//767 768//768 769//769
f 768//768 770//770 769//769
f 769//769 770//770 771//771
f 770//770 772//772 771//771
f 771//771 772//772 773//773
f 772//772 774//774 773//773
f 773//773 774//774 775//775
f 774//774 776//776 775//775
f 775//775 776//776 777//777
f 776//776 778//778 777//777
f 777//777 778//778 779//779
f 778//778 780//780 779//779
f 779//779 780//780 781//781
f 780//780 782//782 781//781
f 781//781 782//782 783//783
f 782//782 784//784 783//783
f 783//783 784//784 785//785
f 784//784 786//786 785//785
f 785//785 786//786 787//787
f 786//786 788//788 787//787
f 787//787 788//788 789//789
f 788//788 790//790 789//789
f 789//789 790//790 791//791
f 790//790 792//792 791//791
f 791//791 792//792 793//793
f 792//792 794//794 793//793
f 793//793 794//794 795//795
f 794//794 796//796 795//795
f 795//795 796//796 797//797
f 796//796 798//798 797//797
f 797//797 798//798 799//799
f 798//798 800//800 799//799
f 801//801 802//802 803//803
f 802//802 804//804 803//803
f 804//804 805//805 803//803
f 805//805 806//806 803//803
f 806//806 807//807 803//803
f 803//803 807//807 808//808
f 809//809 811//811 810//810
f 810//810 811//811 812//812
f 811//811 813//813 812//812
f 813//813 814//814 812//812
f 812//812 814//814 815//815
f 816//816 813//813 811//811
f 817//817 818//818 819//819
f 818//818 820//820 819//819
f 818//818 817//817 821//821
f 817//817 822//822 821//821
f 821//821 822//822 823//823
f 822//822 824//824 823//823
f 823//823 824//824 825//825
f 824//824 826//826 825//825
f 825//825 826//826 827//827
f 826//826 828//828 827//827
f 827//827 828//828 829//829
f 828//828 830//830 829//829
f 829//829 830//830 831//831
f 830//830 832//832 831//831
f 831//831 832//832 833//833
f 832//832 834//834 833//833
f 833//833 834//834 835//835
f 834//834 836//836 835//835
f 835//835 836//836 837//837
f 836//836 838//838 837//837
f 837//837 838//838 839//839
f 838//838 840//840 839//839
f 839//839 840//840 841//841
f 840//840 842//842 841//841
f 841//841 842//842 843//843
f 842//842 844//844 843//843
f 843//843 844//844 845//845
f 844//844 846//846 845//845
f 845//845 846//846 847//847
f 846//846 848//848 847//847
f 847//847 848//848 820//820
f 848//848 819//819 820//820
f 849//849 850//850 851//851
f 850//850 852//852 851//851
f 850//850 849//849 853//853
f 849//849 854//854 853//853
f 853//853 854//854 855//855
f 854//854 856//856 855//855
f 855//855 856//856 857//857
f 856//856 858//858 857//857
f 857//857 858//858 859//859
f 858//858 860//860 859//859
f 859//859 860//860 861//861
f 860//860 862//862 861//861
f 861//861 862//862 863//863
f 862//862 864//864 863//863
f 863//863 864//864 865//865
f 864//864 866//866 865//865
f 865//865 866//866 867//867
f 866//866 868//868 867//867
f 867//867 868//868 869//869
f 868//868 870//870 869//869
f 869//869 870//870 871//871
f 870//870 872//872 871//871
f 871//871 872//872 873//873
f 872//872 874//874 873//873
f 873//873 874//874 875//875
f 874//874 876//876 875//875
f 875//875 876//876 877//877
f 876//876 878//878 877//877
f 877//877 878//878 879//879
f 878//878 880//880 879//879
f 879//879 880//880 852//852
f 880//880 851//851 852//852
f 881//881 882//882 883//883
f 882//882 884//884 883//883
f 882//882 881//881 885//885
f 881//881 886//886 885//885
f 885//885 886//886 887//887
f 886//886 888//888 887//887
f 887//887 888//888 889//889
f 888//888 890//890 889//889
f 889//889 890//890 891//891
f 890//890 892//892 891//891
f 891//891 892//892 893//893
f 892//892 894//894 893//893
f 893//893 894//894 895//895
f 894//894 896//896 895//895
f 895//895 896//896 897//897
f 896//896 898//898 897//897
f 897//897 898//898 899//899
f 898//898 900//900 899//899
f 899//899 900//900 901//901
f 900//900 902//902 901//901
f 901//901 902//902 903//903
f 902//902 904//904 903//903
f 903//903 904//904 905//905
f 904//904 906//906 905//905
f 905//905 906//906 907//907
f 906//906 908//908 907//907
f 907//907 908//908 909//909
f 908//908 910//910 909//909
f 909//909 910//910 911//911
f 910//910 912//912 911//911
f 911//911 912//912 884//884
f 912//912 883//883 884//884
f 913//913 914//914 915//915
f 914//914 916//916 915//915
f 914//914 913//913 917//917
f 913//913 918//918 917//917
f 917//917 918//918 919//919
f 918//918 920//920 919//919
f 919//919 920//920 921//921
f 920//920 922//922 921//921
f 921//921 922//922 923//923
f 922//922 924//924 923//923
f 923//923 924//924 925//925
f 924//924 926//926 925//925
f 925//925 926//926 927//927
f 926//926 928//928 927//927
f 927//927 928//928 929//929
f 928//928 930//930 929//929
f 929//929 930//930 931//931
f 930//930 932//932 931//931
f 931//931 932//932 933//933
f 932//932 934//934 933//933
f 933//933 934//934 935//935
f 934//934 936//936 935//935
f 935//935 936//936 937//937
f 936//936 938//938 937//937
f 937//937 938//938 939//939
f 938//938 940//940 939//939
f 939//939 940//940 941//941
f 940//940 942//942 941//941
f 941//941 942//942 943//943
f 942//942 944//944 943//943
f 943//943 944//944 916//916
f 944//944 915//915 916//916
f 945//945 946//946 947//947
f 946//946 948//948 947//947
f 946//946 945//945 949//949
f 945//945 950//950 949//949
f 949//949 950//950 951//951
f 950//950 952//952 951//951
f 951//951 952//952 953//953
f 952//952 954//954 953//953
f 953//953 954//954 955//955
f 954//954 956//956 955//955
f 955//955 956//956 957//957
f 956//956 958//958 957//957
f 957//957 958//958 959//959
f 958//958 960//960 959//959
f 959//959 960//960 961//961
f 960//960 962//962 961//961
f 961//961 962//962 963//963
f 962//962 964//964 963//963
f 963//963 964//964 965//965
f 964//964 966//966 965//965
f 965//965 966//966 967//967
f 966//966 968//968 967//967
f 967//967 968//968 969//969
f 968//968 970//970 969//969
f 969//969 970//970 971//971
f 970//970 972//972 971//971
f 971//971 972//972 973//973
f 972//972 974//974 973//973
f 973//973 974//974 975//975
f 974//974 976//976 975//975
f 975//975 976//976 948//948
f 976//976 947//947 948//948
f 977//977 978//978 979//979
f 978//978 980//980 979//979
f 978//978 977//977 981//981
f 977//977 982//982 981//981
f 981//981 982//982 983//983
f 982//982 984//984 983//983
f 983//983 984//984 985//985
f 984//984 986//986 985//985
f 985//985 986//986 987//987
f 986//986 988//988 987//987
f 987//987 988//988 989//989
f 988//988 990//990 989//989
f 989//989 990//990 991//991
f 990//990 992//992 991//991
f 991//991 992//992 993//993
f 992//992 994//994 993//993
f 993//993 994//994 995//995
f 994//994 996//996 995//995
f 995//995 996//996 997//997
f 996//996 998//998 997//997
f 997//997 998//998 999//999
f 998//998 1000//1000 999//999
f 999//999 1000//1000 1001//1001
f 1000//1000 1002//1002 1001//1001
f 1001//1001 1002//1002 1003//1003
f 1002//1002 1004//1004 1003//1003
f 1003//1003 1004//1004 1005//1005
f 1004//1004 1006//1006 1005//1005
f 1005//1005 1006//1006 1007//1007
f 1006//1006 1008//1008 1007//1007
f 1007//1007 1008//1008 980//980
f 1008//1008 979//979 980//980
f 1009//1009 1010//1010 1011//1011
f 1010//1010 1012//1012 1011//1011
f 1010//1010 1009//1009 1013//1013
f 1009//1009 1014//1014 1013//1013
f 1013//1013 1014//1014 1015//1015
f 1014//1014 1016//1016 1015//1015
f 1015//1015 1016//1016 1017//1017
f 1016//1016 1018//1018 1017//1017
f 1017//1017 1018//1018 1019//1019
f 1018//1018 1020//1020 1019//1019
f 1019//1019 1020//1020 1021//1021
f 1020//1020 1022//1022 1021//1021
f 1021//1021 1022//1022 1023//1023
f 1022//1022 1024//1024 1023//1023
f 1023//1023 1024//1024 1025//1025
f 1024//1024 1026//1026 1025//1025
f 1025//1025 1026//1026 1027//1027
f 1026//1026 1028//1028 1027//1027
f 1027//1027 1028//1028 1029//1029
f 1028//1028 1030//1030 1029//1029
f 1029//1029 1030//1030 1031//1031
f 1030//1030 1032//1032 1031//1031
f 1031//1031 1032//1032 1033//1033
f 1032//1032 1034//1034 1033//1033
f 1033//1033 1034//1034 1035//1035
f 1034//1034 1036//1036 1035//1035
f 1035//1035 1036//1036 1037//1037
f 1036//1036 1038//1038 1037//1037
f 1037//1037 1038//1038 1039//1039
f 1038//1038 1040//1040 1039//1039
f 1039//1039 1040//1040 1012//1012
f 1040//1040 1011//1011 1012//1012
f 1041//1041 1042//1042 1043//1043
f 1042//1042 1044//1044 1043//1043
f 1042//1042 1041//1041 1045//1045
f 1041//1041 1046//1046 1045//1045
f 1045//1045 1046//1046 1047//1047
f 1046//1046 1048//1048 1047//1047
f 1047//1047 1048//1048 1049//1049
f 1048//1048 1050//1050 1049//1049
f 1049//1049 1050//1050 1051//1051
f 1050//1050 1052//1052 1051//1051
f 1051//1051 1052//1052 1053//1053
f 1052//1052 1054//1054 1053//1053
f 1053//1053 1054//1054 1055//1055
f 1054//1054 1056//1056 1055//1055
f 1055//1055 1056//1056 1057//1057
f 1056//1056 1058//1058 1057//1057
f 1057//1057 1058//1058 1059//1059
f 1058//1058 1060//1060 1059//1059
f 1059//1059 1060//1060 1061//1061
f 1060//1060 1062//1062 1061//1061
f 1061//1061 1062//1062 1063//1063
f 1062//1062 1064//1064 1063//1063
f 1063//1063 1064//1064 1065//1065
f 1064//1064 1066//1066 1065//1065
f 1065//1065 1066//1066 1067//1067
f 1066//1066 1068//1068 1067//1067
f 1067//1067 1068//1068 1069//1069
f 1068//1068 1070//1070 1069//1069
f 1069//1069 1070//1070 1071//1071
f 1070//1070 1072//1072 1071//1071
f 1071//1071 1072//1072 1044//1044
f 1072//1072 1043//1043 1044//1044
f 1073//1073 1074//1074 1075//1075
f 1074//1074 1076//1076 1075//1075
f 1074//1074 1073//1073 1077//1077
f 1073//1073 1078//1078 1077//1077
f 1077//1077 1078//1078 1079//1079
f 1078//1078 1080//1080 1079//1079
f 1079//1079 1080//1080 1081//1081
f 1080//1080 1082//1082 1081//1081
f 1081//1081 1082//1082 1083//1083
f 1082//1082 1084//1084 1083//1083
f 1083//1083 1084//1084 1085//1085
f 1084//1084 1086//1086 1085//1085
f 1085//1085 1086//1086 1087//1087
f 1086//1086 1088//1088 1087//1087
f 1087//1087 1088//1088 1089//1089
f 1088//1088 1090//1090 1089//1089
f 1089//1089 1090//1090 1091//1091
f 1090//1090 1092//1092 1091//1091
f 1091//1091 1092//1092 1093//1093
f 1092//1092 1094//1094 1093//1093
f 1093//1093 1094//1094 1095//1095
f 1094//1094 1096//1096 1095//1095
f 1095//1095 1096//1096 1097//1097
f 1096//1096 1098//1098 1097//1097
f 1097//1097 1098//1098 1099//1099
f 1098//1098 1100//1100 1099//1099
f 1099//1099 1100//1100 1101//1101
f 1100//1100 1102//1102 1101//1101
f 1101//1101 1102//1102 1103//1103
f 1102//1102 1104//1104 1103//1103
f 1103//1103 1104//1104 1076//1076
f 1104//1104 1075//1075 1076//1076
f 1105//1105 1106//1106 1107//1107
f 1106//1106 1108//1108 1107//1107
f 1108//1108 1109//1109 1107//1107
f 1109//1109 1110//1110 1107//1107
f 1110//1110 1111//1111 1107//1107
f 1111//1111 1112//1112 1107//1107
f 1112//1112 1113//1113 1107//1107
f 1113//1113 1114//1114 1107//1107
f 1114//1114 1115//1115 1107//1107
f 1115//1115 1116//1116 1107//1107
f 1116//1116 1117//1117 1107//1107
f 1117//1117 1118//1118 1107//1107
f 1118//1118 1119//1119 1107//1107
f 1107//1107 1119//1119 1120//1120
f 1121//1121 1123//1123 1122//1122
f 1123//1123 1124//1124 1122//1122
f 1124//1124 1125//1125 1122//1122
f 1125//1125 1126//1126 1122//1122
f 1126//1126 1127//1127 1122//1122
f 1127//1127 1128//1128 1122//1122
f 1128//1128 1129//1129 1122//1122
f 1129//1129 1130//1130 1122//1122
f 1130//1130 1131//1131 1122//1122
f 1131//1131 1132//1132 1122//1122
f 1132//1132 1133//1133 1122//1122
f 1133//1133 1134//1134 1122//1122
f 1134//1134 1135//1135 1122//1122
f 1122//1122 1135//1135 1136//1136
f 1137//1137 1139//1139 1138//1138
f 1138//1138 1139//1139 1140//1140
f 1138//1138 1141//1141 1137//1137
f 1137//1137 1141//1141 1142//1142
f 1141//1141 1143//1143 1142//1142
f 1142//1142 1143//1143 1144//1144
f 1143//1143 1145//1145 1144//1144
f 1144//1144 1145//1145 1146//1146
f 1145//1145 1147//1147 1146//1146
f 1146//1146 1147//1147 1148//1148
f 1147//1147 1149//1149 1148//1148
f 1148//1148 1149//1149 1150//1150
f 1149//1149 1151//1151 1150//1150
f 1150//1150 1151//1151 1152//1152
f 1151//1151 1153//1153 1152//1152
f 1152//1152 1153//1153 1154//1154
f 1153//1153 1155//1155 1154//1154
f 1154//1154 1155//1155 1156//1156
f 1155//1155 1157//1157 1156//1156
f 1156//1156 1157//1157 1158//1158
f 1157//1157 1159//1159 1158//1158
f 1158//1158 1159//1159 1160//1160
f 1159//1159 1161//1161 1160//1160
f 1160//1160 1161//1161 1162//1162
f 1161//1161 1163//1163 1162//1162
f 1162//1162 1163//1163 1164//1164
f 1163//1163 1165//1165 1164//1164
f 1164//1164 1165//1165 1166//1166
f 1165//1165 1167//1167 1166//1166
f 1166//1166 1167//1167 1168//1168
f 1167//1167 1140//1140 1168//1168
f 1168//1168 1140//1140 1139//1139
f 1169//1169 1171//1171 1170//1170
f 1170//1170 1171//1171 1172//1172
f 1170//1170 1173//1173 1169//1169
f 1169//1169 1173//1173 1174//1174
f 1173//1173 1175//1175 1174//1174
f 1174//1174 1175//1175 1176//1176
f 1175//1175 1177//1177 1176//1176
f 1176//1176 1177//1177 1178//1178
f 1177//1177 1179//1179 1178//1178
f 1178//1178 1179//1179 1180//1180
f 1179//1179 1181//1181 1180//1180
f 1180//1180 1181//1181 1182//1182
f 1181//1181 1183//1183 1182//1182
f 1182//1182 1183//1183 1184//1184
f 1183//1183 1185//1185 1184//1184
f 1184//1184 1185//1185 1186//1186
f 1185//1185 1187//1187 1186//1186
f 1186//1186 1187//1187 1188//1188
f 1187//1187 1189//1189 1188//1188
f 1188//1188 1189//1189 1190//1190
f 1189//1189 1191//1191 1190//1190
f 1190//1190 1191//1191 1192//1192
f 1191//1191 1193//1193 1192//1192
f 1192//1192 1193//1193 1194//1194
f 1193//1193 1195//1195 1194//1194
f 1194//1194 1195//1195 1196//1196
f 1195//1195 1197//1197 1196//1196
f 1196//1196 1197//1197 1198//1198
f 1197//1197 1199//1199 1198//1198
f 1198//1198 1199//1199 1200//1200
f 1199//1199 1172//1172 1200//1200
f 1200//1200 1172//1172 1171//1171
f 1201//1201 1203//1203 1202//1202
f 1202//1202 1203//1203 1204//1204
f 1205//1205 1207//1207 1206//1206
f 1206//1206 1207//1207 1208//1208
f 1208//1208 1207//1207 1209//1209
f 1207//1207 1210//1210 1209//1209
f 1211//1211 1212//1212 1213//1213
f 1212//1212 1214//1214 1213//1213
f 1215//1215 1216//1216 1217//1217
f 1217//1217 1216//1216 1218//1218
f 1218//1218 1216//1216 1219//1219
f 1216//1216 1220//1220 1219//1219
f 1221//1221 1222//1222 1223//1223
f 1222//1222 1224//1224 1223//1223
f 1225//1225 1226//1226 1227//1227
f 1226//1226 1228//1228 1227//1227
f 1227//1227 1228//1228 1229//1229
f 1226//1226 1230//1230 1228//1228
f 1231//1231 1232//1232 1233//1233
f 1232//1232 1234//1234 1233//1233
f 1235//1235 1236//1236 1237//1237
f 1236//1236 1238//1238 1237//1237
f 1239//1239 1240//1240 1241//1241
f 1240//1240 1242//1242 1241//1241
f 1243//1243 1244//1244 1245//1245
f 1244//1244 1246//1246 1245//1245
f 1247//1247 1248//1248 1249//1249
f 1248//1248 1250//1250 1249//1249
f 1251//1251 1252//1252 1253//1253
f 1252//1252 1254//1254 1253//1253
f 1255//1255 1256//1256 1257//1257
f 1256//1256 1258//1258 1257//1257
f 1259//1259 1260//1260 1261//1261
f 1260//1260 1262//1262 1261//1261
f 1263//1263 1264//1264 1265//1265
f 1264//1264 1266//1266 1265//1265
f 1267//1267 1268//1268 1269//1269
f 1268//1268 1270//1270 1269//1269
f 1271//1271 1272//1272 1273//1273
f 1272//1272 1269//1269 1273//1273
f 1273//1273 1269//1269 1274//1274
f 1274//1274 1269//1269 1275//1275
f 1275//1275 1269//1269 1276//1276
f 1269//1269 1277//1277 1276//1276
f 1277//1277 1273//1273 1276//1276
f 1276//1276 1273//1273 1278//1278
f 1273//1273 1279//1279 1278//1278
f 1278//1278 1279//1279 1280//1280
f 1279//1279 1281//1281 1280//1280
f 1274//1274 1279//1279 1273//1273
f 1269//1269 1272//1272 1277//1277
f 1280//1280 1282//1282 1278//1278
f 1283//1283 1285//1285 1284//1284
f 1284//1284 1285//1285 1286//1286
f 1285//1285 1287//1287 1286//1286
f 1286//1286 1287//1287 1288//1288
f 1287//1287 1289//1289 1288//1288
f 1289//1289 1284//1284 1288//1288
f 1284//1284 1286//1286 1288//1288
f 1288//1288 1286//1286 1290//1290
f 1286//1286 1288//1288 1290//1290
f 1290//1290 1288//1288 1291//1291
f 1287//1287 1285//1285 1292//1292
f 1292//1292 1285//1285 1293//1293
f 1285//1285 1294//1294 1293//1293
f 1288//1288 1290//1290 1295//1295
f 1296//1296 1286//1286 1297//1297
f 1297//1297 1286//1286 1298//1298
f 1299//1299 1301//1301 1300//1300
f 1300//1300 1301//1301 1302//1302
f 1303//1303 1305//1305 1304//1304
f 1304//1304 1305//1305 1306//1306
f 1307//1307 1309//1309 1308//1308
f 1308//1308 1309//1309 1310//1310
f 1311//1311 1313//1313 1312//1312
f 1312//1312 1313//1313 1314//1314
f 1315//1315 1317//1317 1316//1316
f 1316//1316 1317//1317 1318//1318
f 1317//1317 1319//1319 1318//1318
f 1316//1316 1318//1318 1320//1320
f 1321//1321 1323//1323 1322//1322
f 1322//1322 1323//1323 1324//1324
f 1322//1322 1325//1325 1321//1321
f 1321//1321 1325//1325 1326//1326
f 1325//1325 1327//1327 1326//1326
f 1326//1326 1327//1327 1328//1328
f 1327//1327 1329//1329 1328//1328
f 1328//1328 1329//1329 1330//1330
f 1329//1329 1331//1331 1330//1330
f 1330//1330 1331//1331 1332//1332
f 1331//1331 1324//1324 1332//1332
f 1332//1332 1324//1324 1323//1323
f 1333//1333 1335//1335 1334//1334
f 1335//1335 1336//1336 1334//1334
f 1334//1334 1336//1336 1337//1337
f 1336//1336 1338//1338 1337//1337
f 1339//1339 1340//1340 1341//1341
f 1340//1340 1342//1342 1341//1341
f 1343//1343 1344//1344 1345//1345
f 1344//1344 1346//1346 1345//1345
f 1345//1345 1346//1346 1347//1347
f 1346//1346 1348//1348 1347//1347
f 1349//1349 1350//1350 1351//1351
f 1350//1350 1352//1352 1351//1351
f 1353//1353 1354//1354 1355//1355
f 1354//1354 1356//1356 1355//1355
f 1357//1357 1358//1358 1359//1359
f 1358//1358 1360//1360 1359//1359
f 1360//1360 1361//1361 1359//1359
f 1359//1359 1361//1361 1362//1362
f 1363//1363 1365//1365 1364//1364
f 1364//1364 1365//1365 1366//1366
f 1367//1367 1369//1369 1368//1368
f 1369//1369 1370//1370 1368//1368
f 1370//1370 1371//1371 1368//1368
f 1368//1368 1371//1371 1372//1372
f 1373//1373 1375//1375 1374//1374
f 1374//1374 1375//1375 1376//1376
f 1377//1377 1379//1379 1378//1378
f 1378//1378 1379//1379 1380//1380
f 1379//1379 1381//1381 1380//1380
f 1378//1378 1380//1380 1382//1382
f 1383//1383 1385//1385 1384//1384
f 1384//1384 1385//1385 1386//1386
f 1387//1387 1389//1389 1388//1388
f 1388//1388 1389//1389 1390//1390
f 1391//1391 1393//1393 1392//1392
f 1392//1392 1393//1393 1394//1394
f 1395//1395 1397//1397 1396//1396
f 1396//1396 1397//1397 1398//1398
f 1399//1399 1401//1401 1400//1400
f 1400//1400 1401//1401 1402//1402
f 1403//1403 1405//1405 1404//1404
f 1404//1404 1405//1405 1406//1406
f 1407//1407 1409//1409 1408//1408
f 1408//1408 1409//1409 1410//1410
f 1411//1411 1413//1413 1412//1412
f 1412//1412 1413//1413 1414//1414
f 1415//1415 1417//1417 1416//1416
f 1416//1416 1417//1417 1418//1418
f 1419//1419 1421//1421 1420//1420
f 1420//1420 1421//1421 1422//1422
f 1421//1421 1423//1423 1422//1422
f 1422//1422 1423//1423 1424//1424
f 1423//1423 1425//1425 1424//1424
f 1425//1425 1420//1420 1424//1424
f 1420//1420 1422//1422 1424//1424
f 1424//1424 1422//1422 1426//1426
f 1422//1422 1424//1424 1426//1426
f 1426//1426 1424//1424 1427//1427
f 1423//1423 1421//1421 1428//1428
f 1428//1428 1421//1421 1429//1429
f 1421//1421 1430//1430 1429//1429
f 1424//1424 1426//1426 1431//1431
f 1432//1432 1422//1422 1433//1433
f 1433//1433 1422//1422 1434//1434
f 1435//1435 1437//1437 1436//1436
f 1436//1436 1437//1437 1438//1438
f 1439//1439 1441//1441 1440//1440
f 1440//1440 1441//1441 1436//1436
f 1441//1441 1442//1442 1436//1436
f 1436//1436 1442//1442 1443//1443
f 1442//1442 1440//1440 1443//1443
f 1443//1443 1440//1440 1444//1444
f 1440//1440 1445//1445 1444//1444
f 1444//1444 1445//1445 1446//1446
f 1445//1445 1447//1447 1446//1446
f 1443//1443 1448//1448 1436//1436
f 1448//1448 1449//1449 1436//1436
f 1436//1436 1449//1449 1440//1440
f 1449//1449 1445//1445 1440//1440
f 1446//1446 1450//1450 1444//1444
f 1451//1451 1453//1453 1452//1452
f 1452//1452 1453//1453 1454//1454
f 1455//1455 1457//1457 1456//1456
f 1456//1456 1457//1457 1458//1458
f 1459//1459 1461//1461 1460//1460
f 1460//1460 1461//1461 1462//1462
f 1463//1463 1465//1465 1464//1464
f 1464//1464 1465//1465 1466//1466
f 1467//1467 1469//1469 1468//1468
f 1468//1468 1469//1469 1470//1470
f 1469//1469 1471//1471 1470//1470
f 1468//1468 1470//1470 1472//1472
f 1473//1473 1475//1475 1474//1474
f 1474//1474 1475//1475 1476//1476
f 1475//1475 1473//1473 1477//1477
f 1473//1473 1478//1478 1477//1477
f 1477//1477 1478//1478 1479//1479
f 1478//1478 1480//1480 1479//1479
f 1479//1479 1480//1480 1481//1481
f 1480//1480 1482//1482 1481//1481
f 1481//1481 1482//1482 1483//1483
f 1482//1482 1484//1484 1483//1483
f 1483//1483 1484//1484 1476//1476
f 1484//1484 1474//1474 1476//1476
f 1485//1485 1486//1486 1487//1487
f 1487//1487 1486//1486 1488//1488
f 1486//1486 1489//1489 1488//1488
f 1488//1488 1489//1489 1490//1490
f 1491//1491 1493//1493 1492//1492
f 1492//1492 1493//1493 1494//1494
f 1495//1495 1497//1497 1496//1496
f 1496//1496 1497//1497 1498//1498
f 1497//1497 1499//1499 1498//1498
f 1498//1498 1499//1499 1500//1500
f 1501//1501 1503//1503 1502//1502
f 1502//1502 1503//1503 1504//1504
f 1505//1505 1507//1507 1506//1506
f 1507//1507 1508//1508 1506//1506
f 1506//1506 1508//1508 1509//1509
f 1508//1508 1510//1510 1509//1509
f 1509//1509 1510//1510 1511//1511
f 1510//1510 1512//1512 1511//1511
f 1511//1511 1512//1512 1513//1513
f 1512//1512 1514//1514 1513//1513
f 1513//1513 1514//1514 1515//1515
f 1514//1514 1516//1516 1515//1515
f 1515//1515 1516//1516 1517//1517
f 1516//1516 1518//1518 1517//1517
f 1517//1517 1518//1518 1519//1519
f 1518//1518 1520//1520 1519//1519
f 1519//1519 1520//1520 1521//1521
f 1520//1520 1522//1522 1521//1521
f 1521//1521 1522//1522 1523//1523
f 1522//1522 1524//1524 1523//1523
f 1523//1523 1524//1524 1525//1525
f 1524//1524 1526//1526 1525//1525
f 1525//1525 1526//1526 1527//1527
f 1526//1526 1528//1528 1527//1527
f 1527//1527 1528//1528 1529//1529
f 1528//1528 1530//1530 1529//1529
f 1529//1529 1530//1530 1531//1531
f 1530//1530 1532//1532 1531//1531
f 1531//1531 1532//1532 1533//1533
f 1532//1532 1534//1534 1533//1533
f 1533//1533 1534//1534 1535//1535
f 1534//1534 1536//1536 1535//1535
f 1535//1535 1536//1536 1537//1537
f 1536//1536 1538//1538 1537//1537
f 1537//1537 1538//1538 1539//1539
f 1538//1538 1540//1540 1539//1539
f 1539//1539 1540//1540 1541//1541
f 1540//1540 1542//1542 1541//1541
f 1541//1541 1542//1542 1543//1543
f 1542//1542 1544//1544 1543//1543
f 1545//1545 1546//1546 1547//1547
f 1546//1546 1548//1548 1547//1547
f 1547//1547 1548//1548 1549//1549
f 1548//1548 1550//1550 1549//1549
f 1549//1549 1550//1550 1551//1551
f 1550//1550 1552//1552 1551//1551
f 1551//1551 1552//1552 1553//1553
f 1552//1552 1554//1554 1553//1553
f 1553//1553 1554//1554 1555//1555
f 1554//1554 1556//1556 1555//1555
f 1555//1555 1556//1556 1557//1557
f 1556//1556 1558//1558 1557//1557
f 1557//1557 1558//1558 1559//1559
f 1558//1558 1560//1560 1559//1559
f 1559//1559 1560//1560 1561//1561
f 1560//1560 1562//1562 1561//1561
f 1561//1561 1562//1562 1563//1563
f 1562//1562 1564//1564 1563//1563
f 1563//1563 1564//1564 1565//1565
f 1564//1564 1566//1566 1565//1565
f 1565//1565 1566//1566 1567//1567
f 1566//1566 1568//1568 1567//1567
f 1567//1567 1568//1568 1569//1569
f 1568//1568 1570//1570 1569//1569
f 1569//1569 1570//1570 1571//1571
f 1570//1570 1572//1572 1571//1571
f 1571//1571 1572//1572 1573//1573
f 1572//1572 1574//1574 1573//1573
f 1573//1573 1574//1574 1575//1575
f 1574//1574 1576//1576 1575//1575
f 1575//1575 1576//1576 1577//1577
f 1576//1576 1578//1578 1577//1577
f 1577//1577 1578//1578 1579//1579
f 1578//1578 1580//1580 1579//1579
f 1579//1579 1580//1580 1581//1581
f 1580//1580 1582//1582 1581//1581
f 1581//1581 1582//1582 1583//1583
f 1582//1582 1584//1584 1583//1583
f 1585//1585 1586//1586 1587//1587
f 1586//1586 1588//1588 1587//1587
f 1587//1587 1588//1588 1589//1589
f 1588//1588 1590//1590 1589//1589
f 1589//1589 1590//1590 1591//1591
f 1590//1590 1592//1592 1591//1591
f 1591//1591 1592//1592 1593//1593
f 1592//1592 1594//1594 1593//1593
f 1593//1593 1594//1594 1595//1595
f 1594//1594 1596//1596 1595//1595
f 1595//1595 1596//1596 1597//1597
f 1596//1596 1598//1598 1597//1597
f 1597//1597 1598//1598 1599//1599
f 1598//1598 1600//1600 1599//1599
f 1599//1599 1600//1600 1601//1601
f 1600//1600 1602//1602 1601//1601
f 1601//1601 1602//1602 1603//1603
f 1602//1602 1604//1604 1603//1603
f 1603//1603 1604//1604 1605//1605
f 1604//1604 1606//1606 1605//1605
f 1605//1605 1606//1606 1607//1607
f 1606//1606 1608//1608 1607//1607
f 1607//1607 1608//1608 1609//1609
f 1608//1608 1610//1610 1609//1609
f 1609//1609 1610//1610 1611//1611
f 1610//1610 1612//1612 1611//1611
f 1611//1611 1612//1612 1613//1613
f 1612//1612 1614//1614 1613//1613
f 1613//1613 1614//1614 1615//1615
f 1614//1614 1616//1616 1615//1615
f 1615//1615 1616//1616 1617//1617
f 1616//1616 1618//1618 1617//1617
f 1617//1617 1618//1618 1619//1619
f 1618//1618 1620//1620 1619//1619
f 1619//1619 1620//1620 1621//1621
f 1620//1620 1622//1622 1621//1621
f 1621//1621 1622//1622 1623//1623
f 1622//1622 1624//1624 1623//1623
f 1625//1625 1626//1626 1627//1627
f 1626//1626 1628//1628 1627//1627
f 1627//1627 1628//1628 1629//1629
f 1628//1628 1630//1630 1629//1629
f 1629//1629 1630//1630 1631//1631
f 1630//1630 1632//1632 1631//1631
f 1631//1631 1632//1632 1633//1633
f 1632//1632 1634//1634 1633//1633
f 1633//1633 1634//1634 1635//1635
f 1634//1634 1636//1636 1635//1635
f 1635//1635 1636//1636 1637//1637
f 1636//1636 1638//1638 1637//1637
f 1637//1637 1638//1638 1639//1639
f 1638//1638 1640//1640 1639//1639
f 1639//1639 1640//1640 1641//1641
f 1640//1640 1642//1642 1641//1641
f 1641//1641 1642//1642 1643//1643
f 1642//1642 1644//1644 1643//1643
f 1643//1643 1644//1644 1645//1645
f 1644//1644 1646//1646 1645//1645
f 1645//1645 1646//1646 1647//1647
f 1646//1646 1648//1648 1647//1647
f 1647//1647 1648//1648 1649//1649
f 1648//1648 1650//1650 1649//1649
f 1649//1649 1650//1650 1651//1651
f 1650//1650 1652//1652 1651//1651
f 1651//1651 1652//1652 1653//1653
f 1652//1652 1654//1654 1653//1653
f 1653//1653 1654//1654 1655//1655
f 1654//1654 1656//1656 1655//1655
f 1655//1655 1656//1656 1657//1657
f 1656//1656 1658//1658 1657//1657
f 1657//1657 1658//1658 1659//1659
f 1658//1658 1660//1660 1659//1659
f 1659//1659 1660//1660 1661//1661
f 1660//1660 1662//1662 1661//1661
f 1661//1661 1662//1662 1663//1663
f 1662//1662 1664//1664 1663//1663
f 1665//1665 1666//1666 1667//1667
f 1666//1666 1668//1668 1667//1667
f 1667//1667 1668//1668 1669//1669
f 1668//1668 1670//1670 1669//1669
f 1669//1669 1670//1670 1671//1671
f 1670//1670 1672//1672 1671//1671
f 1671//1671 1672//1672 1673//1673
f 1672//1672 1674//1674 1673//1673
f 1673//1673 1674//1674 1675//1675
f 1674//1674 1676//1676 1675//1675
f 1675//1675 1676//1676 1677//1677
f 1676//1676 1678//1678 1677//1677
f 1677//1677 1678//1678 1679//1679
f 1678//1678 1680//1680 1679//1679
f 1679//1679 1680//1680 1681//1681
f 1680//1680 1682//1682 1681//1681
f 1681//1681 1682//1682 1683//1683
f 1682//1682 1684//1684 1683//1683
f 1683//1683 1684//1684 1685//1685
f 1684//1684 1686//1686 1685//1685
f 1685//1685 1686//1686 1687//1687
f 1686//1686 1688//1688 1687//1687
f 1687//1687 1688//1688 1689//1689
f 1688//1688 1690//1690 1689//1689
f 1689//1689 1690//1690 1691//1691
f 1690//1690 1692//1692 1691//1691
f 1691//1691 1692//1692 1693//1693
f 1692//1692 1694//1694 1693//1693
f 1693//1693 1694//1694 1695//1695
f 1694//1694 1696//1696 1695//1695
f 1695//1695 1696//1696 1697//1697
f 1696//1696 1698//1698 1697//1697
f 1697//1697 1698//1698 1699//1699
f 1698//1698 1700//1700 1699//1699
f 1699//1699 1700//1700 1701//1701
f 1700//1700 1702//1702 1701//1701
f 1701//1701 1702//1702 1703//1703
f 1702//1702 1704//1704 1703//1703
f 1705//1705 1706//1706 1707//1707
f 1706//1706 1708//1708 1707//1707
f 1707//1707 1708//1708 1709//1709
f 1708//1708 1710//1710 1709//1709
f 1709//1709 1710//1710 1711//1711
f 1710//1710 1712//1712 1711//1711
f 1711//1711 1712//1712 1713//1713
f 1712//1712 1714//1714 1713//1713
f 1713//1713 1714//1714 1715//1715
f 1714//1714 1716//1716 1715//1715
f 1715//1715 1716//1716 1717//1717
f 1716//1716 1718//1718 1717//1717
f 1717//1717 1718//1718 1719//1719
f 1718//1718 1720//1720 1719//1719
f 1719//1719 1720//1720 1721//1721
f 1720//1720 1722//1722 1721//1721
f 1721//1721 1722//1722 1723//1723
f 1722//1722 1724//1724 1723//1723
f 1723//1723 1724//1724 1725//1725
f 1724//1724 1726//1726 1725//1725
f 1725//1725 1726//1726 1727//1727
f 1726//1726 1728//1728 1727//1727
f 1727//1727 1728//1728 1729//1729
f 1728//1728 1730//1730 1729//1729
f 1729//1729 1730//1730 1731//1731
f 1730//1730 1732//1732 1731//1731
f 1731//1731 1732//1732 1733//1733
f 1732//1732 1734//1734 1733//1733
f 1733//1733 1734//1734 1735//1735
f 1734//1734 1736//1736 1735//1735
f 1735//1735 1736//1736 1737//1737
f 1736//1736 1738//1738 1737//1737
f 1737//1737 1738//1738 1739//1739
f 1738//1738 1740//1740 1739//1739
f 1739//1739 1740//1740 1741//1741
f 1740//1740 1742//1742 1741//1741
f 1741//1741 1742//1742 1743//1743
f 1742//1742 1744//1744 1743//1743
f 1745//1745 1746//1746 1747//1747
f 1746//1746 1748//1748 1747//1747
f 1747//1747 1748//1748 1749//1749
f 1748//1748 1750//1750 1749//1749
f 1749//1749 1750//1750 1751//1751
f 1750//1750 1752//1752 1751//1751
f 1751//1751 1752//1752 1753//1753
f 1752//1752 1754//1754 1753//1753
f 1753//1753 1754//1754 1755//1755
f 1754//1754 1756//1756 1755//1755
f 1755//1755 1756//1756 1757//1757
f 1756//1756 1758//1758 1757//1757
f 1757//1757 1758//1758 1759//1759
f 1758//1758 1760//1760 1759//1759
f 1759//1759 1760//1760 1761//1761
f 1760//1760 1762//1762 1761//1761
f 1761//1761 1762//1762 1763//1763
f 1762//1762 1764//1764 1763//1763
f 1763//1763 1764//1764 1765//1765
f 1764//1764 1766//1766 1765//1765
f 1765//1765 1766//1766 1767//1767
f 1766//1766 1768//1768 1767//1767
f 1767//1767 1768//1768 1769//1769
f 1768//1768 1770//1770 1769//1769
f 1769//1769 1770//1770 1771//1771
f 1770//1770 1772//1772 1771//1771
f 1771//1771 1772//1772 1773//1773
f 1772//1772 1774//1774 1773//1773
f 1773//1773 1774//1774 1775//1775
f 1774//1774 1776//1776 1775//1775
f 1775//1775 1776//1776 1777//1777
f 1776//1776 1778//1778 1777//1777
f 1777//1777 1778//1778 1779//1779
f 1778//1778 1780//1780 1779//1779
f 1779//1779 1780//1780 1781//1781
f 1780//1780 1782//1782 1781//1781
f 1781//1781 1782//1782 1783//1783
f 1782//1782 1784//1784 1783//1783
f 1785//1785 1786//1786 1787//1787
f 1786//1786 1788//1788 1787//1787
f 1787//1787 1788//1788 1789//1789
f 1788//1788 1790//1790 1789//1789
f 1789//1789 1790//1790 1791//1791
f 1790//1790 1792//1792 1791//1791
f 1791//1791 1792//1792 1793//1793
f 1792//1792 1794//1794 1793//1793
f 1793//1793 1794//1794 1795//1795
f 1794//1794 1796//1796 1795//1795
f 1795//1795 1796//1796 1797//1797
f 1796//1796 1798//1798 1797//1797
f 1797//1797 1798//1798 1799//1799
f 1798//1798 1800//1800 1799//1799
f 1799//1799 1800//1800 1801//1801
f 1800//1800 1802//1802 1801//1801
f 1801//1801 1802//1802 1803//1803
f 1802//1802 1804//1804 1803//1803
f 1803//1803 1804//1804 1805//1805
f 1804//1804 1806//1806 1805//1805
f 1805//1805 1806//1806 1807//1807
f 1806//1806 1808//1808 1807//1807
f 1807//1807 1808//1808 1809//1809
f 1808//1808 1810//1810 1809//1809
f 1809//1809 1810//1810 1811//1811
f 1810//1810 1812//1812 1811//1811
f 1811//1811 1812//1812 1813//1813
f 1812//1812 1814//1814 1813//1813
f 1813//1813 1814//1814 1815//1815
f 1814//1814 1816//1816 1815//1815
f 1815//1815 1816//1816 1817//1817
f 1816//1816 1818//1818 1817//1817
f 1817//1817 1818//1818 1819//1819
f 1818//1818 1820//1820 1819//1819
f 1819//1819 1820//1820 1821//1821
f 1820//1820 1822//1822 1821//1821
f 1821//1821 1822//1822 1823//1823
f 1822//1822 1824//1824 1823//1823
f 1825//1825 1826//1826 1827//1827
f 1826//1826 1828//1828 1827//1827
f 1828//1828 1829//1829 1827//1827
f 1829//1829 1830//1830 1827//1827
f 1830//1830 1831//1831 1827//1827
f 1827//1827 1831//1831 1832//1832
f 1833//1833 1835//1835 1834//1834
f 1834//1834 1835//1835 1836//1836
f 1835//1835 1837//1837 1836//1836
f 1837//1837 1838//1838 1836//1836
f 1836//1836 1838//1838 1839//1839
f 1840//1840 1837//1837 1835//1835
