Codice Regione,Progressivo del Comune (2),Codice Comune formato alfanumerico,Denominazione (Italiana e straniera),Denominazione in italiano,Ripartizione geografica,Denominazione Regione,Denominazione dell'Unit? territoriale sovracomunale in italiano,Denominazione provincia in inglese,Sigla automobilistica,Zona di mercato
5,1,28001,Abano Terme,Abano Terme,Nord-est,Veneto,Padova,Padova,PD,NORD
3,1,98001,Abbadia Cerreto,Abbadia Cerreto,Nord-ovest,Lombardia,Lodi,Lodi,LO,NORD
3,1,97001,Abbadia Lariana,Abbadia Lariana,Nord-ovest,Lombardia,Lecco,Lecco,LC,NORD
9,1,52001,Abbadia San Salvatore,Abbadia San Salvatore,Centro,Toscana,Siena,Siena,SI,CNOR
20,1,95001,Abbasanta,Abbasanta,Isole,Sardegna,Oristano,Oristano,OR,SARD
13,1,68001,Abbateggio,Abbateggio,Sud,Abruzzo,Pescara,Pescara,PE,CSUD
3,2,15002,Abbiategrasso,Abbiategrasso,Nord-ovest,Lombardia,Milano,Milan,MI,NORD
9,23,47023,Abetone Cutigliano,Abetone Cutigliano,Centro,Toscana,Pistoia,Pistoia,PT,CNOR
17,1,76001,Abriola,Abriola,Sud,Basilicata,Potenza,Potenza,PZ,SUD
19,1,88001,Acate,Acate,Isole,Sicilia,Ragusa,Ragusa,RG,SICI
16,1,71001,Accadia,Accadia,Sud,Puglia,Foggia,Foggia,FG,SUD
1,1,4001,Acceglio,Acceglio,Nord-ovest,Piemonte,Cuneo,Cuneo,CN,NORD
17,1,77001,Accettura,Accettura,Sud,Basilicata,Matera,Matera,MT,SUD
13,1,66001,Acciano,Acciano,Sud,Abruzzo,L'Aquila,L'Aquila,AQ,CSUD
12,1,57001,Accumoli,Accumoli,Centro,Lazio,Rieti,Rieti,RI,CSUD
17,2,76002,Acerenza,Acerenza,Sud,Basilicata,Potenza,Potenza,PZ,SUD
15,1,65001,Acerno,Acerno,Sud,Campania,Salerno,Salerno,SA,CSUD
15,1,63001,Acerra,Acerra,Sud,Campania,Napoli,Naples,NA,CSUD
19,1,87001,Aci Bonaccorsi,Aci Bonaccorsi,Isole,Sicilia,Catania,Catania,CT,SICI
19,2,87002,Aci Castello,Aci Castello,Isole,Sicilia,Catania,Catania,CT,SICI
19,3,87003,Aci Catena,Aci Catena,Isole,Sicilia,Catania,Catania,CT,SICI
19,5,87005,Aci Sant'Antonio,Aci Sant'Antonio,Isole,Sicilia,Catania,Catania,CT,SICI
19,4,87004,Acireale,Acireale,Isole,Sicilia,Catania,Catania,CT,SICI
12,1,60001,Acquafondata,Acquafondata,Centro,Lazio,Frosinone,Frosinone,FR,CSUD
18,1,78001,Acquaformosa,Acquaformosa,Sud,Calabria,Cosenza,Cosenza,CS,CALA
3,1,17001,Acquafredda,Acquafredda,Nord-ovest,Lombardia,Brescia,Brescia,BS,NORD
11,1,41001,Acqualagna,Acqualagna,Centro,Marche,Pesaro e Urbino,Pesaro e Urbino,PU,CNOR
3,1,19001,Acquanegra Cremonese,Acquanegra Cremonese,Nord-ovest,Lombardia,Cremona,Cremona,CR,NORD
3,1,20001,Acquanegra sul Chiese,Acquanegra sul Chiese,Nord-ovest,Lombardia,Mantova,Mantova,MN,NORD
12,1,56001,Acquapendente,Acquapendente,Centro,Lazio,Viterbo,Viterbo,VT,CSUD
18,2,78002,Acquappesa,Acquappesa,Sud,Calabria,Cosenza,Cosenza,CS,CALA
18,1,102001,Acquaro,Acquaro,Sud,Calabria,Vibo Valentia,Vibo Valentia,VV,CALA
11,1,44001,Acquasanta Terme,Acquasanta Terme,Centro,Marche,Ascoli Piceno,Ascoli Piceno,AP,CNOR
10,1,55001,Acquasparta,Acquasparta,Centro,Umbria,Terni,Terni,TR,CSUD
14,1,70001,Acquaviva Collecroce,Acquaviva Collecroce,Sud,Molise,Campobasso,Campobasso,CB,SUD
16,1,72001,Acquaviva delle Fonti,Acquaviva delle Fonti,Sud,Puglia,Bari,Bari,BA,SUD
14,1,94001,Acquaviva d'Isernia,Acquaviva d'Isernia,Sud,Molise,Isernia,Isernia,IS,SUD
11,2,44002,Acquaviva Picena,Acquaviva Picena,Centro,Marche,Ascoli Piceno,Ascoli Piceno,AP,CNOR
19,1,85001,Acquaviva Platani,Acquaviva Platani,Isole,Sicilia,Caltanissetta,Caltanissetta,CL,SICI
19,107,83107,Acquedolci,Acquedolci,Isole,Sicilia,Messina,Messina,ME,SICI
1,1,6001,Acqui Terme,Acqui Terme,Nord-ovest,Piemonte,Alessandria,Alessandria,AL,NORD
18,3,78003,Acri,Acri,Sud,Calabria,Cosenza,Cosenza,CS,CALA
12,2,60002,Acuto,Acuto,Centro,Lazio,Frosinone,Frosinone,FR,CSUD
16,2,72002,Adelfia,Adelfia,Sud,Puglia,Bari,Bari,BA,SUD
19,6,87006,Adrano,Adrano,Isole,Sicilia,Catania,Catania,CT,SICI
3,1,16001,Adrara San Martino,Adrara San Martino,Nord-ovest,Lombardia,Bergamo,Bergamo,BG,NORD
3,2,16002,Adrara San Rocco,Adrara San Rocco,Nord-ovest,Lombardia,Bergamo,Bergamo,BG,NORD
5,1,29001,Adria,Adria,Nord-est,Veneto,Rovigo,Rovigo,RO,NORD
3,2,17002,Adro,Adro,Nord-ovest,Lombardia,Brescia,Brescia,BS,NORD
5,1,23001,Affi,Affi,Nord-est,Veneto,Verona,Verona,VR,NORD
12,1,58001,Affile,Affile,Centro,Lazio,Roma,Rome,RM,CSUD
15,2,63002,Afragola,Afragola,Sud,Campania,Napoli,Naples,NA,CSUD
18,1,80001,Africo,Africo,Sud,Calabria,Reggio Calabria,Reggio Calabria,RC,CALA
8,1,33001,Agazzano,Agazzano,Nord-est,Emilia Romagna,Piacenza,Piacenza,PC,NORD
15,3,63003,Agerola,Agerola,Sud,Campania,Napoli,Naples,NA,CSUD
20,1,90001,Aggius,Aggius,Isole,Sardegna,Sassari,Sassari,SS,SARD
19,1,86001,Agira,Agira,Isole,Sicilia,Enna,Enna,EN,SICI
9,2,47002,Agliana,Agliana,Centro,Toscana,Pistoia,Pistoia,PT,CNOR
1,1,5001,Agliano Terme,Agliano Terme,Nord-ovest,Piemonte,Asti,Asti,AT,NORD
1,1,1001,AgliË,AgliË,Nord-ovest,Piemonte,Torino,Turin,TO,NORD
20,62,90062,Aglientu,Aglientu,Isole,Sardegna,Sassari,Sassari,SS,SARD
5,2,28002,Agna,Agna,Nord-est,Veneto,Padova,Padova,PD,NORD
3,2,19002,Agnadello,Agnadello,Nord-ovest,Lombardia,Cremona,Cremona,CR,NORD
18,2,80002,Agnana Calabra,Agnana Calabra,Sud,Calabria,Reggio Calabria,Reggio Calabria,RC,CALA
14,2,94002,Agnone,Agnone,Sud,Molise,Isernia,Isernia,IS,SUD
3,3,17003,Agnosine,Agnosine,Nord-ovest,Lombardia,Brescia,Brescia,BS,NORD
5,1,25001,Agordo,Agordo,Nord-est,Veneto,Belluno,Belluno,BL,NORD
12,2,58002,Agosta,Agosta,Centro,Lazio,Roma,Rome,RM,CSUD
3,1,12001,Agra,Agra,Nord-ovest,Lombardia,Varese,Varese,VA,NORD
3,1,108001,Agrate Brianza,Agrate Brianza,Nord-ovest,Lombardia,Monza e della Brianza,Monza e della Brianza,MB,NORD
1,1,3001,Agrate Conturbia,Agrate Conturbia,Nord-ovest,Piemonte,Novara,Novara,NO,NORD
19,1,84001,Agrigento,Agrigento,Isole,Sicilia,Agrigento,Agrigento,AG,SICI
15,2,65002,Agropoli,Agropoli,Sud,Campania,Salerno,Salerno,SA,CSUD
11,1,42001,Agugliano,Agugliano,Centro,Marche,Ancona,Ancona,AN,CNOR
5,1,24001,Agugliaro,Agugliaro,Nord-est,Veneto,Vicenza,Vicenza,VI,NORD
3,2,108002,Aicurzio,Aicurzio,Nord-ovest,Lombardia,Monza e della Brianza,Monza e della Brianza,MB,NORD
20,2,95002,Aidomaggiore,Aidomaggiore,Isole,Sardegna,Oristano,Oristano,OR,SARD
19,2,86002,Aidone,Aidone,Isole,Sicilia,Enna,Enna,EN,SICI
13,2,66002,Aielli,Aielli,Sud,Abruzzo,L'Aquila,L'Aquila,AQ,CSUD
18,4,78004,Aiello Calabro,Aiello Calabro,Sud,Calabria,Cosenza,Cosenza,CS,CALA
6,1,30001,Aiello del Friuli,Aiello del Friuli,Nord-est,Friuli Venezia Giulia,Udine,Udine,UD,NORD
15,1,64001,Aiello del Sabato,Aiello del Sabato,Sud,Campania,Avellino,Avellino,AV,CSUD
18,5,78005,Aieta,Aieta,Sud,Calabria,Cosenza,Cosenza,CS,CALA
15,1,61001,Ailano,Ailano,Sud,Campania,Caserta,Caserta,CE,CSUD
1,1,96001,Ailoche,Ailoche,Nord-ovest,Piemonte,Biella,Biella,BI,NORD
1,2,1002,Airasca,Airasca,Nord-ovest,Piemonte,Torino,Turin,TO,NORD
15,1,62001,Airola,Airola,Sud,Campania,Benevento,Benevento,BN,CSUD
7,1,8001,Airole,Airole,Nord-ovest,Liguria,Imperia,Imperia,IM,NORD
3,2,97002,Airuno,Airuno,Nord-ovest,Lombardia,Lecco,Lecco,LC,NORD
1,2,4002,Aisone,Aisone,Nord-ovest,Piemonte,Cuneo,Cuneo,CN,NORD
20,2,90002,Al? dei Sardi,Al? dei Sardi,Isole,Sardegna,Sassari,Sassari,SS,SARD
19,2,83002,Alç,Alç,Isole,Sicilia,Messina,Messina,ME,SICI
19,3,83003,Alç Terme,Alç Terme,Isole,Sicilia,Messina,Messina,ME,SICI
4,1,22001,Ala,Ala,Nord-est,Trentino-Alto Adige,Trento,Trento,TN,NORD
1,3,1003,Ala di Stura,Ala di Stura,Nord-ovest,Piemonte,Torino,Turin,TO,NORD
3,1,18001,Alagna,Alagna,Nord-ovest,Lombardia,Pavia,Pavia,PV,NORD
1,2,2002,Alagna Valsesia,Alagna Valsesia,Nord-ovest,Piemonte,Vercelli,Vercelli,VC,NORD
13,2,68002,Alanno,Alanno,Sud,Abruzzo,Pescara,Pescara,PE,CSUD
5,2,25002,Alano di Piave,Alano di Piave,Nord-est,Veneto,Belluno,Belluno,BL,NORD
7,1,9001,Alassio,Alassio,Nord-ovest,Liguria,Savona,Savona,SV,NORD
12,3,60003,Alatri,Alatri,Centro,Lazio,Frosinone,Frosinone,FR,CSUD
1,3,4003,Alba,Alba,Nord-ovest,Piemonte,Cuneo,Cuneo,CN,NORD
13,1,67001,Alba Adriatica,Alba Adriatica,Sud,Abruzzo,Teramo,Teramo,TE,CSUD
20,3,95003,Albagiara,Albagiara,Isole,Sardegna,Oristano,Oristano,OR,SARD
3,5,15005,Albairate,Albairate,Nord-ovest,Lombardia,Milano,Milan,MI,NORD
15,3,65003,Albanella,Albanella,Sud,Campania,Salerno,Salerno,SA,CSUD
17,3,76003,Albano di Lucania,Albano di Lucania,Sud,Basilicata,Potenza,Potenza,PZ,SUD
12,3,58003,Albano Laziale,Albano Laziale,Centro,Lazio,Roma,Rome,RM,CSUD
3,3,16003,Albano Sant'Alessandro,Albano Sant'Alessandro,Nord-ovest,Lombardia,Bergamo,Bergamo,BG,NORD
1,3,2003,Albano Vercellese,Albano Vercellese,Nord-ovest,Piemonte,Vercelli,Vercelli,VC,NORD
3,2,18002,Albaredo Arnaboldi,Albaredo Arnaboldi,Nord-ovest,Lombardia,Pavia,Pavia,PV,NORD
5,2,23002,Albaredo d'Adige,Albaredo d'Adige,Nord-est,Veneto,Verona,Verona,VR,NORD
3,1,14001,Albaredo per San Marco,Albaredo per San Marco,Nord-ovest,Lombardia,Sondrio,Sondrio,SO,NORD
8,1,34001,Albareto,Albareto,Nord-est,Emilia Romagna,Parma,Parma,PR,NORD
1,4,4004,Albaretto della Torre,Albaretto della Torre,Nord-ovest,Piemonte,Cuneo,Cuneo,CN,NORD
3,3,13003,Albavilla,Albavilla,Nord-ovest,Lombardia,Como,Como,CO,NORD
7,2,9002,Albenga,Albenga,Nord-ovest,Liguria,Savona,Savona,SV,NORD
1,2,6002,Albera Ligure,Albera Ligure,Nord-ovest,Piemonte,Alessandria,Alessandria,AL,NORD
16,3,72003,Alberobello,Alberobello,Sud,Puglia,Bari,Bari,BA,SUD
16,2,71002,Alberona,Alberona,Sud,Puglia,Foggia,Foggia,FG,SUD
3,4,13004,Albese con Cassano,Albese con Cassano,Nord-ovest,Lombardia,Como,Como,CO,NORD
5,2,24002,Albettone,Albettone,Nord-est,Veneto,Vicenza,Vicenza,VI,NORD
18,2,79002,Albi,Albi,Sud,Calabria,Catanzaro,Catanzaro,CZ,CALA
4,2,22002,Albiano,Albiano,Nord-est,Trentino-Alto Adige,Trento,Trento,TN,NORD
1,4,1004,Albiano d'Ivrea,Albiano d'Ivrea,Nord-ovest,Piemonte,Torino,Turin,TO,NORD
3,3,108003,Albiate,Albiate,Nord-ovest,Lombardia,Monza e della Brianza,Monza e della Brianza,MB,NORD
18,6,78006,Albidona,Albidona,Sud,Calabria,Cosenza,Cosenza,CS,CALA
5,3,28003,Albignasego,Albignasego,Nord-est,Veneto,Padova,Padova,PD,NORD
8,1,35001,Albinea,Albinea,Nord-est,Emilia Romagna,Reggio nell'Emilia,Reggio Emilia,RE,NORD
3,4,16004,Albino,Albino,Nord-ovest,Lombardia,Bergamo,Bergamo,BG,NORD
3,5,13005,Albiolo,Albiolo,Nord-ovest,Lombardia,Como,Como,CO,NORD
7,4,9004,Albisola Superiore,Albisola Superiore,Nord-ovest,Liguria,Savona,Savona,SV,NORD
7,3,9003,Albissola Marina,Albissola Marina,Nord-ovest,Liguria,Savona,Savona,SV,NORD
3,2,12002,Albizzate,Albizzate,Nord-ovest,Lombardia,Varese,Varese,VA,NORD
3,3,18003,Albonese,Albonese,Nord-ovest,Lombardia,Pavia,Pavia,PV,NORD
3,2,14002,Albosaggia,Albosaggia,Nord-ovest,Lombardia,Sondrio,Sondrio,SO,NORD
1,2,5002,Albugnano,Albugnano,Nord-ovest,Piemonte,Asti,Asti,AT,NORD
3,4,18004,Albuzzano,Albuzzano,Nord-ovest,Lombardia,Pavia,Pavia,PV,NORD
19,1,81001,Alcamo,Alcamo,Isole,Sicilia,Trapani,Trapani,TP,SICI
19,1,83001,Alcara li Fusi,Alcara li Fusi,Isole,Sicilia,Messina,Messina,ME,SICI
4,3,22003,Aldeno,Aldeno,Nord-est,Trentino-Alto Adige,Trento,Trento,TN,NORD
4,1,21001,Aldino/Aldein,Aldino,Nord-est,Trentino-Alto Adige,Bolzano/Bozen,Bolzano,BZ,NORD
20,4,95004,Ales,Ales,Isole,Sardegna,Oristano,Oristano,OR,SARD
1,3,6003,Alessandria,Alessandria,Nord-ovest,Piemonte,Alessandria,Alessandria,AL,NORD
18,7,78007,Alessandria del Carretto,Alessandria del Carretto,Sud,Calabria,Cosenza,Cosenza,CS,CALA
19,2,84002,Alessandria della Rocca,Alessandria della Rocca,Isole,Sicilia,Agrigento,Agrigento,AG,SICI
16,2,75002,Alessano,Alessano,Sud,Puglia,Lecce,Lecce,LE,SUD
16,3,75003,Alezio,Alezio,Sud,Puglia,Lecce,Lecce,LE,SUD
15,4,65004,Alfano,Alfano,Sud,Campania,Salerno,Salerno,SA,CSUD
13,3,66003,Alfedena,Alfedena,Sud,Abruzzo,L'Aquila,L'Aquila,AQ,CSUD
3,4,17004,Alfianello,Alfianello,Nord-ovest,Lombardia,Brescia,Brescia,BS,NORD
1,4,6004,Alfiano Natta,Alfiano Natta,Nord-ovest,Piemonte,Alessandria,Alessandria,AL,NORD
8,1,39001,Alfonsine,Alfonsine,Nord-est,Emilia Romagna,Ravenna,Ravenna,RA,NORD
20,3,90003,Alghero,Alghero,Isole,Sardegna,Sassari,Sassari,SS,SARD
3,248,16248,Algua,Algua,Nord-ovest,Lombardia,Bergamo,Bergamo,BG,NORD
19,1,82001,Alia,Alia,Isole,Sicilia,Palermo,Palermo,PA,SICI
17,2,77002,Aliano,Aliano,Sud,Basilicata,Matera,Matera,MT,SUD
1,5,6005,Alice Bel Colle,Alice Bel Colle,Nord-ovest,Piemonte,Alessandria,Alessandria,AL,NORD
1,4,2004,Alice Castello,Alice Castello,Nord-ovest,Piemonte,Vercelli,Vercelli,VC,NORD
15,2,61002,Alife,Alife,Sud,Campania,Caserta,Caserta,CE,CSUD
19,2,82002,Alimena,Alimena,Isole,Sicilia,Palermo,Palermo,PA,SICI
19,3,82003,Aliminusa,Aliminusa,Isole,Sicilia,Palermo,Palermo,PA,SICI
20,5,95005,Allai,Allai,Isole,Sardegna,Oristano,Oristano,OR,SARD
5,3,25003,Alleghe,Alleghe,Nord-est,Veneto,Belluno,Belluno,BL,NORD
2,1,7001,Allein,Allein,Nord-ovest,Valle d'Aosta,Valle d'Aosta,Aosta,AO,NORD
10,2,55002,Allerona,Allerona,Centro,Umbria,Terni,Terni,TR,CSUD
16,4,75004,Alliste,Alliste,Sud,Puglia,Lecce,Lecce,LE,SUD
12,4,58004,Allumiere,Allumiere,Centro,Lazio,Roma,Rome,RM,CSUD
1,192,6192,Alluvioni Piovera,Alluvioni Piovera,Nord-ovest,Piemonte,Alessandria,Alessandria,AL,NORD
3,5,16005,Alm?,Alm?,Nord-ovest,Lombardia,Bergamo,Bergamo,BG,NORD
3,6,16006,Almenno San Bartolomeo,Almenno San Bartolomeo,Nord-ovest,Lombardia,Bergamo,Bergamo,BG,NORD
3,7,16007,Almenno San Salvatore,Almenno San Salvatore,Nord-ovest,Lombardia,Bergamo,Bergamo,BG,NORD
1,6,1006,Almese,Almese,Nord-ovest,Piemonte,Torino,Turin,TO,NORD
5,3,24003,Alonte,Alonte,Nord-est,Veneto,Vicenza,Vicenza,VI,NORD
5,72,25072,Alpago,Alpago,Nord-est,Veneto,Belluno,Belluno,BL,NORD
1,7,1007,Alpette,Alpette,Nord-ovest,Piemonte,Torino,Turin,TO,NORD
1,8,1008,Alpignano,Alpignano,Nord-ovest,Piemonte,Torino,Turin,TO,NORD
8,2,33002,Alseno,Alseno,Nord-est,Emilia Romagna,Piacenza,Piacenza,PC,NORD
3,6,13006,Alserio,Alserio,Nord-ovest,Lombardia,Como,Como,CO,NORD
8,49,33049,Alta Val Tidone,Alta Val Tidone,Nord-est,Emilia Romagna,Piacenza,Piacenza,PC,NORD
3,253,13253,Alta Valle Intelvi,Alta Valle Intelvi,Nord-ovest,Lombardia,Como,Como,CO,NORD
16,4,72004,Altamura,Altamura,Sud,Puglia,Bari,Bari,BA,SUD
7,5,9005,Altare,Altare,Nord-ovest,Liguria,Savona,Savona,SV,NORD
4,235,22235,Altavalle,Altavalle,Nord-est,Trentino-Alto Adige,Trento,Trento,TN,NORD
15,2,64002,Altavilla Irpina,Altavilla Irpina,Sud,Campania,Avellino,Avellino,AV,CSUD
19,4,82004,Altavilla Milicia,Altavilla Milicia,Isole,Sicilia,Palermo,Palermo,PA,SICI
1,7,6007,Altavilla Monferrato,Altavilla Monferrato,Nord-ovest,Piemonte,Alessandria,Alessandria,AL,NORD
15,5,65005,Altavilla Silentina,Altavilla Silentina,Sud,Campania,Salerno,Salerno,SA,CSUD
5,4,24004,Altavilla Vicentina,Altavilla Vicentina,Nord-est,Veneto,Vicenza,Vicenza,VI,NORD
11,1,109001,Altidona,Altidona,Centro,Marche,Fermo,Fermo,FM,CNOR
18,8,78008,Altilia,Altilia,Sud,Calabria,Cosenza,Cosenza,CS,CALA
13,1,69001,Altino,Altino,Sud,Abruzzo,Chieti,Chieti,CH,CSUD
5,5,24005,Altissimo,Altissimo,Nord-est,Veneto,Vicenza,Vicenza,VI,NORD
5,1,26001,Altivole,Altivole,Nord-est,Veneto,Treviso,Treviso,TV,NORD
1,5,4005,Alto,Alto,Nord-ovest,Piemonte,Cuneo,Cuneo,CN,NORD
8,62,37062,Alto Reno Terme,Alto Reno Terme,Nord-est,Emilia Romagna,Bologna,Bologna,BO,NORD
1,170,2170,Alto Sermenza,Alto Sermenza,Nord-ovest,Piemonte,Vercelli,Vercelli,VC,NORD
19,5,82005,Altofonte,Altofonte,Isole,Sicilia,Palermo,Palermo,PA,SICI
18,9,78009,Altomonte,Altomonte,Sud,Calabria,Cosenza,Cosenza,CS,CALA
9,1,46001,Altopascio,Altopascio,Centro,Toscana,Lucca,Lucca,LU,CNOR
4,236,22236,Altopiano della Vigolana,Altopiano della Vigolana,Nord-est,Trentino-Alto Adige,Trento,Trento,TN,NORD
10,3,55003,Alviano,Alviano,Centro,Umbria,Terni,Terni,TR,CSUD
15,3,61003,Alvignano,Alvignano,Sud,Campania,Caserta,Caserta,CE,CSUD
12,4,60004,Alvito,Alvito,Centro,Lazio,Frosinone,Frosinone,FR,CSUD
3,8,16008,Alzano Lombardo,Alzano Lombardo,Nord-ovest,Lombardia,Bergamo,Bergamo,BG,NORD
1,8,6008,Alzano Scrivia,Alzano Scrivia,Nord-ovest,Piemonte,Alessandria,Alessandria,AL,NORD
3,7,13007,Alzate Brianza,Alzate Brianza,Nord-ovest,Lombardia,Como,Como,CO,NORD
15,6,65006,Amalfi,Amalfi,Sud,Campania,Salerno,Salerno,SA,CSUD
11,2,109002,Amandola,Amandola,Centro,Marche,Fermo,Fermo,FM,CNOR
18,10,78010,Amantea,Amantea,Sud,Calabria,Cosenza,Cosenza,CS,CALA
6,2,30002,Amaro,Amaro,Nord-est,Friuli Venezia Giulia,Udine,Udine,UD,NORD
18,3,79003,Amaroni,Amaroni,Sud,Calabria,Catanzaro,Catanzaro,CZ,CALA
12,5,60005,Amaseno,Amaseno,Centro,Lazio,Frosinone,Frosinone,FR,CSUD
18,4,79004,Amato,Amato,Sud,Calabria,Catanzaro,Catanzaro,CZ,CALA
12,2,57002,Amatrice,Amatrice,Centro,Lazio,Rieti,Rieti,RI,CSUD
3,9,16009,Ambivere,Ambivere,Nord-ovest,Lombardia,Bergamo,Bergamo,BG,NORD
4,237,22237,Amblar-Don,Amblar-Don,Nord-est,Trentino-Alto Adige,Trento,Trento,TN,NORD
7,1,11001,Ameglia,Ameglia,Nord-ovest,Liguria,La Spezia,La Spezia,SP,NORD
10,4,55004,Amelia,Amelia,Centro,Umbria,Terni,Terni,TR,CSUD
18,11,78011,Amendolara,Amendolara,Sud,Calabria,Cosenza,Cosenza,CS,CALA
1,2,3002,Ameno,Ameno,Nord-ovest,Piemonte,Novara,Novara,NO,NORD
15,2,62002,Amorosi,Amorosi,Sud,Campania,Benevento,Benevento,BN,CSUD
6,3,30003,Ampezzo,Ampezzo,Nord-est,Friuli Venezia Giulia,Udine,Udine,UD,NORD
15,4,63004,Anacapri,Anacapri,Sud,Campania,Napoli,Naples,NA,CSUD
12,6,60006,Anagni,Anagni,Centro,Lazio,Frosinone,Frosinone,FR,CSUD
13,2,67002,Ancarano,Ancarano,Sud,Abruzzo,Teramo,Teramo,TE,CSUD
11,2,42002,Ancona,Ancona,Centro,Marche,Ancona,Ancona,AN,CNOR
18,5,79005,Andali,Andali,Sud,Calabria,Catanzaro,Catanzaro,CZ,CALA
4,5,22005,Andalo,Andalo,Nord-est,Trentino-Alto Adige,Trento,Trento,TN,NORD
3,3,14003,Andalo Valtellino,Andalo Valtellino,Nord-ovest,Lombardia,Sondrio,Sondrio,SO,NORD
1,9,1009,Andezeno,Andezeno,Nord-ovest,Piemonte,Torino,Turin,TO,NORD
7,6,9006,Andora,Andora,Nord-ovest,Liguria,Savona,Savona,SV,NORD
1,2,96002,Andorno Micca,Andorno Micca,Nord-ovest,Piemonte,Biella,Biella,BI,NORD
16,5,75005,Andrano,Andrano,Sud,Puglia,Lecce,Lecce,LE,SUD
1,10,1010,Andrate,Andrate,Nord-ovest,Piemonte,Torino,Turin,TO,NORD
6,1,93001,Andreis,Andreis,Nord-est,Friuli Venezia Giulia,Pordenone,Pordenone,PN,NORD
15,3,64003,Andretta,Andretta,Sud,Campania,Avellino,Avellino,AV,CSUD
16,1,110001,Andria,Andria,Sud,Puglia,Barletta-Andria-Trani,Barletta-Andria-Trani,BT,SUD
4,2,21002,Andriano/Andrian,Andriano,Nord-est,Trentino-Alto Adige,Bolzano/Bozen,Bolzano,BZ,NORD
20,4,90004,Anela,Anela,Isole,Sardegna,Sassari,Sassari,SS,SARD
3,5,17005,Anfo,Anfo,Nord-ovest,Lombardia,Brescia,Brescia,BS,NORD
3,3,12003,Angera,Angera,Nord-ovest,Lombardia,Varese,Varese,VA,NORD
9,1,51001,Anghiari,Anghiari,Centro,Toscana,Arezzo,Arezzo,AR,CNOR
5,3,23003,Angiari,Angiari,Nord-est,Veneto,Verona,Verona,VR,NORD
3,6,17006,Angolo Terme,Angolo Terme,Nord-ovest,Lombardia,Brescia,Brescia,BS,NORD
15,7,65007,Angri,Angri,Sud,Campania,Salerno,Salerno,SA,CSUD
1,11,1011,Angrogna,Angrogna,Nord-ovest,Piemonte,Torino,Turin,TO,NORD
12,5,58005,Anguillara Sabazia,Anguillara Sabazia,Centro,Lazio,Roma,Rome,RM,CSUD
5,4,28004,Anguillara Veneta,Anguillara Veneta,Nord-est,Veneto,Padova,Padova,PD,NORD
3,3,19003,Annicco,Annicco,Nord-ovest,Lombardia,Cremona,Cremona,CR,NORD
3,3,97003,Annone di Brianza,Annone di Brianza,Nord-ovest,Lombardia,Lecco,Lecco,LC,NORD
5,1,27001,Annone Veneto,Annone Veneto,Nord-est,Veneto,Venezia,Venice,VE,NORD
18,3,80003,Anoia,Anoia,Sud,Calabria,Reggio Calabria,Reggio Calabria,RC,CALA
3,10,16010,Antegnate,Antegnate,Nord-ovest,Lombardia,Bergamo,Bergamo,BG,NORD
4,3,21003,Anterivo/Altrei,Anterivo,Nord-est,Trentino-Alto Adige,Bolzano/Bozen,Bolzano,BZ,NORD
2,2,7002,Antey-Saint-Andr?,Antey-Saint-Andr?,Nord-ovest,Valle d'Aosta,Valle d'Aosta,Aosta,AO,NORD
12,6,58006,Anticoli Corrado,Anticoli Corrado,Centro,Lazio,Roma,Rome,RM,CSUD
1,3,5003,Antignano,Antignano,Nord-ovest,Piemonte,Asti,Asti,AT,NORD
19,4,83004,Antillo,Antillo,Isole,Sicilia,Messina,Messina,ME,SICI
18,4,80004,Antonimina,Antonimina,Sud,Calabria,Reggio Calabria,Reggio Calabria,RC,CALA
12,3,57003,Antrodoco,Antrodoco,Centro,Lazio,Rieti,Rieti,RI,CSUD
1,1,103001,Antrona Schieranco,Antrona Schieranco,Nord-ovest,Piemonte,Verbano-Cusio-Ossola,Verbano-Cusio-Ossola,VB,NORD
13,4,66004,Anversa degli Abruzzi,Anversa degli Abruzzi,Sud,Abruzzo,L'Aquila,L'Aquila,AQ,CSUD
3,9,13009,Anzano del Parco,Anzano del Parco,Nord-ovest,Lombardia,Como,Como,CO,NORD
16,3,71003,Anzano di Puglia,Anzano di Puglia,Sud,Puglia,Foggia,Foggia,FG,SUD
17,4,76004,Anzi,Anzi,Sud,Basilicata,Potenza,Potenza,PZ,SUD
12,7,58007,Anzio,Anzio,Centro,Lazio,Roma,Rome,RM,CSUD
8,1,37001,Anzola dell'Emilia,Anzola dell'Emilia,Nord-est,Emilia Romagna,Bologna,Bologna,BO,NORD
1,2,103002,Anzola d'Ossola,Anzola d'Ossola,Nord-ovest,Piemonte,Verbano-Cusio-Ossola,Verbano-Cusio-Ossola,VB,NORD
2,3,7003,Aosta,Aosta,Nord-ovest,Valle d'Aosta,Valle d'Aosta,Aosta,AO,NORD
11,2,41002,Apecchio,Apecchio,Centro,Marche,Pesaro e Urbino,Pesaro e Urbino,PU,CNOR
15,3,62003,Apice,Apice,Sud,Campania,Benevento,Benevento,BN,CSUD
11,2,43002,Apiro,Apiro,Centro,Marche,Macerata,Macerata,MC,CNOR
15,4,62004,Apollosa,Apollosa,Sud,Campania,Benevento,Benevento,BN,CSUD
3,10,13010,Appiano Gentile,Appiano Gentile,Nord-ovest,Lombardia,Como,Como,CO,NORD
4,4,21004,Appiano sulla strada del vino/Eppan an der Weinstra†e,Appiano sulla strada del vino,Nord-est,Trentino-Alto Adige,Bolzano/Bozen,Bolzano,BZ,NORD
11,3,43003,Appignano,Appignano,Centro,Marche,Macerata,Macerata,MC,CNOR
11,5,44005,Appignano del Tronto,Appignano del Tronto,Centro,Marche,Ascoli Piceno,Ascoli Piceno,AP,CNOR
3,4,14004,Aprica,Aprica,Nord-ovest,Lombardia,Sondrio,Sondrio,SO,NORD
7,2,8002,Apricale,Apricale,Nord-ovest,Liguria,Imperia,Imperia,IM,NORD
16,4,71004,Apricena,Apricena,Sud,Puglia,Foggia,Foggia,FG,SUD
18,12,78012,Aprigliano,Aprigliano,Sud,Calabria,Cosenza,Cosenza,CS,CALA
12,1,59001,Aprilia,Aprilia,Centro,Lazio,Latina,Latina,LT,CSUD
15,8,65008,Aquara,Aquara,Sud,Campania,Salerno,Salerno,SA,CSUD
7,3,8003,Aquila d'Arroscia,Aquila d'Arroscia,Nord-ovest,Liguria,Imperia,Imperia,IM,NORD
6,4,30004,Aquileia,Aquileia,Nord-est,Friuli Venezia Giulia,Udine,Udine,UD,NORD
15,4,64004,Aquilonia,Aquilonia,Sud,Campania,Avellino,Avellino,AV,CSUD
12,7,60007,Aquino,Aquino,Centro,Lazio,Frosinone,Frosinone,FR,CSUD
16,6,75006,Aradeo,Aradeo,Sud,Puglia,Lecce,Lecce,LE,SUD
19,3,84003,Aragona,Aragona,Isole,Sicilia,Agrigento,Agrigento,AG,SICI
1,4,5004,Aramengo,Aramengo,Nord-ovest,Piemonte,Asti,Asti,AT,NORD
6,2,93002,Arba,Arba,Nord-est,Friuli Venezia Giulia,Pordenone,Pordenone,PN,NORD
20,6,95006,Arborea,Arborea,Isole,Sardegna,Oristano,Oristano,OR,SARD
1,6,2006,Arborio,Arborio,Nord-ovest,Piemonte,Vercelli,Vercelli,VC,NORD
20,1,111001,Arbus,Arbus,Isole,Sardegna,Sud Sardegna,#N/A,SU,SARD
5,2,26002,Arcade,Arcade,Nord-est,Veneto,Treviso,Treviso,TV,NORD
12,8,60008,Arce,Arce,Centro,Lazio,Frosinone,Frosinone,FR,CSUD
3,11,16011,Arcene,Arcene,Nord-ovest,Lombardia,Bergamo,Bergamo,BG,NORD
11,3,42003,Arcevia,Arcevia,Centro,Marche,Ancona,Ancona,AN,CNOR
13,2,69002,Archi,Archi,Sud,Abruzzo,Chieti,Chieti,CH,CSUD
9,1,53001,Arcidosso,Arcidosso,Centro,Toscana,Grosseto,Grosseto,GR,CNOR
12,8,58008,Arcinazzo Romano,Arcinazzo Romano,Centro,Lazio,Roma,Rome,RM,CSUD
3,4,12004,Arcisate,Arcisate,Nord-ovest,Lombardia,Varese,Varese,VA,NORD
4,6,22006,Arco,Arco,Nord-est,Trentino-Alto Adige,Trento,Trento,TN,NORD
7,2,11002,Arcola,Arcola,Nord-ovest,Liguria,La Spezia,La Spezia,SP,NORD
5,4,23004,Arcole,Arcole,Nord-est,Veneto,Verona,Verona,VR,NORD
3,7,15007,Arconate,Arconate,Nord-ovest,Lombardia,Milano,Milan,MI,NORD
3,4,108004,Arcore,Arcore,Nord-ovest,Lombardia,Monza e della Brianza,Monza e della Brianza,MB,NORD
5,6,24006,Arcugnano,Arcugnano,Nord-est,Veneto,Vicenza,Vicenza,VI,NORD
20,5,90005,Ardara,Ardara,Isole,Sardegna,Sassari,Sassari,SS,SARD
20,7,95007,Ardauli,Ardauli,Isole,Sardegna,Oristano,Oristano,OR,SARD
12,117,58117,Ardea,Ardea,Centro,Lazio,Roma,Rome,RM,CSUD
3,5,14005,Ardenno,Ardenno,Nord-ovest,Lombardia,Sondrio,Sondrio,SO,NORD
3,12,16012,Ardesio,Ardesio,Nord-ovest,Lombardia,Bergamo,Bergamo,BG,NORD
18,5,80005,Ardore,Ardore,Sud,Calabria,Reggio Calabria,Reggio Calabria,RC,CALA
18,2,102002,Arena,Arena,Sud,Calabria,Vibo Valentia,Vibo Valentia,VV,CALA
3,5,18005,Arena Po,Arena Po,Nord-ovest,Lombardia,Pavia,Pavia,PV,NORD
7,1,10001,Arenzano,Arenzano,Nord-ovest,Liguria,Genova,Genoa,GE,NORD
3,9,15009,Arese,Arese,Nord-ovest,Lombardia,Milano,Milan,MI,NORD
9,2,51002,Arezzo,Arezzo,Centro,Toscana,Arezzo,Arezzo,AR,CNOR
3,11,13011,Argegno,Argegno,Nord-ovest,Lombardia,Como,Como,CO,NORD
8,2,37002,Argelato,Argelato,Nord-est,Emilia Romagna,Bologna,Bologna,BO,NORD
8,1,38001,Argenta,Argenta,Nord-est,Emilia Romagna,Ferrara,Ferrara,FE,NORD
1,6,4006,Argentera,Argentera,Nord-ovest,Piemonte,Cuneo,Cuneo,CN,NORD
1,7,4007,Arguello,Arguello,Nord-ovest,Piemonte,Cuneo,Cuneo,CN,NORD
18,7,79007,Argusto,Argusto,Sud,Calabria,Catanzaro,Catanzaro,CZ,CALA
13,3,69003,Ari,Ari,Sud,Abruzzo,Chieti,Chieti,CH,CSUD
15,5,64005,Ariano Irpino,Ariano Irpino,Sud,Campania,Avellino,Avellino,AV,CSUD
5,2,29002,Ariano nel Polesine,Ariano nel Polesine,Nord-est,Veneto,Rovigo,Rovigo,RO,NORD
12,9,58009,Ariccia,Ariccia,Centro,Lazio,Roma,Rome,RM,CSUD
13,4,69004,Arielli,Arielli,Sud,Abruzzo,Chieti,Chieti,CH,CSUD
15,4,61004,Arienzo,Arienzo,Sud,Campania,Caserta,Caserta,CE,CSUD
1,12,1012,Arignano,Arignano,Nord-ovest,Piemonte,Torino,Turin,TO,NORD
20,1,91001,Aritzo,Aritzo,Isole,Sardegna,Nuoro,Nuoro,NU,SARD
1,3,103003,Arizzano,Arizzano,Nord-ovest,Piemonte,Verbano-Cusio-Ossola,Verbano-Cusio-Ossola,VB,NORD
12,2,56002,Arlena di Castro,Arlena di Castro,Centro,Lazio,Viterbo,Viterbo,VT,CSUD
3,10,15010,Arluno,Arluno,Nord-ovest,Lombardia,Milano,Milan,MI,NORD
1,6,3006,Armeno,Armeno,Nord-ovest,Piemonte,Novara,Novara,NO,NORD
17,5,76005,Armento,Armento,Sud,Basilicata,Potenza,Potenza,PZ,SUD
7,4,8004,Armo,Armo,Nord-ovest,Liguria,Imperia,Imperia,IM,NORD
20,2,111002,Armungia,Armungia,Isole,Sardegna,Sud Sardegna,#N/A,SU,SARD
2,4,7004,Arnad,Arnad,Nord-ovest,Valle d'Aosta,Valle d'Aosta,Aosta,AO,NORD
12,9,60009,Arnara,Arnara,Centro,Lazio,Frosinone,Frosinone,FR,CSUD
7,7,9007,Arnasco,Arnasco,Nord-ovest,Liguria,Savona,Savona,SV,NORD
16,7,75007,Arnesano,Arnesano,Sud,Puglia,Lecce,Lecce,LE,SUD
1,4,103004,Arola,Arola,Nord-ovest,Piemonte,Verbano-Cusio-Ossola,Verbano-Cusio-Ossola,VB,NORD
1,8,3008,Arona,Arona,Nord-ovest,Piemonte,Novara,Novara,NO,NORD
3,12,13012,Arosio,Arosio,Nord-ovest,Lombardia,Como,Como,CO,NORD
15,5,62005,Arpaia,Arpaia,Sud,Campania,Benevento,Benevento,BN,CSUD
15,6,62006,Arpaise,Arpaise,Sud,Campania,Benevento,Benevento,BN,CSUD
12,10,60010,Arpino,Arpino,Centro,Lazio,Frosinone,Frosinone,FR,CSUD
5,5,28005,Arqu? Petrarca,Arqu? Petrarca,Nord-est,Veneto,Padova,Padova,PD,NORD
5,3,29003,Arqu? Polesine,Arqu? Polesine,Nord-est,Veneto,Rovigo,Rovigo,RO,NORD
11,6,44006,Arquata del Tronto,Arquata del Tronto,Centro,Marche,Ascoli Piceno,Ascoli Piceno,AP,CNOR
1,9,6009,Arquata Scrivia,Arquata Scrivia,Nord-ovest,Piemonte,Alessandria,Alessandria,AL,NORD
5,6,28006,Arre,Arre,Nord-est,Veneto,Padova,Padova,PD,NORD
10,5,55005,Arrone,Arrone,Centro,Umbria,Terni,Terni,TR,CSUD
3,5,12005,Arsago Seprio,Arsago Seprio,Nord-ovest,Lombardia,Varese,Varese,VA,NORD
5,4,25004,Arsi?,Arsi?,Nord-est,Veneto,Belluno,Belluno,BL,NORD
5,7,24007,Arsiero,Arsiero,Nord-est,Veneto,Vicenza,Vicenza,VI,NORD
13,3,67003,Arsita,Arsita,Sud,Abruzzo,Teramo,Teramo,TE,CSUD
12,10,58010,Arsoli,Arsoli,Centro,Lazio,Roma,Rome,RM,CSUD
6,5,30005,Arta Terme,Arta Terme,Nord-est,Friuli Venezia Giulia,Udine,Udine,UD,NORD
6,6,30006,Artegna,Artegna,Nord-est,Friuli Venezia Giulia,Udine,Udine,UD,NORD
12,11,58011,Artena,Artena,Centro,Lazio,Roma,Rome,RM,CSUD
3,7,17007,Artogne,Artogne,Nord-ovest,Lombardia,Brescia,Brescia,BS,NORD
2,5,7005,Arvier,Arvier,Nord-ovest,Valle d'Aosta,Valle d'Aosta,Aosta,AO,NORD
20,6,90006,Arzachena,Arzachena,Isole,Sardegna,Sassari,Sassari,SS,SARD
3,13,16013,Arzago d'Adda,Arzago d'Adda,Nord-ovest,Lombardia,Bergamo,Bergamo,BG,NORD
20,2,91002,Arzana,Arzana,Isole,Sardegna,Nuoro,Nuoro,NU,SARD
15,5,63005,Arzano,Arzano,Sud,Campania,Napoli,Naples,NA,CSUD
5,7,28007,Arzergrande,Arzergrande,Nord-est,Veneto,Padova,Padova,PD,NORD
5,8,24008,Arzignano,Arzignano,Nord-est,Veneto,Vicenza,Vicenza,VI,NORD
15,9,65009,Ascea,Ascea,Sud,Campania,Salerno,Salerno,SA,CSUD
9,2,52002,Asciano,Asciano,Centro,Toscana,Siena,Siena,SI,CNOR
11,7,44007,Ascoli Piceno,Ascoli Piceno,Centro,Marche,Ascoli Piceno,Ascoli Piceno,AP,CNOR
16,5,71005,Ascoli Satriano,Ascoli Satriano,Sud,Puglia,Foggia,Foggia,FG,SUD
12,4,57004,Ascrea,Ascrea,Centro,Lazio,Rieti,Rieti,RI,CSUD
5,9,24009,Asiago,Asiago,Nord-est,Veneto,Vicenza,Vicenza,VI,NORD
5,10,24010,Asigliano Veneto,Asigliano Veneto,Nord-est,Veneto,Vicenza,Vicenza,VI,NORD
1,7,2007,Asigliano Vercellese,Asigliano Vercellese,Nord-ovest,Piemonte,Vercelli,Vercelli,VC,NORD
3,2,20002,Asola,Asola,Nord-ovest,Lombardia,Mantova,Mantova,MN,NORD
5,3,26003,Asolo,Asolo,Nord-est,Veneto,Treviso,Treviso,TV,NORD
3,11,15011,Assago,Assago,Nord-ovest,Lombardia,Milano,Milan,MI,NORD
20,3,92003,Assemini,Assemini,Isole,Sardegna,Cagliari,Cagliari,CA,SARD
10,1,54001,Assisi,Assisi,Centro,Umbria,Perugia,Perugia,PG,CSUD
3,13,13013,Asso,Asso,Nord-ovest,Lombardia,Como,Como,CO,NORD
20,8,95008,Assolo,Assolo,Isole,Sardegna,Oristano,Oristano,OR,SARD
19,3,86003,Assoro,Assoro,Isole,Sicilia,Enna,Enna,EN,SICI
1,5,5005,Asti,Asti,Nord-ovest,Piemonte,Asti,Asti,AT,NORD
20,9,95009,Asuni,Asuni,Isole,Sardegna,Oristano,Oristano,OR,SARD
13,5,66005,Ateleta,Ateleta,Sud,Abruzzo,L'Aquila,L'Aquila,AQ,CSUD
17,6,76006,Atella,Atella,Sud,Basilicata,Potenza,Potenza,PZ,SUD
15,10,65010,Atena Lucana,Atena Lucana,Sud,Campania,Salerno,Salerno,SA,CSUD
13,5,69005,Atessa,Atessa,Sud,Abruzzo,Chieti,Chieti,CH,CSUD
12,11,60011,Atina,Atina,Centro,Lazio,Frosinone,Frosinone,FR,CSUD
15,11,65011,Atrani,Atrani,Sud,Campania,Salerno,Salerno,SA,CSUD
13,4,67004,Atri,Atri,Sud,Abruzzo,Teramo,Teramo,TE,CSUD
15,6,64006,Atripalda,Atripalda,Sud,Campania,Avellino,Avellino,AV,CSUD
10,6,55006,Attigliano,Attigliano,Centro,Umbria,Terni,Terni,TR,CSUD
6,7,30007,Attimis,Attimis,Nord-est,Friuli Venezia Giulia,Udine,Udine,UD,NORD
20,3,91003,Atzara,Atzara,Isole,Sardegna,Nuoro,Nuoro,NU,SARD
19,1,89001,Augusta,Augusta,Isole,Sicilia,Siracusa,Siracusa,SR,SICI
15,12,65012,Auletta,Auletta,Sud,Campania,Salerno,Salerno,SA,CSUD
9,1,45001,Aulla,Aulla,Centro,Toscana,Massa-Carrara,Massa-Carrara,MS,CNOR
1,5,103005,Aurano,Aurano,Nord-ovest,Piemonte,Verbano-Cusio-Ossola,Verbano-Cusio-Ossola,VB,NORD
7,5,8005,Aurigo,Aurigo,Nord-ovest,Liguria,Imperia,Imperia,IM,NORD
5,5,25005,Auronzo di Cadore,Auronzo di Cadore,Nord-est,Veneto,Belluno,Belluno,BL,NORD
12,12,60012,Ausonia,Ausonia,Centro,Lazio,Frosinone,Frosinone,FR,CSUD
20,4,91004,Austis,Austis,Isole,Sardegna,Nuoro,Nuoro,NU,SARD
7,2,10002,Avegno,Avegno,Nord-ovest,Liguria,Genova,Genoa,GE,NORD
4,5,21005,Avelengo/Hafling,Avelengo,Nord-est,Trentino-Alto Adige,Bolzano/Bozen,Bolzano,BZ,NORD
15,7,64007,Avella,Avella,Sud,Campania,Avellino,Avellino,AV,CSUD
15,8,64008,Avellino,Avellino,Sud,Campania,Avellino,Avellino,AV,CSUD
3,14,16014,Averara,Averara,Nord-ovest,Lombardia,Bergamo,Bergamo,BG,NORD
15,5,61005,Aversa,Aversa,Sud,Campania,Caserta,Caserta,CE,CSUD
16,1,73001,Avetrana,Avetrana,Sud,Puglia,Taranto,Taranto,TA,SUD
13,6,66006,Avezzano,Avezzano,Sud,Abruzzo,L'Aquila,L'Aquila,AQ,CSUD
6,4,93004,Aviano,Aviano,Nord-est,Friuli Venezia Giulia,Pordenone,Pordenone,PN,NORD
3,15,16015,Aviatico,Aviatico,Nord-ovest,Lombardia,Bergamo,Bergamo,BG,NORD
1,13,1013,Avigliana,Avigliana,Nord-ovest,Piemonte,Torino,Turin,TO,NORD
17,7,76007,Avigliano,Avigliano,Sud,Basilicata,Potenza,Potenza,PZ,SUD
10,33,55033,Avigliano Umbro,Avigliano Umbro,Centro,Umbria,Terni,Terni,TR,CSUD
4,7,22007,Avio,Avio,Nord-est,Trentino-Alto Adige,Trento,Trento,TN,NORD
2,6,7006,Avise,Avise,Nord-ovest,Valle d'Aosta,Valle d'Aosta,Aosta,AO,NORD
19,2,89002,Avola,Avola,Isole,Sicilia,Siracusa,Siracusa,SR,SICI
1,10,6010,Avolasca,Avolasca,Nord-ovest,Piemonte,Alessandria,Alessandria,AL,NORD
2,7,7007,Ayas,Ayas,Nord-ovest,Valle d'Aosta,Valle d'Aosta,Aosta,AO,NORD
2,8,7008,Aymavilles,Aymavilles,Nord-ovest,Valle d'Aosta,Valle d'Aosta,Aosta,AO,NORD
1,14,1014,Azeglio,Azeglio,Nord-ovest,Piemonte,Torino,Turin,TO,NORD
3,4,19004,Azzanello,Azzanello,Nord-ovest,Lombardia,Cremona,Cremona,CR,NORD
1,6,5006,Azzano d'Asti,Azzano d'Asti,Nord-ovest,Piemonte,Asti,Asti,AT,NORD
6,5,93005,Azzano Decimo,Azzano Decimo,Nord-est,Friuli Venezia Giulia,Pordenone,Pordenone,PN,NORD
3,8,17008,Azzano Mella,Azzano Mella,Nord-ovest,Lombardia,Brescia,Brescia,BS,NORD
3,16,16016,Azzano San Paolo,Azzano San Paolo,Nord-ovest,Lombardia,Bergamo,Bergamo,BG,NORD
3,6,12006,Azzate,Azzate,Nord-ovest,Lombardia,Varese,Varese,VA,NORD
3,7,12007,Azzio,Azzio,Nord-ovest,Lombardia,Varese,Varese,VA,NORD
3,17,16017,Azzone,Azzone,Nord-ovest,Lombardia,Bergamo,Bergamo,BG,NORD
1,6,103006,Baceno,Baceno,Nord-ovest,Piemonte,Verbano-Cusio-Ossola,Verbano-Cusio-Ossola,VB,NORD
15,6,63006,Bacoli,Bacoli,Sud,Campania,Napoli,Naples,NA,CSUD
7,6,8006,Badalucco,Badalucco,Nord-ovest,Liguria,Imperia,Imperia,IM,NORD
20,81,90081,Badesi,Badesi,Isole,Sardegna,Sassari,Sassari,SS,SARD
4,6,21006,Badia/Abtei,Badia,Nord-est,Trentino-Alto Adige,Bolzano/Bozen,Bolzano,BZ,NORD
5,5,23005,Badia Calavena,Badia Calavena,Nord-est,Veneto,Verona,Verona,VR,NORD
3,6,18006,Badia Pavese,Badia Pavese,Nord-ovest,Lombardia,Pavia,Pavia,PV,NORD
5,4,29004,Badia Polesine,Badia Polesine,Nord-est,Veneto,Rovigo,Rovigo,RO,NORD
9,3,51003,Badia Tedalda,Badia Tedalda,Centro,Toscana,Arezzo,Arezzo,AR,CNOR
18,8,79008,Badolato,Badolato,Sud,Calabria,Catanzaro,Catanzaro,CZ,CALA
18,6,80006,Bagaladi,Bagaladi,Sud,Calabria,Reggio Calabria,Reggio Calabria,RC,CALA
19,6,82006,Bagheria,Bagheria,Isole,Sicilia,Palermo,Palermo,PA,SICI
8,2,39002,Bagnacavallo,Bagnacavallo,Nord-est,Emilia Romagna,Ravenna,Ravenna,RA,NORD
18,7,80007,Bagnara Calabra,Bagnara Calabra,Sud,Calabria,Reggio Calabria,Reggio Calabria,RC,CALA
8,3,39003,Bagnara di Romagna,Bagnara di Romagna,Nord-est,Emilia Romagna,Ravenna,Ravenna,RA,NORD
3,7,18007,Bagnaria,Bagnaria,Nord-ovest,Lombardia,Pavia,Pavia,PV,NORD
6,8,30008,Bagnaria Arsa,Bagnaria Arsa,Nord-est,Friuli Venezia Giulia,Udine,Udine,UD,NORD
1,8,4008,Bagnasco,Bagnasco,Nord-ovest,Piemonte,Cuneo,Cuneo,CN,NORD
3,18,16018,Bagnatica,Bagnatica,Nord-ovest,Lombardia,Bergamo,Bergamo,BG,NORD
9,2,46002,Bagni di Lucca,Bagni di Lucca,Centro,Toscana,Lucca,Lucca,LU,CNOR
9,1,48001,Bagno a Ripoli,Bagno a Ripoli,Centro,Toscana,Firenze,Florence,FI,CNOR
8,1,40001,Bagno di Romagna,Bagno di Romagna,Nord-est,Emilia Romagna,Forlç-Cesena,Forlç-Cesena,FC,NORD
14,3,94003,Bagnoli del Trigno,Bagnoli del Trigno,Sud,Molise,Isernia,Isernia,IS,SUD
5,8,28008,Bagnoli di Sopra,Bagnoli di Sopra,Nord-est,Veneto,Padova,Padova,PD,NORD
15,9,64009,Bagnoli Irpino,Bagnoli Irpino,Sud,Campania,Avellino,Avellino,AV,CSUD
3,5,19005,Bagnolo Cremasco,Bagnolo Cremasco,Nord-ovest,Lombardia,Cremona,Cremona,CR,NORD
16,8,75008,Bagnolo del Salento,Bagnolo del Salento,Sud,Puglia,Lecce,Lecce,LE,SUD
5,5,29005,Bagnolo di Po,Bagnolo di Po,Nord-est,Veneto,Rovigo,Rovigo,RO,NORD
8,2,35002,Bagnolo in Piano,Bagnolo in Piano,Nord-est,Emilia Romagna,Reggio nell'Emilia,Reggio Emilia,RE,NORD
3,9,17009,Bagnolo Mella,Bagnolo Mella,Nord-ovest,Lombardia,Brescia,Brescia,BS,NORD
1,9,4009,Bagnolo Piemonte,Bagnolo Piemonte,Nord-ovest,Piemonte,Cuneo,Cuneo,CN,NORD
3,3,20003,Bagnolo San Vito,Bagnolo San Vito,Nord-ovest,Lombardia,Mantova,Mantova,MN,NORD
9,2,45002,Bagnone,Bagnone,Centro,Toscana,Massa-Carrara,Massa-Carrara,MS,CNOR
12,3,56003,Bagnoregio,Bagnoregio,Centro,Lazio,Viterbo,Viterbo,VT,CSUD
3,10,17010,Bagolino,Bagolino,Nord-ovest,Lombardia,Brescia,Brescia,BS,NORD
15,6,61006,Baia e Latina,Baia e Latina,Sud,Campania,Caserta,Caserta,CE,CSUD
15,10,64010,Baiano,Baiano,Sud,Campania,Avellino,Avellino,AV,CSUD
1,15,1015,Bairo,Bairo,Nord-ovest,Piemonte,Torino,Turin,TO,NORD
8,3,35003,Baiso,Baiso,Nord-est,Emilia Romagna,Reggio nell'Emilia,Reggio Emilia,RE,NORD
7,7,8007,Bajardo,Bajardo,Nord-ovest,Liguria,Imperia,Imperia,IM,NORD
1,16,1016,Balangero,Balangero,Nord-ovest,Piemonte,Torino,Turin,TO,NORD
1,7,5007,Baldichieri d'Asti,Baldichieri d'Asti,Nord-ovest,Piemonte,Asti,Asti,AT,NORD
1,17,1017,Baldissero Canavese,Baldissero Canavese,Nord-ovest,Piemonte,Torino,Turin,TO,NORD
1,10,4010,Baldissero d'Alba,Baldissero d'Alba,Nord-ovest,Piemonte,Cuneo,Cuneo,CN,NORD
1,18,1018,Baldissero Torinese,Baldissero Torinese,Nord-ovest,Piemonte,Torino,Turin,TO,NORD
19,7,82007,Balestrate,Balestrate,Isole,Sicilia,Palermo,Palermo,PA,SICI
7,8,9008,Balestrino,Balestrino,Nord-ovest,Liguria,Savona,Savona,SV,NORD
3,4,97004,Ballabio,Ballabio,Nord-ovest,Lombardia,Lecco,Lecco,LC,NORD
20,3,111003,Ballao,Ballao,Isole,Sardegna,Sud Sardegna,#N/A,SU,SARD
1,19,1019,Balme,Balme,Nord-ovest,Piemonte,Torino,Turin,TO,NORD
1,8,2008,Balmuccia,Balmuccia,Nord-ovest,Piemonte,Vercelli,Vercelli,VC,NORD
1,9,2009,Balocco,Balocco,Nord-ovest,Piemonte,Vercelli,Vercelli,VC,NORD
13,7,66007,Balsorano,Balsorano,Sud,Abruzzo,L'Aquila,L'Aquila,AQ,CSUD
17,8,76008,Balvano,Balvano,Sud,Basilicata,Potenza,Potenza,PZ,SUD
1,11,6011,Balzola,Balzola,Nord-ovest,Piemonte,Alessandria,Alessandria,AL,NORD
20,7,90007,Banari,Banari,Isole,Sardegna,Sassari,Sassari,SS,SARD
1,20,1020,Banchette,Banchette,Nord-ovest,Piemonte,Torino,Turin,TO,NORD
1,7,103007,Bannio Anzino,Bannio Anzino,Nord-ovest,Piemonte,Verbano-Cusio-Ossola,Verbano-Cusio-Ossola,VB,NORD
17,9,76009,Banzi,Banzi,Sud,Basilicata,Potenza,Potenza,PZ,SUD
5,9,28009,Baone,Baone,Nord-est,Veneto,Padova,Padova,PD,NORD
20,10,95010,Baradili,Baradili,Isole,Sardegna,Oristano,Oristano,OR,SARD
17,10,76010,Baragiano,Baragiano,Sud,Basilicata,Potenza,Potenza,PZ,SUD
14,2,70002,Baranello,Baranello,Sud,Molise,Campobasso,Campobasso,CB,SUD
15,7,63007,Barano d'Ischia,Barano d'Ischia,Sud,Campania,Napoli,Naples,NA,CSUD
3,250,15250,Baranzate,Baranzate,Nord-ovest,Lombardia,Milano,Milan,MI,NORD
3,8,12008,Barasso,Barasso,Nord-ovest,Lombardia,Varese,Varese,VA,NORD
20,11,95011,Baratili San Pietro,Baratili San Pietro,Isole,Sardegna,Oristano,Oristano,OR,SARD
1,21,1021,Barbania,Barbania,Nord-ovest,Piemonte,Torino,Turin,TO,NORD
11,4,42004,Barbara,Barbara,Centro,Marche,Ancona,Ancona,AN,CNOR
5,124,24124,Barbarano Mossano,Barbarano Mossano,Nord-est,Veneto,Vicenza,Vicenza,VI,NORD
12,4,56004,Barbarano Romano,Barbarano Romano,Centro,Lazio,Viterbo,Viterbo,VT,CSUD
1,11,4011,Barbaresco,Barbaresco,Nord-ovest,Piemonte,Cuneo,Cuneo,CN,NORD
3,11,17011,Barbariga,Barbariga,Nord-ovest,Lombardia,Brescia,Brescia,BS,NORD
3,19,16019,Barbata,Barbata,Nord-ovest,Lombardia,Bergamo,Bergamo,BG,NORD
9,2,48002,Barberino di Mugello,Barberino di Mugello,Centro,Toscana,Firenze,Florence,FI,CNOR
9,54,48054,Barberino Tavarnelle,Barberino Tavarnelle,Centro,Toscana,Firenze,Florence,FI,CNOR
3,8,18008,Barbianello,Barbianello,Nord-ovest,Lombardia,Pavia,Pavia,PV,NORD
4,7,21007,Barbiano/Barbian,Barbiano,Nord-est,Trentino-Alto Adige,Bolzano/Bozen,Bolzano,BZ,NORD
5,10,28010,Barbona,Barbona,Nord-est,Veneto,Padova,Padova,PD,NORD
19,5,83005,Barcellona Pozzo di Gotto,Barcellona Pozzo di Gotto,Isole,Sicilia,Messina,Messina,ME,SICI
6,6,93006,Barcis,Barcis,Nord-est,Friuli Venezia Giulia,Pordenone,Pordenone,PN,NORD
2,9,7009,Bard,Bard,Nord-ovest,Valle d'Aosta,Valle d'Aosta,Aosta,AO,NORD
3,144,12144,Bardello con Malgesso e Bregano,Bardello con Malgesso e Bregano,Nord-ovest,Lombardia,Varese,Varese,VA,NORD
8,2,34002,Bardi,Bardi,Nord-est,Emilia Romagna,Parma,Parma,PR,NORD
7,9,9009,Bardineto,Bardineto,Nord-ovest,Liguria,Savona,Savona,SV,NORD
5,6,23006,Bardolino,Bardolino,Nord-est,Veneto,Verona,Verona,VR,NORD
1,22,1022,Bardonecchia,Bardonecchia,Nord-ovest,Piemonte,Torino,Turin,TO,NORD
3,12,15012,Bareggio,Bareggio,Nord-ovest,Lombardia,Milano,Milan,MI,NORD
1,12,3012,Barengo,Barengo,Nord-ovest,Piemonte,Novara,Novara,NO,NORD
20,12,95012,Baressa,Baressa,Isole,Sardegna,Oristano,Oristano,OR,SARD
13,8,66008,Barete,Barete,Sud,Abruzzo,L'Aquila,L'Aquila,AQ,CSUD
9,3,46003,Barga,Barga,Centro,Toscana,Lucca,Lucca,LU,CNOR
7,3,10003,Bargagli,Bargagli,Nord-ovest,Liguria,Genova,Genoa,GE,NORD
1,12,4012,Barge,Barge,Nord-ovest,Piemonte,Cuneo,Cuneo,CN,NORD
3,12,17012,Barghe,Barghe,Nord-ovest,Lombardia,Brescia,Brescia,BS,NORD
16,6,72006,Bari,Bari,Sud,Puglia,Bari,Bari,BA,SUD
20,5,91005,Bari Sardo,Bari Sardo,Isole,Sardegna,Nuoro,Nuoro,NU,SARD
3,20,16020,Bariano,Bariano,Nord-ovest,Lombardia,Bergamo,Bergamo,BG,NORD
8,3,37003,Baricella,Baricella,Nord-est,Emilia Romagna,Bologna,Bologna,BO,NORD
17,11,76011,Barile,Barile,Sud,Basilicata,Potenza,Potenza,PZ,SUD
13,9,66009,Barisciano,Barisciano,Sud,Abruzzo,L'Aquila,L'Aquila,AQ,CSUD
3,5,108005,Barlassina,Barlassina,Nord-ovest,Lombardia,Monza e della Brianza,Monza e della Brianza,MB,NORD
16,2,110002,Barletta,Barletta,Sud,Puglia,Barletta-Andria-Trani,Barletta-Andria-Trani,BT,SUD
3,15,13015,Barni,Barni,Nord-ovest,Lombardia,Como,Como,CO,NORD
1,13,4013,Barolo,Barolo,Nord-ovest,Piemonte,Cuneo,Cuneo,CN,NORD
1,23,1023,Barone Canavese,Barone Canavese,Nord-ovest,Piemonte,Torino,Turin,TO,NORD
15,13,65013,Baronissi,Baronissi,Sud,Campania,Salerno,Salerno,SA,CSUD
19,4,86004,Barrafranca,Barrafranca,Isole,Sicilia,Enna,Enna,EN,SICI
20,4,111004,Barrali,Barrali,Isole,Sardegna,Sud Sardegna,#N/A,SU,SARD
13,10,66010,Barrea,Barrea,Sud,Abruzzo,L'Aquila,L'Aquila,AQ,CSUD
20,5,111005,Barumini,Barumini,Isole,Sardegna,Sud Sardegna,#N/A,SU,SARD
3,5,97005,Barzago,Barzago,Nord-ovest,Lombardia,Lecco,Lecco,LC,NORD
3,6,97006,Barzan?,Barzan?,Nord-ovest,Lombardia,Lecco,Lecco,LC,NORD
3,21,16021,Barzana,Barzana,Nord-ovest,Lombardia,Bergamo,Bergamo,BG,NORD
3,7,97007,Barzio,Barzio,Nord-ovest,Lombardia,Lecco,Lecco,LC,NORD
1,12,6012,Basaluzzo,Basaluzzo,Nord-ovest,Piemonte,Alessandria,Alessandria,AL,NORD
3,9,18009,Bascap?,Bascap?,Nord-ovest,Lombardia,Pavia,Pavia,PV,NORD
10,7,55007,Baschi,Baschi,Centro,Umbria,Terni,Terni,TR,CSUD
13,5,67005,Basciano,Basciano,Sud,Abruzzo,Teramo,Teramo,TE,CSUD
4,9,22009,Baselga di Pin?,Baselga di Pin?,Nord-est,Trentino-Alto Adige,Trento,Trento,TN,NORD
15,7,62007,Baselice,Baselice,Sud,Campania,Benevento,Benevento,BN,CSUD
3,14,15014,Basiano,Basiano,Nord-ovest,Lombardia,Milano,Milan,MI,NORD
19,6,83006,Basic?,Basic?,Isole,Sicilia,Messina,Messina,ME,SICI
3,15,15015,Basiglio,Basiglio,Nord-ovest,Lombardia,Milano,Milan,MI,NORD
6,9,30009,Basiliano,Basiliano,Nord-est,Friuli Venezia Giulia,Udine,Udine,UD,NORD
3,13,17013,Bassano Bresciano,Bassano Bresciano,Nord-ovest,Lombardia,Brescia,Brescia,BS,NORD
5,12,24012,Bassano del Grappa,Bassano del Grappa,Nord-est,Veneto,Vicenza,Vicenza,VI,NORD
12,6,56006,Bassano in Teverina,Bassano in Teverina,Centro,Lazio,Viterbo,Viterbo,VT,CSUD
12,5,56005,Bassano Romano,Bassano Romano,Centro,Lazio,Viterbo,Viterbo,VT,CSUD
12,2,59002,Bassiano,Bassiano,Centro,Lazio,Latina,Latina,LT,CSUD
1,13,6013,Bassignana,Bassignana,Nord-ovest,Piemonte,Alessandria,Alessandria,AL,NORD
1,14,4014,Bastia Mondovç,Bastia Mondovç,Nord-ovest,Piemonte,Cuneo,Cuneo,CN,NORD
10,2,54002,Bastia Umbra,Bastia Umbra,Centro,Umbria,Perugia,Perugia,PG,CSUD
3,11,18011,Bastida Pancarana,Bastida Pancarana,Nord-ovest,Lombardia,Pavia,Pavia,PV,NORD
8,1,36001,Bastiglia,Bastiglia,Nord-est,Emilia Romagna,Modena,Modena,MO,NORD
5,11,28011,Battaglia Terme,Battaglia Terme,Nord-est,Veneto,Padova,Padova,PD,NORD
1,15,4015,Battifollo,Battifollo,Nord-ovest,Piemonte,Cuneo,Cuneo,CN,NORD
15,14,65014,Battipaglia,Battipaglia,Sud,Campania,Salerno,Salerno,SA,CSUD
3,12,18012,Battuda,Battuda,Nord-ovest,Lombardia,Pavia,Pavia,PV,NORD
19,8,82008,Baucina,Baucina,Isole,Sicilia,Palermo,Palermo,PA,SICI
20,13,95013,Bauladu,Bauladu,Isole,Sardegna,Oristano,Oristano,OR,SARD
20,6,91006,Baunei,Baunei,Isole,Sardegna,Nuoro,Nuoro,NU,SARD
1,8,103008,Baveno,Baveno,Nord-ovest,Piemonte,Verbano-Cusio-Ossola,Verbano-Cusio-Ossola,VB,NORD
3,10,12010,Bedero Valcuvia,Bedero Valcuvia,Nord-ovest,Lombardia,Varese,Varese,VA,NORD
3,14,17014,Bedizzole,Bedizzole,Nord-ovest,Lombardia,Brescia,Brescia,BS,NORD
4,11,22011,Bedollo,Bedollo,Nord-est,Trentino-Alto Adige,Trento,Trento,TN,NORD
8,3,34003,Bedonia,Bedonia,Nord-est,Emilia Romagna,Parma,Parma,PR,NORD
3,22,16022,Bedulita,Bedulita,Nord-ovest,Lombardia,Bergamo,Bergamo,BG,NORD
1,9,103009,Bee,Bee,Nord-ovest,Piemonte,Verbano-Cusio-Ossola,Verbano-Cusio-Ossola,VB,NORD
1,24,1024,Beinasco,Beinasco,Nord-ovest,Piemonte,Torino,Turin,TO,NORD
1,16,4016,Beinette,Beinette,Nord-ovest,Piemonte,Cuneo,Cuneo,CN,NORD
18,9,79009,Belcastro,Belcastro,Sud,Calabria,Catanzaro,Catanzaro,CZ,CALA
5,7,23007,Belfiore,Belfiore,Nord-est,Veneto,Verona,Verona,VR,NORD
11,5,41005,Belforte all'Isauro,Belforte all'Isauro,Centro,Marche,Pesaro e Urbino,Pesaro e Urbino,PU,CNOR
11,4,43004,Belforte del Chienti,Belforte del Chienti,Centro,Marche,Macerata,Macerata,MC,CNOR
1,14,6014,Belforte Monferrato,Belforte Monferrato,Nord-ovest,Piemonte,Alessandria,Alessandria,AL,NORD
3,13,18013,Belgioioso,Belgioioso,Nord-ovest,Lombardia,Pavia,Pavia,PV,NORD
1,10,103010,Belgirate,Belgirate,Nord-ovest,Piemonte,Verbano-Cusio-Ossola,Verbano-Cusio-Ossola,VB,NORD
17,12,76012,Bella,Bella,Sud,Basilicata,Potenza,Potenza,PZ,SUD
3,250,13250,Bellagio,Bellagio,Nord-ovest,Lombardia,Como,Como,CO,NORD
3,8,97008,Bellano,Bellano,Nord-ovest,Lombardia,Lecco,Lecco,LC,NORD
13,6,67006,Bellante,Bellante,Sud,Abruzzo,Teramo,Teramo,TE,CSUD
8,1,99001,Bellaria-Igea Marina,Bellaria-Igea Marina,Nord-est,Emilia Romagna,Rimini,Rimini,RN,NORD
12,12,58012,Bellegra,Bellegra,Centro,Lazio,Roma,Rome,RM,CSUD
1,17,4017,Bellino,Bellino,Nord-ovest,Piemonte,Cuneo,Cuneo,CN,NORD
3,16,15016,Bellinzago Lombardo,Bellinzago Lombardo,Nord-ovest,Lombardia,Milano,Milan,MI,NORD
1,16,3016,Bellinzago Novarese,Bellinzago Novarese,Nord-ovest,Piemonte,Novara,Novara,NO,NORD
15,158,65158,Bellizzi,Bellizzi,Sud,Campania,Salerno,Salerno,SA,CSUD
15,7,61007,Bellona,Bellona,Sud,Campania,Caserta,Caserta,CE,CSUD
15,15,65015,Bellosguardo,Bellosguardo,Sud,Campania,Salerno,Salerno,SA,CSUD
5,6,25006,Belluno,Belluno,Nord-est,Veneto,Belluno,Belluno,BL,NORD
3,6,108006,Bellusco,Bellusco,Nord-ovest,Lombardia,Monza e della Brianza,Monza e della Brianza,MB,NORD
18,13,78013,Belmonte Calabro,Belmonte Calabro,Sud,Calabria,Cosenza,Cosenza,CS,CALA
12,13,60013,Belmonte Castello,Belmonte Castello,Centro,Lazio,Frosinone,Frosinone,FR,CSUD
14,4,94004,Belmonte del Sannio,Belmonte del Sannio,Sud,Molise,Isernia,Isernia,IS,SUD
12,5,57005,Belmonte in Sabina,Belmonte in Sabina,Centro,Lazio,Rieti,Rieti,RI,CSUD
19,9,82009,Belmonte Mezzagno,Belmonte Mezzagno,Isole,Sicilia,Palermo,Palermo,PA,SICI
11,3,109003,Belmonte Piceno,Belmonte Piceno,Centro,Marche,Fermo,Fermo,FM,CNOR
19,7,87007,Belpasso,Belpasso,Isole,Sicilia,Catania,Catania,CT,SICI
18,14,78014,Belsito,Belsito,Sud,Calabria,Cosenza,Cosenza,CS,CALA
20,7,91007,Belvç,Belvç,Isole,Sardegna,Nuoro,Nuoro,NU,SARD
18,1,101001,Belvedere di Spinello,Belvedere di Spinello,Sud,Calabria,Crotone,Crotone,KR,CALA
1,18,4018,Belvedere Langhe,Belvedere Langhe,Nord-ovest,Piemonte,Cuneo,Cuneo,CN,NORD
18,15,78015,Belvedere Marittimo,Belvedere Marittimo,Sud,Calabria,Cosenza,Cosenza,CS,CALA
11,5,42005,Belvedere Ostrense,Belvedere Ostrense,Centro,Marche,Ancona,Ancona,AN,CNOR
1,8,5008,Belveglio,Belveglio,Nord-ovest,Piemonte,Asti,Asti,AT,NORD
3,6,14006,Bema,Bema,Nord-ovest,Lombardia,Sondrio,Sondrio,SO,NORD
3,21,13021,Bene Lario,Bene Lario,Nord-ovest,Lombardia,Como,Como,CO,NORD
1,19,4019,Bene Vagienna,Bene Vagienna,Nord-ovest,Piemonte,Cuneo,Cuneo,CN,NORD
18,8,80008,Benestare,Benestare,Sud,Calabria,Reggio Calabria,Reggio Calabria,RC,CALA
20,8,90008,Benetutti,Benetutti,Isole,Sardegna,Sassari,Sassari,SS,SARD
1,20,4020,Benevello,Benevello,Nord-ovest,Piemonte,Cuneo,Cuneo,CN,NORD
15,8,62008,Benevento,Benevento,Sud,Campania,Benevento,Benevento,BN,CSUD
1,3,96003,Benna,Benna,Nord-ovest,Piemonte,Biella,Biella,BI,NORD
8,5,37005,Bentivoglio,Bentivoglio,Nord-est,Emilia Romagna,Bologna,Bologna,BO,NORD
3,23,16023,Berbenno,Berbenno,Nord-ovest,Lombardia,Bergamo,Bergamo,BG,NORD
3,7,14007,Berbenno di Valtellina,Berbenno di Valtellina,Nord-ovest,Lombardia,Sondrio,Sondrio,SO,NORD
8,4,34004,Berceto,Berceto,Nord-est,Emilia Romagna,Parma,Parma,PR,NORD
20,9,90009,Berchidda,Berchidda,Isole,Sardegna,Sassari,Sassari,SS,SARD
3,22,13022,Beregazzo con Figliaro,Beregazzo con Figliaro,Nord-ovest,Lombardia,Como,Como,CO,NORD
3,14,18014,Bereguardo,Bereguardo,Nord-ovest,Lombardia,Pavia,Pavia,PV,NORD
1,15,6015,Bergamasco,Bergamasco,Nord-ovest,Piemonte,Alessandria,Alessandria,AL,NORD
3,24,16024,Bergamo,Bergamo,Nord-ovest,Lombardia,Bergamo,Bergamo,BG,NORD
5,6,29006,Bergantino,Bergantino,Nord-est,Veneto,Rovigo,Rovigo,RO,NORD
7,10,9010,Bergeggi,Bergeggi,Nord-ovest,Liguria,Savona,Savona,SV,NORD
1,21,4021,Bergolo,Bergolo,Nord-ovest,Piemonte,Cuneo,Cuneo,CN,NORD
3,15,17015,Berlingo,Berlingo,Nord-ovest,Lombardia,Brescia,Brescia,BS,NORD
17,3,77003,Bernalda,Bernalda,Sud,Basilicata,Matera,Matera,MT,SUD
3,7,108007,Bernareggio,Bernareggio,Nord-ovest,Lombardia,Monza e della Brianza,Monza e della Brianza,MB,NORD
3,19,15019,Bernate Ticino,Bernate Ticino,Nord-ovest,Lombardia,Milano,Milan,MI,NORD
1,22,4022,Bernezzo,Bernezzo,Nord-ovest,Piemonte,Cuneo,Cuneo,CN,NORD
8,3,40003,Bertinoro,Bertinoro,Nord-est,Emilia Romagna,Forlç-Cesena,Forlç-Cesena,FC,NORD
6,10,30010,Bertiolo,Bertiolo,Nord-est,Friuli Venezia Giulia,Udine,Udine,UD,NORD
3,2,98002,Bertonico,Bertonico,Nord-ovest,Lombardia,Lodi,Lodi,LO,NORD
1,9,5009,Berzano di San Pietro,Berzano di San Pietro,Nord-ovest,Piemonte,Asti,Asti,AT,NORD
1,16,6016,Berzano di Tortona,Berzano di Tortona,Nord-ovest,Piemonte,Alessandria,Alessandria,AL,NORD
3,16,17016,Berzo Demo,Berzo Demo,Nord-ovest,Lombardia,Brescia,Brescia,BS,NORD
3,17,17017,Berzo Inferiore,Berzo Inferiore,Nord-ovest,Lombardia,Brescia,Brescia,BS,NORD
3,25,16025,Berzo San Fermo,Berzo San Fermo,Nord-ovest,Lombardia,Bergamo,Bergamo,BG,NORD
3,8,108008,Besana in Brianza,Besana in Brianza,Nord-ovest,Lombardia,Monza e della Brianza,Monza e della Brianza,MB,NORD
3,11,12011,Besano,Besano,Nord-ovest,Lombardia,Varese,Varese,VA,NORD
3,22,15022,Besate,Besate,Nord-ovest,Lombardia,Milano,Milan,MI,NORD
4,13,22013,Besenello,Besenello,Nord-est,Trentino-Alto Adige,Trento,Trento,TN,NORD
8,3,33003,Besenzone,Besenzone,Nord-est,Emilia Romagna,Piacenza,Piacenza,PC,NORD
3,12,12012,Besnate,Besnate,Nord-ovest,Lombardia,Varese,Varese,VA,NORD
3,13,12013,Besozzo,Besozzo,Nord-ovest,Lombardia,Varese,Varese,VA,NORD
20,10,90010,Bessude,Bessude,Isole,Sardegna,Sassari,Sassari,SS,SARD
8,4,33004,Bettola,Bettola,Nord-est,Emilia Romagna,Piacenza,Piacenza,PC,NORD
10,3,54003,Bettona,Bettona,Centro,Umbria,Perugia,Perugia,PG,CSUD
1,11,103011,Beura-Cardezza,Beura-Cardezza,Nord-ovest,Piemonte,Verbano-Cusio-Ossola,Verbano-Cusio-Ossola,VB,NORD
10,4,54004,Bevagna,Bevagna,Centro,Umbria,Perugia,Perugia,PG,CSUD
7,3,11003,Beverino,Beverino,Nord-ovest,Liguria,La Spezia,La Spezia,SP,NORD
5,8,23008,Bevilacqua,Bevilacqua,Nord-est,Veneto,Verona,Verona,VR,NORD
19,8,87008,Biancavilla,Biancavilla,Isole,Sicilia,Catania,Catania,CT,SICI
18,16,78016,Bianchi,Bianchi,Sud,Calabria,Cosenza,Cosenza,CS,CALA
18,9,80009,Bianco,Bianco,Sud,Calabria,Reggio Calabria,Reggio Calabria,RC,CALA
1,18,3018,Biandrate,Biandrate,Nord-ovest,Piemonte,Novara,Novara,NO,NORD
3,14,12014,Biandronno,Biandronno,Nord-ovest,Lombardia,Varese,Varese,VA,NORD
1,11,2011,Bianz?,Bianz?,Nord-ovest,Piemonte,Vercelli,Vercelli,VC,NORD
3,26,16026,Bianzano,Bianzano,Nord-ovest,Lombardia,Bergamo,Bergamo,BG,NORD
3,8,14008,Bianzone,Bianzone,Nord-ovest,Lombardia,Sondrio,Sondrio,SO,NORD
3,9,108009,Biassono,Biassono,Nord-ovest,Lombardia,Monza e della Brianza,Monza e della Brianza,MB,NORD
8,4,35004,Bibbiano,Bibbiano,Nord-est,Emilia Romagna,Reggio nell'Emilia,Reggio Emilia,RE,NORD
9,4,51004,Bibbiena,Bibbiena,Centro,Toscana,Arezzo,Arezzo,AR,CNOR
9,1,49001,Bibbona,Bibbona,Centro,Toscana,Livorno,Livorno,LI,CNOR
1,25,1025,Bibiana,Bibiana,Nord-ovest,Piemonte,Torino,Turin,TO,NORD
16,6,71006,Biccari,Biccari,Sud,Puglia,Foggia,Foggia,FG,SUD
6,11,30011,Bicinicco,Bicinicco,Nord-est,Friuli Venezia Giulia,Udine,Udine,UD,NORD
20,14,95014,Bidonç,Bidonç,Isole,Sardegna,Oristano,Oristano,OR,SARD
1,4,96004,Biella,Biella,Nord-ovest,Piemonte,Biella,Biella,BI,NORD
3,18,17018,Bienno,Bienno,Nord-ovest,Lombardia,Brescia,Brescia,BS,NORD
4,15,22015,Bieno,Bieno,Nord-est,Trentino-Alto Adige,Trento,Trento,TN,NORD
9,1,50001,Bientina,Bientina,Centro,Toscana,Pisa,Pisa,PI,CNOR
3,23,13023,Binago,Binago,Nord-ovest,Lombardia,Como,Como,CO,NORD
3,24,15024,Binasco,Binasco,Nord-ovest,Lombardia,Milano,Milan,MI,NORD
16,8,72008,Binetto,Binetto,Sud,Puglia,Bari,Bari,BA,SUD
1,5,96005,Bioglio,Bioglio,Nord-ovest,Piemonte,Biella,Biella,BI,NORD
2,10,7010,Bionaz,Bionaz,Nord-ovest,Valle d'Aosta,Valle d'Aosta,Aosta,AO,NORD
3,19,17019,Bione,Bione,Nord-ovest,Lombardia,Brescia,Brescia,BS,NORD
20,8,91008,Birori,Birori,Isole,Sardegna,Nuoro,Nuoro,NU,SARD
15,11,64011,Bisaccia,Bisaccia,Sud,Campania,Avellino,Avellino,AV,CSUD
19,10,82010,Bisacquino,Bisacquino,Isole,Sicilia,Palermo,Palermo,PA,SICI
16,3,110003,Bisceglie,Bisceglie,Sud,Puglia,Barletta-Andria-Trani,Barletta-Andria-Trani,BT,SUD
13,11,66011,Bisegna,Bisegna,Sud,Abruzzo,L'Aquila,L'Aquila,AQ,CSUD
13,7,67007,Bisenti,Bisenti,Sud,Abruzzo,Teramo,Teramo,TE,CSUD
18,17,78017,Bisignano,Bisignano,Sud,Calabria,Cosenza,Cosenza,CS,CALA
1,17,6017,Bistagno,Bistagno,Nord-ovest,Piemonte,Alessandria,Alessandria,AL,NORD
3,15,12015,Bisuschio,Bisuschio,Nord-ovest,Lombardia,Varese,Varese,VA,NORD
16,10,72010,Bitetto,Bitetto,Sud,Puglia,Bari,Bari,BA,SUD
16,11,72011,Bitonto,Bitonto,Sud,Puglia,Bari,Bari,BA,SUD
16,12,72012,Bitritto,Bitritto,Sud,Puglia,Bari,Bari,BA,SUD
20,9,91009,Bitti,Bitti,Isole,Sardegna,Nuoro,Nuoro,NU,SARD
19,4,84004,Bivona,Bivona,Isole,Sicilia,Agrigento,Agrigento,AG,SICI
18,10,80010,Bivongi,Bivongi,Sud,Calabria,Reggio Calabria,Reggio Calabria,RC,CALA
3,24,13024,Bizzarone,Bizzarone,Nord-ovest,Lombardia,Como,Como,CO,NORD
4,17,22017,Bleggio Superiore,Bleggio Superiore,Nord-est,Trentino-Alto Adige,Trento,Trento,TN,NORD
3,27,16027,Blello,Blello,Nord-ovest,Lombardia,Bergamo,Bergamo,BG,NORD
12,7,56007,Blera,Blera,Centro,Lazio,Viterbo,Viterbo,VT,CSUD
3,25,13025,Blessagno,Blessagno,Nord-ovest,Lombardia,Como,Como,CO,NORD
3,26,13026,Blevio,Blevio,Nord-ovest,Lombardia,Como,Como,CO,NORD
19,82,82082,Blufi,Blufi,Isole,Sicilia,Palermo,Palermo,PA,SICI
5,12,28012,Boara Pisani,Boara Pisani,Nord-est,Veneto,Padova,Padova,PD,NORD
8,5,33005,Bobbio,Bobbio,Nord-est,Emilia Romagna,Piacenza,Piacenza,PC,NORD
1,26,1026,Bobbio Pellice,Bobbio Pellice,Nord-ovest,Piemonte,Torino,Turin,TO,NORD
1,19,3019,Boca,Boca,Nord-ovest,Piemonte,Novara,Novara,NO,NORD
18,18,78018,Bocchigliero,Bocchigliero,Sud,Calabria,Cosenza,Cosenza,CS,CALA
1,14,2014,Boccioleto,Boccioleto,Nord-ovest,Piemonte,Vercelli,Vercelli,VC,NORD
4,18,22018,Bocenago,Bocenago,Nord-est,Trentino-Alto Adige,Trento,Trento,TN,NORD
3,16,12016,Bodio Lomnago,Bodio Lomnago,Nord-ovest,Lombardia,Varese,Varese,VA,NORD
3,3,98003,Boffalora d'Adda,Boffalora d'Adda,Nord-ovest,Lombardia,Lodi,Lodi,LO,NORD
3,26,15026,Boffalora sopra Ticino,Boffalora sopra Ticino,Nord-ovest,Lombardia,Milano,Milan,MI,NORD
7,4,10004,Bogliasco,Bogliasco,Nord-ovest,Liguria,Genova,Genoa,GE,NORD
1,12,103012,Bognanco,Bognanco,Nord-ovest,Piemonte,Verbano-Cusio-Ossola,Verbano-Cusio-Ossola,VB,NORD
1,21,3021,Bogogno,Bogogno,Nord-ovest,Piemonte,Novara,Novara,NO,NORD
7,11,9011,Boissano,Boissano,Nord-ovest,Liguria,Savona,Savona,SV,NORD
14,3,70003,Bojano,Bojano,Sud,Molise,Campobasso,Campobasso,CB,SUD
7,4,11004,Bolano,Bolano,Nord-ovest,Liguria,La Spezia,La Spezia,SP,NORD
3,28,16028,Bolgare,Bolgare,Nord-ovest,Lombardia,Bergamo,Bergamo,BG,NORD
3,27,15027,Bollate,Bollate,Nord-ovest,Lombardia,Milano,Milan,MI,NORD
1,27,1027,Bollengo,Bollengo,Nord-ovest,Piemonte,Torino,Turin,TO,NORD
8,6,37006,Bologna,Bologna,Nord-est,Emilia Romagna,Bologna,Bologna,BO,NORD
13,3,68003,Bolognano,Bolognano,Sud,Abruzzo,Pescara,Pescara,PE,CSUD
19,11,82011,Bolognetta,Bolognetta,Isole,Sicilia,Palermo,Palermo,PA,SICI
11,5,43005,Bolognola,Bolognola,Centro,Marche,Macerata,Macerata,MC,CNOR
20,10,91010,Bolotana,Bolotana,Isole,Sardegna,Nuoro,Nuoro,NU,SARD
12,8,56008,Bolsena,Bolsena,Centro,Lazio,Viterbo,Viterbo,VT,CSUD
3,29,16029,Boltiere,Boltiere,Nord-ovest,Lombardia,Bergamo,Bergamo,BG,NORD
4,8,21008,Bolzano/Bozen,Bolzano,Nord-est,Trentino-Alto Adige,Bolzano/Bozen,Bolzano,BZ,NORD
1,22,3022,Bolzano Novarese,Bolzano Novarese,Nord-ovest,Piemonte,Novara,Novara,NO,NORD
5,13,24013,Bolzano Vicentino,Bolzano Vicentino,Nord-est,Veneto,Vicenza,Vicenza,VI,NORD
12,9,56009,Bomarzo,Bomarzo,Centro,Lazio,Viterbo,Viterbo,VT,CSUD
13,6,69006,Bomba,Bomba,Sud,Abruzzo,Chieti,Chieti,CH,CSUD
19,2,85002,Bompensiere,Bompensiere,Isole,Sicilia,Caltanissetta,Caltanissetta,CL,SICI
19,12,82012,Bompietro,Bompietro,Isole,Sicilia,Palermo,Palermo,PA,SICI
8,2,36002,Bomporto,Bomporto,Nord-est,Emilia Romagna,Modena,Modena,MO,NORD
20,15,95015,Bonarcado,Bonarcado,Isole,Sardegna,Oristano,Oristano,OR,SARD
7,5,11005,Bonassola,Bonassola,Nord-ovest,Liguria,La Spezia,La Spezia,SP,NORD
3,30,16030,Bonate Sopra,Bonate Sopra,Nord-ovest,Lombardia,Bergamo,Bergamo,BG,NORD
3,31,16031,Bonate Sotto,Bonate Sotto,Nord-ovest,Lombardia,Bergamo,Bergamo,BG,NORD
5,9,23009,Bonavigo,Bonavigo,Nord-est,Veneto,Verona,Verona,VR,NORD
8,3,38003,Bondeno,Bondeno,Nord-est,Emilia Romagna,Ferrara,Ferrara,FE,NORD
4,21,22021,Bondone,Bondone,Nord-est,Trentino-Alto Adige,Trento,Trento,TN,NORD
15,9,62009,Bonea,Bonea,Sud,Campania,Benevento,Benevento,BN,CSUD
14,4,70004,Bonefro,Bonefro,Sud,Molise,Campobasso,Campobasso,CB,SUD
3,6,19006,Bonemerse,Bonemerse,Nord-ovest,Lombardia,Cremona,Cremona,CR,NORD
18,19,78019,Bonifati,Bonifati,Sud,Calabria,Cosenza,Cosenza,CS,CALA
15,12,64012,Bonito,Bonito,Sud,Campania,Avellino,Avellino,AV,CSUD
20,11,90011,Bonnanaro,Bonnanaro,Isole,Sardegna,Sassari,Sassari,SS,SARD
20,12,90012,Bono,Bono,Isole,Sardegna,Sassari,Sassari,SS,SARD
20,13,90013,Bonorva,Bonorva,Isole,Sardegna,Sassari,Sassari,SS,SARD
1,23,4023,Bonvicino,Bonvicino,Nord-ovest,Piemonte,Cuneo,Cuneo,CN,NORD
12,6,57006,Borbona,Borbona,Centro,Lazio,Rieti,Rieti,RI,CSUD
5,7,25007,Borca di Cadore,Borca di Cadore,Nord-est,Veneto,Belluno,Belluno,BL,NORD
6,12,30012,Bordano,Bordano,Nord-est,Friuli Venezia Giulia,Udine,Udine,UD,NORD
7,8,8008,Bordighera,Bordighera,Nord-ovest,Liguria,Imperia,Imperia,IM,NORD
3,7,19007,Bordolano,Bordolano,Nord-ovest,Lombardia,Cremona,Cremona,CR,NORD
8,5,34005,Bore,Bore,Nord-est,Emilia Romagna,Parma,Parma,PR,NORD
8,5,35005,Boretto,Boretto,Nord-est,Emilia Romagna,Reggio nell'Emilia,Reggio Emilia,RE,NORD
3,15,18015,Borgarello,Borgarello,Nord-ovest,Lombardia,Pavia,Pavia,PV,NORD
1,28,1028,Borgaro Torinese,Borgaro Torinese,Nord-ovest,Piemonte,Torino,Turin,TO,NORD
19,13,82013,Borgetto,Borgetto,Isole,Sicilia,Palermo,Palermo,PA,SICI
7,9,8009,Borghetto d'Arroscia,Borghetto d'Arroscia,Nord-ovest,Liguria,Imperia,Imperia,IM,NORD
1,18,6018,Borghetto di Borbera,Borghetto di Borbera,Nord-ovest,Piemonte,Alessandria,Alessandria,AL,NORD
7,6,11006,Borghetto di Vara,Borghetto di Vara,Nord-ovest,Liguria,La Spezia,La Spezia,SP,NORD
3,4,98004,Borghetto Lodigiano,Borghetto Lodigiano,Nord-ovest,Lombardia,Lodi,Lodi,LO,NORD
7,12,9012,Borghetto Santo Spirito,Borghetto Santo Spirito,Nord-ovest,Liguria,Savona,Savona,SV,NORD
8,4,40004,Borghi,Borghi,Nord-est,Emilia Romagna,Forlç-Cesena,Forlç-Cesena,FC,NORD
18,11,79011,Borgia,Borgia,Sud,Calabria,Catanzaro,Catanzaro,CZ,CALA
1,29,1029,Borgiallo,Borgiallo,Nord-ovest,Piemonte,Torino,Turin,TO,NORD
7,13,9013,Borgio Verezzi,Borgio Verezzi,Nord-ovest,Liguria,Savona,Savona,SV,NORD
9,4,46004,Borgo a Mozzano,Borgo a Mozzano,Centro,Toscana,Lucca,Lucca,LU,CNOR
4,238,22238,Borgo Chiese,Borgo Chiese,Nord-est,Trentino-Alto Adige,Trento,Trento,TN,NORD
1,15,2015,Borgo d'Ale,Borgo d'Ale,Nord-ovest,Piemonte,Vercelli,Vercelli,VC,NORD
4,252,22252,Borgo d'Anaunia,Borgo d'Anaunia,Nord-est,Trentino-Alto Adige,Trento,Trento,TN,NORD
3,32,16032,Borgo di Terzo,Borgo di Terzo,Nord-ovest,Lombardia,Bergamo,Bergamo,BG,NORD
4,239,22239,Borgo Lares,Borgo Lares,Nord-est,Trentino-Alto Adige,Trento,Trento,TN,NORD
3,72,20072,Borgo Mantovano,Borgo Mantovano,Nord-ovest,Lombardia,Mantova,Mantova,MN,NORD
11,6,41006,Borgo Pace,Borgo Pace,Centro,Marche,Pesaro e Urbino,Pesaro e Urbino,PU,CNOR
3,16,18016,Borgo Priolo,Borgo Priolo,Nord-ovest,Lombardia,Pavia,Pavia,PV,NORD
1,25,4025,Borgo San Dalmazzo,Borgo San Dalmazzo,Nord-ovest,Piemonte,Cuneo,Cuneo,CN,NORD
3,20,17020,Borgo San Giacomo,Borgo San Giacomo,Nord-ovest,Lombardia,Brescia,Brescia,BS,NORD
3,5,98005,Borgo San Giovanni,Borgo San Giovanni,Nord-ovest,Lombardia,Lodi,Lodi,LO,NORD
9,4,48004,Borgo San Lorenzo,Borgo San Lorenzo,Centro,Toscana,Firenze,Florence,FI,CNOR
1,20,6020,Borgo San Martino,Borgo San Martino,Nord-ovest,Piemonte,Alessandria,Alessandria,AL,NORD
3,18,18018,Borgo San Siro,Borgo San Siro,Nord-ovest,Lombardia,Pavia,Pavia,PV,NORD
1,25,3025,Borgo Ticino,Borgo Ticino,Nord-ovest,Piemonte,Novara,Novara,NO,NORD
8,7,37007,Borgo Tossignano,Borgo Tossignano,Nord-est,Emilia Romagna,Bologna,Bologna,BO,NORD
8,6,34006,Borgo Val di Taro,Borgo Val di Taro,Nord-est,Emilia Romagna,Parma,Parma,PR,NORD
5,74,25074,Borgo Valbelluna,Borgo Valbelluna,Nord-est,Veneto,Belluno,Belluno,BL,NORD
4,22,22022,Borgo Valsugana,Borgo Valsugana,Nord-est,Trentino-Alto Adige,Trento,Trento,TN,NORD
12,8,57008,Borgo Velino,Borgo Velino,Centro,Lazio,Rieti,Rieti,RI,CSUD
5,107,28107,Borgo Veneto,Borgo Veneto,Nord-est,Veneto,Padova,Padova,PD,NORD
1,17,2017,Borgo Vercelli,Borgo Vercelli,Nord-ovest,Piemonte,Vercelli,Vercelli,VC,NORD
3,71,20071,Borgo Virgilio,Borgo Virgilio,Nord-ovest,Lombardia,Mantova,Mantova,MN,NORD
3,73,20073,Borgocarbonara,Borgocarbonara,Nord-ovest,Lombardia,Mantova,Mantova,MN,NORD
1,30,1030,Borgofranco d'Ivrea,Borgofranco d'Ivrea,Nord-ovest,Piemonte,Torino,Turin,TO,NORD
1,23,3023,Borgolavezzaro,Borgolavezzaro,Nord-ovest,Piemonte,Novara,Novara,NO,NORD
1,24,4024,Borgomale,Borgomale,Nord-ovest,Piemonte,Cuneo,Cuneo,CN,NORD
1,24,3024,Borgomanero,Borgomanero,Nord-ovest,Piemonte,Novara,Novara,NO,NORD
7,10,8010,Borgomaro,Borgomaro,Nord-ovest,Liguria,Imperia,Imperia,IM,NORD
1,31,1031,Borgomasino,Borgomasino,Nord-ovest,Piemonte,Torino,Turin,TO,NORD
1,78,103078,Borgomezzavalle,Borgomezzavalle,Nord-ovest,Piemonte,Verbano-Cusio-Ossola,Verbano-Cusio-Ossola,VB,NORD
1,32,1032,Borgone Susa,Borgone Susa,Nord-ovest,Piemonte,Torino,Turin,TO,NORD
8,6,33006,Borgonovo Val Tidone,Borgonovo Val Tidone,Nord-est,Emilia Romagna,Piacenza,Piacenza,PC,NORD
1,19,6019,Borgoratto Alessandrino,Borgoratto Alessandrino,Nord-ovest,Piemonte,Alessandria,Alessandria,AL,NORD
3,17,18017,Borgoratto Mormorolo,Borgoratto Mormorolo,Nord-ovest,Lombardia,Pavia,Pavia,PV,NORD
5,13,28013,Borgoricco,Borgoricco,Nord-est,Veneto,Padova,Padova,PD,NORD
12,7,57007,Borgorose,Borgorose,Centro,Lazio,Rieti,Rieti,RI,CSUD
3,21,17021,Borgosatollo,Borgosatollo,Nord-ovest,Lombardia,Brescia,Brescia,BS,NORD
1,16,2016,Borgosesia,Borgosesia,Nord-ovest,Piemonte,Vercelli,Vercelli,VC,NORD
7,14,9014,Bormida,Bormida,Nord-ovest,Liguria,Savona,Savona,SV,NORD
3,9,14009,Bormio,Bormio,Nord-ovest,Lombardia,Sondrio,Sondrio,SO,NORD
3,19,18019,Bornasco,Bornasco,Nord-ovest,Lombardia,Pavia,Pavia,PV,NORD
3,22,17022,Borno,Borno,Nord-ovest,Lombardia,Brescia,Brescia,BS,NORD
20,16,95016,Boroneddu,Boroneddu,Isole,Sardegna,Oristano,Oristano,OR,SARD
20,11,91011,Borore,Borore,Isole,Sardegna,Nuoro,Nuoro,NU,SARD
13,7,69007,Borrello,Borrello,Sud,Abruzzo,Chieti,Chieti,CH,CSUD
1,6,96006,Borriana,Borriana,Nord-ovest,Piemonte,Biella,Biella,BI,NORD
5,4,26004,Borso del Grappa,Borso del Grappa,Nord-est,Veneto,Treviso,Treviso,TV,NORD
20,12,91012,Bortigali,Bortigali,Isole,Sardegna,Nuoro,Nuoro,NU,SARD
20,14,90014,Bortigiadas,Bortigiadas,Isole,Sardegna,Sassari,Sassari,SS,SARD
20,15,90015,Borutta,Borutta,Isole,Sardegna,Sassari,Sassari,SS,SARD
7,5,10005,Borzonasca,Borzonasca,Nord-ovest,Liguria,Genova,Genoa,GE,NORD
20,79,95079,Bosa,Bosa,Isole,Sardegna,Oristano,Oristano,OR,SARD
5,7,29007,Bosaro,Bosaro,Nord-est,Veneto,Rovigo,Rovigo,RO,NORD
5,10,23010,Boschi Sant'Anna,Boschi Sant'Anna,Nord-est,Veneto,Verona,Verona,VR,NORD
5,11,23011,Bosco Chiesanuova,Bosco Chiesanuova,Nord-est,Veneto,Verona,Verona,VR,NORD
1,21,6021,Bosco Marengo,Bosco Marengo,Nord-ovest,Piemonte,Alessandria,Alessandria,AL,NORD
1,33,1033,Bosconero,Bosconero,Nord-ovest,Piemonte,Torino,Turin,TO,NORD
15,8,63008,Boscoreale,Boscoreale,Sud,Campania,Napoli,Naples,NA,CSUD
15,9,63009,Boscotrecase,Boscotrecase,Sud,Campania,Napoli,Naples,NA,CSUD
1,26,4026,Bosia,Bosia,Nord-ovest,Piemonte,Cuneo,Cuneo,CN,NORD
1,22,6022,Bosio,Bosio,Nord-ovest,Piemonte,Alessandria,Alessandria,AL,NORD
3,9,97009,Bosisio Parini,Bosisio Parini,Nord-ovest,Lombardia,Lecco,Lecco,LC,NORD
3,20,18020,Bosnasco,Bosnasco,Nord-ovest,Lombardia,Pavia,Pavia,PV,NORD
3,33,16033,Bossico,Bossico,Nord-ovest,Lombardia,Bergamo,Bergamo,BG,NORD
1,27,4027,Bossolasco,Bossolasco,Nord-ovest,Piemonte,Cuneo,Cuneo,CN,NORD
18,12,79012,Botricello,Botricello,Sud,Calabria,Catanzaro,Catanzaro,CZ,CALA
16,9,75009,Botrugno,Botrugno,Sud,Puglia,Lecce,Lecce,LE,SUD
3,34,16034,Bottanuco,Bottanuco,Nord-ovest,Lombardia,Bergamo,Bergamo,BG,NORD
3,23,17023,Botticino,Botticino,Nord-ovest,Lombardia,Brescia,Brescia,BS,NORD
20,16,90016,Bottidda,Bottidda,Isole,Sardegna,Sassari,Sassari,SS,SARD
18,11,80011,Bova,Bova,Sud,Calabria,Reggio Calabria,Reggio Calabria,RC,CALA
18,13,80013,Bova Marina,Bova Marina,Sud,Calabria,Reggio Calabria,Reggio Calabria,RC,CALA
18,12,80012,Bovalino,Bovalino,Sud,Calabria,Reggio Calabria,Reggio Calabria,RC,CALA
3,24,17024,Bovegno,Bovegno,Nord-ovest,Lombardia,Brescia,Brescia,BS,NORD
1,28,4028,Boves,Boves,Nord-ovest,Piemonte,Cuneo,Cuneo,CN,NORD
3,25,17025,Bovezzo,Bovezzo,Nord-ovest,Lombardia,Brescia,Brescia,BS,NORD
12,14,60014,Boville Ernica,Boville Ernica,Centro,Lazio,Frosinone,Frosinone,FR,CSUD
16,7,71007,Bovino,Bovino,Sud,Puglia,Foggia,Foggia,FG,SUD
3,10,108010,Bovisio-Masciago,Bovisio-Masciago,Nord-ovest,Lombardia,Monza e della Brianza,Monza e della Brianza,MB,NORD
5,14,28014,Bovolenta,Bovolenta,Nord-est,Veneto,Padova,Padova,PD,NORD
5,12,23012,Bovolone,Bovolone,Nord-est,Veneto,Verona,Verona,VR,NORD
1,23,6023,Bozzole,Bozzole,Nord-ovest,Piemonte,Alessandria,Alessandria,AL,NORD
3,7,20007,Bozzolo,Bozzolo,Nord-ovest,Lombardia,Mantova,Mantova,MN,NORD
1,29,4029,Bra,Bra,Nord-ovest,Piemonte,Cuneo,Cuneo,CN,NORD
3,35,16035,Bracca,Bracca,Nord-ovest,Lombardia,Bergamo,Bergamo,BG,NORD
12,13,58013,Bracciano,Bracciano,Centro,Lazio,Roma,Rome,RM,CSUD
15,16,65016,Bracigliano,Bracigliano,Sud,Campania,Salerno,Salerno,SA,CSUD
4,9,21009,Braies/Prags,Braies,Nord-est,Trentino-Alto Adige,Bolzano/Bozen,Bolzano,BZ,NORD
3,21,18021,Brallo di Pregola,Brallo di Pregola,Nord-ovest,Lombardia,Pavia,Pavia,PV,NORD
18,14,80014,Brancaleone,Brancaleone,Sud,Calabria,Reggio Calabria,Reggio Calabria,RC,CALA
3,26,17026,Brandico,Brandico,Nord-ovest,Lombardia,Brescia,Brescia,BS,NORD
1,34,1034,Brandizzo,Brandizzo,Nord-ovest,Piemonte,Torino,Turin,TO,NORD
3,36,16036,Branzi,Branzi,Nord-ovest,Lombardia,Bergamo,Bergamo,BG,NORD
3,27,17027,Braone,Braone,Nord-ovest,Lombardia,Brescia,Brescia,BS,NORD
3,17,12017,Brebbia,Brebbia,Nord-ovest,Lombardia,Varese,Varese,VA,NORD
5,5,26005,Breda di Piave,Breda di Piave,Nord-est,Veneto,Treviso,Treviso,TV,NORD
5,14,24014,Breganze,Breganze,Nord-est,Veneto,Vicenza,Vicenza,VI,NORD
3,28,13028,Bregnano,Bregnano,Nord-ovest,Lombardia,Como,Como,CO,NORD
3,37,16037,Brembate,Brembate,Nord-ovest,Lombardia,Bergamo,Bergamo,BG,NORD
3,38,16038,Brembate di Sopra,Brembate di Sopra,Nord-ovest,Lombardia,Bergamo,Bergamo,BG,NORD
3,6,98006,Brembio,Brembio,Nord-ovest,Lombardia,Lodi,Lodi,LO,NORD
3,22,18022,Breme,Breme,Nord-ovest,Lombardia,Pavia,Pavia,PV,NORD
5,15,24015,Brendola,Brendola,Nord-est,Veneto,Vicenza,Vicenza,VI,NORD
3,29,13029,Brenna,Brenna,Nord-ovest,Lombardia,Como,Como,CO,NORD
4,10,21010,Brennero/Brenner,Brennero,Nord-est,Trentino-Alto Adige,Bolzano/Bozen,Bolzano,BZ,NORD
3,28,17028,Breno,Breno,Nord-ovest,Lombardia,Brescia,Brescia,BS,NORD
3,19,12019,Brenta,Brenta,Nord-ovest,Lombardia,Varese,Varese,VA,NORD
5,13,23013,Brentino Belluno,Brentino Belluno,Nord-est,Veneto,Verona,Verona,VR,NORD
4,25,22025,Brentonico,Brentonico,Nord-est,Trentino-Alto Adige,Trento,Trento,TN,NORD
5,14,23014,Brenzone sul Garda,Brenzone sul Garda,Nord-est,Veneto,Verona,Verona,VR,NORD
8,6,35006,Brescello,Brescello,Nord-est,Emilia Romagna,Reggio nell'Emilia,Reggio Emilia,RE,NORD
3,29,17029,Brescia,Brescia,Nord-ovest,Lombardia,Brescia,Brescia,BS,NORD
4,26,22026,Bresimo,Bresimo,Nord-est,Trentino-Alto Adige,Trento,Trento,TN,NORD
3,23,18023,Bressana Bottarone,Bressana Bottarone,Nord-ovest,Lombardia,Pavia,Pavia,PV,NORD
4,11,21011,Bressanone/Brixen,Bressanone,Nord-est,Trentino-Alto Adige,Bolzano/Bozen,Bolzano,BZ,NORD
5,16,24016,Bressanvido,Bressanvido,Nord-est,Veneto,Vicenza,Vicenza,VI,NORD
3,32,15032,Bresso,Bresso,Nord-ovest,Lombardia,Milano,Milan,MI,NORD
3,20,12020,Brezzo di Bedero,Brezzo di Bedero,Nord-ovest,Lombardia,Varese,Varese,VA,NORD
1,30,4030,Briaglia,Briaglia,Nord-ovest,Piemonte,Cuneo,Cuneo,CN,NORD
18,3,102003,Briatico,Briatico,Sud,Calabria,Vibo Valentia,Vibo Valentia,VV,CALA
1,35,1035,Bricherasio,Bricherasio,Nord-ovest,Piemonte,Torino,Turin,TO,NORD
3,30,13030,Brienno,Brienno,Nord-ovest,Lombardia,Como,Como,CO,NORD
17,13,76013,Brienza,Brienza,Sud,Basilicata,Potenza,Potenza,PZ,SUD
1,31,4031,Briga Alta,Briga Alta,Nord-ovest,Piemonte,Cuneo,Cuneo,CN,NORD
1,26,3026,Briga Novarese,Briga Novarese,Nord-ovest,Piemonte,Novara,Novara,NO,NORD
3,40,16040,Brignano Gera d'Adda,Brignano Gera d'Adda,Nord-ovest,Lombardia,Bergamo,Bergamo,BG,NORD
1,24,6024,Brignano-Frascata,Brignano-Frascata,Nord-ovest,Piemonte,Alessandria,Alessandria,AL,NORD
16,1,74001,Brindisi,Brindisi,Sud,Puglia,Brindisi,Brindisi,BR,SUD
17,14,76014,Brindisi Montagna,Brindisi Montagna,Sud,Basilicata,Potenza,Potenza,PZ,SUD
3,21,12021,Brinzio,Brinzio,Nord-ovest,Lombardia,Varese,Varese,VA,NORD
1,27,3027,Briona,Briona,Nord-ovest,Piemonte,Novara,Novara,NO,NORD
3,30,17030,Brione,Brione,Nord-ovest,Lombardia,Brescia,Brescia,BS,NORD
3,11,108011,Briosco,Briosco,Nord-ovest,Lombardia,Monza e della Brianza,Monza e della Brianza,MB,NORD
8,4,39004,Brisighella,Brisighella,Nord-est,Emilia Romagna,Ravenna,Ravenna,RA,NORD
3,22,12022,Brissago-Valtravaglia,Brissago-Valtravaglia,Nord-ovest,Lombardia,Varese,Varese,VA,NORD
2,11,7011,Brissogne,Brissogne,Nord-ovest,Valle d'Aosta,Valle d'Aosta,Aosta,AO,NORD
13,4,68004,Brittoli,Brittoli,Sud,Abruzzo,Pescara,Pescara,PE,CSUD
3,10,97010,Brivio,Brivio,Nord-ovest,Lombardia,Lecco,Lecco,LC,NORD
12,15,60015,Broccostella,Broccostella,Centro,Lazio,Frosinone,Frosinone,FR,CSUD
5,17,24017,Brogliano,Brogliano,Nord-est,Veneto,Vicenza,Vicenza,VI,NORD
18,4,102004,Brognaturo,Brognaturo,Sud,Calabria,Vibo Valentia,Vibo Valentia,VV,CALA
19,7,83007,Brolo,Brolo,Isole,Sicilia,Messina,Messina,ME,SICI
1,32,4032,Brondello,Brondello,Nord-ovest,Piemonte,Cuneo,Cuneo,CN,NORD
3,24,18024,Broni,Broni,Nord-ovest,Lombardia,Pavia,Pavia,PV,NORD
19,9,87009,Bronte,Bronte,Isole,Sicilia,Catania,Catania,CT,SICI
4,12,21012,Bronzolo/Branzoll,Bronzolo,Nord-est,Trentino-Alto Adige,Bolzano/Bozen,Bolzano,BZ,NORD
1,33,4033,Brossasco,Brossasco,Nord-ovest,Piemonte,Cuneo,Cuneo,CN,NORD
1,36,1036,Brosso,Brosso,Nord-ovest,Piemonte,Torino,Turin,TO,NORD
1,13,103013,Brovello-Carpugnino,Brovello-Carpugnino,Nord-ovest,Piemonte,Verbano-Cusio-Ossola,Verbano-Cusio-Ossola,VB,NORD
1,37,1037,Brozolo,Brozolo,Nord-ovest,Piemonte,Torino,Turin,TO,NORD
3,12,108012,Brugherio,Brugherio,Nord-ovest,Lombardia,Monza e della Brianza,Monza e della Brianza,MB,NORD
5,15,28015,Brugine,Brugine,Nord-est,Veneto,Padova,Padova,PD,NORD
7,7,11007,Brugnato,Brugnato,Nord-ovest,Liguria,La Spezia,La Spezia,SP,NORD
6,7,93007,Brugnera,Brugnera,Nord-est,Friuli Venezia Giulia,Pordenone,Pordenone,PN,NORD
1,38,1038,Bruino,Bruino,Nord-ovest,Piemonte,Torino,Turin,TO,NORD
3,41,16041,Brumano,Brumano,Nord-ovest,Lombardia,Bergamo,Bergamo,BG,NORD
3,32,13032,Brunate,Brunate,Nord-ovest,Lombardia,Como,Como,CO,NORD
3,23,12023,Brunello,Brunello,Nord-ovest,Lombardia,Varese,Varese,VA,NORD
4,13,21013,Brunico/Bruneck,Brunico,Nord-est,Trentino-Alto Adige,Bolzano/Bozen,Bolzano,BZ,NORD
1,10,5010,Bruno,Bruno,Nord-ovest,Piemonte,Asti,Asti,AT,NORD
3,42,16042,Brusaporto,Brusaporto,Nord-ovest,Lombardia,Bergamo,Bergamo,BG,NORD
1,39,1039,Brusasco,Brusasco,Nord-ovest,Piemonte,Torino,Turin,TO,NORD
15,10,63010,Brusciano,Brusciano,Sud,Campania,Napoli,Naples,NA,CSUD
3,24,12024,Brusimpiano,Brusimpiano,Nord-ovest,Lombardia,Varese,Varese,VA,NORD
1,7,96007,Brusnengo,Brusnengo,Nord-ovest,Piemonte,Biella,Biella,BI,NORD
2,12,7012,Brusson,Brusson,Nord-ovest,Valle d'Aosta,Valle d'Aosta,Aosta,AO,NORD
1,40,1040,Bruzolo,Bruzolo,Nord-ovest,Piemonte,Torino,Turin,TO,NORD
18,15,80015,Bruzzano Zeffirio,Bruzzano Zeffirio,Sud,Calabria,Reggio Calabria,Reggio Calabria,RC,CALA
3,35,15035,Bubbiano,Bubbiano,Nord-ovest,Lombardia,Milano,Milan,MI,NORD
1,11,5011,Bubbio,Bubbio,Nord-ovest,Piemonte,Asti,Asti,AT,NORD
19,3,89003,Buccheri,Buccheri,Isole,Sicilia,Siracusa,Siracusa,SR,SICI
13,8,69008,Bucchianico,Bucchianico,Sud,Abruzzo,Chieti,Chieti,CH,CSUD
15,10,62010,Bucciano,Bucciano,Sud,Campania,Benevento,Benevento,BN,CSUD
3,36,15036,Buccinasco,Buccinasco,Nord-ovest,Lombardia,Milano,Milan,MI,NORD
15,17,65017,Buccino,Buccino,Sud,Campania,Salerno,Salerno,SA,CSUD
9,5,51005,Bucine,Bucine,Centro,Toscana,Arezzo,Arezzo,AR,CNOR
20,17,90017,Buddus?,Buddus?,Isole,Sardegna,Sassari,Sassari,SS,SARD
6,8,93008,Budoia,Budoia,Nord-est,Friuli Venezia Giulia,Pordenone,Pordenone,PN,NORD
20,91,90091,Budoni,Budoni,Isole,Sardegna,Sassari,Sassari,SS,SARD
8,8,37008,Budrio,Budrio,Nord-est,Emilia Romagna,Bologna,Bologna,BO,NORD
20,6,111006,Buggerru,Buggerru,Isole,Sardegna,Sud Sardegna,#N/A,SU,SARD
9,3,47003,Buggiano,Buggiano,Centro,Toscana,Pistoia,Pistoia,PT,CNOR
3,10,14010,Buglio in Monte,Buglio in Monte,Nord-ovest,Lombardia,Sondrio,Sondrio,SO,NORD
13,12,66012,Bugnara,Bugnara,Sud,Abruzzo,L'Aquila,L'Aquila,AQ,CSUD
3,25,12025,Buguggiate,Buguggiate,Nord-ovest,Lombardia,Varese,Varese,VA,NORD
6,13,30013,Buja,Buja,Nord-est,Friuli Venezia Giulia,Udine,Udine,UD,NORD
3,11,97011,Bulciago,Bulciago,Nord-ovest,Lombardia,Lecco,Lecco,LC,NORD
3,34,13034,Bulgarograsso,Bulgarograsso,Nord-ovest,Lombardia,Como,Como,CO,NORD
20,18,90018,Bultei,Bultei,Isole,Sardegna,Sassari,Sassari,SS,SARD
20,19,90019,Bulzi,Bulzi,Isole,Sardegna,Sassari,Sassari,SS,SARD
15,18,65018,Buonabitacolo,Buonabitacolo,Sud,Campania,Salerno,Salerno,SA,CSUD
15,11,62011,Buonalbergo,Buonalbergo,Sud,Campania,Benevento,Benevento,BN,CSUD
9,3,52003,Buonconvento,Buonconvento,Centro,Toscana,Siena,Siena,SI,CNOR
18,20,78020,Buonvicino,Buonvicino,Sud,Calabria,Cosenza,Cosenza,CS,CALA
3,13,108013,Burago di Molgora,Burago di Molgora,Nord-ovest,Lombardia,Monza e della Brianza,Monza e della Brianza,MB,NORD
20,7,111007,Burcei,Burcei,Isole,Sardegna,Sud Sardegna,#N/A,SU,SARD
19,5,84005,Burgio,Burgio,Isole,Sicilia,Agrigento,Agrigento,AG,SICI
20,20,90020,Burgos,Burgos,Isole,Sardegna,Sassari,Sassari,SS,SARD
1,41,1041,Buriasco,Buriasco,Nord-ovest,Piemonte,Torino,Turin,TO,NORD
1,42,1042,Burolo,Burolo,Nord-ovest,Piemonte,Torino,Turin,TO,NORD
1,21,2021,Buronzo,Buronzo,Nord-ovest,Piemonte,Vercelli,Vercelli,VC,NORD
20,17,95017,Busachi,Busachi,Isole,Sardegna,Oristano,Oristano,OR,SARD
7,6,10006,Busalla,Busalla,Nord-ovest,Liguria,Genova,Genoa,GE,NORD
1,43,1043,Busano,Busano,Nord-ovest,Piemonte,Torino,Turin,TO,NORD
1,34,4034,Busca,Busca,Nord-ovest,Piemonte,Cuneo,Cuneo,CN,NORD
3,38,15038,Buscate,Buscate,Nord-ovest,Lombardia,Milano,Milan,MI,NORD
19,4,89004,Buscemi,Buscemi,Isole,Sicilia,Siracusa,Siracusa,SR,SICI
19,2,81002,Buseto Palizzolo,Buseto Palizzolo,Isole,Sicilia,Trapani,Trapani,TP,SICI
3,51,108051,Busnago,Busnago,Nord-ovest,Lombardia,Monza e della Brianza,Monza e della Brianza,MB,NORD
3,40,15040,Bussero,Bussero,Nord-ovest,Lombardia,Milano,Milan,MI,NORD
8,7,34007,Busseto,Busseto,Nord-est,Emilia Romagna,Parma,Parma,PR,NORD
13,5,68005,Bussi sul Tirino,Bussi sul Tirino,Sud,Abruzzo,Pescara,Pescara,PE,CSUD
14,5,70005,Busso,Busso,Sud,Molise,Campobasso,Campobasso,CB,SUD
5,15,23015,Bussolengo,Bussolengo,Nord-est,Veneto,Verona,Verona,VR,NORD
1,44,1044,Bussoleno,Bussoleno,Nord-ovest,Piemonte,Torino,Turin,TO,NORD
3,26,12026,Busto Arsizio,Busto Arsizio,Nord-ovest,Lombardia,Varese,Varese,VA,NORD
3,41,15041,Busto Garolfo,Busto Garolfo,Nord-ovest,Lombardia,Milano,Milan,MI,NORD
19,3,85003,Butera,Butera,Isole,Sicilia,Caltanissetta,Caltanissetta,CL,SICI
9,2,50002,Buti,Buti,Centro,Toscana,Pisa,Pisa,PI,CNOR
5,16,23016,Buttapietra,Buttapietra,Nord-est,Veneto,Verona,Verona,VR,NORD
1,45,1045,Buttigliera Alta,Buttigliera Alta,Nord-ovest,Piemonte,Torino,Turin,TO,NORD
1,12,5012,Buttigliera d'Asti,Buttigliera d'Asti,Nord-ovest,Piemonte,Asti,Asti,AT,NORD
6,14,30014,Buttrio,Buttrio,Nord-est,Friuli Venezia Giulia,Udine,Udine,UD,NORD
1,25,6025,Cabella Ligure,Cabella Ligure,Nord-ovest,Piemonte,Alessandria,Alessandria,AL,NORD
3,35,13035,Cabiate,Cabiate,Nord-ovest,Lombardia,Como,Como,CO,NORD
20,18,95018,Cabras,Cabras,Isole,Sardegna,Oristano,Oristano,OR,SARD
19,14,82014,Caccamo,Caccamo,Isole,Sicilia,Palermo,Palermo,PA,SICI
18,2,101002,Caccuri,Caccuri,Sud,Calabria,Crotone,Crotone,KR,CALA
3,27,12027,Cadegliano-Viconago,Cadegliano-Viconago,Nord-ovest,Lombardia,Varese,Varese,VA,NORD
8,8,35008,Cadelbosco di Sopra,Cadelbosco di Sopra,Nord-est,Emilia Romagna,Reggio nell'Emilia,Reggio Emilia,RE,NORD
8,7,33007,Cadeo,Cadeo,Nord-est,Emilia Romagna,Piacenza,Piacenza,PC,NORD
4,29,22029,Caderzone Terme,Caderzone Terme,Nord-est,Trentino-Alto Adige,Trento,Trento,TN,NORD
5,16,28016,Cadoneghe,Cadoneghe,Nord-est,Veneto,Padova,Padova,PD,NORD
3,36,13036,Cadorago,Cadorago,Nord-ovest,Lombardia,Como,Como,CO,NORD
3,143,12143,Cadrezzate con Osmate,Cadrezzate con Osmate,Nord-ovest,Lombardia,Varese,Varese,VA,NORD
5,6,26006,Caerano di San Marco,Caerano di San Marco,Nord-est,Veneto,Treviso,Treviso,TV,NORD
1,46,1046,Cafasse,Cafasse,Nord-ovest,Piemonte,Torino,Turin,TO,NORD
15,19,65019,Caggiano,Caggiano,Sud,Campania,Salerno,Salerno,SA,CSUD
11,7,41007,Cagli,Cagli,Centro,Marche,Pesaro e Urbino,Pesaro e Urbino,PU,CNOR
20,9,92009,Cagliari,Cagliari,Isole,Sardegna,Cagliari,Cagliari,CA,SARD
3,37,13037,Caglio,Caglio,Nord-ovest,Lombardia,Como,Como,CO,NORD
13,13,66013,Cagnano Amiterno,Cagnano Amiterno,Sud,Abruzzo,L'Aquila,L'Aquila,AQ,CSUD
16,8,71008,Cagnano Varano,Cagnano Varano,Sud,Puglia,Foggia,Foggia,FG,SUD
15,8,61008,Caianello,Caianello,Sud,Campania,Caserta,Caserta,CE,CSUD
15,9,61009,Caiazzo,Caiazzo,Sud,Campania,Caserta,Caserta,CE,CSUD
4,14,21014,Caines/Kuens,Caines,Nord-est,Trentino-Alto Adige,Bolzano/Bozen,Bolzano,BZ,NORD
3,31,17031,Caino,Caino,Nord-ovest,Lombardia,Brescia,Brescia,BS,NORD
3,11,14011,Caiolo,Caiolo,Nord-ovest,Lombardia,Sondrio,Sondrio,SO,NORD
15,13,64013,Cairano,Cairano,Sud,Campania,Avellino,Avellino,AV,CSUD
3,29,12029,Cairate,Cairate,Nord-ovest,Lombardia,Varese,Varese,VA,NORD
7,15,9015,Cairo Montenotte,Cairo Montenotte,Nord-ovest,Liguria,Savona,Savona,SV,NORD
15,11,63011,Caivano,Caivano,Sud,Campania,Napoli,Naples,NA,CSUD
15,14,64014,Calabritto,Calabritto,Sud,Campania,Avellino,Avellino,AV,CSUD
5,8,25008,Calalzo di Cadore,Calalzo di Cadore,Nord-est,Veneto,Belluno,Belluno,BL,NORD
1,13,5013,Calamandrana,Calamandrana,Nord-ovest,Piemonte,Asti,Asti,AT,NORD
19,6,84006,Calamonaci,Calamonaci,Isole,Sicilia,Agrigento,Agrigento,AG,SICI
20,21,90021,Calangianus,Calangianus,Isole,Sardegna,Sassari,Sassari,SS,SARD
18,16,80016,Calanna,Calanna,Sud,Calabria,Reggio Calabria,Reggio Calabria,RC,CALA
1,14,103014,Calasca-Castiglione,Calasca-Castiglione,Nord-ovest,Piemonte,Verbano-Cusio-Ossola,Verbano-Cusio-Ossola,VB,NORD
19,5,86005,Calascibetta,Calascibetta,Isole,Sicilia,Enna,Enna,EN,SICI
13,14,66014,Calascio,Calascio,Sud,Abruzzo,L'Aquila,L'Aquila,AQ,CSUD
20,8,111008,Calasetta,Calasetta,Isole,Sardegna,Sud Sardegna,#N/A,SU,SARD
19,10,87010,Calatabiano,Calatabiano,Isole,Sicilia,Catania,Catania,CT,SICI
19,3,81003,Calatafimi-Segesta,Calatafimi-Segesta,Isole,Sicilia,Trapani,Trapani,TP,SICI
12,10,56010,Calcata,Calcata,Centro,Lazio,Viterbo,Viterbo,VT,CSUD
4,32,22032,Calceranica al Lago,Calceranica al Lago,Nord-est,Trentino-Alto Adige,Trento,Trento,TN,NORD
9,3,50003,Calci,Calci,Centro,Toscana,Pisa,Pisa,PI,CNOR
17,4,77004,Calciano,Calciano,Sud,Basilicata,Matera,Matera,MT,SUD
9,4,50004,Calcinaia,Calcinaia,Centro,Toscana,Pisa,Pisa,PI,CNOR
3,43,16043,Calcinate,Calcinate,Nord-ovest,Lombardia,Bergamo,Bergamo,BG,NORD
3,32,17032,Calcinato,Calcinato,Nord-ovest,Lombardia,Brescia,Brescia,BS,NORD
3,44,16044,Calcio,Calcio,Nord-ovest,Lombardia,Bergamo,Bergamo,BG,NORD
3,12,97012,Calco,Calco,Nord-ovest,Lombardia,Lecco,Lecco,LC,NORD
4,15,21015,Caldaro sulla strada del vino/Kaltern an der Weinstra†e,Caldaro sulla strada del vino,Nord-est,Trentino-Alto Adige,Bolzano/Bozen,Bolzano,BZ,NORD
11,6,43006,Caldarola,Caldarola,Centro,Marche,Macerata,Macerata,MC,CNOR
8,9,37009,Calderara di Reno,Calderara di Reno,Nord-est,Emilia Romagna,Bologna,Bologna,BO,NORD
4,33,22033,Caldes,Caldes,Nord-est,Trentino-Alto Adige,Trento,Trento,TN,NORD
5,17,23017,Caldiero,Caldiero,Nord-est,Veneto,Verona,Verona,VR,NORD
5,18,24018,Caldogno,Caldogno,Nord-est,Veneto,Vicenza,Vicenza,VI,NORD
4,34,22034,Caldonazzo,Caldonazzo,Nord-est,Trentino-Alto Adige,Trento,Trento,TN,NORD
8,8,33008,Calendasco,Calendasco,Nord-est,Emilia Romagna,Piacenza,Piacenza,PC,NORD
9,5,48005,Calenzano,Calenzano,Centro,Toscana,Firenze,Florence,FI,CNOR
8,8,34008,Calestano,Calestano,Nord-est,Emilia Romagna,Parma,Parma,PR,NORD
7,8,11008,Calice al Cornoviglio,Calice al Cornoviglio,Nord-ovest,Liguria,La Spezia,La Spezia,SP,NORD
7,16,9016,Calice Ligure,Calice Ligure,Nord-ovest,Liguria,Savona,Savona,SV,NORD
16,10,75010,Calimera,Calimera,Sud,Puglia,Lecce,Lecce,LE,SUD
15,15,64015,Calitri,Calitri,Sud,Campania,Avellino,Avellino,AV,CSUD
7,17,9017,Calizzano,Calizzano,Nord-ovest,Liguria,Savona,Savona,SV,NORD
1,8,96008,Callabiana,Callabiana,Nord-ovest,Piemonte,Biella,Biella,BI,NORD
4,35,22035,Calliano,Calliano,Nord-est,Trentino-Alto Adige,Trento,Trento,TN,NORD
1,14,5014,Calliano Monferrato,Calliano Monferrato,Nord-ovest,Piemonte,Asti,Asti,AT,NORD
3,13,97013,Calolziocorte,Calolziocorte,Nord-ovest,Lombardia,Lecco,Lecco,LC,NORD
18,21,78021,Calopezzati,Calopezzati,Sud,Calabria,Cosenza,Cosenza,CS,CALA
1,15,5015,Calosso,Calosso,Nord-ovest,Piemonte,Asti,Asti,AT,NORD
18,22,78022,Caloveto,Caloveto,Sud,Calabria,Cosenza,Cosenza,CS,CALA
19,7,84007,Caltabellotta,Caltabellotta,Isole,Sicilia,Agrigento,Agrigento,AG,SICI
19,11,87011,Caltagirone,Caltagirone,Isole,Sicilia,Catania,Catania,CT,SICI
19,4,85004,Caltanissetta,Caltanissetta,Isole,Sicilia,Caltanissetta,Caltanissetta,CL,SICI
19,15,82015,Caltavuturo,Caltavuturo,Isole,Sicilia,Palermo,Palermo,PA,SICI
1,30,3030,Caltignaga,Caltignaga,Nord-ovest,Piemonte,Novara,Novara,NO,NORD
5,8,29008,Calto,Calto,Nord-est,Veneto,Rovigo,Rovigo,RO,NORD
5,19,24019,Caltrano,Caltrano,Nord-est,Veneto,Vicenza,Vicenza,VI,NORD
3,46,16046,Calusco d'Adda,Calusco d'Adda,Nord-ovest,Lombardia,Bergamo,Bergamo,BG,NORD
1,47,1047,Caluso,Caluso,Nord-ovest,Piemonte,Torino,Turin,TO,NORD
3,33,17033,Calvagese della Riviera,Calvagese della Riviera,Nord-ovest,Lombardia,Brescia,Brescia,BS,NORD
15,20,65020,Calvanico,Calvanico,Sud,Campania,Salerno,Salerno,SA,CSUD
3,9,19009,Calvatone,Calvatone,Nord-ovest,Lombardia,Cremona,Cremona,CR,NORD
17,15,76015,Calvello,Calvello,Sud,Basilicata,Potenza,Potenza,PZ,SUD
5,20,24020,Calvene,Calvene,Nord-est,Veneto,Vicenza,Vicenza,VI,NORD
3,47,16047,Calvenzano,Calvenzano,Nord-ovest,Lombardia,Bergamo,Bergamo,BG,NORD
17,16,76016,Calvera,Calvera,Sud,Basilicata,Potenza,Potenza,PZ,SUD
15,12,62012,Calvi,Calvi,Sud,Campania,Benevento,Benevento,BN,CSUD
10,8,55008,Calvi dell'Umbria,Calvi dell'Umbria,Centro,Umbria,Terni,Terni,TR,CSUD
15,10,61010,Calvi Risorta,Calvi Risorta,Sud,Campania,Caserta,Caserta,CE,CSUD
3,25,18025,Calvignano,Calvignano,Nord-ovest,Lombardia,Pavia,Pavia,PV,NORD
3,42,15042,Calvignasco,Calvignasco,Nord-ovest,Lombardia,Milano,Milan,MI,NORD
3,34,17034,Calvisano,Calvisano,Nord-ovest,Lombardia,Brescia,Brescia,BS,NORD
15,12,63012,Calvizzano,Calvizzano,Sud,Campania,Napoli,Naples,NA,CSUD
1,26,6026,Camagna Monferrato,Camagna Monferrato,Nord-ovest,Piemonte,Alessandria,Alessandria,AL,NORD
9,5,46005,Camaiore,Camaiore,Centro,Toscana,Lucca,Lucca,LU,CNOR
1,9,96009,Camandona,Camandona,Nord-ovest,Piemonte,Biella,Biella,BI,NORD
19,8,84008,Camastra,Camastra,Isole,Sicilia,Agrigento,Agrigento,AG,SICI
3,44,15044,Cambiago,Cambiago,Nord-ovest,Lombardia,Milano,Milan,MI,NORD
1,48,1048,Cambiano,Cambiano,Nord-ovest,Piemonte,Torino,Turin,TO,NORD
1,15,103015,Cambiasca,Cambiasca,Nord-ovest,Piemonte,Verbano-Cusio-Ossola,Verbano-Cusio-Ossola,VB,NORD
1,10,96010,Camburzano,Camburzano,Nord-ovest,Piemonte,Biella,Biella,BI,NORD
1,35,4035,Camerana,Camerana,Nord-ovest,Piemonte,Cuneo,Cuneo,CN,NORD
11,6,42006,Camerano,Camerano,Centro,Marche,Ancona,Ancona,AN,CNOR
1,16,5016,Camerano Casasco,Camerano Casasco,Nord-ovest,Piemonte,Asti,Asti,AT,NORD
3,48,16048,Camerata Cornello,Camerata Cornello,Nord-ovest,Lombardia,Bergamo,Bergamo,BG,NORD
12,14,58014,Camerata Nuova,Camerata Nuova,Centro,Lazio,Roma,Rome,RM,CSUD
11,7,42007,Camerata Picena,Camerata Picena,Centro,Marche,Ancona,Ancona,AN,CNOR
1,32,3032,Cameri,Cameri,Nord-ovest,Piemonte,Novara,Novara,NO,NORD
11,7,43007,Camerino,Camerino,Centro,Marche,Macerata,Macerata,MC,CNOR
15,21,65021,Camerota,Camerota,Sud,Campania,Salerno,Salerno,SA,CSUD
15,11,61011,Camigliano,Camigliano,Sud,Campania,Caserta,Caserta,CE,CSUD
18,17,80017,Camini,Camini,Sud,Calabria,Reggio Calabria,Reggio Calabria,RC,CALA
1,27,6027,Camino,Camino,Nord-ovest,Piemonte,Alessandria,Alessandria,AL,NORD
6,15,30015,Camino al Tagliamento,Camino al Tagliamento,Nord-est,Friuli Venezia Giulia,Udine,Udine,UD,NORD
3,10,19010,Camisano,Camisano,Nord-ovest,Lombardia,Cremona,Cremona,CR,NORD
5,21,24021,Camisano Vicentino,Camisano Vicentino,Nord-est,Veneto,Vicenza,Vicenza,VI,NORD
19,9,84009,Cammarata,Cammarata,Isole,Sicilia,Agrigento,Agrigento,AG,SICI
7,7,10007,Camogli,Camogli,Nord-ovest,Liguria,Genova,Genoa,GE,NORD
15,22,65022,Campagna,Campagna,Sud,Campania,Salerno,Salerno,SA,CSUD
5,2,27002,Campagna Lupia,Campagna Lupia,Nord-est,Veneto,Venezia,Venice,VE,NORD
12,15,58015,Campagnano di Roma,Campagnano di Roma,Centro,Lazio,Roma,Rome,RM,CSUD
9,2,53002,Campagnatico,Campagnatico,Centro,Toscana,Grosseto,Grosseto,GR,CNOR
3,11,19011,Campagnola Cremasca,Campagnola Cremasca,Nord-ovest,Lombardia,Cremona,Cremona,CR,NORD
8,9,35009,Campagnola Emilia,Campagnola Emilia,Nord-est,Emilia Romagna,Reggio nell'Emilia,Reggio Emilia,RE,NORD
18,23,78023,Campana,Campana,Sud,Calabria,Cosenza,Cosenza,CS,CALA
3,14,108014,Camparada,Camparada,Nord-ovest,Lombardia,Monza e della Brianza,Monza e della Brianza,MB,NORD
8,10,35010,Campegine,Campegine,Nord-est,Emilia Romagna,Reggio nell'Emilia,Reggio Emilia,RE,NORD
10,5,54005,Campello sul Clitunno,Campello sul Clitunno,Centro,Umbria,Perugia,Perugia,PG,CSUD
1,25,2025,Campertogno,Campertogno,Nord-ovest,Piemonte,Vercelli,Vercelli,VC,NORD
9,6,48006,Campi Bisenzio,Campi Bisenzio,Centro,Toscana,Firenze,Florence,FI,CNOR
16,11,75011,Campi Salentina,Campi Salentina,Sud,Puglia,Lecce,Lecce,LE,SUD
1,86,96086,Campiglia Cervo,Campiglia Cervo,Nord-ovest,Piemonte,Biella,Biella,BI,NORD
5,22,24022,Campiglia dei Berici,Campiglia dei Berici,Nord-est,Veneto,Vicenza,Vicenza,VI,NORD
9,2,49002,Campiglia Marittima,Campiglia Marittima,Centro,Toscana,Livorno,Livorno,LI,CNOR
1,49,1049,Campiglione Fenile,Campiglione Fenile,Nord-ovest,Piemonte,Torino,Turin,TO,NORD
3,40,13040,Campione d'Italia,Campione d'Italia,Nord-ovest,Lombardia,Como,Como,CO,NORD
4,36,22036,Campitello di Fassa,Campitello di Fassa,Nord-est,Trentino-Alto Adige,Trento,Trento,TN,NORD
13,8,67008,Campli,Campli,Sud,Abruzzo,Teramo,Teramo,TE,CSUD
18,18,80018,Campo Calabro,Campo Calabro,Sud,Calabria,Reggio Calabria,Reggio Calabria,RC,CALA
13,15,66015,Campo di Giove,Campo di Giove,Sud,Abruzzo,L'Aquila,L'Aquila,AQ,CSUD
4,16,21016,Campo di Trens/Freienfeld,Campo di Trens,Nord-est,Trentino-Alto Adige,Bolzano/Bozen,Bolzano,BZ,NORD
7,8,10008,Campo Ligure,Campo Ligure,Nord-ovest,Liguria,Genova,Genoa,GE,NORD
9,3,49003,Campo nell'Elba,Campo nell'Elba,Centro,Toscana,Livorno,Livorno,LI,CNOR
5,20,28020,Campo San Martino,Campo San Martino,Nord-est,Veneto,Padova,Padova,PD,NORD
4,17,21017,Campo Tures/Sand in Taufers,Campo Tures,Nord-est,Trentino-Alto Adige,Bolzano/Bozen,Bolzano,BZ,NORD
14,6,70006,Campobasso,Campobasso,Sud,Molise,Campobasso,Campobasso,CB,SUD
19,10,84010,Campobello di Licata,Campobello di Licata,Isole,Sicilia,Agrigento,Agrigento,AG,SICI
19,4,81004,Campobello di Mazara,Campobello di Mazara,Isole,Sicilia,Trapani,Trapani,TP,SICI
14,7,70007,Campochiaro,Campochiaro,Sud,Molise,Campobasso,Campobasso,CB,SUD
5,17,28017,Campodarsego,Campodarsego,Nord-est,Veneto,Padova,Padova,PD,NORD
4,37,22037,Campodenno,Campodenno,Nord-est,Trentino-Alto Adige,Trento,Trento,TN,NORD
12,3,59003,Campodimele,Campodimele,Centro,Lazio,Latina,Latina,LT,CSUD
14,8,70008,Campodipietra,Campodipietra,Sud,Molise,Campobasso,Campobasso,CB,SUD
3,12,14012,Campodolcino,Campodolcino,Nord-ovest,Lombardia,Sondrio,Sondrio,SO,NORD
5,18,28018,Campodoro,Campodoro,Nord-est,Veneto,Padova,Padova,PD,NORD
19,16,82016,Campofelice di Fitalia,Campofelice di Fitalia,Isole,Sicilia,Palermo,Palermo,PA,SICI
19,17,82017,Campofelice di Roccella,Campofelice di Roccella,Isole,Sicilia,Palermo,Palermo,PA,SICI
11,4,109004,Campofilone,Campofilone,Centro,Marche,Fermo,Fermo,FM,CNOR
19,18,82018,Campofiorito,Campofiorito,Isole,Sicilia,Palermo,Palermo,PA,SICI
6,16,30016,Campoformido,Campoformido,Nord-est,Friuli Venezia Giulia,Udine,Udine,UD,NORD
19,5,85005,Campofranco,Campofranco,Isole,Sicilia,Caltanissetta,Caltanissetta,CL,SICI
8,3,36003,Campogalliano,Campogalliano,Nord-est,Emilia Romagna,Modena,Modena,MO,NORD
15,13,62013,Campolattaro,Campolattaro,Sud,Campania,Benevento,Benevento,BN,CSUD
12,16,60016,Campoli Appennino,Campoli Appennino,Centro,Lazio,Frosinone,Frosinone,FR,CSUD
15,14,62014,Campoli del Monte Taburno,Campoli del Monte Taburno,Sud,Campania,Benevento,Benevento,BN,CSUD
14,9,70009,Campolieto,Campolieto,Sud,Molise,Campobasso,Campobasso,CB,SUD
5,3,27003,Campolongo Maggiore,Campolongo Maggiore,Nord-est,Veneto,Venezia,Venice,VE,NORD
6,138,30138,Campolongo Tapogliano,Campolongo Tapogliano,Nord-est,Friuli Venezia Giulia,Udine,Udine,UD,NORD
17,17,76017,Campomaggiore,Campomaggiore,Sud,Basilicata,Potenza,Potenza,PZ,SUD
14,10,70010,Campomarino,Campomarino,Sud,Molise,Campobasso,Campobasso,CB,SUD
7,9,10009,Campomorone,Campomorone,Nord-ovest,Liguria,Genova,Genoa,GE,NORD
5,4,27004,Camponogara,Camponogara,Nord-est,Veneto,Venezia,Venice,VE,NORD
15,23,65023,Campora,Campora,Sud,Campania,Salerno,Salerno,SA,CSUD
19,19,82019,Camporeale,Camporeale,Isole,Sicilia,Palermo,Palermo,PA,SICI
9,6,46006,Camporgiano,Camporgiano,Centro,Toscana,Lucca,Lucca,LU,CNOR
7,11,8011,Camporosso,Camporosso,Nord-ovest,Liguria,Imperia,Imperia,IM,NORD
11,8,43008,Camporotondo di Fiastrone,Camporotondo di Fiastrone,Centro,Marche,Macerata,Macerata,MC,CNOR
19,12,87012,Camporotondo Etneo,Camporotondo Etneo,Isole,Sicilia,Catania,Catania,CT,SICI
5,19,28019,Camposampiero,Camposampiero,Nord-est,Veneto,Padova,Padova,PD,NORD
15,13,63013,Camposano,Camposano,Sud,Campania,Napoli,Naples,NA,CSUD
8,4,36004,Camposanto,Camposanto,Nord-est,Emilia Romagna,Modena,Modena,MO,NORD
3,26,18026,Campospinoso,Campospinoso,Nord-ovest,Lombardia,Pavia,Pavia,PV,NORD
13,16,66016,Campotosto,Campotosto,Sud,Abruzzo,L'Aquila,L'Aquila,AQ,CSUD
8,10,37010,Camugnano,Camugnano,Nord-est,Emilia Romagna,Bologna,Bologna,BO,NORD
4,38,22038,Canal San Bovo,Canal San Bovo,Nord-est,Trentino-Alto Adige,Trento,Trento,TN,NORD
1,37,4037,Canale,Canale,Nord-ovest,Piemonte,Cuneo,Cuneo,CN,NORD
5,23,25023,Canale d'Agordo,Canale d'Agordo,Nord-est,Veneto,Belluno,Belluno,BL,NORD
12,16,58016,Canale Monterano,Canale Monterano,Centro,Lazio,Roma,Rome,RM,CSUD
5,9,29009,Canaro,Canaro,Nord-est,Veneto,Rovigo,Rovigo,RO,NORD
4,39,22039,Canazei,Canazei,Nord-est,Trentino-Alto Adige,Trento,Trento,TN,NORD
17,18,76018,Cancellara,Cancellara,Sud,Basilicata,Potenza,Potenza,PZ,SUD
15,12,61012,Cancello ed Arnone,Cancello ed Arnone,Sud,Campania,Caserta,Caserta,CE,CSUD
5,10,29010,Canda,Canda,Nord-est,Veneto,Rovigo,Rovigo,RO,NORD
16,9,71009,Candela,Candela,Sud,Puglia,Foggia,Foggia,FG,SUD
1,12,96012,Candelo,Candelo,Nord-ovest,Piemonte,Biella,Biella,BI,NORD
1,50,1050,Candia Canavese,Candia Canavese,Nord-ovest,Piemonte,Torino,Turin,TO,NORD
3,27,18027,Candia Lomellina,Candia Lomellina,Nord-ovest,Lombardia,Pavia,Pavia,PV,NORD
5,21,28021,Candiana,Candiana,Nord-est,Veneto,Padova,Padova,PD,NORD
15,16,64016,Candida,Candida,Sud,Campania,Avellino,Avellino,AV,CSUD
18,19,80019,Candidoni,Candidoni,Sud,Calabria,Reggio Calabria,Reggio Calabria,RC,CALA
1,51,1051,Candiolo,Candiolo,Nord-ovest,Piemonte,Torino,Turin,TO,NORD
3,46,15046,Canegrate,Canegrate,Nord-ovest,Lombardia,Milano,Milan,MI,NORD
1,17,5017,Canelli,Canelli,Nord-ovest,Piemonte,Asti,Asti,AT,NORD
12,11,56011,Canepina,Canepina,Centro,Lazio,Viterbo,Viterbo,VT,CSUD
6,9,93009,Caneva,Caneva,Nord-est,Friuli Venezia Giulia,Pordenone,Pordenone,PN,NORD
19,11,84011,Canicattç,Canicattç,Isole,Sicilia,Agrigento,Agrigento,AG,SICI
19,5,89005,Canicattini Bagni,Canicattini Bagni,Isole,Sicilia,Siracusa,Siracusa,SR,SICI
12,12,56012,Canino,Canino,Centro,Lazio,Viterbo,Viterbo,VT,CSUD
1,52,1052,Canischio,Canischio,Nord-ovest,Piemonte,Torino,Turin,TO,NORD
13,17,66017,Canistro,Canistro,Sud,Abruzzo,L'Aquila,L'Aquila,AQ,CSUD
18,24,78024,Canna,Canna,Sud,Calabria,Cosenza,Cosenza,CS,CALA
15,24,65024,Cannalonga,Cannalonga,Sud,Campania,Salerno,Salerno,SA,CSUD
10,6,54006,Cannara,Cannara,Centro,Umbria,Perugia,Perugia,PG,CSUD
1,16,103016,Cannero Riviera,Cannero Riviera,Nord-ovest,Piemonte,Verbano-Cusio-Ossola,Verbano-Cusio-Ossola,VB,NORD
3,29,18029,Canneto Pavese,Canneto Pavese,Nord-ovest,Lombardia,Pavia,Pavia,PV,NORD
3,8,20008,Canneto sull'Oglio,Canneto sull'Oglio,Nord-ovest,Lombardia,Mantova,Mantova,MN,NORD
1,17,103017,Cannobio,Cannobio,Nord-ovest,Piemonte,Verbano-Cusio-Ossola,Verbano-Cusio-Ossola,VB,NORD
16,12,75012,Cannole,Cannole,Sud,Puglia,Lecce,Lecce,LE,SUD
18,20,80020,Canolo,Canolo,Sud,Calabria,Reggio Calabria,Reggio Calabria,RC,CALA
3,49,16049,Canonica d'Adda,Canonica d'Adda,Nord-ovest,Lombardia,Bergamo,Bergamo,BG,NORD
16,4,110004,Canosa di Puglia,Canosa di Puglia,Sud,Puglia,Barletta-Andria-Trani,Barletta-Andria-Trani,BT,SUD
13,10,69010,Canosa Sannita,Canosa Sannita,Sud,Abruzzo,Chieti,Chieti,CH,CSUD
1,38,4038,Canosio,Canosio,Nord-ovest,Piemonte,Cuneo,Cuneo,CN,NORD
8,18,35018,Canossa,Canossa,Nord-est,Emilia Romagna,Reggio nell'Emilia,Reggio Emilia,RE,NORD
13,18,66018,Cansano,Cansano,Sud,Abruzzo,L'Aquila,L'Aquila,AQ,CSUD
3,41,13041,Cant?,Cant?,Nord-ovest,Lombardia,Como,Como,CO,NORD
9,1,100001,Cantagallo,Cantagallo,Centro,Toscana,Prato,Prato,PO,CNOR
12,9,57009,Cantalice,Cantalice,Centro,Lazio,Rieti,Rieti,RI,CSUD
1,53,1053,Cantalupa,Cantalupa,Nord-ovest,Piemonte,Torino,Turin,TO,NORD
12,10,57010,Cantalupo in Sabina,Cantalupo in Sabina,Centro,Lazio,Rieti,Rieti,RI,CSUD
1,28,6028,Cantalupo Ligure,Cantalupo Ligure,Nord-ovest,Piemonte,Alessandria,Alessandria,AL,NORD
14,5,94005,Cantalupo nel Sannio,Cantalupo nel Sannio,Sud,Molise,Isernia,Isernia,IS,SUD
1,18,5018,Cantarana,Cantarana,Nord-ovest,Piemonte,Asti,Asti,AT,NORD
3,30,12030,Cantello,Cantello,Nord-ovest,Lombardia,Varese,Varese,VA,NORD
12,17,58017,Canterano,Canterano,Centro,Lazio,Roma,Rome,RM,CSUD
11,8,41008,Cantiano,Cantiano,Centro,Marche,Pesaro e Urbino,Pesaro e Urbino,PU,CNOR
1,54,1054,Cantoira,Cantoira,Nord-ovest,Piemonte,Torino,Turin,TO,NORD
13,9,67009,Canzano,Canzano,Sud,Abruzzo,Teramo,Teramo,TE,CSUD
3,42,13042,Canzo,Canzo,Nord-ovest,Lombardia,Como,Como,CO,NORD
5,5,27005,Caorle,Caorle,Nord-est,Veneto,Venezia,Venice,VE,NORD
8,10,33010,Caorso,Caorso,Nord-est,Emilia Romagna,Piacenza,Piacenza,PC,NORD
15,25,65025,Capaccio Paestum,Capaccio Paestum,Sud,Campania,Salerno,Salerno,SA,CSUD
19,20,82020,Capaci,Capaci,Isole,Sicilia,Palermo,Palermo,PA,SICI
9,3,53003,Capalbio,Capalbio,Centro,Toscana,Grosseto,Grosseto,GR,CNOR
9,5,50005,Capannoli,Capannoli,Centro,Toscana,Pisa,Pisa,PI,CNOR
9,7,46007,Capannori,Capannori,Centro,Toscana,Lucca,Lucca,LU,CNOR
12,18,58018,Capena,Capena,Centro,Lazio,Roma,Rome,RM,CSUD
3,12,19012,Capergnanica,Capergnanica,Nord-ovest,Lombardia,Cremona,Cremona,CR,NORD
13,19,66019,Capestrano,Capestrano,Sud,Abruzzo,L'Aquila,L'Aquila,AQ,CSUD
3,43,13043,Capiago Intimiano,Capiago Intimiano,Nord-ovest,Lombardia,Como,Como,CO,NORD
18,5,102005,Capistrano,Capistrano,Sud,Calabria,Vibo Valentia,Vibo Valentia,VV,CALA
13,20,66020,Capistrello,Capistrello,Sud,Abruzzo,L'Aquila,L'Aquila,AQ,CSUD
13,21,66021,Capitignano,Capitignano,Sud,Abruzzo,L'Aquila,L'Aquila,AQ,CSUD
19,8,83008,Capizzi,Capizzi,Isole,Sicilia,Messina,Messina,ME,SICI
3,50,16050,Capizzone,Capizzone,Nord-ovest,Lombardia,Bergamo,Bergamo,BG,NORD
3,35,17035,Capo di Ponte,Capo di Ponte,Nord-ovest,Lombardia,Brescia,Brescia,BS,NORD
19,9,83009,Capo d'Orlando,Capo d'Orlando,Isole,Sicilia,Messina,Messina,ME,SICI
12,13,56013,Capodimonte,Capodimonte,Centro,Lazio,Viterbo,Viterbo,VT,CSUD
15,13,61013,Capodrise,Capodrise,Sud,Campania,Caserta,Caserta,CE,CSUD
9,4,49004,Capoliveri,Capoliveri,Centro,Toscana,Livorno,Livorno,LI,CNOR
9,6,51006,Capolona,Capolona,Centro,Toscana,Arezzo,Arezzo,AR,CNOR
3,52,108052,Caponago,Caponago,Nord-ovest,Lombardia,Monza e della Brianza,Monza e della Brianza,MB,NORD
13,22,66022,Caporciano,Caporciano,Sud,Abruzzo,L'Aquila,L'Aquila,AQ,CSUD
15,17,64017,Caposele,Caposele,Sud,Campania,Avellino,Avellino,AV,CSUD
20,11,92011,Capoterra,Capoterra,Isole,Sardegna,Cagliari,Cagliari,CA,SARD
3,36,17036,Capovalle,Capovalle,Nord-ovest,Lombardia,Brescia,Brescia,BS,NORD
13,23,66023,Cappadocia,Cappadocia,Sud,Abruzzo,L'Aquila,L'Aquila,AQ,CSUD
3,13,19013,Cappella Cantone,Cappella Cantone,Nord-ovest,Lombardia,Cremona,Cremona,CR,NORD
3,14,19014,Cappella de' Picenardi,Cappella de' Picenardi,Nord-ovest,Lombardia,Cremona,Cremona,CR,NORD
5,7,26007,Cappella Maggiore,Cappella Maggiore,Nord-est,Veneto,Treviso,Treviso,TV,NORD
13,6,68006,Cappelle sul Tavo,Cappelle sul Tavo,Sud,Abruzzo,Pescara,Pescara,PE,CSUD
14,6,94006,Capracotta,Capracotta,Sud,Molise,Isernia,Isernia,IS,SUD
9,8,48008,Capraia e Limite,Capraia e Limite,Centro,Toscana,Firenze,Florence,FI,CNOR
9,5,49005,Capraia Isola,Capraia Isola,Centro,Toscana,Livorno,Livorno,LI,CNOR
3,15,19015,Capralba,Capralba,Nord-ovest,Lombardia,Cremona,Cremona,CR,NORD
12,14,56014,Capranica,Capranica,Centro,Lazio,Viterbo,Viterbo,VT,CSUD
12,19,58019,Capranica Prenestina,Capranica Prenestina,Centro,Lazio,Roma,Rome,RM,CSUD
16,13,75013,Caprarica di Lecce,Caprarica di Lecce,Sud,Puglia,Lecce,Lecce,LE,SUD
12,15,56015,Caprarola,Caprarola,Centro,Lazio,Viterbo,Viterbo,VT,CSUD
1,39,4039,Caprauna,Caprauna,Nord-ovest,Piemonte,Cuneo,Cuneo,CN,NORD
9,7,51007,Caprese Michelangelo,Caprese Michelangelo,Centro,Toscana,Arezzo,Arezzo,AR,CNOR
1,18,103018,Caprezzo,Caprezzo,Nord-ovest,Piemonte,Verbano-Cusio-Ossola,Verbano-Cusio-Ossola,VB,NORD
15,14,63014,Capri,Capri,Sud,Campania,Napoli,Naples,NA,CSUD
19,10,83010,Capri Leone,Capri Leone,Isole,Sicilia,Messina,Messina,ME,SICI
4,40,22040,Capriana,Capriana,Nord-est,Trentino-Alto Adige,Trento,Trento,TN,NORD
3,37,17037,Capriano del Colle,Capriano del Colle,Nord-ovest,Lombardia,Brescia,Brescia,BS,NORD
1,29,6029,Capriata d'Orba,Capriata d'Orba,Nord-ovest,Piemonte,Alessandria,Alessandria,AL,NORD
3,51,16051,Capriate San Gervasio,Capriate San Gervasio,Nord-ovest,Lombardia,Bergamo,Bergamo,BG,NORD
15,14,61014,Capriati a Volturno,Capriati a Volturno,Sud,Campania,Caserta,Caserta,CE,CSUD
1,55,1055,Caprie,Caprie,Nord-ovest,Piemonte,Torino,Turin,TO,NORD
15,18,64018,Capriglia Irpina,Capriglia Irpina,Sud,Campania,Avellino,Avellino,AV,CSUD
1,19,5019,Capriglio,Capriglio,Nord-ovest,Piemonte,Asti,Asti,AT,NORD
1,13,96013,Caprile,Caprile,Nord-ovest,Piemonte,Biella,Biella,BI,NORD
3,52,16052,Caprino Bergamasco,Caprino Bergamasco,Nord-ovest,Lombardia,Bergamo,Bergamo,BG,NORD
5,18,23018,Caprino Veronese,Caprino Veronese,Nord-est,Veneto,Verona,Verona,VR,NORD
3,38,17038,Capriolo,Capriolo,Nord-ovest,Lombardia,Brescia,Brescia,BS,NORD
6,1,31001,Capriva del Friuli,Capriva del Friuli,Nord-est,Friuli Venezia Giulia,Gorizia,Gorizia,GO,NORD
15,15,61015,Capua,Capua,Sud,Campania,Caserta,Caserta,CE,CSUD
16,14,72014,Capurso,Capurso,Sud,Puglia,Bari,Bari,BA,SUD
18,21,80021,Caraffa del Bianco,Caraffa del Bianco,Sud,Calabria,Reggio Calabria,Reggio Calabria,RC,CALA
18,17,79017,Caraffa di Catanzaro,Caraffa di Catanzaro,Sud,Calabria,Catanzaro,Catanzaro,CZ,CALA
1,40,4040,Caraglio,Caraglio,Nord-ovest,Piemonte,Cuneo,Cuneo,CN,NORD
1,41,4041,Caramagna Piemonte,Caramagna Piemonte,Nord-ovest,Piemonte,Cuneo,Cuneo,CN,NORD
13,7,68007,Caramanico Terme,Caramanico Terme,Sud,Abruzzo,Pescara,Pescara,PE,CSUD
16,10,71010,Carapelle,Carapelle,Sud,Puglia,Foggia,Foggia,FG,SUD
13,24,66024,Carapelle Calvisio,Carapelle Calvisio,Sud,Abruzzo,L'Aquila,L'Aquila,AQ,CSUD
7,10,10010,Carasco,Carasco,Nord-ovest,Liguria,Genova,Genoa,GE,NORD
11,10,44010,Carassai,Carassai,Centro,Marche,Ascoli Piceno,Ascoli Piceno,AP,CNOR
3,15,108015,Carate Brianza,Carate Brianza,Nord-ovest,Lombardia,Monza e della Brianza,Monza e della Brianza,MB,NORD
3,44,13044,Carate Urio,Carate Urio,Nord-ovest,Lombardia,Como,Como,CO,NORD
3,53,16053,Caravaggio,Caravaggio,Nord-ovest,Lombardia,Bergamo,Bergamo,BG,NORD
3,31,12031,Caravate,Caravate,Nord-ovest,Lombardia,Varese,Varese,VA,NORD
1,56,1056,Caravino,Caravino,Nord-ovest,Piemonte,Torino,Turin,TO,NORD
7,12,8012,Caravonica,Caravonica,Nord-ovest,Liguria,Imperia,Imperia,IM,NORD
12,16,56016,Carbognano,Carbognano,Centro,Lazio,Viterbo,Viterbo,VT,CSUD
3,30,18030,Carbonara al Ticino,Carbonara al Ticino,Nord-ovest,Lombardia,Pavia,Pavia,PV,NORD
15,15,63015,Carbonara di Nola,Carbonara di Nola,Sud,Campania,Napoli,Naples,NA,CSUD
1,30,6030,Carbonara Scrivia,Carbonara Scrivia,Nord-ovest,Piemonte,Alessandria,Alessandria,AL,NORD
3,45,13045,Carbonate,Carbonate,Nord-ovest,Lombardia,Como,Como,CO,NORD
17,19,76019,Carbone,Carbone,Sud,Basilicata,Potenza,Potenza,PZ,SUD
5,8,26008,Carbonera,Carbonera,Nord-est,Veneto,Treviso,Treviso,TV,NORD
20,9,111009,Carbonia,Carbonia,Isole,Sardegna,Sud Sardegna,#N/A,SU,SARD
7,18,9018,Carcare,Carcare,Nord-ovest,Liguria,Savona,Savona,SV,NORD
5,22,28022,Carceri,Carceri,Nord-est,Veneto,Padova,Padova,PD,NORD
1,29,2029,Carcoforo,Carcoforo,Nord-ovest,Piemonte,Vercelli,Vercelli,VC,NORD
1,42,4042,Card?,Card?,Nord-ovest,Piemonte,Cuneo,Cuneo,CN,NORD
3,32,12032,Cardano al Campo,Cardano al Campo,Nord-ovest,Lombardia,Varese,Varese,VA,NORD
20,103,91103,Cardedu,Cardedu,Isole,Sardegna,Nuoro,Nuoro,NU,SARD
18,22,80022,Cardeto,Cardeto,Sud,Calabria,Reggio Calabria,Reggio Calabria,RC,CALA
18,18,79018,Cardinale,Cardinale,Sud,Calabria,Catanzaro,Catanzaro,CZ,CALA
15,16,63016,Cardito,Cardito,Sud,Campania,Napoli,Naples,NA,CSUD
9,8,46008,Careggine,Careggine,Centro,Toscana,Lucca,Lucca,LU,CNOR
1,57,1057,Carema,Carema,Nord-ovest,Piemonte,Torino,Turin,TO,NORD
3,14,97014,Carenno,Carenno,Nord-ovest,Lombardia,Lecco,Lecco,LC,NORD
1,31,6031,Carentino,Carentino,Nord-ovest,Piemonte,Alessandria,Alessandria,AL,NORD
18,23,80023,Careri,Careri,Sud,Calabria,Reggio Calabria,Reggio Calabria,RC,CALA
1,30,2030,Caresana,Caresana,Nord-ovest,Piemonte,Vercelli,Vercelli,VC,NORD
1,31,2031,Caresanablot,Caresanablot,Nord-ovest,Piemonte,Vercelli,Vercelli,VC,NORD
1,32,6032,Carezzano,Carezzano,Nord-ovest,Piemonte,Alessandria,Alessandria,AL,NORD
18,3,101003,Carfizzi,Carfizzi,Sud,Calabria,Crotone,Crotone,KR,CALA
20,22,90022,Cargeghe,Cargeghe,Isole,Sardegna,Sassari,Sassari,SS,SARD
18,25,78025,Cariati,Cariati,Sud,Calabria,Cosenza,Cosenza,CS,CALA
15,19,64019,Carife,Carife,Sud,Campania,Avellino,Avellino,AV,CSUD
1,58,1058,Carignano,Carignano,Nord-ovest,Piemonte,Torino,Turin,TO,NORD
3,46,13046,Carimate,Carimate,Nord-ovest,Lombardia,Como,Como,CO,NORD
15,16,61016,Carinaro,Carinaro,Sud,Campania,Caserta,Caserta,CE,CSUD
19,21,82021,Carini,Carini,Isole,Sicilia,Palermo,Palermo,PA,SICI
15,17,61017,Carinola,Carinola,Sud,Campania,Caserta,Caserta,CE,CSUD
1,32,2032,Carisio,Carisio,Nord-ovest,Piemonte,Vercelli,Vercelli,VC,NORD
4,42,22042,Carisolo,Carisolo,Nord-est,Trentino-Alto Adige,Trento,Trento,TN,NORD
16,11,71011,Carlantino,Carlantino,Sud,Puglia,Foggia,Foggia,FG,SUD
3,47,13047,Carlazzo,Carlazzo,Nord-ovest,Lombardia,Como,Como,CO,NORD
19,6,89006,Carlentini,Carlentini,Isole,Sicilia,Siracusa,Siracusa,SR,SICI
6,18,30018,Carlino,Carlino,Nord-est,Friuli Venezia Giulia,Udine,Udine,UD,NORD
20,10,111010,Carloforte,Carloforte,Isole,Sardegna,Sud Sardegna,#N/A,SU,SARD
18,20,79020,Carlopoli,Carlopoli,Sud,Calabria,Catanzaro,Catanzaro,CZ,CALA
1,59,1059,Carmagnola,Carmagnola,Nord-ovest,Piemonte,Torino,Turin,TO,NORD
16,14,75014,Carmiano,Carmiano,Sud,Puglia,Lecce,Lecce,LE,SUD
9,2,100002,Carmignano,Carmignano,Centro,Toscana,Prato,Prato,PO,CNOR
5,23,28023,Carmignano di Brenta,Carmignano di Brenta,Nord-est,Veneto,Padova,Padova,PD,NORD
3,33,12033,Carnago,Carnago,Nord-ovest,Lombardia,Varese,Varese,VA,NORD
3,16,108016,Carnate,Carnate,Nord-ovest,Lombardia,Monza e della Brianza,Monza e della Brianza,MB,NORD
3,55,16055,Carobbio degli Angeli,Carobbio degli Angeli,Nord-ovest,Lombardia,Bergamo,Bergamo,BG,NORD
18,26,78026,Carolei,Carolei,Sud,Calabria,Cosenza,Cosenza,CS,CALA
3,56,16056,Carona,Carona,Nord-ovest,Lombardia,Bergamo,Bergamo,BG,NORD
19,11,83011,Caronia,Caronia,Isole,Sicilia,Messina,Messina,ME,SICI
3,34,12034,Caronno Pertusella,Caronno Pertusella,Nord-ovest,Lombardia,Varese,Varese,VA,NORD
3,35,12035,Caronno Varesino,Caronno Varesino,Nord-ovest,Lombardia,Varese,Varese,VA,NORD
16,2,73002,Carosino,Carosino,Sud,Puglia,Taranto,Taranto,TA,SUD
16,2,74002,Carovigno,Carovigno,Sud,Puglia,Brindisi,Brindisi,BR,SUD
14,7,94007,Carovilli,Carovilli,Sud,Molise,Isernia,Isernia,IS,SUD
8,11,33011,Carpaneto Piacentino,Carpaneto Piacentino,Nord-est,Emilia Romagna,Piacenza,Piacenza,PC,NORD
18,27,78027,Carpanzano,Carpanzano,Sud,Calabria,Cosenza,Cosenza,CS,CALA
11,9,41009,Carpegna,Carpegna,Centro,Marche,Pesaro e Urbino,Pesaro e Urbino,PU,CNOR
3,39,17039,Carpenedolo,Carpenedolo,Nord-ovest,Lombardia,Brescia,Brescia,BS,NORD
1,33,6033,Carpeneto,Carpeneto,Nord-ovest,Piemonte,Alessandria,Alessandria,AL,NORD
8,5,36005,Carpi,Carpi,Nord-est,Emilia Romagna,Modena,Modena,MO,NORD
3,50,15050,Carpiano,Carpiano,Nord-ovest,Lombardia,Milano,Milan,MI,NORD
16,15,75015,Carpignano Salentino,Carpignano Salentino,Sud,Puglia,Lecce,Lecce,LE,SUD
1,36,3036,Carpignano Sesia,Carpignano Sesia,Nord-ovest,Piemonte,Novara,Novara,NO,NORD
8,11,35011,Carpineti,Carpineti,Nord-est,Emilia Romagna,Reggio nell'Emilia,Reggio Emilia,RE,NORD
13,8,68008,Carpineto della Nora,Carpineto della Nora,Sud,Abruzzo,Pescara,Pescara,PE,CSUD
12,20,58020,Carpineto Romano,Carpineto Romano,Centro,Lazio,Roma,Rome,RM,CSUD
13,11,69011,Carpineto Sinello,Carpineto Sinello,Sud,Abruzzo,Chieti,Chieti,CH,CSUD
16,12,71012,Carpino,Carpino,Sud,Puglia,Foggia,Foggia,FG,SUD
14,8,94008,Carpinone,Carpinone,Sud,Molise,Isernia,Isernia,IS,SUD
1,43,4043,Carr?,Carr?,Nord-ovest,Piemonte,Cuneo,Cuneo,CN,NORD
5,24,24024,Carr?,Carr?,Nord-est,Veneto,Vicenza,Vicenza,VI,NORD
9,3,45003,Carrara,Carrara,Centro,Toscana,Massa-Carrara,Massa-Carrara,MS,CNOR
1,34,6034,Carrega Ligure,Carrega Ligure,Nord-ovest,Piemonte,Alessandria,Alessandria,AL,NORD
7,9,11009,Carro,Carro,Nord-ovest,Liguria,La Spezia,La Spezia,SP,NORD
7,10,11010,Carrodano,Carrodano,Nord-ovest,Liguria,La Spezia,La Spezia,SP,NORD
1,35,6035,Carrosio,Carrosio,Nord-ovest,Piemonte,Alessandria,Alessandria,AL,NORD
13,25,66025,Carsoli,Carsoli,Sud,Abruzzo,L'Aquila,L'Aquila,AQ,CSUD
5,25,24025,Cartigliano,Cartigliano,Nord-est,Veneto,Vicenza,Vicenza,VI,NORD
1,44,4044,Cartignano,Cartignano,Nord-ovest,Piemonte,Cuneo,Cuneo,CN,NORD
11,10,41010,Cartoceto,Cartoceto,Centro,Marche,Pesaro e Urbino,Pesaro e Urbino,PU,CNOR
1,36,6036,Cartosio,Cartosio,Nord-ovest,Piemonte,Alessandria,Alessandria,AL,NORD
5,26,28026,Cartura,Cartura,Nord-est,Veneto,Padova,Padova,PD,NORD
3,51,15051,Carugate,Carugate,Nord-ovest,Lombardia,Milano,Milan,MI,NORD
3,48,13048,Carugo,Carugo,Nord-ovest,Lombardia,Como,Como,CO,NORD
13,12,69012,Carunchio,Carunchio,Sud,Abruzzo,Chieti,Chieti,CH,CSUD
3,57,16057,Carvico,Carvico,Nord-ovest,Lombardia,Bergamo,Bergamo,BG,NORD
4,43,22043,Carzano,Carzano,Nord-est,Trentino-Alto Adige,Trento,Trento,TN,NORD
18,4,101004,Casabona,Casabona,Sud,Calabria,Crotone,Crotone,KR,CALA
14,11,70011,Casacalenda,Casacalenda,Sud,Molise,Campobasso,Campobasso,CB,SUD
13,13,69013,Casacanditella,Casacanditella,Sud,Abruzzo,Chieti,Chieti,CH,CSUD
15,18,61018,Casagiove,Casagiove,Sud,Campania,Caserta,Caserta,CE,CSUD
1,37,6037,Casal Cermelli,Casal Cermelli,Nord-ovest,Piemonte,Alessandria,Alessandria,AL,NORD
15,19,61019,Casal di Principe,Casal di Principe,Sud,Campania,Caserta,Caserta,CE,CSUD
15,28,65028,Casal Velino,Casal Velino,Sud,Campania,Salerno,Salerno,SA,CSUD
13,14,69014,Casalanguida,Casalanguida,Sud,Abruzzo,Chieti,Chieti,CH,CSUD
12,17,60017,Casalattico,Casalattico,Centro,Lazio,Frosinone,Frosinone,FR,CSUD
1,37,3037,Casalbeltrame,Casalbeltrame,Nord-ovest,Piemonte,Novara,Novara,NO,NORD
13,15,69015,Casalbordino,Casalbordino,Sud,Abruzzo,Chieti,Chieti,CH,CSUD
15,20,64020,Casalbore,Casalbore,Sud,Campania,Avellino,Avellino,AV,CSUD
1,60,1060,Casalborgone,Casalborgone,Nord-ovest,Piemonte,Torino,Turin,TO,NORD
15,26,65026,Casalbuono,Casalbuono,Sud,Campania,Salerno,Salerno,SA,CSUD
3,16,19016,Casalbuttano ed Uniti,Casalbuttano ed Uniti,Nord-ovest,Lombardia,Cremona,Cremona,CR,NORD
14,12,70012,Casalciprano,Casalciprano,Sud,Molise,Campobasso,Campobasso,CB,SUD
15,15,62015,Casalduni,Casalduni,Sud,Campania,Benevento,Benevento,BN,CSUD
1,19,103019,Casale Corte Cerro,Casale Corte Cerro,Nord-ovest,Piemonte,Verbano-Cusio-Ossola,Verbano-Cusio-Ossola,VB,NORD
3,17,19017,Casale Cremasco-Vidolasco,Casale Cremasco-Vidolasco,Nord-ovest,Lombardia,Cremona,Cremona,CR,NORD
5,27,28027,Casale di Scodosia,Casale di Scodosia,Nord-est,Veneto,Padova,Padova,PD,NORD
3,36,12036,Casale Litta,Casale Litta,Nord-ovest,Lombardia,Varese,Varese,VA,NORD
9,6,50006,Casale Marittimo,Casale Marittimo,Centro,Toscana,Pisa,Pisa,PI,CNOR
1,39,6039,Casale Monferrato,Casale Monferrato,Nord-ovest,Piemonte,Alessandria,Alessandria,AL,NORD
5,9,26009,Casale sul Sile,Casale sul Sile,Nord-est,Veneto,Treviso,Treviso,TV,NORD
8,11,37011,Casalecchio di Reno,Casalecchio di Reno,Nord-est,Emilia Romagna,Bologna,Bologna,BO,NORD
1,38,6038,Casaleggio Boiro,Casaleggio Boiro,Nord-ovest,Piemonte,Alessandria,Alessandria,AL,NORD
1,39,3039,Casaleggio Novara,Casaleggio Novara,Nord-ovest,Piemonte,Novara,Novara,NO,NORD
5,19,23019,Casaleone,Casaleone,Nord-est,Veneto,Verona,Verona,VR,NORD
3,18,19018,Casaletto Ceredano,Casaletto Ceredano,Nord-ovest,Lombardia,Cremona,Cremona,CR,NORD
3,19,19019,Casaletto di Sopra,Casaletto di Sopra,Nord-ovest,Lombardia,Cremona,Cremona,CR,NORD
3,8,98008,Casaletto Lodigiano,Casaletto Lodigiano,Nord-ovest,Lombardia,Lodi,Lodi,LO,NORD
15,27,65027,Casaletto Spartano,Casaletto Spartano,Sud,Campania,Salerno,Salerno,SA,CSUD
3,20,19020,Casaletto Vaprio,Casaletto Vaprio,Nord-ovest,Lombardia,Cremona,Cremona,CR,NORD
8,12,37012,Casalfiumanese,Casalfiumanese,Nord-est,Emilia Romagna,Bologna,Bologna,BO,NORD
8,12,35012,Casalgrande,Casalgrande,Nord-est,Emilia Romagna,Reggio nell'Emilia,Reggio Emilia,RE,NORD
1,45,4045,Casalgrasso,Casalgrasso,Nord-ovest,Piemonte,Cuneo,Cuneo,CN,NORD
18,156,78156,Casali del Manco,Casali del Manco,Sud,Calabria,Cosenza,Cosenza,CS,CALA
13,16,69016,Casalincontrada,Casalincontrada,Sud,Abruzzo,Chieti,Chieti,CH,CSUD
1,40,3040,Casalino,Casalino,Nord-ovest,Piemonte,Novara,Novara,NO,NORD
3,21,19021,Casalmaggiore,Casalmaggiore,Nord-ovest,Lombardia,Cremona,Cremona,CR,NORD
3,9,98009,Casalmaiocco,Casalmaiocco,Nord-ovest,Lombardia,Lodi,Lodi,LO,NORD
3,22,19022,Casalmorano,Casalmorano,Nord-ovest,Lombardia,Cremona,Cremona,CR,NORD
3,10,20010,Casalmoro,Casalmoro,Nord-ovest,Lombardia,Mantova,Mantova,MN,NORD
1,40,6040,Casalnoceto,Casalnoceto,Nord-ovest,Piemonte,Alessandria,Alessandria,AL,NORD
15,17,63017,Casalnuovo di Napoli,Casalnuovo di Napoli,Sud,Campania,Napoli,Naples,NA,CSUD
16,13,71013,Casalnuovo Monterotaro,Casalnuovo Monterotaro,Sud,Puglia,Foggia,Foggia,FG,SUD
3,11,20011,Casaloldo,Casaloldo,Nord-ovest,Lombardia,Mantova,Mantova,MN,NORD
3,10,98010,Casalpusterlengo,Casalpusterlengo,Nord-ovest,Lombardia,Lodi,Lodi,LO,NORD
3,12,20012,Casalromano,Casalromano,Nord-ovest,Lombardia,Mantova,Mantova,MN,NORD
5,28,28028,Casalserugo,Casalserugo,Nord-est,Veneto,Padova,Padova,PD,NORD
15,20,61020,Casaluce,Casaluce,Sud,Campania,Caserta,Caserta,CE,CSUD
16,14,71014,Casalvecchio di Puglia,Casalvecchio di Puglia,Sud,Puglia,Foggia,Foggia,FG,SUD
19,12,83012,Casalvecchio Siculo,Casalvecchio Siculo,Isole,Sicilia,Messina,Messina,ME,SICI
12,18,60018,Casalvieri,Casalvieri,Centro,Lazio,Frosinone,Frosinone,FR,CSUD
1,41,3041,Casalvolone,Casalvolone,Nord-ovest,Piemonte,Novara,Novara,NO,NORD
3,37,12037,Casalzuigno,Casalzuigno,Nord-ovest,Lombardia,Varese,Varese,VA,NORD
15,18,63018,Casamarciano,Casamarciano,Sud,Campania,Napoli,Naples,NA,CSUD
16,15,72015,Casamassima,Casamassima,Sud,Puglia,Bari,Bari,BA,SUD
15,19,63019,Casamicciola Terme,Casamicciola Terme,Sud,Campania,Napoli,Naples,NA,CSUD
15,20,63020,Casandrino,Casandrino,Sud,Campania,Napoli,Naples,NA,CSUD
1,33,2033,Casanova Elvo,Casanova Elvo,Nord-ovest,Piemonte,Vercelli,Vercelli,VC,NORD
7,19,9019,Casanova Lerrone,Casanova Lerrone,Nord-ovest,Liguria,Savona,Savona,SV,NORD
3,31,18031,Casanova Lonati,Casanova Lonati,Nord-ovest,Lombardia,Pavia,Pavia,PV,NORD
12,21,58021,Casape,Casape,Centro,Lazio,Roma,Rome,RM,CSUD
15,103,61103,Casapesenna,Casapesenna,Sud,Campania,Caserta,Caserta,CE,CSUD
1,14,96014,Casapinta,Casapinta,Nord-ovest,Piemonte,Biella,Biella,BI,NORD
12,11,57011,Casaprota,Casaprota,Centro,Lazio,Rieti,Rieti,RI,CSUD
15,21,61021,Casapulla,Casapulla,Sud,Campania,Caserta,Caserta,CE,CSUD
16,16,75016,Casarano,Casarano,Sud,Puglia,Lecce,Lecce,LE,SUD
3,15,97015,Casargo,Casargo,Nord-ovest,Lombardia,Lecco,Lecco,LC,NORD
3,55,15055,Casarile,Casarile,Nord-ovest,Lombardia,Milano,Milan,MI,NORD
6,10,93010,Casarsa della Delizia,Casarsa della Delizia,Nord-est,Friuli Venezia Giulia,Pordenone,Pordenone,PN,NORD
7,11,10011,Casarza Ligure,Casarza Ligure,Nord-ovest,Liguria,Genova,Genoa,GE,NORD
1,41,6041,Casasco,Casasco,Nord-ovest,Piemonte,Alessandria,Alessandria,AL,NORD
3,16,97016,Casatenovo,Casatenovo,Nord-ovest,Lombardia,Lecco,Lecco,LC,NORD
3,32,18032,Casatisma,Casatisma,Nord-ovest,Lombardia,Pavia,Pavia,PV,NORD
15,21,63021,Casavatore,Casavatore,Sud,Campania,Napoli,Naples,NA,CSUD
3,58,16058,Casazza,Casazza,Nord-ovest,Lombardia,Bergamo,Bergamo,BG,NORD
10,7,54007,Cascia,Cascia,Centro,Umbria,Perugia,Perugia,PG,CSUD
3,38,12038,Casciago,Casciago,Nord-ovest,Lombardia,Varese,Varese,VA,NORD
9,40,50040,Casciana Terme Lari,Casciana Terme Lari,Centro,Toscana,Pisa,Pisa,PI,CNOR
9,8,50008,Cascina,Cascina,Centro,Toscana,Pisa,Pisa,PI,CNOR
1,61,1061,Cascinette d'Ivrea,Cascinette d'Ivrea,Nord-ovest,Piemonte,Torino,Turin,TO,NORD
3,33,18033,Casei Gerola,Casei Gerola,Nord-ovest,Lombardia,Pavia,Pavia,PV,NORD
1,62,1062,Caselette,Caselette,Nord-ovest,Piemonte,Torino,Turin,TO,NORD
7,12,10012,Casella,Casella,Nord-ovest,Liguria,Genova,Genoa,GE,NORD
15,29,65029,Caselle in Pittari,Caselle in Pittari,Sud,Campania,Salerno,Salerno,SA,CSUD
3,11,98011,Caselle Landi,Caselle Landi,Nord-ovest,Lombardia,Lodi,Lodi,LO,NORD
3,12,98012,Caselle Lurani,Caselle Lurani,Nord-ovest,Lombardia,Lodi,Lodi,LO,NORD
1,63,1063,Caselle Torinese,Caselle Torinese,Nord-ovest,Piemonte,Torino,Turin,TO,NORD
15,22,61022,Caserta,Caserta,Sud,Campania,Caserta,Caserta,CE,CSUD
5,10,26010,Casier,Casier,Nord-est,Veneto,Treviso,Treviso,TV,NORD
18,24,80024,Casignana,Casignana,Sud,Calabria,Reggio Calabria,Reggio Calabria,RC,CALA
8,13,35013,Casina,Casina,Nord-est,Emilia Romagna,Reggio nell'Emilia,Reggio Emilia,RE,NORD
3,59,16059,Casirate d'Adda,Casirate d'Adda,Nord-ovest,Lombardia,Bergamo,Bergamo,BG,NORD
3,52,13052,Caslino d'Erba,Caslino d'Erba,Nord-ovest,Lombardia,Como,Como,CO,NORD
3,53,13053,Casnate con Bernate,Casnate con Bernate,Nord-ovest,Lombardia,Como,Como,CO,NORD
3,60,16060,Casnigo,Casnigo,Nord-ovest,Lombardia,Bergamo,Bergamo,BG,NORD
15,22,63022,Casola di Napoli,Casola di Napoli,Sud,Campania,Napoli,Naples,NA,CSUD
9,4,45004,Casola in Lunigiana,Casola in Lunigiana,Centro,Toscana,Massa-Carrara,Massa-Carrara,MS,CNOR
8,5,39005,Casola Valsenio,Casola Valsenio,Nord-est,Emilia Romagna,Ravenna,Ravenna,RA,NORD
9,4,52004,Casole d'Elsa,Casole d'Elsa,Centro,Toscana,Siena,Siena,SI,CNOR
13,17,69017,Casoli,Casoli,Sud,Abruzzo,Chieti,Chieti,CH,CSUD
3,34,18034,Casorate Primo,Casorate Primo,Nord-ovest,Lombardia,Pavia,Pavia,PV,NORD
3,39,12039,Casorate Sempione,Casorate Sempione,Nord-ovest,Lombardia,Varese,Varese,VA,NORD
3,58,15058,Casorezzo,Casorezzo,Nord-ovest,Lombardia,Milano,Milan,MI,NORD
15,23,63023,Casoria,Casoria,Sud,Campania,Napoli,Naples,NA,CSUD
1,20,5020,Casorzo Monferrato,Casorzo Monferrato,Nord-ovest,Piemonte,Asti,Asti,AT,NORD
12,12,57012,Casperia,Casperia,Centro,Lazio,Rieti,Rieti,RI,CSUD
3,13,14013,Caspoggio,Caspoggio,Nord-ovest,Lombardia,Sondrio,Sondrio,SO,NORD
6,19,30019,Cassacco,Cassacco,Nord-est,Friuli Venezia Giulia,Udine,Udine,UD,NORD
3,17,97017,Cassago Brianza,Cassago Brianza,Nord-ovest,Lombardia,Lecco,Lecco,LC,NORD
18,29,78029,Cassano all'Ionio,Cassano all'Ionio,Sud,Calabria,Cosenza,Cosenza,CS,CALA
3,59,15059,Cassano d'Adda,Cassano d'Adda,Nord-ovest,Lombardia,Milano,Milan,MI,NORD
16,16,72016,Cassano delle Murge,Cassano delle Murge,Sud,Puglia,Bari,Bari,BA,SUD
15,21,64021,Cassano Irpino,Cassano Irpino,Sud,Campania,Avellino,Avellino,AV,CSUD
3,40,12040,Cassano Magnago,Cassano Magnago,Nord-ovest,Lombardia,Varese,Varese,VA,NORD
1,191,6191,Cassano Spinola,Cassano Spinola,Nord-ovest,Piemonte,Alessandria,Alessandria,AL,NORD
3,41,12041,Cassano Valcuvia,Cassano Valcuvia,Nord-ovest,Lombardia,Varese,Varese,VA,NORD
19,7,89007,Cassaro,Cassaro,Isole,Sicilia,Siracusa,Siracusa,SR,SICI
3,61,16061,Cassiglio,Cassiglio,Nord-ovest,Lombardia,Bergamo,Bergamo,BG,NORD
3,60,15060,Cassina de' Pecchi,Cassina de' Pecchi,Nord-ovest,Lombardia,Milano,Milan,MI,NORD
3,55,13055,Cassina Rizzardi,Cassina Rizzardi,Nord-ovest,Lombardia,Como,Como,CO,NORD
3,18,97018,Cassina Valsassina,Cassina Valsassina,Nord-ovest,Lombardia,Lecco,Lecco,LC,NORD
1,21,5021,Cassinasco,Cassinasco,Nord-ovest,Piemonte,Asti,Asti,AT,NORD
1,43,6043,Cassine,Cassine,Nord-ovest,Piemonte,Alessandria,Alessandria,AL,NORD
1,44,6044,Cassinelle,Cassinelle,Nord-ovest,Piemonte,Alessandria,Alessandria,AL,NORD
3,61,15061,Cassinetta di Lugagnano,Cassinetta di Lugagnano,Nord-ovest,Lombardia,Milano,Milan,MI,NORD
12,19,60019,Cassino,Cassino,Centro,Lazio,Frosinone,Frosinone,FR,CSUD
5,26,24026,Cassola,Cassola,Nord-est,Veneto,Vicenza,Vicenza,VI,NORD
3,35,18035,Cassolnovo,Cassolnovo,Nord-ovest,Lombardia,Pavia,Pavia,PV,NORD
5,20,23020,Castagnaro,Castagnaro,Nord-est,Veneto,Verona,Verona,VR,NORD
9,6,49006,Castagneto Carducci,Castagneto Carducci,Centro,Toscana,Livorno,Livorno,LI,CNOR
1,64,1064,Castagneto Po,Castagneto Po,Nord-ovest,Piemonte,Torino,Turin,TO,NORD
1,46,4046,Castagnito,Castagnito,Nord-ovest,Piemonte,Cuneo,Cuneo,CN,NORD
1,22,5022,Castagnole delle Lanze,Castagnole delle Lanze,Nord-ovest,Piemonte,Asti,Asti,AT,NORD
1,23,5023,Castagnole Monferrato,Castagnole Monferrato,Nord-ovest,Piemonte,Asti,Asti,AT,NORD
1,65,1065,Castagnole Piemonte,Castagnole Piemonte,Nord-ovest,Piemonte,Torino,Turin,TO,NORD
3,36,18036,Castana,Castana,Nord-ovest,Lombardia,Pavia,Pavia,PV,NORD
3,62,15062,Castano Primo,Castano Primo,Nord-ovest,Lombardia,Milano,Milan,MI,NORD
3,37,18037,Casteggio,Casteggio,Nord-ovest,Lombardia,Pavia,Pavia,PV,NORD
3,40,17040,Castegnato,Castegnato,Nord-ovest,Lombardia,Brescia,Brescia,BS,NORD
5,27,24027,Castegnero,Castegnero,Nord-est,Veneto,Vicenza,Vicenza,VI,NORD
15,22,64022,Castel Baronia,Castel Baronia,Sud,Campania,Avellino,Avellino,AV,CSUD
1,24,5024,Castel Boglione,Castel Boglione,Nord-ovest,Piemonte,Asti,Asti,AT,NORD
8,6,39006,Castel Bolognese,Castel Bolognese,Nord-est,Emilia Romagna,Ravenna,Ravenna,RA,NORD
15,23,61023,Castel Campagnano,Castel Campagnano,Sud,Campania,Caserta,Caserta,CE,CSUD
13,10,67010,Castel Castagna,Castel Castagna,Sud,Abruzzo,Teramo,Teramo,TE,CSUD
4,45,22045,Castel Condino,Castel Condino,Nord-est,Trentino-Alto Adige,Trento,Trento,TN,NORD
8,13,37013,Castel d'Aiano,Castel d'Aiano,Nord-est,Emilia Romagna,Bologna,Bologna,BO,NORD
3,14,20014,Castel d'Ario,Castel d'Ario,Nord-ovest,Lombardia,Mantova,Mantova,MN,NORD
5,21,23021,Castel d'Azzano,Castel d'Azzano,Nord-est,Veneto,Verona,Verona,VR,NORD
14,9,94009,Castel del Giudice,Castel del Giudice,Sud,Molise,Isernia,Isernia,IS,SUD
13,26,66026,Castel del Monte,Castel del Monte,Sud,Abruzzo,L'Aquila,L'Aquila,AQ,CSUD
9,4,53004,Castel del Piano,Castel del Piano,Centro,Toscana,Grosseto,Grosseto,GR,CNOR
8,14,37014,Castel del Rio,Castel del Rio,Nord-est,Emilia Romagna,Bologna,Bologna,BO,NORD
8,15,37015,Castel di Casio,Castel di Casio,Nord-est,Emilia Romagna,Bologna,Bologna,BO,NORD
13,27,66027,Castel di Ieri,Castel di Ieri,Sud,Abruzzo,L'Aquila,L'Aquila,AQ,CSUD
19,13,87013,Castel di Iudica,Castel di Iudica,Isole,Sicilia,Catania,Catania,CT,SICI
11,11,44011,Castel di Lama,Castel di Lama,Centro,Marche,Ascoli Piceno,Ascoli Piceno,AP,CNOR
19,13,83013,Castel di Lucio,Castel di Lucio,Isole,Sicilia,Messina,Messina,ME,SICI
13,28,66028,Castel di Sangro,Castel di Sangro,Sud,Abruzzo,L'Aquila,L'Aquila,AQ,CSUD
15,24,61024,Castel di Sasso,Castel di Sasso,Sud,Campania,Caserta,Caserta,CE,CSUD
12,13,57013,Castel di Tora,Castel di Tora,Centro,Lazio,Rieti,Rieti,RI,CSUD
9,8,51008,Castel Focognano,Castel Focognano,Centro,Toscana,Arezzo,Arezzo,AR,CNOR
13,18,69018,Castel Frentano,Castel Frentano,Sud,Abruzzo,Chieti,Chieti,CH,CSUD
3,24,19024,Castel Gabbiano,Castel Gabbiano,Nord-ovest,Lombardia,Cremona,Cremona,CR,NORD
12,22,58022,Castel Gandolfo,Castel Gandolfo,Centro,Lazio,Roma,Rome,RM,CSUD
10,9,55009,Castel Giorgio,Castel Giorgio,Centro,Umbria,Terni,Terni,TR,CSUD
3,15,20015,Castel Goffredo,Castel Goffredo,Nord-ovest,Lombardia,Mantova,Mantova,MN,NORD
8,16,37016,Castel Guelfo di Bologna,Castel Guelfo di Bologna,Nord-est,Emilia Romagna,Bologna,Bologna,BO,NORD
4,240,22240,Castel Ivano,Castel Ivano,Nord-est,Trentino-Alto Adige,Trento,Trento,TN,NORD
12,23,58023,Castel Madama,Castel Madama,Centro,Lazio,Roma,Rome,RM,CSUD
8,19,37019,Castel Maggiore,Castel Maggiore,Nord-est,Emilia Romagna,Bologna,Bologna,BO,NORD
3,42,17042,Castel Mella,Castel Mella,Nord-ovest,Lombardia,Brescia,Brescia,BS,NORD
15,26,61026,Castel Morrone,Castel Morrone,Sud,Campania,Caserta,Caserta,CE,CSUD
10,8,54008,Castel Ritaldi,Castel Ritaldi,Centro,Umbria,Perugia,Perugia,PG,CSUD
1,32,5032,Castel Rocchero,Castel Rocchero,Nord-ovest,Piemonte,Asti,Asti,AT,NORD
3,63,16063,Castel Rozzone,Castel Rozzone,Nord-ovest,Lombardia,Bergamo,Bergamo,BG,NORD
15,34,65034,Castel San Giorgio,Castel San Giorgio,Sud,Campania,Salerno,Salerno,SA,CSUD
8,13,33013,Castel San Giovanni,Castel San Giovanni,Nord-est,Emilia Romagna,Piacenza,Piacenza,PC,NORD
15,35,65035,Castel San Lorenzo,Castel San Lorenzo,Sud,Campania,Salerno,Salerno,SA,CSUD
9,10,51010,Castel San Niccol?,Castel San Niccol?,Centro,Toscana,Arezzo,Arezzo,AR,CNOR
12,25,58025,Castel San Pietro Romano,Castel San Pietro Romano,Centro,Lazio,Roma,Rome,RM,CSUD
8,20,37020,Castel San Pietro Terme,Castel San Pietro Terme,Nord-est,Emilia Romagna,Bologna,Bologna,BO,NORD
14,12,94012,Castel San Vincenzo,Castel San Vincenzo,Sud,Molise,Isernia,Isernia,IS,SUD
12,15,57015,Castel Sant'Angelo,Castel Sant'Angelo,Centro,Lazio,Rieti,Rieti,RI,CSUD
12,17,56017,Castel Sant'Elia,Castel Sant'Elia,Centro,Lazio,Viterbo,Viterbo,VT,CSUD
10,10,55010,Castel Viscardo,Castel Viscardo,Centro,Umbria,Terni,Terni,TR,CSUD
7,15,8015,Castel Vittorio,Castel Vittorio,Nord-ovest,Liguria,Imperia,Imperia,IM,NORD
15,27,61027,Castel Volturno,Castel Volturno,Sud,Campania,Caserta,Caserta,CE,CSUD
5,29,28029,Castelbaldo,Castelbaldo,Nord-est,Veneto,Padova,Padova,PD,NORD
3,13,20013,Castelbelforte,Castelbelforte,Nord-ovest,Lombardia,Mantova,Mantova,MN,NORD
11,8,42008,Castelbellino,Castelbellino,Centro,Marche,Ancona,Ancona,AN,CNOR
4,18,21018,Castelbello-Ciardes/Kastelbell-Tschars,Castelbello-Ciardes,Nord-est,Trentino-Alto Adige,Bolzano/Bozen,Bolzano,BZ,NORD
7,20,9020,Castelbianco,Castelbianco,Nord-ovest,Liguria,Savona,Savona,SV,NORD
14,13,70013,Castelbottaccio,Castelbottaccio,Sud,Molise,Campobasso,Campobasso,CB,SUD
19,22,82022,Castelbuono,Castelbuono,Isole,Sicilia,Palermo,Palermo,PA,SICI
15,30,65030,Castelcivita,Castelcivita,Sud,Campania,Salerno,Salerno,SA,CSUD
3,41,17041,Castelcovati,Castelcovati,Nord-ovest,Lombardia,Brescia,Brescia,BS,NORD
5,11,26011,Castelcucco,Castelcucco,Nord-est,Veneto,Treviso,Treviso,TV,NORD
19,23,82023,Casteldaccia,Casteldaccia,Isole,Sicilia,Palermo,Palermo,PA,SICI
8,21,99021,Casteldelci,Casteldelci,Nord-est,Emilia Romagna,Rimini,Rimini,RN,NORD
1,47,4047,Casteldelfino,Casteldelfino,Nord-ovest,Piemonte,Cuneo,Cuneo,CN,NORD
3,23,19023,Casteldidone,Casteldidone,Nord-ovest,Lombardia,Cremona,Cremona,CR,NORD
11,10,42010,Castelfidardo,Castelfidardo,Centro,Marche,Ancona,Ancona,AN,CNOR
9,10,48010,Castelfiorentino,Castelfiorentino,Centro,Toscana,Firenze,Florence,FI,CNOR
12,4,59004,Castelforte,Castelforte,Centro,Lazio,Latina,Latina,LT,CSUD
15,23,64023,Castelfranci,Castelfranci,Sud,Campania,Avellino,Avellino,AV,CSUD
9,9,50009,Castelfranco di Sotto,Castelfranco di Sotto,Centro,Toscana,Pisa,Pisa,PI,CNOR
8,6,36006,Castelfranco Emilia,Castelfranco Emilia,Nord-est,Emilia Romagna,Modena,Modena,MO,NORD
15,16,62016,Castelfranco in Miscano,Castelfranco in Miscano,Sud,Campania,Benevento,Benevento,BN,CSUD
9,40,51040,Castelfranco Piandisc?,Castelfranco Piandisc?,Centro,Toscana,Arezzo,Arezzo,AR,CNOR
5,12,26012,Castelfranco Veneto,Castelfranco Veneto,Nord-est,Veneto,Treviso,Treviso,TV,NORD
3,62,98062,Castelgerundo,Castelgerundo,Nord-ovest,Lombardia,Lodi,Lodi,LO,NORD
5,28,24028,Castelgomberto,Castelgomberto,Nord-est,Veneto,Vicenza,Vicenza,VI,NORD
17,21,76021,Castelgrande,Castelgrande,Sud,Basilicata,Potenza,Potenza,PZ,SUD
5,11,29011,Castelguglielmo,Castelguglielmo,Nord-est,Veneto,Rovigo,Rovigo,RO,NORD
13,19,69019,Castelguidone,Castelguidone,Sud,Abruzzo,Chieti,Chieti,CH,CSUD
15,31,65031,Castellabate,Castellabate,Sud,Campania,Salerno,Salerno,SA,CSUD
13,29,66029,Castellafiume,Castellafiume,Sud,Abruzzo,L'Aquila,L'Aquila,AQ,CSUD
1,25,5025,Castell'Alfero,Castell'Alfero,Nord-ovest,Piemonte,Asti,Asti,AT,NORD
13,11,67011,Castellalto,Castellalto,Sud,Abruzzo,Teramo,Teramo,TE,CSUD
19,5,81005,Castellammare del Golfo,Castellammare del Golfo,Isole,Sicilia,Trapani,Trapani,TP,SICI
15,24,63024,Castellammare di Stabia,Castellammare di Stabia,Sud,Campania,Napoli,Naples,NA,CSUD
1,66,1066,Castellamonte,Castellamonte,Nord-ovest,Piemonte,Torino,Turin,TO,NORD
16,17,72017,Castellana Grotte,Castellana Grotte,Sud,Puglia,Bari,Bari,BA,SUD
19,24,82024,Castellana Sicula,Castellana Sicula,Isole,Sicilia,Palermo,Palermo,PA,SICI
16,3,73003,Castellaneta,Castellaneta,Sud,Puglia,Taranto,Taranto,TA,SUD
1,45,6045,Castellania Coppi,Castellania Coppi,Nord-ovest,Piemonte,Alessandria,Alessandria,AL,NORD
3,42,12042,Castellanza,Castellanza,Nord-ovest,Lombardia,Varese,Varese,VA,NORD
1,46,6046,Castellar Guidobono,Castellar Guidobono,Nord-ovest,Piemonte,Alessandria,Alessandria,AL,NORD
8,14,35014,Castellarano,Castellarano,Nord-est,Emilia Romagna,Reggio nell'Emilia,Reggio Emilia,RE,NORD
7,14,8014,Castellaro,Castellaro,Nord-ovest,Liguria,Imperia,Imperia,IM,NORD
8,12,33012,Castell'Arquato,Castell'Arquato,Nord-est,Emilia Romagna,Piacenza,Piacenza,PC,NORD
9,5,53005,Castell'Azzara,Castell'Azzara,Centro,Toscana,Grosseto,Grosseto,GR,CNOR
1,47,6047,Castellazzo Bormida,Castellazzo Bormida,Nord-ovest,Piemonte,Alessandria,Alessandria,AL,NORD
1,42,3042,Castellazzo Novarese,Castellazzo Novarese,Nord-ovest,Piemonte,Novara,Novara,NO,NORD
3,25,19025,Castelleone,Castelleone,Nord-ovest,Lombardia,Cremona,Cremona,CR,NORD
11,11,42011,Castelleone di Suasa,Castelleone di Suasa,Centro,Marche,Ancona,Ancona,AN,CNOR
1,26,5026,Castellero,Castellero,Nord-ovest,Piemonte,Asti,Asti,AT,NORD
1,15,96015,Castelletto Cervo,Castelletto Cervo,Nord-ovest,Piemonte,Biella,Biella,BI,NORD
1,48,6048,Castelletto d'Erro,Castelletto d'Erro,Nord-ovest,Piemonte,Alessandria,Alessandria,AL,NORD
3,38,18038,Castelletto di Branduzzo,Castelletto di Branduzzo,Nord-ovest,Lombardia,Pavia,Pavia,PV,NORD
1,49,6049,Castelletto d'Orba,Castelletto d'Orba,Nord-ovest,Piemonte,Alessandria,Alessandria,AL,NORD
1,50,6050,Castelletto Merli,Castelletto Merli,Nord-ovest,Piemonte,Alessandria,Alessandria,AL,NORD
1,27,5027,Castelletto Molina,Castelletto Molina,Nord-ovest,Piemonte,Asti,Asti,AT,NORD
1,51,6051,Castelletto Monferrato,Castelletto Monferrato,Nord-ovest,Piemonte,Alessandria,Alessandria,AL,NORD
1,43,3043,Castelletto sopra Ticino,Castelletto sopra Ticino,Nord-ovest,Piemonte,Novara,Novara,NO,NORD
1,49,4049,Castelletto Stura,Castelletto Stura,Nord-ovest,Piemonte,Cuneo,Cuneo,CN,NORD
1,50,4050,Castelletto Uzzone,Castelletto Uzzone,Nord-ovest,Piemonte,Cuneo,Cuneo,CN,NORD
13,12,67012,Castelli,Castelli,Sud,Abruzzo,Teramo,Teramo,TE,CSUD
3,62,16062,Castelli Calepio,Castelli Calepio,Nord-ovest,Lombardia,Bergamo,Bergamo,BG,NORD
9,5,52005,Castellina in Chianti,Castellina in Chianti,Centro,Toscana,Siena,Siena,SI,CNOR
9,10,50010,Castellina Marittima,Castellina Marittima,Centro,Toscana,Pisa,Pisa,PI,CNOR
1,51,4051,Castellinaldo d'Alba,Castellinaldo d'Alba,Nord-ovest,Piemonte,Cuneo,Cuneo,CN,NORD
14,14,70014,Castellino del Biferno,Castellino del Biferno,Sud,Molise,Campobasso,Campobasso,CB,SUD
1,52,4052,Castellino Tanaro,Castellino Tanaro,Nord-ovest,Piemonte,Cuneo,Cuneo,CN,NORD
12,20,60020,Castelliri,Castelliri,Centro,Lazio,Frosinone,Frosinone,FR,CSUD
3,43,12043,Castello Cabiaglio,Castello Cabiaglio,Nord-ovest,Lombardia,Varese,Varese,VA,NORD
3,39,18039,Castello d'Agogna,Castello d'Agogna,Nord-ovest,Lombardia,Pavia,Pavia,PV,NORD
8,17,37017,Castello d'Argile,Castello d'Argile,Nord-est,Emilia Romagna,Bologna,Bologna,BO,NORD
15,25,61025,Castello del Matese,Castello del Matese,Sud,Campania,Caserta,Caserta,CE,CSUD
3,14,14014,Castello dell'Acqua,Castello dell'Acqua,Nord-ovest,Lombardia,Sondrio,Sondrio,SO,NORD
1,28,5028,Castello di Annone,Castello di Annone,Nord-ovest,Piemonte,Asti,Asti,AT,NORD
3,19,97019,Castello di Brianza,Castello di Brianza,Nord-ovest,Lombardia,Lecco,Lecco,LC,NORD
15,25,63025,Castello di Cisterna,Castello di Cisterna,Sud,Campania,Napoli,Naples,NA,CSUD
5,13,26013,Castello di Godego,Castello di Godego,Nord-est,Veneto,Treviso,Treviso,TV,NORD
4,48,22048,Castello Tesino,Castello Tesino,Nord-est,Trentino-Alto Adige,Trento,Trento,TN,NORD
4,47,22047,Castello-Molina di Fiemme,Castello-Molina di Fiemme,Nord-est,Trentino-Alto Adige,Trento,Trento,TN,NORD
3,16,20016,Castellucchio,Castellucchio,Nord-ovest,Lombardia,Mantova,Mantova,MN,NORD
16,15,71015,Castelluccio dei Sauri,Castelluccio dei Sauri,Sud,Puglia,Foggia,Foggia,FG,SUD
17,22,76022,Castelluccio Inferiore,Castelluccio Inferiore,Sud,Basilicata,Potenza,Potenza,PZ,SUD
17,23,76023,Castelluccio Superiore,Castelluccio Superiore,Sud,Basilicata,Potenza,Potenza,PZ,SUD
16,16,71016,Castelluccio Valmaggiore,Castelluccio Valmaggiore,Sud,Puglia,Foggia,Foggia,FG,SUD
19,14,83014,Castell'Umberto,Castell'Umberto,Isole,Sicilia,Messina,Messina,ME,SICI
1,53,4053,Castelmagno,Castelmagno,Nord-ovest,Piemonte,Cuneo,Cuneo,CN,NORD
3,58,13058,Castelmarte,Castelmarte,Nord-ovest,Lombardia,Como,Como,CO,NORD
5,12,29012,Castelmassa,Castelmassa,Nord-est,Veneto,Rovigo,Rovigo,RO,NORD
14,15,70015,Castelmauro,Castelmauro,Sud,Molise,Campobasso,Campobasso,CB,SUD
17,24,76024,Castelmezzano,Castelmezzano,Sud,Basilicata,Potenza,Potenza,PZ,SUD
19,15,83015,Castelmola,Castelmola,Isole,Sicilia,Messina,Messina,ME,SICI
3,40,18040,Castelnovetto,Castelnovetto,Nord-ovest,Lombardia,Pavia,Pavia,PV,NORD
5,13,29013,Castelnovo Bariano,Castelnovo Bariano,Nord-est,Veneto,Rovigo,Rovigo,RO,NORD
6,11,93011,Castelnovo del Friuli,Castelnovo del Friuli,Nord-est,Friuli Venezia Giulia,Pordenone,Pordenone,PN,NORD
8,15,35015,Castelnovo di Sotto,Castelnovo di Sotto,Nord-est,Emilia Romagna,Reggio nell'Emilia,Reggio Emilia,RE,NORD
8,16,35016,Castelnovo ne' Monti,Castelnovo ne' Monti,Nord-est,Emilia Romagna,Reggio nell'Emilia,Reggio Emilia,RE,NORD
4,49,22049,Castelnuovo,Castelnuovo,Nord-est,Trentino-Alto Adige,Trento,Trento,TN,NORD
1,29,5029,Castelnuovo Belbo,Castelnuovo Belbo,Nord-ovest,Piemonte,Asti,Asti,AT,NORD
9,6,52006,Castelnuovo Berardenga,Castelnuovo Berardenga,Centro,Toscana,Siena,Siena,SI,CNOR
3,13,98013,Castelnuovo Bocca d'Adda,Castelnuovo Bocca d'Adda,Nord-ovest,Lombardia,Lodi,Lodi,LO,NORD
1,52,6052,Castelnuovo Bormida,Castelnuovo Bormida,Nord-ovest,Piemonte,Alessandria,Alessandria,AL,NORD
3,59,13059,Castelnuovo Bozzente,Castelnuovo Bozzente,Nord-ovest,Lombardia,Como,Como,CO,NORD
1,30,5030,Castelnuovo Calcea,Castelnuovo Calcea,Nord-ovest,Piemonte,Asti,Asti,AT,NORD
15,32,65032,Castelnuovo Cilento,Castelnuovo Cilento,Sud,Campania,Salerno,Salerno,SA,CSUD
5,22,23022,Castelnuovo del Garda,Castelnuovo del Garda,Nord-est,Veneto,Verona,Verona,VR,NORD
16,17,71017,Castelnuovo della Daunia,Castelnuovo della Daunia,Sud,Puglia,Foggia,Foggia,FG,SUD
1,54,4054,Castelnuovo di Ceva,Castelnuovo di Ceva,Nord-ovest,Piemonte,Cuneo,Cuneo,CN,NORD
15,33,65033,Castelnuovo di Conza,Castelnuovo di Conza,Sud,Campania,Salerno,Salerno,SA,CSUD
12,14,57014,Castelnuovo di Farfa,Castelnuovo di Farfa,Centro,Lazio,Rieti,Rieti,RI,CSUD
9,9,46009,Castelnuovo di Garfagnana,Castelnuovo di Garfagnana,Centro,Toscana,Lucca,Lucca,LU,CNOR
12,24,58024,Castelnuovo di Porto,Castelnuovo di Porto,Centro,Lazio,Roma,Rome,RM,CSUD
9,11,50011,Castelnuovo di Val di Cecina,Castelnuovo di Val di Cecina,Centro,Toscana,Pisa,Pisa,PI,CNOR
1,31,5031,Castelnuovo Don Bosco,Castelnuovo Don Bosco,Nord-ovest,Piemonte,Asti,Asti,AT,NORD
7,11,11011,Castelnuovo Magra,Castelnuovo Magra,Nord-ovest,Liguria,La Spezia,La Spezia,SP,NORD
1,67,1067,Castelnuovo Nigra,Castelnuovo Nigra,Nord-ovest,Piemonte,Torino,Turin,TO,NORD
12,21,60021,Castelnuovo Parano,Castelnuovo Parano,Centro,Lazio,Frosinone,Frosinone,FR,CSUD
8,7,36007,Castelnuovo Rangone,Castelnuovo Rangone,Nord-est,Emilia Romagna,Modena,Modena,MO,NORD
1,53,6053,Castelnuovo Scrivia,Castelnuovo Scrivia,Nord-ovest,Piemonte,Alessandria,Alessandria,AL,NORD
15,17,62017,Castelpagano,Castelpagano,Sud,Campania,Benevento,Benevento,BN,CSUD
14,10,94010,Castelpetroso,Castelpetroso,Sud,Molise,Isernia,Isernia,IS,SUD
14,11,94011,Castelpizzuto,Castelpizzuto,Sud,Molise,Isernia,Isernia,IS,SUD
11,12,42012,Castelplanio,Castelplanio,Centro,Marche,Ancona,Ancona,AN,CNOR
15,18,62018,Castelpoto,Castelpoto,Sud,Campania,Benevento,Benevento,BN,CSUD
11,9,43009,Castelraimondo,Castelraimondo,Centro,Marche,Macerata,Macerata,MC,CNOR
4,19,21019,Castelrotto/Kastelruth,Castelrotto,Nord-est,Trentino-Alto Adige,Bolzano/Bozen,Bolzano,BZ,NORD
11,10,43010,Castelsantangelo sul Nera,Castelsantangelo sul Nera,Centro,Marche,Macerata,Macerata,MC,CNOR
17,25,76025,Castelsaraceno,Castelsaraceno,Sud,Basilicata,Potenza,Potenza,PZ,SUD
20,23,90023,Castelsardo,Castelsardo,Isole,Sardegna,Sassari,Sassari,SS,SARD
3,44,12044,Castelseprio,Castelseprio,Nord-ovest,Lombardia,Varese,Varese,VA,NORD
18,5,101005,Castelsilano,Castelsilano,Sud,Calabria,Crotone,Crotone,KR,CALA
1,54,6054,Castelspina,Castelspina,Nord-ovest,Piemonte,Alessandria,Alessandria,AL,NORD
19,12,84012,Casteltermini,Casteltermini,Isole,Sicilia,Agrigento,Agrigento,AG,SICI
3,45,12045,Castelveccana,Castelveccana,Nord-ovest,Lombardia,Varese,Varese,VA,NORD
13,30,66030,Castelvecchio Calvisio,Castelvecchio Calvisio,Sud,Abruzzo,L'Aquila,L'Aquila,AQ,CSUD
7,21,9021,Castelvecchio di Rocca Barbena,Castelvecchio di Rocca Barbena,Nord-ovest,Liguria,Savona,Savona,SV,NORD
13,31,66031,Castelvecchio Subequo,Castelvecchio Subequo,Sud,Abruzzo,L'Aquila,L'Aquila,AQ,CSUD
15,19,62019,Castelvenere,Castelvenere,Sud,Campania,Benevento,Benevento,BN,CSUD
3,26,19026,Castelverde,Castelverde,Nord-ovest,Lombardia,Cremona,Cremona,CR,NORD
14,13,94013,Castelverrino,Castelverrino,Sud,Molise,Isernia,Isernia,IS,SUD
15,20,62020,Castelvetere in Val Fortore,Castelvetere in Val Fortore,Sud,Campania,Benevento,Benevento,BN,CSUD
15,24,64024,Castelvetere sul Calore,Castelvetere sul Calore,Sud,Campania,Avellino,Avellino,AV,CSUD
19,6,81006,Castelvetrano,Castelvetrano,Isole,Sicilia,Trapani,Trapani,TP,SICI
8,8,36008,Castelvetro di Modena,Castelvetro di Modena,Nord-est,Emilia Romagna,Modena,Modena,MO,NORD
8,14,33014,Castelvetro Piacentino,Castelvetro Piacentino,Nord-est,Emilia Romagna,Piacenza,Piacenza,PC,NORD
3,27,19027,Castelvisconti,Castelvisconti,Nord-ovest,Lombardia,Cremona,Cremona,CR,NORD
8,21,37021,Castenaso,Castenaso,Nord-est,Emilia Romagna,Bologna,Bologna,BO,NORD
3,43,17043,Castenedolo,Castenedolo,Nord-ovest,Lombardia,Brescia,Brescia,BS,NORD
20,11,111011,Castiadas,Castiadas,Isole,Sardegna,Sud Sardegna,#N/A,SU,SARD
9,11,51011,Castiglion Fibocchi,Castiglion Fibocchi,Centro,Toscana,Arezzo,Arezzo,AR,CNOR
9,12,51012,Castiglion Fiorentino,Castiglion Fiorentino,Centro,Toscana,Arezzo,Arezzo,AR,CNOR
13,9,68009,Castiglione a Casauria,Castiglione a Casauria,Sud,Abruzzo,Pescara,Pescara,PE,CSUD
7,13,10013,Castiglione Chiavarese,Castiglione Chiavarese,Nord-ovest,Liguria,Genova,Genoa,GE,NORD
18,30,78030,Castiglione Cosentino,Castiglione Cosentino,Sud,Calabria,Cosenza,Cosenza,CS,CALA
3,14,98014,Castiglione d'Adda,Castiglione d'Adda,Nord-ovest,Lombardia,Lodi,Lodi,LO,NORD
8,22,37022,Castiglione dei Pepoli,Castiglione dei Pepoli,Nord-est,Emilia Romagna,Bologna,Bologna,BO,NORD
15,36,65036,Castiglione del Genovesi,Castiglione del Genovesi,Sud,Campania,Salerno,Salerno,SA,CSUD
10,9,54009,Castiglione del Lago,Castiglione del Lago,Centro,Umbria,Perugia,Perugia,PG,CSUD
9,6,53006,Castiglione della Pescaia,Castiglione della Pescaia,Centro,Toscana,Grosseto,Grosseto,GR,CNOR
3,17,20017,Castiglione delle Stiviere,Castiglione delle Stiviere,Nord-ovest,Lombardia,Mantova,Mantova,MN,NORD
9,10,46010,Castiglione di Garfagnana,Castiglione di Garfagnana,Centro,Toscana,Lucca,Lucca,LU,CNOR
19,14,87014,Castiglione di Sicilia,Castiglione di Sicilia,Isole,Sicilia,Catania,Catania,CT,SICI
9,7,52007,Castiglione d'Orcia,Castiglione d'Orcia,Centro,Toscana,Siena,Siena,SI,CNOR
1,55,4055,Castiglione Falletto,Castiglione Falletto,Nord-ovest,Piemonte,Cuneo,Cuneo,CN,NORD
12,18,56018,Castiglione in Teverina,Castiglione in Teverina,Centro,Lazio,Viterbo,Viterbo,VT,CSUD
13,20,69020,Castiglione Messer Marino,Castiglione Messer Marino,Sud,Abruzzo,Chieti,Chieti,CH,CSUD
13,13,67013,Castiglione Messer Raimondo,Castiglione Messer Raimondo,Sud,Abruzzo,Teramo,Teramo,TE,CSUD
3,46,12046,Castiglione Olona,Castiglione Olona,Nord-ovest,Lombardia,Varese,Varese,VA,NORD
1,56,4056,Castiglione Tinella,Castiglione Tinella,Nord-ovest,Piemonte,Cuneo,Cuneo,CN,NORD
1,68,1068,Castiglione Torinese,Castiglione Torinese,Nord-ovest,Piemonte,Torino,Turin,TO,NORD
11,12,44012,Castignano,Castignano,Centro,Marche,Ascoli Piceno,Ascoli Piceno,AP,CNOR
13,14,67014,Castilenti,Castilenti,Sud,Abruzzo,Teramo,Teramo,TE,CSUD
1,57,4057,Castino,Castino,Nord-ovest,Piemonte,Cuneo,Cuneo,CN,NORD
3,15,14015,Castione Andevenno,Castione Andevenno,Nord-ovest,Lombardia,Sondrio,Sondrio,SO,NORD
3,64,16064,Castione della Presolana,Castione della Presolana,Nord-ovest,Lombardia,Bergamo,Bergamo,BG,NORD
6,20,30020,Castions di Strada,Castions di Strada,Nord-est,Friuli Venezia Giulia,Udine,Udine,UD,NORD
3,15,98015,Castiraga Vidardo,Castiraga Vidardo,Nord-ovest,Lombardia,Lodi,Lodi,LO,NORD
3,44,17044,Casto,Casto,Nord-ovest,Lombardia,Brescia,Brescia,BS,NORD
11,13,44013,Castorano,Castorano,Centro,Marche,Ascoli Piceno,Ascoli Piceno,AP,CNOR
3,45,17045,Castrezzato,Castrezzato,Nord-ovest,Lombardia,Brescia,Brescia,BS,NORD
16,17,75017,Castri di Lecce,Castri di Lecce,Sud,Puglia,Lecce,Lecce,LE,SUD
16,18,75018,Castrignano de' Greci,Castrignano de' Greci,Sud,Puglia,Lecce,Lecce,LE,SUD
16,19,75019,Castrignano del Capo,Castrignano del Capo,Sud,Puglia,Lecce,Lecce,LE,SUD
3,65,16065,Castro,Castro,Nord-ovest,Lombardia,Bergamo,Bergamo,BG,NORD
16,96,75096,Castro,Castro,Sud,Puglia,Lecce,Lecce,LE,SUD
12,23,60023,Castro dei Volsci,Castro dei Volsci,Centro,Lazio,Frosinone,Frosinone,FR,CSUD
8,5,40005,Castrocaro Terme e Terra del Sole,Castrocaro Terme e Terra del Sole,Nord-est,Emilia Romagna,Forlç-Cesena,Forlç-Cesena,FC,NORD
12,22,60022,Castrocielo,Castrocielo,Centro,Lazio,Frosinone,Frosinone,FR,CSUD
19,13,84013,Castrofilippo,Castrofilippo,Isole,Sicilia,Agrigento,Agrigento,AG,SICI
18,31,78031,Castrolibero,Castrolibero,Sud,Calabria,Cosenza,Cosenza,CS,CALA
3,47,12047,Castronno,Castronno,Nord-ovest,Lombardia,Varese,Varese,VA,NORD
19,25,82025,Castronovo di Sicilia,Castronovo di Sicilia,Isole,Sicilia,Palermo,Palermo,PA,SICI
17,26,76026,Castronuovo di Sant'Andrea,Castronuovo di Sant'Andrea,Sud,Basilicata,Potenza,Potenza,PZ,SUD
14,16,70016,Castropignano,Castropignano,Sud,Molise,Campobasso,Campobasso,CB,SUD
19,16,83016,Castroreale,Castroreale,Isole,Sicilia,Messina,Messina,ME,SICI
18,32,78032,Castroregio,Castroregio,Sud,Calabria,Cosenza,Cosenza,CS,CALA
18,33,78033,Castrovillari,Castrovillari,Sud,Calabria,Cosenza,Cosenza,CS,CALA
19,15,87015,Catania,Catania,Isole,Sicilia,Catania,Catania,CT,SICI
18,23,79023,Catanzaro,Catanzaro,Sud,Calabria,Catanzaro,Catanzaro,CZ,CALA
19,6,86006,Catenanuova,Catenanuova,Isole,Sicilia,Enna,Enna,EN,SICI
13,10,68010,Catignano,Catignano,Sud,Abruzzo,Pescara,Pescara,PE,CSUD
8,2,99002,Cattolica,Cattolica,Nord-est,Emilia Romagna,Rimini,Rimini,RN,NORD
19,14,84014,Cattolica Eraclea,Cattolica Eraclea,Isole,Sicilia,Agrigento,Agrigento,AG,SICI
18,25,80025,Caulonia,Caulonia,Sud,Calabria,Reggio Calabria,Reggio Calabria,RC,CALA
15,21,62021,Cautano,Cautano,Sud,Campania,Benevento,Benevento,BN,CSUD
15,37,65037,Cava de' Tirreni,Cava de' Tirreni,Sud,Campania,Salerno,Salerno,SA,CSUD
3,41,18041,Cava Manara,Cava Manara,Nord-ovest,Lombardia,Pavia,Pavia,PV,NORD
1,16,96016,Cavagli?,Cavagli?,Nord-ovest,Piemonte,Biella,Biella,BI,NORD
1,44,3044,Cavaglietto,Cavaglietto,Nord-ovest,Piemonte,Novara,Novara,NO,NORD
1,45,3045,Cavaglio d'Agogna,Cavaglio d'Agogna,Nord-ovest,Piemonte,Novara,Novara,NO,NORD
1,69,1069,Cavagnolo,Cavagnolo,Nord-ovest,Piemonte,Torino,Turin,TO,NORD
5,23,23023,Cavaion Veronese,Cavaion Veronese,Nord-est,Veneto,Verona,Verona,VR,NORD
4,50,22050,Cavalese,Cavalese,Nord-est,Trentino-Alto Adige,Trento,Trento,TN,NORD
1,58,4058,Cavallerleone,Cavallerleone,Nord-ovest,Piemonte,Cuneo,Cuneo,CN,NORD
1,59,4059,Cavallermaggiore,Cavallermaggiore,Nord-ovest,Piemonte,Cuneo,Cuneo,CN,NORD
16,20,75020,Cavallino,Cavallino,Sud,Puglia,Lecce,Lecce,LE,SUD
5,44,27044,Cavallino-Treporti,Cavallino-Treporti,Nord-est,Veneto,Venezia,Venice,VE,NORD
1,47,3047,Cavallirio,Cavallirio,Nord-ovest,Piemonte,Novara,Novara,NO,NORD
4,51,22051,Cavareno,Cavareno,Nord-est,Trentino-Alto Adige,Trento,Trento,TN,NORD
3,62,13062,Cavargna,Cavargna,Nord-ovest,Lombardia,Como,Como,CO,NORD
3,48,12048,Cavaria con Premezzo,Cavaria con Premezzo,Nord-ovest,Lombardia,Varese,Varese,VA,NORD
5,6,27006,Cavarzere,Cavarzere,Nord-est,Veneto,Venezia,Venice,VE,NORD
5,14,26014,Cavaso del Tomba,Cavaso del Tomba,Nord-est,Veneto,Treviso,Treviso,TV,NORD
6,12,93012,Cavasso Nuovo,Cavasso Nuovo,Nord-est,Friuli Venezia Giulia,Pordenone,Pordenone,PN,NORD
1,55,6055,Cavatore,Cavatore,Nord-ovest,Piemonte,Alessandria,Alessandria,AL,NORD
6,21,30021,Cavazzo Carnico,Cavazzo Carnico,Nord-est,Friuli Venezia Giulia,Udine,Udine,UD,NORD
12,26,58026,Cave,Cave,Centro,Lazio,Roma,Rome,RM,CSUD
4,52,22052,Cavedago,Cavedago,Nord-est,Trentino-Alto Adige,Trento,Trento,TN,NORD
4,53,22053,Cavedine,Cavedine,Nord-est,Trentino-Alto Adige,Trento,Trento,TN,NORD
3,17,98017,Cavenago d'Adda,Cavenago d'Adda,Nord-ovest,Lombardia,Lodi,Lodi,LO,NORD
3,17,108017,Cavenago di Brianza,Cavenago di Brianza,Nord-ovest,Lombardia,Monza e della Brianza,Monza e della Brianza,MB,NORD
3,66,16066,Cavernago,Cavernago,Nord-ovest,Lombardia,Bergamo,Bergamo,BG,NORD
8,9,36009,Cavezzo,Cavezzo,Nord-est,Emilia Romagna,Modena,Modena,MO,NORD
4,54,22054,Cavizzana,Cavizzana,Nord-est,Trentino-Alto Adige,Trento,Trento,TN,NORD
1,70,1070,Cavour,Cavour,Nord-ovest,Piemonte,Torino,Turin,TO,NORD
8,17,35017,Cavriago,Cavriago,Nord-est,Emilia Romagna,Reggio nell'Emilia,Reggio Emilia,RE,NORD
3,18,20018,Cavriana,Cavriana,Nord-ovest,Lombardia,Mantova,Mantova,MN,NORD
9,13,51013,Cavriglia,Cavriglia,Centro,Toscana,Arezzo,Arezzo,AR,CNOR
3,49,12049,Cazzago Brabbia,Cazzago Brabbia,Nord-ovest,Lombardia,Varese,Varese,VA,NORD
3,46,17046,Cazzago San Martino,Cazzago San Martino,Nord-ovest,Lombardia,Brescia,Brescia,BS,NORD
5,24,23024,Cazzano di Tramigna,Cazzano di Tramigna,Nord-est,Veneto,Verona,Verona,VR,NORD
3,67,16067,Cazzano Sant'Andrea,Cazzano Sant'Andrea,Nord-ovest,Lombardia,Bergamo,Bergamo,BG,NORD
12,24,60024,Ceccano,Ceccano,Centro,Lazio,Frosinone,Frosinone,FR,CSUD
3,42,18042,Cecima,Cecima,Nord-ovest,Lombardia,Pavia,Pavia,PV,NORD
9,7,49007,Cecina,Cecina,Centro,Toscana,Livorno,Livorno,LI,CNOR
3,47,17047,Cedegolo,Cedegolo,Nord-ovest,Lombardia,Brescia,Brescia,BS,NORD
3,16,14016,Cedrasco,Cedrasco,Nord-ovest,Lombardia,Sondrio,Sondrio,SO,NORD
19,27,82027,Cefal?,Cefal?,Isole,Sicilia,Palermo,Palermo,PA,SICI
19,26,82026,Cefal? Diana,Cefal? Diana,Isole,Sicilia,Palermo,Palermo,PA,SICI
5,7,27007,Ceggia,Ceggia,Nord-est,Veneto,Venezia,Venice,VE,NORD
16,3,74003,Ceglie Messapica,Ceglie Messapica,Sud,Puglia,Brindisi,Brindisi,BR,SUD
13,32,66032,Celano,Celano,Sud,Abruzzo,L'Aquila,L'Aquila,AQ,CSUD
13,21,69021,Celenza sul Trigno,Celenza sul Trigno,Sud,Abruzzo,Chieti,Chieti,CH,CSUD
16,18,71018,Celenza Valfortore,Celenza Valfortore,Sud,Puglia,Foggia,Foggia,FG,SUD
18,34,78034,Celico,Celico,Sud,Calabria,Cosenza,Cosenza,CS,CALA
3,28,19028,Cella Dati,Cella Dati,Nord-ovest,Lombardia,Cremona,Cremona,CR,NORD
1,56,6056,Cella Monte,Cella Monte,Nord-ovest,Piemonte,Alessandria,Alessandria,AL,NORD
16,18,72018,Cellamare,Cellamare,Sud,Puglia,Bari,Bari,BA,SUD
18,35,78035,Cellara,Cellara,Sud,Calabria,Cosenza,Cosenza,CS,CALA
1,33,5033,Cellarengo,Cellarengo,Nord-ovest,Piemonte,Asti,Asti,AT,NORD
3,48,17048,Cellatica,Cellatica,Nord-ovest,Lombardia,Brescia,Brescia,BS,NORD
15,38,65038,Celle di Bulgheria,Celle di Bulgheria,Sud,Campania,Salerno,Salerno,SA,CSUD
1,60,4060,Celle di Macra,Celle di Macra,Nord-ovest,Piemonte,Cuneo,Cuneo,CN,NORD
16,19,71019,Celle di San Vito,Celle di San Vito,Sud,Puglia,Foggia,Foggia,FG,SUD
1,34,5034,Celle Enomondo,Celle Enomondo,Nord-ovest,Piemonte,Asti,Asti,AT,NORD
7,22,9022,Celle Ligure,Celle Ligure,Nord-ovest,Liguria,Savona,Savona,SV,NORD
12,19,56019,Celleno,Celleno,Centro,Lazio,Viterbo,Viterbo,VT,CSUD
12,20,56020,Cellere,Cellere,Centro,Lazio,Viterbo,Viterbo,VT,CSUD
13,15,67015,Cellino Attanasio,Cellino Attanasio,Sud,Abruzzo,Teramo,Teramo,TE,CSUD
16,4,74004,Cellino San Marco,Cellino San Marco,Sud,Puglia,Brindisi,Brindisi,BR,SUD
1,171,2171,Cellio con Breia,Cellio con Breia,Nord-ovest,Piemonte,Vercelli,Vercelli,VC,NORD
15,102,61102,Cellole,Cellole,Sud,Campania,Caserta,Caserta,CE,CSUD
4,241,22241,Cembra Lisignago,Cembra Lisignago,Nord-est,Trentino-Alto Adige,Trento,Trento,TN,NORD
18,24,79024,Cenadi,Cenadi,Sud,Calabria,Catanzaro,Catanzaro,CZ,CALA
3,68,16068,Cenate Sopra,Cenate Sopra,Nord-ovest,Lombardia,Bergamo,Bergamo,BG,NORD
3,69,16069,Cenate Sotto,Cenate Sotto,Nord-ovest,Lombardia,Bergamo,Bergamo,BG,NORD
5,10,25010,Cencenighe Agordino,Cencenighe Agordino,Nord-est,Veneto,Belluno,Belluno,BL,NORD
3,70,16070,Cene,Cene,Nord-ovest,Lombardia,Bergamo,Bergamo,BG,NORD
5,14,29014,Ceneselli,Ceneselli,Nord-est,Veneto,Rovigo,Rovigo,RO,NORD
7,23,9023,Cengio,Cengio,Nord-ovest,Liguria,Savona,Savona,SV,NORD
1,61,4061,Centallo,Centallo,Nord-ovest,Piemonte,Cuneo,Cuneo,CN,NORD
8,4,38004,Cento,Cento,Nord-est,Emilia Romagna,Ferrara,Ferrara,FE,NORD
15,39,65039,Centola,Centola,Sud,Campania,Salerno,Salerno,SA,CSUD
18,25,79025,Centrache,Centrache,Sud,Calabria,Catanzaro,Catanzaro,CZ,CALA
3,254,13254,Centro Valle Intelvi,Centro Valle Intelvi,Nord-ovest,Lombardia,Como,Como,CO,NORD
19,7,86007,Centuripe,Centuripe,Isole,Sicilia,Enna,Enna,EN,SICI
13,11,68011,Cepagatti,Cepagatti,Sud,Abruzzo,Pescara,Pescara,PE,CSUD
15,22,62022,Ceppaloni,Ceppaloni,Sud,Campania,Benevento,Benevento,BN,CSUD
1,21,103021,Ceppo Morelli,Ceppo Morelli,Nord-ovest,Piemonte,Verbano-Cusio-Ossola,Verbano-Cusio-Ossola,VB,NORD
12,25,60025,Ceprano,Ceprano,Centro,Lazio,Frosinone,Frosinone,FR,CSUD
19,8,86008,Cerami,Cerami,Isole,Sicilia,Enna,Enna,EN,SICI
7,14,10014,Ceranesi,Ceranesi,Nord-ovest,Liguria,Genova,Genoa,GE,NORD
1,49,3049,Cerano,Cerano,Nord-ovest,Piemonte,Novara,Novara,NO,NORD
3,63,13063,Cerano d'Intelvi,Cerano d'Intelvi,Nord-ovest,Lombardia,Como,Como,CO,NORD
3,43,18043,Ceranova,Ceranova,Nord-ovest,Lombardia,Pavia,Pavia,PV,NORD
15,40,65040,Ceraso,Ceraso,Sud,Campania,Salerno,Salerno,SA,CSUD
14,17,70017,Cercemaggiore,Cercemaggiore,Sud,Molise,Campobasso,Campobasso,CB,SUD
1,71,1071,Cercenasco,Cercenasco,Nord-ovest,Piemonte,Torino,Turin,TO,NORD
14,18,70018,Cercepiccola,Cercepiccola,Sud,Molise,Campobasso,Campobasso,CB,SUD
18,36,78036,Cerchiara di Calabria,Cerchiara di Calabria,Sud,Calabria,Cosenza,Cosenza,CS,CALA
13,33,66033,Cerchio,Cerchio,Sud,Abruzzo,L'Aquila,L'Aquila,AQ,CSUD
3,17,14017,Cercino,Cercino,Nord-ovest,Lombardia,Sondrio,Sondrio,SO,NORD
6,22,30022,Cercivento,Cercivento,Nord-est,Friuli Venezia Giulia,Udine,Udine,UD,NORD
15,26,63026,Cercola,Cercola,Sud,Campania,Napoli,Naples,NA,CSUD
19,28,82028,Cerda,Cerda,Isole,Sicilia,Palermo,Palermo,PA,SICI
5,25,23025,Cerea,Cerea,Nord-est,Veneto,Verona,Verona,VR,NORD
5,15,29015,Ceregnano,Ceregnano,Nord-est,Veneto,Rovigo,Rovigo,RO,NORD
18,6,101006,Cerenzia,Cerenzia,Sud,Calabria,Crotone,Crotone,KR,CALA
1,72,1072,Ceres,Ceres,Nord-ovest,Piemonte,Torino,Turin,TO,NORD
3,19,20019,Ceresara,Ceresara,Nord-ovest,Lombardia,Mantova,Mantova,MN,NORD
1,57,6057,Cereseto,Cereseto,Nord-ovest,Piemonte,Alessandria,Alessandria,AL,NORD
1,62,4062,Ceresole Alba,Ceresole Alba,Nord-ovest,Piemonte,Cuneo,Cuneo,CN,NORD
1,73,1073,Ceresole Reale,Ceresole Reale,Nord-ovest,Piemonte,Torino,Turin,TO,NORD
3,71,16071,Cerete,Cerete,Nord-ovest,Lombardia,Bergamo,Bergamo,BG,NORD
3,44,18044,Ceretto Lomellina,Ceretto Lomellina,Nord-ovest,Lombardia,Pavia,Pavia,PV,NORD
3,45,18045,Cergnago,Cergnago,Nord-ovest,Lombardia,Pavia,Pavia,PV,NORD
7,24,9024,Ceriale,Ceriale,Nord-ovest,Liguria,Savona,Savona,SV,NORD
7,16,8016,Ceriana,Ceriana,Nord-ovest,Liguria,Imperia,Imperia,IM,NORD
3,18,108018,Ceriano Laghetto,Ceriano Laghetto,Nord-ovest,Lombardia,Monza e della Brianza,Monza e della Brianza,MB,NORD
8,15,33015,Cerignale,Cerignale,Nord-est,Emilia Romagna,Piacenza,Piacenza,PC,NORD
16,20,71020,Cerignola,Cerignola,Sud,Puglia,Foggia,Foggia,FG,SUD
18,37,78037,Cerisano,Cerisano,Sud,Calabria,Cosenza,Cosenza,CS,CALA
3,64,13064,Cermenate,Cermenate,Nord-ovest,Lombardia,Como,Como,CO,NORD
4,20,21020,Cermes/Tscherms,Cermes,Nord-est,Trentino-Alto Adige,Bolzano/Bozen,Bolzano,BZ,NORD
13,16,67016,Cermignano,Cermignano,Sud,Abruzzo,Teramo,Teramo,TE,CSUD
3,65,13065,Cernobbio,Cernobbio,Nord-ovest,Lombardia,Como,Como,CO,NORD
3,20,97020,Cernusco Lombardone,Cernusco Lombardone,Nord-ovest,Lombardia,Lecco,Lecco,LC,NORD
3,70,15070,Cernusco sul Naviglio,Cernusco sul Naviglio,Nord-ovest,Lombardia,Milano,Milan,MI,NORD
1,35,5035,Cerreto d'Asti,Cerreto d'Asti,Nord-ovest,Piemonte,Asti,Asti,AT,NORD
11,13,42013,Cerreto d'Esi,Cerreto d'Esi,Centro,Marche,Ancona,Ancona,AN,CNOR
10,10,54010,Cerreto di Spoleto,Cerreto di Spoleto,Centro,Umbria,Perugia,Perugia,PG,CSUD
1,58,6058,Cerreto Grue,Cerreto Grue,Nord-ovest,Piemonte,Alessandria,Alessandria,AL,NORD
9,11,48011,Cerreto Guidi,Cerreto Guidi,Centro,Toscana,Firenze,Florence,FI,CNOR
12,27,58027,Cerreto Laziale,Cerreto Laziale,Centro,Lazio,Roma,Rome,RM,CSUD
15,23,62023,Cerreto Sannita,Cerreto Sannita,Sud,Campania,Benevento,Benevento,BN,CSUD
1,63,4063,Cerretto Langhe,Cerretto Langhe,Nord-ovest,Piemonte,Cuneo,Cuneo,CN,NORD
1,59,6059,Cerrina Monferrato,Cerrina Monferrato,Nord-ovest,Piemonte,Alessandria,Alessandria,AL,NORD
1,18,96018,Cerrione,Cerrione,Nord-ovest,Piemonte,Biella,Biella,BI,NORD
3,71,15071,Cerro al Lambro,Cerro al Lambro,Nord-ovest,Lombardia,Milano,Milan,MI,NORD
14,14,94014,Cerro al Volturno,Cerro al Volturno,Sud,Molise,Isernia,Isernia,IS,SUD
3,72,15072,Cerro Maggiore,Cerro Maggiore,Nord-ovest,Lombardia,Milano,Milan,MI,NORD
1,36,5036,Cerro Tanaro,Cerro Tanaro,Nord-ovest,Piemonte,Asti,Asti,AT,NORD
5,26,23026,Cerro Veronese,Cerro Veronese,Nord-est,Veneto,Verona,Verona,VR,NORD
17,27,76027,Cersosimo,Cersosimo,Sud,Basilicata,Potenza,Potenza,PZ,SUD
9,12,48012,Certaldo,Certaldo,Centro,Toscana,Firenze,Florence,FI,CNOR
3,46,18046,Certosa di Pavia,Certosa di Pavia,Nord-ovest,Lombardia,Pavia,Pavia,PV,NORD
18,27,79027,Cerva,Cerva,Sud,Calabria,Catanzaro,Catanzaro,CZ,CALA
12,28,58028,Cervara di Roma,Cervara di Roma,Centro,Lazio,Roma,Rome,RM,CSUD
5,30,28030,Cervarese Santa Croce,Cervarese Santa Croce,Nord-est,Veneto,Padova,Padova,PD,NORD
12,26,60026,Cervaro,Cervaro,Centro,Lazio,Frosinone,Frosinone,FR,CSUD
1,64,4064,Cervasca,Cervasca,Nord-ovest,Piemonte,Cuneo,Cuneo,CN,NORD
1,41,2041,Cervatto,Cervatto,Nord-ovest,Piemonte,Vercelli,Vercelli,VC,NORD
3,49,17049,Cerveno,Cerveno,Nord-ovest,Lombardia,Brescia,Brescia,BS,NORD
1,65,4065,Cervere,Cervere,Nord-ovest,Piemonte,Cuneo,Cuneo,CN,NORD
3,47,18047,Cervesina,Cervesina,Nord-ovest,Lombardia,Pavia,Pavia,PV,NORD
12,29,58029,Cerveteri,Cerveteri,Centro,Lazio,Roma,Rome,RM,CSUD
8,7,39007,Cervia,Cervia,Nord-est,Emilia Romagna,Ravenna,Ravenna,RA,NORD
18,38,78038,Cervicati,Cervicati,Sud,Calabria,Cosenza,Cosenza,CS,CALA
3,18,98018,Cervignano d'Adda,Cervignano d'Adda,Nord-ovest,Lombardia,Lodi,Lodi,LO,NORD
6,23,30023,Cervignano del Friuli,Cervignano del Friuli,Nord-est,Friuli Venezia Giulia,Udine,Udine,UD,NORD
15,25,64025,Cervinara,Cervinara,Sud,Campania,Avellino,Avellino,AV,CSUD
15,28,61028,Cervino,Cervino,Sud,Campania,Caserta,Caserta,CE,CSUD
7,17,8017,Cervo,Cervo,Nord-ovest,Liguria,Imperia,Imperia,IM,NORD
18,39,78039,Cerzeto,Cerzeto,Sud,Calabria,Cosenza,Cosenza,CS,CALA
15,29,61029,Cesa,Cesa,Sud,Campania,Caserta,Caserta,CE,CSUD
3,21,97021,Cesana Brianza,Cesana Brianza,Nord-ovest,Lombardia,Lecco,Lecco,LC,NORD
1,74,1074,Cesana Torinese,Cesana Torinese,Nord-ovest,Piemonte,Torino,Turin,TO,NORD
3,74,15074,Cesano Boscone,Cesano Boscone,Nord-ovest,Lombardia,Milano,Milan,MI,NORD
3,19,108019,Cesano Maderno,Cesano Maderno,Nord-ovest,Lombardia,Monza e della Brianza,Monza e della Brianza,MB,NORD
19,17,83017,Cesar?,Cesar?,Isole,Sicilia,Messina,Messina,ME,SICI
1,22,103022,Cesara,Cesara,Nord-ovest,Piemonte,Verbano-Cusio-Ossola,Verbano-Cusio-Ossola,VB,NORD
3,76,15076,Cesate,Cesate,Nord-ovest,Lombardia,Milano,Milan,MI,NORD
8,7,40007,Cesena,Cesena,Nord-est,Emilia Romagna,Forlç-Cesena,Forlç-Cesena,FC,NORD
8,8,40008,Cesenatico,Cesenatico,Nord-est,Emilia Romagna,Forlç-Cesena,Forlç-Cesena,FC,NORD
15,26,64026,Cesinali,Cesinali,Sud,Campania,Avellino,Avellino,AV,CSUD
7,18,8018,Cesio,Cesio,Nord-ovest,Liguria,Imperia,Imperia,IM,NORD
5,11,25011,Cesiomaggiore,Cesiomaggiore,Nord-est,Veneto,Belluno,Belluno,BL,NORD
5,15,26015,Cessalto,Cessalto,Nord-est,Veneto,Treviso,Treviso,TV,NORD
18,6,102006,Cessaniti,Cessaniti,Sud,Calabria,Vibo Valentia,Vibo Valentia,VV,CALA
11,11,43011,Cessapalombo,Cessapalombo,Centro,Marche,Macerata,Macerata,MC,CNOR
1,37,5037,Cessole,Cessole,Nord-ovest,Piemonte,Asti,Asti,AT,NORD
15,41,65041,Cetara,Cetara,Sud,Campania,Salerno,Salerno,SA,CSUD
3,50,17050,Ceto,Ceto,Nord-ovest,Lombardia,Brescia,Brescia,BS,NORD
9,8,52008,Cetona,Cetona,Centro,Toscana,Siena,Siena,SI,CNOR
18,40,78040,Cetraro,Cetraro,Sud,Calabria,Cosenza,Cosenza,CS,CALA
1,66,4066,Ceva,Ceva,Nord-ovest,Piemonte,Cuneo,Cuneo,CN,NORD
3,51,17051,Cevo,Cevo,Nord-ovest,Lombardia,Brescia,Brescia,BS,NORD
2,13,7013,Challand-Saint-Anselme,Challand-Saint-Anselme,Nord-ovest,Valle d'Aosta,Valle d'Aosta,Aosta,AO,NORD
2,14,7014,Challand-Saint-Victor,Challand-Saint-Victor,Nord-ovest,Valle d'Aosta,Valle d'Aosta,Aosta,AO,NORD
2,15,7015,Chambave,Chambave,Nord-ovest,Valle d'Aosta,Valle d'Aosta,Aosta,AO,NORD
2,16,7016,Chamois,Chamois,Nord-ovest,Valle d'Aosta,Valle d'Aosta,Aosta,AO,NORD
2,17,7017,Champdepraz,Champdepraz,Nord-ovest,Valle d'Aosta,Valle d'Aosta,Aosta,AO,NORD
2,18,7018,Champorcher,Champorcher,Nord-ovest,Valle d'Aosta,Valle d'Aosta,Aosta,AO,NORD
2,19,7019,Charvensod,Charvensod,Nord-ovest,Valle d'Aosta,Valle d'Aosta,Aosta,AO,NORD
1,67,4067,Cherasco,Cherasco,Nord-ovest,Piemonte,Cuneo,Cuneo,CN,NORD
20,24,90024,Cheremule,Cheremule,Isole,Sardegna,Sassari,Sassari,SS,SARD
1,75,1075,Chialamberto,Chialamberto,Nord-ovest,Piemonte,Torino,Turin,TO,NORD
5,29,24029,Chiampo,Chiampo,Nord-est,Veneto,Vicenza,Vicenza,VI,NORD
15,27,64027,Chianche,Chianche,Sud,Campania,Avellino,Avellino,AV,CSUD
9,9,52009,Chianciano Terme,Chianciano Terme,Centro,Toscana,Siena,Siena,SI,CNOR
9,12,50012,Chianni,Chianni,Centro,Toscana,Pisa,Pisa,PI,CNOR
1,76,1076,Chianocco,Chianocco,Nord-ovest,Piemonte,Torino,Turin,TO,NORD
19,2,88002,Chiaramonte Gulfi,Chiaramonte Gulfi,Isole,Sicilia,Ragusa,Ragusa,RG,SICI
20,25,90025,Chiaramonti,Chiaramonti,Isole,Sardegna,Sassari,Sassari,SS,SARD
5,16,26016,Chiarano,Chiarano,Nord-est,Veneto,Treviso,Treviso,TV,NORD
11,14,42014,Chiaravalle,Chiaravalle,Centro,Marche,Ancona,Ancona,AN,CNOR
18,29,79029,Chiaravalle Centrale,Chiaravalle Centrale,Sud,Calabria,Catanzaro,Catanzaro,CZ,CALA
3,52,17052,Chiari,Chiari,Nord-ovest,Lombardia,Brescia,Brescia,BS,NORD
17,28,76028,Chiaromonte,Chiaromonte,Sud,Basilicata,Potenza,Potenza,PZ,SUD
14,15,94015,Chiauci,Chiauci,Sud,Molise,Isernia,Isernia,IS,SUD
7,15,10015,Chiavari,Chiavari,Nord-ovest,Liguria,Genova,Genoa,GE,NORD
3,18,14018,Chiavenna,Chiavenna,Nord-ovest,Lombardia,Sondrio,Sondrio,SO,NORD
1,77,1077,Chiaverano,Chiaverano,Nord-ovest,Piemonte,Torino,Turin,TO,NORD
4,21,21021,Chienes/Kiens,Chienes,Nord-est,Trentino-Alto Adige,Bolzano/Bozen,Bolzano,BZ,NORD
1,78,1078,Chieri,Chieri,Nord-ovest,Piemonte,Torino,Turin,TO,NORD
5,12,25012,Chies d'Alpago,Chies d'Alpago,Nord-est,Veneto,Belluno,Belluno,BL,NORD
3,19,14019,Chiesa in Valmalenco,Chiesa in Valmalenco,Nord-ovest,Lombardia,Sondrio,Sondrio,SO,NORD
1,79,1079,Chiesanuova,Chiesanuova,Nord-ovest,Piemonte,Torino,Turin,TO,NORD
9,22,47022,Chiesina Uzzanese,Chiesina Uzzanese,Centro,Toscana,Pistoia,Pistoia,PT,CNOR
13,22,69022,Chieti,Chieti,Sud,Abruzzo,Chieti,Chieti,CH,CSUD
16,21,71021,Chieuti,Chieuti,Sud,Puglia,Foggia,Foggia,FG,SUD
3,29,19029,Chieve,Chieve,Nord-ovest,Lombardia,Cremona,Cremona,CR,NORD
3,72,16072,Chignolo d'Isola,Chignolo d'Isola,Nord-ovest,Lombardia,Bergamo,Bergamo,BG,NORD
3,48,18048,Chignolo Po,Chignolo Po,Nord-ovest,Lombardia,Pavia,Pavia,PV,NORD
5,8,27008,Chioggia,Chioggia,Nord-est,Veneto,Venezia,Venice,VE,NORD
1,80,1080,Chiomonte,Chiomonte,Nord-ovest,Piemonte,Torino,Turin,TO,NORD
6,13,93013,Chions,Chions,Nord-est,Friuli Venezia Giulia,Pordenone,Pordenone,PN,NORD
6,24,30024,Chiopris-Viscone,Chiopris-Viscone,Nord-est,Friuli Venezia Giulia,Udine,Udine,UD,NORD
9,14,51014,Chitignano,Chitignano,Centro,Toscana,Arezzo,Arezzo,AR,CNOR
3,73,16073,Chiuduno,Chiuduno,Nord-ovest,Lombardia,Bergamo,Bergamo,BG,NORD
5,30,24030,Chiuppano,Chiuppano,Nord-est,Veneto,Vicenza,Vicenza,VI,NORD
3,20,14020,Chiuro,Chiuro,Nord-ovest,Lombardia,Sondrio,Sondrio,SO,NORD
4,22,21022,Chiusa/Klausen,Chiusa,Nord-est,Trentino-Alto Adige,Bolzano/Bozen,Bolzano,BZ,NORD
1,68,4068,Chiusa di Pesio,Chiusa di Pesio,Nord-ovest,Piemonte,Cuneo,Cuneo,CN,NORD
1,81,1081,Chiusa di San Michele,Chiusa di San Michele,Nord-ovest,Piemonte,Torino,Turin,TO,NORD
19,29,82029,Chiusa Sclafani,Chiusa Sclafani,Isole,Sicilia,Palermo,Palermo,PA,SICI
6,25,30025,Chiusaforte,Chiusaforte,Nord-est,Friuli Venezia Giulia,Udine,Udine,UD,NORD
7,19,8019,Chiusanico,Chiusanico,Nord-ovest,Liguria,Imperia,Imperia,IM,NORD
1,38,5038,Chiusano d'Asti,Chiusano d'Asti,Nord-ovest,Piemonte,Asti,Asti,AT,NORD
15,28,64028,Chiusano di San Domenico,Chiusano di San Domenico,Sud,Campania,Avellino,Avellino,AV,CSUD
7,20,8020,Chiusavecchia,Chiusavecchia,Nord-ovest,Liguria,Imperia,Imperia,IM,NORD
9,10,52010,Chiusdino,Chiusdino,Centro,Toscana,Siena,Siena,SI,CNOR
9,11,52011,Chiusi,Chiusi,Centro,Toscana,Siena,Siena,SI,CNOR
9,15,51015,Chiusi della Verna,Chiusi della Verna,Centro,Toscana,Arezzo,Arezzo,AR,CNOR
1,82,1082,Chivasso,Chivasso,Nord-ovest,Piemonte,Torino,Turin,TO,NORD
2,20,7020,Chütillon,Chütillon,Nord-ovest,Valle d'Aosta,Valle d'Aosta,Aosta,AO,NORD
12,118,58118,Ciampino,Ciampino,Centro,Lazio,Roma,Rome,RM,CSUD
19,15,84015,Cianciana,Cianciana,Isole,Sicilia,Agrigento,Agrigento,AG,SICI
5,13,25013,Cibiana di Cadore,Cibiana di Cadore,Nord-est,Veneto,Belluno,Belluno,BL,NORD
7,16,10016,Cicagna,Cicagna,Nord-ovest,Liguria,Genova,Genoa,GE,NORD
18,30,79030,Cicala,Cicala,Sud,Calabria,Catanzaro,Catanzaro,CZ,CALA
15,27,63027,Cicciano,Cicciano,Sud,Campania,Napoli,Naples,NA,CSUD
15,42,65042,Cicerale,Cicerale,Sud,Campania,Salerno,Salerno,SA,CSUD
12,30,58030,Ciciliano,Ciciliano,Centro,Lazio,Roma,Rome,RM,CSUD
3,30,19030,Cicognolo,Cicognolo,Nord-ovest,Lombardia,Cremona,Cremona,CR,NORD
1,83,1083,Ciconio,Ciconio,Nord-ovest,Piemonte,Torino,Turin,TO,NORD
1,69,4069,Cigli?,Cigli?,Nord-ovest,Piemonte,Cuneo,Cuneo,CN,NORD
1,42,2042,Cigliano,Cigliano,Nord-ovest,Piemonte,Vercelli,Vercelli,VC,NORD
3,49,18049,Cigognola,Cigognola,Nord-ovest,Lombardia,Pavia,Pavia,PV,NORD
3,53,17053,Cigole,Cigole,Nord-ovest,Lombardia,Brescia,Brescia,BS,NORD
3,50,18050,Cilavegna,Cilavegna,Nord-ovest,Lombardia,Pavia,Pavia,PV,NORD
5,17,26017,Cimadolmo,Cimadolmo,Nord-est,Veneto,Treviso,Treviso,TV,NORD
3,54,17054,Cimbergo,Cimbergo,Nord-ovest,Lombardia,Brescia,Brescia,BS,NORD
18,26,80026,Cimin?,Cimin?,Sud,Calabria,Reggio Calabria,Reggio Calabria,RC,CALA
19,30,82030,Ciminna,Ciminna,Isole,Sicilia,Palermo,Palermo,PA,SICI
15,28,63028,Cimitile,Cimitile,Sud,Campania,Napoli,Naples,NA,CSUD
6,14,93014,Cimolais,Cimolais,Nord-est,Friuli Venezia Giulia,Pordenone,Pordenone,PN,NORD
4,58,22058,Cimone,Cimone,Nord-est,Trentino-Alto Adige,Trento,Trento,TN,NORD
1,39,5039,Cinaglio,Cinaglio,Nord-ovest,Piemonte,Asti,Asti,AT,NORD
12,31,58031,Cineto Romano,Cineto Romano,Centro,Lazio,Roma,Rome,RM,CSUD
3,31,19031,Cingia de' Botti,Cingia de' Botti,Nord-ovest,Lombardia,Cremona,Cremona,CR,NORD
11,12,43012,Cingoli,Cingoli,Centro,Marche,Macerata,Macerata,MC,CNOR
9,7,53007,Cinigiano,Cinigiano,Centro,Toscana,Grosseto,Grosseto,GR,CNOR
3,77,15077,Cinisello Balsamo,Cinisello Balsamo,Nord-ovest,Lombardia,Milano,Milan,MI,NORD
19,31,82031,Cinisi,Cinisi,Isole,Sicilia,Palermo,Palermo,PA,SICI
3,21,14021,Cino,Cino,Nord-ovest,Lombardia,Sondrio,Sondrio,SO,NORD
18,27,80027,Cinquefrondi,Cinquefrondi,Sud,Calabria,Reggio Calabria,Reggio Calabria,RC,CALA
1,84,1084,Cintano,Cintano,Nord-ovest,Piemonte,Torino,Turin,TO,NORD
4,59,22059,Cinte Tesino,Cinte Tesino,Nord-est,Trentino-Alto Adige,Trento,Trento,TN,NORD
5,9,27009,Cinto Caomaggiore,Cinto Caomaggiore,Nord-est,Veneto,Venezia,Venice,VE,NORD
5,31,28031,Cinto Euganeo,Cinto Euganeo,Nord-est,Veneto,Padova,Padova,PD,NORD
1,85,1085,Cinzano,Cinzano,Nord-ovest,Piemonte,Torino,Turin,TO,NORD
15,30,61030,Ciorlano,Ciorlano,Sud,Campania,Caserta,Caserta,CE,CSUD
7,21,8021,Cipressa,Cipressa,Nord-ovest,Liguria,Imperia,Imperia,IM,NORD
18,7,101007,Cir?,Cir?,Sud,Calabria,Crotone,Crotone,KR,CALA
18,8,101008,Cir? Marina,Cir? Marina,Sud,Calabria,Crotone,Crotone,KR,CALA
15,24,62024,Circello,Circello,Sud,Campania,Benevento,Benevento,BN,CSUD
1,86,1086,Ciri?,Ciri?,Nord-ovest,Piemonte,Torino,Turin,TO,NORD
17,5,77005,Cirigliano,Cirigliano,Sud,Basilicata,Matera,Matera,MT,SUD
3,68,13068,Cirimido,Cirimido,Nord-ovest,Lombardia,Como,Como,CO,NORD
4,60,22060,Cis,Cis,Nord-est,Trentino-Alto Adige,Trento,Trento,TN,NORD
3,74,16074,Cisano Bergamasco,Cisano Bergamasco,Nord-ovest,Lombardia,Bergamo,Bergamo,BG,NORD
7,25,9025,Cisano sul Neva,Cisano sul Neva,Nord-ovest,Liguria,Savona,Savona,SV,NORD
3,75,16075,Ciserano,Ciserano,Nord-ovest,Lombardia,Bergamo,Bergamo,BG,NORD
3,50,12050,Cislago,Cislago,Nord-ovest,Lombardia,Varese,Varese,VA,NORD
3,78,15078,Cisliano,Cisliano,Nord-ovest,Lombardia,Milano,Milan,MI,NORD
5,18,26018,Cison di Valmarino,Cison di Valmarino,Nord-est,Veneto,Treviso,Treviso,TV,NORD
1,70,4070,Cissone,Cissone,Nord-ovest,Piemonte,Cuneo,Cuneo,CN,NORD
1,40,5040,Cisterna d'Asti,Cisterna d'Asti,Nord-ovest,Piemonte,Asti,Asti,AT,NORD
12,5,59005,Cisterna di Latina,Cisterna di Latina,Centro,Lazio,Latina,Latina,LT,CSUD
16,5,74005,Cisternino,Cisternino,Sud,Puglia,Brindisi,Brindisi,BR,SUD
10,11,54011,Citerna,Citerna,Centro,Umbria,Perugia,Perugia,PG,CSUD
10,12,54012,Citt? della Pieve,Citt? della Pieve,Centro,Umbria,Perugia,Perugia,PG,CSUD
10,13,54013,Citt? di Castello,Citt? di Castello,Centro,Umbria,Perugia,Perugia,PG,CSUD
13,12,68012,Citt? Sant'Angelo,Citt? Sant'Angelo,Sud,Abruzzo,Pescara,Pescara,PE,CSUD
5,32,28032,Cittadella,Cittadella,Nord-est,Veneto,Padova,Padova,PD,NORD
12,16,57016,Cittaducale,Cittaducale,Centro,Lazio,Rieti,Rieti,RI,CSUD
18,28,80028,Cittanova,Cittanova,Sud,Calabria,Reggio Calabria,Reggio Calabria,RC,CALA
12,17,57017,Cittareale,Cittareale,Centro,Lazio,Rieti,Rieti,RI,CSUD
3,51,12051,Cittiglio,Cittiglio,Nord-ovest,Lombardia,Varese,Varese,VA,NORD
3,22,97022,Civate,Civate,Nord-ovest,Lombardia,Lecco,Lecco,LC,NORD
7,22,8022,Civezza,Civezza,Nord-ovest,Liguria,Imperia,Imperia,IM,NORD
4,61,22061,Civezzano,Civezzano,Nord-est,Trentino-Alto Adige,Trento,Trento,TN,NORD
1,43,2043,Civiasco,Civiasco,Nord-ovest,Piemonte,Vercelli,Vercelli,VC,NORD
6,26,30026,Cividale del Friuli,Cividale del Friuli,Nord-est,Friuli Venezia Giulia,Udine,Udine,UD,NORD
3,76,16076,Cividate al Piano,Cividate al Piano,Nord-ovest,Lombardia,Bergamo,Bergamo,BG,NORD
3,55,17055,Cividate Camuno,Cividate Camuno,Nord-ovest,Lombardia,Brescia,Brescia,BS,NORD
18,41,78041,Civita,Civita,Sud,Calabria,Cosenza,Cosenza,CS,CALA
12,21,56021,Civita Castellana,Civita Castellana,Centro,Lazio,Viterbo,Viterbo,VT,CSUD
13,34,66034,Civita d'Antino,Civita d'Antino,Sud,Abruzzo,L'Aquila,L'Aquila,AQ,CSUD
14,19,70019,Civitacampomarano,Civitacampomarano,Sud,Molise,Campobasso,Campobasso,CB,SUD
13,23,69023,Civitaluparella,Civitaluparella,Sud,Abruzzo,Chieti,Chieti,CH,CSUD
14,16,94016,Civitanova del Sannio,Civitanova del Sannio,Sud,Molise,Isernia,Isernia,IS,SUD
11,13,43013,Civitanova Marche,Civitanova Marche,Centro,Marche,Macerata,Macerata,MC,CNOR
13,13,68013,Civitaquana,Civitaquana,Sud,Abruzzo,Pescara,Pescara,PE,CSUD
12,32,58032,Civitavecchia,Civitavecchia,Centro,Lazio,Roma,Rome,RM,CSUD
13,35,66035,Civitella Alfedena,Civitella Alfedena,Sud,Abruzzo,L'Aquila,L'Aquila,AQ,CSUD
13,14,68014,Civitella Casanova,Civitella Casanova,Sud,Abruzzo,Pescara,Pescara,PE,CSUD
12,22,56022,Civitella d'Agliano,Civitella d'Agliano,Centro,Lazio,Viterbo,Viterbo,VT,CSUD
13,17,67017,Civitella del Tronto,Civitella del Tronto,Sud,Abruzzo,Teramo,Teramo,TE,CSUD
8,9,40009,Civitella di Romagna,Civitella di Romagna,Nord-est,Emilia Romagna,Forlç-Cesena,Forlç-Cesena,FC,NORD
9,16,51016,Civitella in Val di Chiana,Civitella in Val di Chiana,Centro,Toscana,Arezzo,Arezzo,AR,CNOR
13,24,69024,Civitella Messer Raimondo,Civitella Messer Raimondo,Sud,Abruzzo,Chieti,Chieti,CH,CSUD
9,8,53008,Civitella Paganico,Civitella Paganico,Centro,Toscana,Grosseto,Grosseto,GR,CNOR
13,36,66036,Civitella Roveto,Civitella Roveto,Sud,Abruzzo,L'Aquila,L'Aquila,AQ,CSUD
12,33,58033,Civitella San Paolo,Civitella San Paolo,Centro,Lazio,Roma,Rome,RM,CSUD
3,22,14022,Civo,Civo,Nord-ovest,Lombardia,Sondrio,Sondrio,SO,NORD
3,71,13071,Claino con Osteno,Claino con Osteno,Nord-ovest,Lombardia,Como,Como,CO,NORD
6,15,93015,Claut,Claut,Nord-est,Friuli Venezia Giulia,Pordenone,Pordenone,PN,NORD
6,16,93016,Clauzetto,Clauzetto,Nord-est,Friuli Venezia Giulia,Pordenone,Pordenone,PN,NORD
1,71,4071,Clavesana,Clavesana,Nord-ovest,Piemonte,Cuneo,Cuneo,CN,NORD
1,87,1087,Claviere,Claviere,Nord-ovest,Piemonte,Torino,Turin,TO,NORD
4,62,22062,Cles,Cles,Nord-est,Trentino-Alto Adige,Trento,Trento,TN,NORD
18,42,78042,Cleto,Cleto,Sud,Calabria,Cosenza,Cosenza,CS,CALA
3,52,12052,Clivio,Clivio,Nord-ovest,Lombardia,Varese,Varese,VA,NORD
3,77,16077,Clusone,Clusone,Nord-ovest,Lombardia,Bergamo,Bergamo,BG,NORD
1,88,1088,Coassolo Torinese,Coassolo Torinese,Nord-ovest,Piemonte,Torino,Turin,TO,NORD
1,89,1089,Coazze,Coazze,Nord-ovest,Piemonte,Torino,Turin,TO,NORD
1,41,5041,Coazzolo,Coazzolo,Nord-ovest,Piemonte,Asti,Asti,AT,NORD
3,56,17056,Coccaglio,Coccaglio,Nord-ovest,Lombardia,Brescia,Brescia,BS,NORD
1,42,5042,Cocconato,Cocconato,Nord-ovest,Piemonte,Asti,Asti,AT,NORD
3,53,12053,Cocquio-Trevisago,Cocquio-Trevisago,Nord-ovest,Lombardia,Varese,Varese,VA,NORD
13,37,66037,Cocullo,Cocullo,Sud,Abruzzo,L'Aquila,L'Aquila,AQ,CSUD
5,33,28033,Codevigo,Codevigo,Nord-est,Veneto,Padova,Padova,PD,NORD
3,51,18051,Codevilla,Codevilla,Nord-ovest,Lombardia,Pavia,Pavia,PV,NORD
8,5,38005,Codigoro,Codigoro,Nord-est,Emilia Romagna,Ferrara,Ferrara,FE,NORD
5,19,26019,Codogn?,Codogn?,Nord-est,Veneto,Treviso,Treviso,TV,NORD
3,19,98019,Codogno,Codogno,Nord-ovest,Lombardia,Lodi,Lodi,LO,NORD
6,27,30027,Codroipo,Codroipo,Nord-est,Friuli Venezia Giulia,Udine,Udine,UD,NORD
20,26,90026,Codrongianos,Codrongianos,Isole,Sardegna,Sassari,Sassari,SS,SARD
1,19,96019,Coggiola,Coggiola,Nord-ovest,Piemonte,Biella,Biella,BI,NORD
3,20,108020,Cogliate,Cogliate,Nord-ovest,Lombardia,Monza e della Brianza,Monza e della Brianza,MB,NORD
2,21,7021,Cogne,Cogne,Nord-ovest,Valle d'Aosta,Valle d'Aosta,Aosta,AO,NORD
7,17,10017,Cogoleto,Cogoleto,Nord-ovest,Liguria,Genova,Genoa,GE,NORD
5,32,24032,Cogollo del Cengio,Cogollo del Cengio,Nord-est,Veneto,Vicenza,Vicenza,VI,NORD
7,18,10018,Cogorno,Cogorno,Nord-ovest,Liguria,Genova,Genoa,GE,NORD
1,51,3051,Colazza,Colazza,Nord-ovest,Piemonte,Novara,Novara,NO,NORD
5,126,24126,Colceresa,Colceresa,Nord-est,Veneto,Vicenza,Vicenza,VI,NORD
3,78,16078,Colere,Colere,Nord-ovest,Lombardia,Bergamo,Bergamo,BG,NORD
12,27,60027,Colfelice,Colfelice,Centro,Lazio,Frosinone,Frosinone,FR,CSUD
8,16,33016,Coli,Coli,Nord-est,Emilia Romagna,Piacenza,Piacenza,PC,NORD
3,23,97023,Colico,Colico,Nord-ovest,Lombardia,Lecco,Lecco,LC,NORD
12,18,57018,Collalto Sabino,Collalto Sabino,Centro,Lazio,Rieti,Rieti,RI,CSUD
13,38,66038,Collarmele,Collarmele,Sud,Abruzzo,L'Aquila,L'Aquila,AQ,CSUD
10,14,54014,Collazzone,Collazzone,Centro,Umbria,Perugia,Perugia,PG,CSUD
3,24,97024,Colle Brianza,Colle Brianza,Nord-ovest,Lombardia,Lecco,Lecco,LC,NORD
14,20,70020,Colle d'Anchise,Colle d'Anchise,Sud,Molise,Campobasso,Campobasso,CB,SUD
12,19,57019,Colle di Tora,Colle di Tora,Centro,Lazio,Rieti,Rieti,RI,CSUD
9,12,52012,Colle di Val d'Elsa,Colle di Val d'Elsa,Centro,Toscana,Siena,Siena,SI,CNOR
12,29,60029,Colle San Magno,Colle San Magno,Centro,Lazio,Frosinone,Frosinone,FR,CSUD
15,25,62025,Colle Sannita,Colle Sannita,Sud,Campania,Benevento,Benevento,BN,CSUD
5,14,25014,Colle Santa Lucia,Colle Santa Lucia,Nord-est,Veneto,Belluno,Belluno,BL,NORD
5,20,26020,Colle Umberto,Colle Umberto,Nord-est,Veneto,Treviso,Treviso,TV,NORD
3,57,17057,Collebeato,Collebeato,Nord-ovest,Lombardia,Brescia,Brescia,BS,NORD
8,9,34009,Collecchio,Collecchio,Nord-est,Emilia Romagna,Parma,Parma,PR,NORD
13,15,68015,Collecorvino,Collecorvino,Sud,Abruzzo,Pescara,Pescara,PE,CSUD
13,18,67018,Colledara,Colledara,Sud,Abruzzo,Teramo,Teramo,TE,CSUD
13,25,69025,Colledimacine,Colledimacine,Sud,Abruzzo,Chieti,Chieti,CH,CSUD
13,26,69026,Colledimezzo,Colledimezzo,Sud,Abruzzo,Chieti,Chieti,CH,CSUD
12,34,58034,Colleferro,Colleferro,Centro,Lazio,Roma,Rome,RM,CSUD
12,20,57020,Collegiove,Collegiove,Centro,Lazio,Rieti,Rieti,RI,CSUD
1,90,1090,Collegno,Collegno,Nord-ovest,Piemonte,Torino,Turin,TO,NORD
13,39,66039,Collelongo,Collelongo,Sud,Abruzzo,L'Aquila,L'Aquila,AQ,CSUD
12,28,60028,Collepardo,Collepardo,Centro,Lazio,Frosinone,Frosinone,FR,CSUD
16,21,75021,Collepasso,Collepasso,Sud,Puglia,Lecce,Lecce,LE,SUD
13,40,66040,Collepietro,Collepietro,Sud,Abruzzo,L'Aquila,L'Aquila,AQ,CSUD
1,91,1091,Colleretto Castelnuovo,Colleretto Castelnuovo,Nord-ovest,Piemonte,Torino,Turin,TO,NORD
1,92,1092,Colleretto Giacosa,Colleretto Giacosa,Nord-ovest,Piemonte,Torino,Turin,TO,NORD
9,8,49008,Collesalvetti,Collesalvetti,Centro,Toscana,Livorno,Livorno,LI,CNOR
19,32,82032,Collesano,Collesano,Isole,Sicilia,Palermo,Palermo,PA,SICI
14,21,70021,Colletorto,Colletorto,Sud,Molise,Campobasso,Campobasso,CB,SUD
12,21,57021,Collevecchio,Collevecchio,Centro,Lazio,Rieti,Rieti,RI,CSUD
14,17,94017,Colli a Volturno,Colli a Volturno,Sud,Molise,Isernia,Isernia,IS,SUD
11,69,41069,Colli al Metauro,Colli al Metauro,Centro,Marche,Pesaro e Urbino,Pesaro e Urbino,PU,CNOR
11,14,44014,Colli del Tronto,Colli del Tronto,Centro,Marche,Ascoli Piceno,Ascoli Piceno,AP,CNOR
12,22,57022,Colli sul Velino,Colli sul Velino,Centro,Lazio,Rieti,Rieti,RI,CSUD
3,193,18193,Colli Verdi,Colli Verdi,Nord-ovest,Lombardia,Pavia,Pavia,PV,NORD
15,43,65043,Colliano,Colliano,Sud,Campania,Salerno,Salerno,SA,CSUD
20,12,111012,Collinas,Collinas,Isole,Sardegna,Sud Sardegna,#N/A,SU,SARD
3,58,17058,Collio,Collio,Nord-ovest,Lombardia,Brescia,Brescia,BS,NORD
1,45,2045,Collobiano,Collobiano,Nord-ovest,Piemonte,Vercelli,Vercelli,VC,NORD
6,28,30028,Colloredo di Monte Albano,Colloredo di Monte Albano,Nord-est,Friuli Venezia Giulia,Udine,Udine,UD,NORD
11,14,43014,Colmurano,Colmurano,Centro,Marche,Macerata,Macerata,MC,CNOR
17,6,77006,Colobraro,Colobraro,Sud,Basilicata,Matera,Matera,MT,SUD
5,27,23027,Cologna Veneta,Cologna Veneta,Nord-est,Veneto,Verona,Verona,VR,NORD
3,59,17059,Cologne,Cologne,Nord-ovest,Lombardia,Brescia,Brescia,BS,NORD
3,79,16079,Cologno al Serio,Cologno al Serio,Nord-ovest,Lombardia,Bergamo,Bergamo,BG,NORD
3,81,15081,Cologno Monzese,Cologno Monzese,Nord-ovest,Lombardia,Milano,Milan,MI,NORD
5,28,23028,Colognola ai Colli,Colognola ai Colli,Nord-est,Veneto,Verona,Verona,VR,NORD
12,35,58035,Colonna,Colonna,Centro,Lazio,Roma,Rome,RM,CSUD
13,19,67019,Colonnella,Colonnella,Sud,Abruzzo,Teramo,Teramo,TE,CSUD
3,74,13074,Colonno,Colonno,Nord-ovest,Lombardia,Como,Como,CO,NORD
3,23,14023,Colorina,Colorina,Nord-ovest,Lombardia,Sondrio,Sondrio,SO,NORD
8,10,34010,Colorno,Colorno,Nord-est,Emilia Romagna,Parma,Parma,PR,NORD
18,43,78043,Colosimi,Colosimi,Sud,Calabria,Cosenza,Cosenza,CS,CALA
3,82,15082,Colturano,Colturano,Nord-ovest,Lombardia,Milano,Milan,MI,NORD
3,251,13251,Colverde,Colverde,Nord-ovest,Lombardia,Como,Como,CO,NORD
3,80,16080,Colzate,Colzate,Nord-ovest,Lombardia,Bergamo,Bergamo,BG,NORD
3,54,12054,Comabbio,Comabbio,Nord-ovest,Lombardia,Varese,Varese,VA,NORD
8,6,38006,Comacchio,Comacchio,Nord-est,Emilia Romagna,Ferrara,Ferrara,FE,NORD
9,5,45005,Comano,Comano,Centro,Toscana,Massa-Carrara,Massa-Carrara,MS,CNOR
4,228,22228,Comano Terme,Comano Terme,Nord-est,Trentino-Alto Adige,Trento,Trento,TN,NORD
3,20,98020,Comazzo,Comazzo,Nord-ovest,Lombardia,Lodi,Lodi,LO,NORD
6,29,30029,Comeglians,Comeglians,Nord-est,Friuli Venezia Giulia,Udine,Udine,UD,NORD
5,15,25015,Comelico Superiore,Comelico Superiore,Nord-est,Veneto,Belluno,Belluno,BL,NORD
3,55,12055,Comerio,Comerio,Nord-ovest,Lombardia,Varese,Varese,VA,NORD
3,60,17060,Comezzano-Cizzago,Comezzano-Cizzago,Nord-ovest,Lombardia,Brescia,Brescia,BS,NORD
1,52,3052,Comignago,Comignago,Nord-ovest,Piemonte,Novara,Novara,NO,NORD
19,3,88003,Comiso,Comiso,Isole,Sicilia,Ragusa,Ragusa,RG,SICI
19,16,84016,Comitini,Comitini,Isole,Sicilia,Agrigento,Agrigento,AG,SICI
15,29,63029,Comiziano,Comiziano,Sud,Campania,Napoli,Naples,NA,CSUD
3,20,20020,Commessaggio,Commessaggio,Nord-ovest,Lombardia,Mantova,Mantova,MN,NORD
4,64,22064,Commezzadura,Commezzadura,Nord-est,Trentino-Alto Adige,Trento,Trento,TN,NORD
3,75,13075,Como,Como,Nord-ovest,Lombardia,Como,Como,CO,NORD
8,11,34011,Compiano,Compiano,Nord-est,Emilia Romagna,Parma,Parma,PR,NORD
3,81,16081,Comun Nuovo,Comun Nuovo,Nord-ovest,Lombardia,Bergamo,Bergamo,BG,NORD
11,15,44015,Comunanza,Comunanza,Centro,Marche,Ascoli Piceno,Ascoli Piceno,AP,CNOR
5,10,27010,Cona,Cona,Nord-est,Veneto,Venezia,Venice,VE,NORD
14,18,94018,Conca Casale,Conca Casale,Sud,Molise,Isernia,Isernia,IS,SUD
15,44,65044,Conca dei Marini,Conca dei Marini,Sud,Campania,Salerno,Salerno,SA,CSUD
15,31,61031,Conca della Campania,Conca della Campania,Sud,Campania,Caserta,Caserta,CE,CSUD
5,29,23029,Concamarise,Concamarise,Nord-est,Veneto,Verona,Verona,VR,NORD
12,23,57023,Concerviano,Concerviano,Centro,Lazio,Rieti,Rieti,RI,CSUD
3,61,17061,Concesio,Concesio,Nord-ovest,Lombardia,Brescia,Brescia,BS,NORD
5,11,27011,Concordia Sagittaria,Concordia Sagittaria,Nord-est,Veneto,Venezia,Venice,VE,NORD
8,10,36010,Concordia sulla Secchia,Concordia sulla Secchia,Nord-est,Emilia Romagna,Modena,Modena,MO,NORD
3,21,108021,Concorezzo,Concorezzo,Nord-ovest,Lombardia,Monza e della Brianza,Monza e della Brianza,MB,NORD
18,29,80029,Condofuri,Condofuri,Sud,Calabria,Reggio Calabria,Reggio Calabria,RC,CALA
1,93,1093,Condove,Condove,Nord-ovest,Piemonte,Torino,Turin,TO,NORD
19,18,83018,Condr?,Condr?,Isole,Sicilia,Messina,Messina,ME,SICI
5,21,26021,Conegliano,Conegliano,Nord-est,Veneto,Treviso,Treviso,TV,NORD
3,52,18052,Confienza,Confienza,Nord-ovest,Lombardia,Pavia,Pavia,PV,NORD
12,24,57024,Configni,Configni,Centro,Lazio,Rieti,Rieti,RI,CSUD
18,33,79033,Conflenti,Conflenti,Sud,Calabria,Catanzaro,Catanzaro,CZ,CALA
1,60,6060,Coniolo,Coniolo,Nord-ovest,Piemonte,Alessandria,Alessandria,AL,NORD
8,8,39008,Conselice,Conselice,Nord-est,Emilia Romagna,Ravenna,Ravenna,RA,NORD
5,34,28034,Conselve,Conselve,Nord-est,Veneto,Padova,Padova,PD,NORD
4,242,22242,Cont?,Cont?,Nord-est,Trentino-Alto Adige,Trento,Trento,TN,NORD
19,33,82033,Contessa Entellina,Contessa Entellina,Isole,Sicilia,Palermo,Palermo,PA,SICI
12,25,57025,Contigliano,Contigliano,Centro,Lazio,Rieti,Rieti,RI,CSUD
15,29,64029,Contrada,Contrada,Sud,Campania,Avellino,Avellino,AV,CSUD
13,20,67020,Controguerra,Controguerra,Sud,Abruzzo,Teramo,Teramo,TE,CSUD
15,45,65045,Controne,Controne,Sud,Campania,Salerno,Salerno,SA,CSUD
15,46,65046,Contursi Terme,Contursi Terme,Sud,Campania,Salerno,Salerno,SA,CSUD
16,19,72019,Conversano,Conversano,Sud,Puglia,Bari,Bari,BA,SUD
15,30,64030,Conza della Campania,Conza della Campania,Sud,Campania,Avellino,Avellino,AV,CSUD
1,61,6061,Conzano,Conzano,Nord-ovest,Piemonte,Alessandria,Alessandria,AL,NORD
16,22,75022,Copertino,Copertino,Sud,Puglia,Lecce,Lecce,LE,SUD
3,53,18053,Copiano,Copiano,Nord-ovest,Lombardia,Pavia,Pavia,PV,NORD
8,7,38007,Copparo,Copparo,Nord-est,Emilia Romagna,Ferrara,Ferrara,FE,NORD
3,54,18054,Corana,Corana,Nord-ovest,Lombardia,Pavia,Pavia,PV,NORD
16,20,72020,Corato,Corato,Sud,Puglia,Bari,Bari,BA,SUD
15,47,65047,Corbara,Corbara,Sud,Campania,Salerno,Salerno,SA,CSUD
3,85,15085,Corbetta,Corbetta,Nord-ovest,Lombardia,Milano,Milan,MI,NORD
5,17,29017,Corbola,Corbola,Nord-est,Veneto,Rovigo,Rovigo,RO,NORD
12,23,56023,Corchiano,Corchiano,Centro,Lazio,Viterbo,Viterbo,VT,CSUD
10,15,54015,Corciano,Corciano,Centro,Umbria,Perugia,Perugia,PG,CSUD
6,17,93017,Cordenons,Cordenons,Nord-est,Friuli Venezia Giulia,Pordenone,Pordenone,PN,NORD
5,22,26022,Cordignano,Cordignano,Nord-est,Veneto,Treviso,Treviso,TV,NORD
6,18,93018,Cordovado,Cordovado,Nord-est,Friuli Venezia Giulia,Pordenone,Pordenone,PN,NORD
9,11,46011,Coreglia Antelminelli,Coreglia Antelminelli,Centro,Toscana,Lucca,Lucca,LU,CNOR
7,19,10019,Coreglia Ligure,Coreglia Ligure,Nord-ovest,Liguria,Genova,Genoa,GE,NORD
12,30,60030,Coreno Ausonio,Coreno Ausonio,Centro,Lazio,Frosinone,Frosinone,FR,CSUD
13,41,66041,Corfinio,Corfinio,Sud,Abruzzo,L'Aquila,L'Aquila,AQ,CSUD
12,6,59006,Cori,Cori,Centro,Lazio,Latina,Latina,LT,CSUD
8,3,99003,Coriano,Coriano,Nord-est,Emilia Romagna,Rimini,Rimini,RN,NORD
16,23,75023,Corigliano d'Otranto,Corigliano d'Otranto,Sud,Puglia,Lecce,Lecce,LE,SUD
18,157,78157,Corigliano-Rossano,Corigliano-Rossano,Sud,Calabria,Cosenza,Cosenza,CS,CALA
11,15,42015,Corinaldo,Corinaldo,Centro,Marche,Ancona,Ancona,AN,CNOR
1,94,1094,Corio,Corio,Nord-ovest,Piemonte,Torino,Turin,TO,NORD
19,34,82034,Corleone,Corleone,Isole,Sicilia,Palermo,Palermo,PA,SICI
15,48,65048,Corleto Monforte,Corleto Monforte,Sud,Campania,Salerno,Salerno,SA,CSUD
17,29,76029,Corleto Perticara,Corleto Perticara,Sud,Basilicata,Potenza,Potenza,PZ,SUD
3,86,15086,Cormano,Cormano,Nord-ovest,Lombardia,Milano,Milan,MI,NORD
6,2,31002,Cormons,Cormons,Nord-est,Friuli Venezia Giulia,Gorizia,Gorizia,GO,NORD
3,82,16082,Corna Imagna,Corna Imagna,Nord-ovest,Lombardia,Bergamo,Bergamo,BG,NORD
3,249,16249,Cornalba,Cornalba,Nord-ovest,Lombardia,Bergamo,Bergamo,BG,NORD
3,191,18191,Cornale e Bastida,Cornale e Bastida,Nord-ovest,Lombardia,Pavia,Pavia,PV,NORD
3,87,15087,Cornaredo,Cornaredo,Nord-ovest,Lombardia,Milano,Milan,MI,NORD
3,53,108053,Cornate d'Adda,Cornate d'Adda,Nord-ovest,Lombardia,Monza e della Brianza,Monza e della Brianza,MB,NORD
4,23,21023,Cornedo all'Isarco/Karneid,Cornedo all'Isarco,Nord-est,Trentino-Alto Adige,Bolzano/Bozen,Bolzano,BZ,NORD
5,34,24034,Cornedo Vicentino,Cornedo Vicentino,Nord-est,Veneto,Vicenza,Vicenza,VI,NORD
3,21,98021,Cornegliano Laudense,Cornegliano Laudense,Nord-ovest,Lombardia,Lodi,Lodi,LO,NORD
1,72,4072,Corneliano d'Alba,Corneliano d'Alba,Nord-ovest,Piemonte,Cuneo,Cuneo,CN,NORD
8,12,34012,Corniglio,Corniglio,Nord-est,Emilia Romagna,Parma,Parma,PR,NORD
6,30,30030,Corno di Rosazzo,Corno di Rosazzo,Nord-est,Friuli Venezia Giulia,Udine,Udine,UD,NORD
3,22,98022,Corno Giovine,Corno Giovine,Nord-ovest,Lombardia,Lodi,Lodi,LO,NORD
3,23,98023,Cornovecchio,Cornovecchio,Nord-ovest,Lombardia,Lodi,Lodi,LO,NORD
5,23,26023,Cornuda,Cornuda,Nord-est,Veneto,Treviso,Treviso,TV,NORD
8,20,35020,Correggio,Correggio,Nord-est,Emilia Romagna,Reggio nell'Emilia,Reggio Emilia,RE,NORD
3,22,108022,Correzzana,Correzzana,Nord-ovest,Lombardia,Monza e della Brianza,Monza e della Brianza,MB,NORD
5,35,28035,Correzzola,Correzzola,Nord-est,Veneto,Padova,Padova,PD,NORD
3,77,13077,Corrido,Corrido,Nord-ovest,Lombardia,Como,Como,CO,NORD
11,15,43015,Corridonia,Corridonia,Centro,Marche,Macerata,Macerata,MC,CNOR
13,21,67021,Corropoli,Corropoli,Sud,Abruzzo,Teramo,Teramo,TE,CSUD
16,24,75024,Corsano,Corsano,Sud,Puglia,Lecce,Lecce,LE,SUD
3,93,15093,Corsico,Corsico,Nord-ovest,Lombardia,Milano,Milan,MI,NORD
1,44,5044,Corsione,Corsione,Nord-ovest,Piemonte,Asti,Asti,AT,NORD
4,24,21024,Cortaccia sulla strada del vino/Kurtatsch an der Weinstra†e,Cortaccia sulla strada del vino,Nord-est,Trentino-Alto Adige,Bolzano/Bozen,Bolzano,BZ,NORD
18,34,79034,Cortale,Cortale,Sud,Calabria,Catanzaro,Catanzaro,CZ,CALA
1,45,5045,Cortandone,Cortandone,Nord-ovest,Piemonte,Asti,Asti,AT,NORD
1,46,5046,Cortanze,Cortanze,Nord-ovest,Piemonte,Asti,Asti,AT,NORD
1,47,5047,Cortazzone,Cortazzone,Nord-ovest,Piemonte,Asti,Asti,AT,NORD
8,17,33017,Corte Brugnatella,Corte Brugnatella,Nord-est,Emilia Romagna,Piacenza,Piacenza,PC,NORD
3,32,19032,Corte de' Cortesi con Cignone,Corte de' Cortesi con Cignone,Nord-ovest,Lombardia,Cremona,Cremona,CR,NORD
3,33,19033,Corte de' Frati,Corte de' Frati,Nord-ovest,Lombardia,Cremona,Cremona,CR,NORD
3,62,17062,Corte Franca,Corte Franca,Nord-ovest,Lombardia,Brescia,Brescia,BS,NORD
3,24,98024,Corte Palasio,Corte Palasio,Nord-ovest,Lombardia,Lodi,Lodi,LO,NORD
8,18,33018,Cortemaggiore,Cortemaggiore,Nord-est,Emilia Romagna,Piacenza,Piacenza,PC,NORD
1,73,4073,Cortemilia,Cortemilia,Nord-ovest,Piemonte,Cuneo,Cuneo,CN,NORD
3,63,17063,Corteno Golgi,Corteno Golgi,Nord-ovest,Lombardia,Brescia,Brescia,BS,NORD
3,25,97025,Cortenova,Cortenova,Nord-ovest,Lombardia,Lecco,Lecco,LC,NORD
3,83,16083,Cortenuova,Cortenuova,Nord-ovest,Lombardia,Bergamo,Bergamo,BG,NORD
3,192,18192,Corteolona e Genzone,Corteolona e Genzone,Nord-ovest,Lombardia,Pavia,Pavia,PV,NORD
1,48,5048,Cortiglione,Cortiglione,Nord-ovest,Piemonte,Asti,Asti,AT,NORD
5,16,25016,Cortina d'Ampezzo,Cortina d'Ampezzo,Nord-est,Veneto,Belluno,Belluno,BL,NORD
4,25,21025,Cortina sulla strada del vino/Kurtinig an der Weinstra†e,Cortina sulla strada del vino,Nord-est,Trentino-Alto Adige,Bolzano/Bozen,Bolzano,BZ,NORD
13,22,67022,Cortino,Cortino,Sud,Abruzzo,Teramo,Teramo,TE,CSUD
9,17,51017,Cortona,Cortona,Centro,Toscana,Arezzo,Arezzo,AR,CNOR
13,16,68016,Corvara,Corvara,Sud,Abruzzo,Pescara,Pescara,PE,CSUD
4,26,21026,Corvara in Badia/Corvara,Corvara in Badia,Nord-est,Trentino-Alto Adige,Bolzano/Bozen,Bolzano,BZ,NORD
3,57,18057,Corvino San Quirico,Corvino San Quirico,Nord-ovest,Lombardia,Pavia,Pavia,PV,NORD
3,64,17064,Corzano,Corzano,Nord-ovest,Lombardia,Brescia,Brescia,BS,NORD
6,31,30031,Coseano,Coseano,Nord-est,Friuli Venezia Giulia,Udine,Udine,UD,NORD
18,45,78045,Cosenza,Cosenza,Sud,Calabria,Cosenza,Cosenza,CS,CALA
7,23,8023,Cosio d'Arroscia,Cosio d'Arroscia,Nord-ovest,Liguria,Imperia,Imperia,IM,NORD
3,24,14024,Cosio Valtellino,Cosio Valtellino,Nord-ovest,Lombardia,Sondrio,Sondrio,SO,NORD
18,30,80030,Cosoleto,Cosoleto,Sud,Calabria,Reggio Calabria,Reggio Calabria,RC,CALA
1,74,4074,Cossano Belbo,Cossano Belbo,Nord-ovest,Piemonte,Cuneo,Cuneo,CN,NORD
1,95,1095,Cossano Canavese,Cossano Canavese,Nord-ovest,Piemonte,Torino,Turin,TO,NORD
1,20,96020,Cossato,Cossato,Nord-ovest,Piemonte,Biella,Biella,BI,NORD
7,26,9026,Cosseria,Cosseria,Nord-ovest,Liguria,Savona,Savona,SV,NORD
11,16,44016,Cossignano,Cossignano,Centro,Marche,Ascoli Piceno,Ascoli Piceno,AP,CNOR
1,23,103023,Cossogno,Cossogno,Nord-ovest,Piemonte,Verbano-Cusio-Ossola,Verbano-Cusio-Ossola,VB,NORD
20,27,90027,Cossoine,Cossoine,Isole,Sardegna,Sassari,Sassari,SS,SARD
1,49,5049,Cossombrato,Cossombrato,Nord-ovest,Piemonte,Asti,Asti,AT,NORD
3,58,18058,Costa de' Nobili,Costa de' Nobili,Nord-ovest,Lombardia,Pavia,Pavia,PV,NORD
3,84,16084,Costa di Mezzate,Costa di Mezzate,Nord-ovest,Lombardia,Bergamo,Bergamo,BG,NORD
5,18,29018,Costa di Rovigo,Costa di Rovigo,Nord-est,Veneto,Rovigo,Rovigo,RO,NORD
3,26,97026,Costa Masnaga,Costa Masnaga,Nord-ovest,Lombardia,Lecco,Lecco,LC,NORD
3,247,16247,Costa Serina,Costa Serina,Nord-ovest,Lombardia,Bergamo,Bergamo,BG,NORD
3,85,16085,Costa Valle Imagna,Costa Valle Imagna,Nord-ovest,Lombardia,Bergamo,Bergamo,BG,NORD
1,62,6062,Costa Vescovato,Costa Vescovato,Nord-ovest,Piemonte,Alessandria,Alessandria,AL,NORD
3,86,16086,Costa Volpino,Costa Volpino,Nord-ovest,Lombardia,Bergamo,Bergamo,BG,NORD
5,35,24035,Costabissara,Costabissara,Nord-est,Veneto,Vicenza,Vicenza,VI,NORD
10,16,54016,Costacciaro,Costacciaro,Centro,Umbria,Perugia,Perugia,PG,CSUD
1,47,2047,Costanzana,Costanzana,Nord-ovest,Piemonte,Vercelli,Vercelli,VC,NORD
7,24,8024,Costarainera,Costarainera,Nord-ovest,Liguria,Imperia,Imperia,IM,NORD
5,30,23030,Costermano sul Garda,Costermano sul Garda,Nord-est,Veneto,Verona,Verona,VR,NORD
1,50,5050,Costigliole d'Asti,Costigliole d'Asti,Nord-ovest,Piemonte,Asti,Asti,AT,NORD
1,75,4075,Costigliole Saluzzo,Costigliole Saluzzo,Nord-ovest,Piemonte,Cuneo,Cuneo,CN,NORD
8,9,39009,Cotignola,Cotignola,Nord-est,Emilia Romagna,Ravenna,Ravenna,RA,NORD
18,9,101009,Cotronei,Cotronei,Sud,Calabria,Crotone,Crotone,KR,CALA
12,26,57026,Cottanello,Cottanello,Centro,Lazio,Rieti,Rieti,RI,CSUD
2,22,7022,Courmayeur,Courmayeur,Nord-ovest,Valle d'Aosta,Valle d'Aosta,Aosta,AO,NORD
3,87,16087,Covo,Covo,Nord-ovest,Lombardia,Bergamo,Bergamo,BG,NORD
3,59,18059,Cozzo,Cozzo,Nord-ovest,Lombardia,Pavia,Pavia,PV,NORD
17,7,77007,Craco,Craco,Sud,Basilicata,Matera,Matera,MT,SUD
3,27,97027,Crandola Valsassina,Crandola Valsassina,Nord-ovest,Lombardia,Lecco,Lecco,LC,NORD
1,48,2048,Cravagliana,Cravagliana,Nord-ovest,Piemonte,Vercelli,Vercelli,VC,NORD
1,76,4076,Cravanzana,Cravanzana,Nord-ovest,Piemonte,Cuneo,Cuneo,CN,NORD
1,24,103024,Craveggia,Craveggia,Nord-ovest,Piemonte,Verbano-Cusio-Ossola,Verbano-Cusio-Ossola,VB,NORD
5,36,24036,Creazzo,Creazzo,Nord-est,Veneto,Vicenza,Vicenza,VI,NORD
13,27,69027,Crecchio,Crecchio,Sud,Abruzzo,Chieti,Chieti,CH,CSUD
3,88,16088,Credaro,Credaro,Nord-ovest,Lombardia,Bergamo,Bergamo,BG,NORD
3,34,19034,Credera Rubbiano,Credera Rubbiano,Nord-ovest,Lombardia,Cremona,Cremona,CR,NORD
3,35,19035,Crema,Crema,Nord-ovest,Lombardia,Cremona,Cremona,CR,NORD
3,28,97028,Cremella,Cremella,Nord-ovest,Lombardia,Lecco,Lecco,LC,NORD
3,56,12056,Cremenaga,Cremenaga,Nord-ovest,Lombardia,Varese,Varese,VA,NORD
3,29,97029,Cremeno,Cremeno,Nord-ovest,Lombardia,Lecco,Lecco,LC,NORD
3,83,13083,Cremia,Cremia,Nord-ovest,Lombardia,Como,Como,CO,NORD
1,63,6063,Cremolino,Cremolino,Nord-ovest,Piemonte,Alessandria,Alessandria,AL,NORD
3,36,19036,Cremona,Cremona,Nord-ovest,Lombardia,Cremona,Cremona,CR,NORD
3,37,19037,Cremosano,Cremosano,Nord-ovest,Lombardia,Cremona,Cremona,CR,NORD
1,49,2049,Crescentino,Crescentino,Nord-ovest,Piemonte,Vercelli,Vercelli,VC,NORD
5,37,24037,Crespadoro,Crespadoro,Nord-est,Veneto,Vicenza,Vicenza,VI,NORD
3,25,98025,Crespiatica,Crespiatica,Nord-ovest,Lombardia,Lodi,Lodi,LO,NORD
9,41,50041,Crespina Lorenzana,Crespina Lorenzana,Centro,Toscana,Pisa,Pisa,PI,CNOR
5,19,29019,Crespino,Crespino,Nord-est,Veneto,Rovigo,Rovigo,RO,NORD
1,55,3055,Cressa,Cressa,Nord-ovest,Piemonte,Novara,Novara,NO,NORD
1,21,96021,Crevacuore,Crevacuore,Nord-ovest,Piemonte,Biella,Biella,BI,NORD
8,24,37024,Crevalcore,Crevalcore,Nord-est,Emilia Romagna,Bologna,Bologna,BO,NORD
1,25,103025,Crevoladossola,Crevoladossola,Nord-ovest,Piemonte,Verbano-Cusio-Ossola,Verbano-Cusio-Ossola,VB,NORD
15,30,63030,Crispano,Crispano,Sud,Campania,Napoli,Naples,NA,CSUD
16,4,73004,Crispiano,Crispiano,Sud,Puglia,Taranto,Taranto,TA,SUD
1,77,4077,Crissolo,Crissolo,Nord-ovest,Piemonte,Cuneo,Cuneo,CN,NORD
7,20,10020,Crocefieschi,Crocefieschi,Nord-ovest,Liguria,Genova,Genoa,GE,NORD
5,25,26025,Crocetta del Montello,Crocetta del Montello,Nord-est,Veneto,Treviso,Treviso,TV,NORD
1,26,103026,Crodo,Crodo,Nord-ovest,Piemonte,Verbano-Cusio-Ossola,Verbano-Cusio-Ossola,VB,NORD
13,23,67023,Crognaleto,Crognaleto,Sud,Abruzzo,Teramo,Teramo,TE,CSUD
18,46,78046,Cropalati,Cropalati,Sud,Calabria,Cosenza,Cosenza,CS,CALA
18,36,79036,Cropani,Cropani,Sud,Calabria,Catanzaro,Catanzaro,CZ,CALA
18,47,78047,Crosia,Crosia,Sud,Calabria,Cosenza,Cosenza,CS,CALA
3,57,12057,Crosio della Valle,Crosio della Valle,Nord-ovest,Lombardia,Varese,Varese,VA,NORD
18,10,101010,Crotone,Crotone,Sud,Calabria,Crotone,Crotone,KR,CALA
3,38,19038,Crotta d'Adda,Crotta d'Adda,Nord-ovest,Lombardia,Cremona,Cremona,CR,NORD
1,52,2052,Crova,Crova,Nord-ovest,Piemonte,Vercelli,Vercelli,VC,NORD
4,68,22068,Croviana,Croviana,Nord-est,Trentino-Alto Adige,Trento,Trento,TN,NORD
18,11,101011,Crucoli,Crucoli,Sud,Calabria,Crotone,Crotone,KR,CALA
3,58,12058,Cuasso al Monte,Cuasso al Monte,Nord-ovest,Lombardia,Varese,Varese,VA,NORD
15,49,65049,Cuccaro Vetere,Cuccaro Vetere,Sud,Campania,Salerno,Salerno,SA,CSUD
3,84,13084,Cucciago,Cucciago,Nord-ovest,Lombardia,Como,Como,CO,NORD
1,96,1096,Cuceglio,Cuceglio,Nord-ovest,Piemonte,Torino,Turin,TO,NORD
3,96,15096,Cuggiono,Cuggiono,Nord-ovest,Lombardia,Milano,Milan,MI,NORD
3,59,12059,Cugliate-Fabiasco,Cugliate-Fabiasco,Nord-ovest,Lombardia,Varese,Varese,VA,NORD
20,19,95019,Cuglieri,Cuglieri,Isole,Sardegna,Oristano,Oristano,OR,SARD
13,17,68017,Cugnoli,Cugnoli,Sud,Abruzzo,Pescara,Pescara,PE,CSUD
1,97,1097,Cumiana,Cumiana,Nord-ovest,Piemonte,Torino,Turin,TO,NORD
3,39,19039,Cumignano sul Naviglio,Cumignano sul Naviglio,Nord-ovest,Lombardia,Cremona,Cremona,CR,NORD
3,60,12060,Cunardo,Cunardo,Nord-ovest,Lombardia,Varese,Varese,VA,NORD
1,78,4078,Cuneo,Cuneo,Nord-ovest,Piemonte,Cuneo,Cuneo,CN,NORD
1,51,5051,Cunico,Cunico,Nord-ovest,Piemonte,Asti,Asti,AT,NORD
1,98,1098,Cuorgn?,Cuorgn?,Nord-ovest,Piemonte,Torino,Turin,TO,NORD
13,28,69028,Cupello,Cupello,Sud,Abruzzo,Chieti,Chieti,CH,CSUD
11,17,44017,Cupra Marittima,Cupra Marittima,Centro,Marche,Ascoli Piceno,Ascoli Piceno,AP,CNOR
11,16,42016,Cupramontana,Cupramontana,Centro,Marche,Ancona,Ancona,AN,CNOR
3,60,18060,Cura Carpignano,Cura Carpignano,Nord-ovest,Lombardia,Pavia,Pavia,PV,NORD
20,77,95077,Curcuris,Curcuris,Isole,Sardegna,Oristano,Oristano,OR,SARD
1,58,3058,Cureggio,Cureggio,Nord-ovest,Piemonte,Novara,Novara,NO,NORD
3,61,12061,Curiglia con Monteviasco,Curiglia con Monteviasco,Nord-ovest,Lombardia,Varese,Varese,VA,NORD
18,39,79039,Curinga,Curinga,Sud,Calabria,Catanzaro,Catanzaro,CZ,CALA
1,23,96023,Curino,Curino,Nord-ovest,Piemonte,Biella,Biella,BI,NORD
3,89,16089,Curno,Curno,Nord-ovest,Lombardia,Bergamo,Bergamo,BG,NORD
4,27,21027,Curon Venosta/Graun im Vinschgau,Curon Venosta,Nord-est,Trentino-Alto Adige,Bolzano/Bozen,Bolzano,BZ,NORD
16,25,75025,Cursi,Cursi,Sud,Puglia,Lecce,Lecce,LE,SUD
5,36,28036,Curtarolo,Curtarolo,Nord-est,Veneto,Padova,Padova,PD,NORD
3,21,20021,Curtatone,Curtatone,Nord-ovest,Lombardia,Mantova,Mantova,MN,NORD
15,32,61032,Curti,Curti,Sud,Campania,Caserta,Caserta,CE,CSUD
3,97,15097,Cusago,Cusago,Nord-ovest,Lombardia,Milano,Milan,MI,NORD
3,98,15098,Cusano Milanino,Cusano Milanino,Nord-ovest,Lombardia,Milano,Milan,MI,NORD
15,26,62026,Cusano Mutri,Cusano Mutri,Sud,Campania,Benevento,Benevento,BN,CSUD
3,85,13085,Cusino,Cusino,Nord-ovest,Lombardia,Como,Como,CO,NORD
3,90,16090,Cusio,Cusio,Nord-ovest,Lombardia,Bergamo,Bergamo,BG,NORD
19,7,81007,Custonaci,Custonaci,Isole,Sicilia,Trapani,Trapani,TP,SICI
18,12,101012,Cutro,Cutro,Sud,Calabria,Crotone,Crotone,KR,CALA
16,26,75026,Cutrofiano,Cutrofiano,Sud,Puglia,Lecce,Lecce,LE,SUD
3,62,12062,Cuveglio,Cuveglio,Nord-ovest,Lombardia,Varese,Varese,VA,NORD
3,63,12063,Cuvio,Cuvio,Nord-ovest,Lombardia,Varese,Varese,VA,NORD
3,99,15099,Dairago,Dairago,Nord-ovest,Lombardia,Milano,Milan,MI,NORD
3,91,16091,Dalmine,Dalmine,Nord-ovest,Lombardia,Bergamo,Bergamo,BG,NORD
4,71,22071,Dambel,Dambel,Nord-est,Trentino-Alto Adige,Trento,Trento,TN,NORD
5,17,25017,Danta di Cadore,Danta di Cadore,Nord-est,Veneto,Belluno,Belluno,BL,NORD
3,65,17065,Darfo Boario Terme,Darfo Boario Terme,Nord-ovest,Lombardia,Brescia,Brescia,BS,NORD
18,7,102007,Das?,Das?,Sud,Calabria,Vibo Valentia,Vibo Valentia,VV,CALA
7,21,10021,Davagna,Davagna,Nord-ovest,Liguria,Genova,Genoa,GE,NORD
3,64,12064,Daverio,Daverio,Nord-ovest,Lombardia,Varese,Varese,VA,NORD
18,42,79042,Davoli,Davoli,Sud,Calabria,Catanzaro,Catanzaro,CZ,CALA
3,25,14025,Dazio,Dazio,Nord-ovest,Lombardia,Sondrio,Sondrio,SO,NORD
20,15,92015,Decimomannu,Decimomannu,Isole,Sardegna,Cagliari,Cagliari,CA,SARD
20,13,111013,Decimoputzu,Decimoputzu,Isole,Sardegna,Sud Sardegna,#N/A,SU,SARD
18,43,79043,Decollatura,Decollatura,Sud,Calabria,Catanzaro,Catanzaro,CZ,CALA
7,27,9027,Dego,Dego,Nord-ovest,Liguria,Savona,Savona,SV,NORD
7,12,11012,Deiva Marina,Deiva Marina,Nord-ovest,Liguria,La Spezia,La Spezia,SP,NORD
3,26,14026,Delebio,Delebio,Nord-ovest,Lombardia,Sondrio,Sondrio,SO,NORD
19,6,85006,Delia,Delia,Isole,Sicilia,Caltanissetta,Caltanissetta,CL,SICI
18,31,80031,Delianuova,Delianuova,Sud,Calabria,Reggio Calabria,Reggio Calabria,RC,CALA
16,22,71022,Deliceto,Deliceto,Sud,Puglia,Foggia,Foggia,FG,SUD
3,66,17066,Dello,Dello,Nord-ovest,Lombardia,Brescia,Brescia,BS,NORD
1,79,4079,Demonte,Demonte,Nord-ovest,Piemonte,Cuneo,Cuneo,CN,NORD
1,65,6065,Denice,Denice,Nord-ovest,Piemonte,Alessandria,Alessandria,AL,NORD
4,74,22074,Denno,Denno,Nord-est,Trentino-Alto Adige,Trento,Trento,TN,NORD
1,66,6066,Dernice,Dernice,Nord-ovest,Piemonte,Alessandria,Alessandria,AL,NORD
3,40,19040,Derovere,Derovere,Nord-ovest,Lombardia,Cremona,Cremona,CR,NORD
10,17,54017,Deruta,Deruta,Centro,Umbria,Perugia,Perugia,PG,CSUD
3,30,97030,Dervio,Dervio,Nord-ovest,Lombardia,Lecco,Lecco,LC,NORD
1,54,2054,Desana,Desana,Nord-ovest,Piemonte,Vercelli,Vercelli,VC,NORD
3,67,17067,Desenzano del Garda,Desenzano del Garda,Nord-ovest,Lombardia,Brescia,Brescia,BS,NORD
3,23,108023,Desio,Desio,Nord-ovest,Lombardia,Monza e della Brianza,Monza e della Brianza,MB,NORD
20,16,91016,Desulo,Desulo,Isole,Sardegna,Nuoro,Nuoro,NU,SARD
18,48,78048,Diamante,Diamante,Sud,Calabria,Cosenza,Cosenza,CS,CALA
7,25,8025,Diano Arentino,Diano Arentino,Nord-ovest,Liguria,Imperia,Imperia,IM,NORD
7,26,8026,Diano Castello,Diano Castello,Nord-ovest,Liguria,Imperia,Imperia,IM,NORD
1,80,4080,Diano d'Alba,Diano d'Alba,Nord-ovest,Piemonte,Cuneo,Cuneo,CN,NORD
7,27,8027,Diano Marina,Diano Marina,Nord-ovest,Liguria,Imperia,Imperia,IM,NORD
7,28,8028,Diano San Pietro,Diano San Pietro,Nord-ovest,Liguria,Imperia,Imperia,IM,NORD
9,13,48013,Dicomano,Dicomano,Centro,Toscana,Firenze,Florence,FI,CNOR
6,32,30032,Dignano,Dignano,Nord-est,Friuli Venezia Giulia,Udine,Udine,UD,NORD
4,233,22233,Dimaro Folgarida,Dimaro Folgarida,Nord-est,Trentino-Alto Adige,Trento,Trento,TN,NORD
18,8,102008,Dinami,Dinami,Sud,Calabria,Vibo Valentia,Vibo Valentia,VV,CALA
18,49,78049,Dipignano,Dipignano,Sud,Calabria,Cosenza,Cosenza,CS,CALA
16,27,75027,Diso,Diso,Sud,Puglia,Lecce,Lecce,LE,SUD
1,60,3060,Divignano,Divignano,Nord-ovest,Piemonte,Novara,Novara,NO,NORD
3,87,13087,Dizzasco,Dizzasco,Nord-ovest,Lombardia,Como,Como,CO,NORD
4,28,21028,Dobbiaco/Toblach,Dobbiaco,Nord-est,Trentino-Alto Adige,Bolzano/Bozen,Bolzano,BZ,NORD
6,3,31003,Doberd? del Lago-Doberdob,Doberd? del Lago,Nord-est,Friuli Venezia Giulia,Gorizia,Gorizia,GO,NORD
1,81,4081,Dogliani,Dogliani,Nord-ovest,Piemonte,Cuneo,Cuneo,CN,NORD
13,29,69029,Dogliola,Dogliola,Sud,Abruzzo,Chieti,Chieti,CH,CSUD
6,33,30033,Dogna,Dogna,Nord-est,Friuli Venezia Giulia,Udine,Udine,UD,NORD
5,31,23031,Dolc?,Dolc?,Nord-est,Veneto,Verona,Verona,VR,NORD
7,29,8029,Dolceacqua,Dolceacqua,Nord-ovest,Liguria,Imperia,Imperia,IM,NORD
7,30,8030,Dolcedo,Dolcedo,Nord-ovest,Liguria,Imperia,Imperia,IM,NORD
6,4,31004,Dolegna del Collio,Dolegna del Collio,Nord-est,Friuli Venezia Giulia,Gorizia,Gorizia,GO,NORD
20,14,111014,Dolianova,Dolianova,Isole,Sardegna,Sud Sardegna,#N/A,SU,SARD
5,12,27012,Dolo,Dolo,Nord-est,Veneto,Venezia,Venice,VE,NORD
3,31,97031,Dolzago,Dolzago,Nord-ovest,Lombardia,Lecco,Lecco,LC,NORD
18,50,78050,Domanico,Domanico,Sud,Calabria,Cosenza,Cosenza,CS,CALA
3,89,13089,Domaso,Domaso,Nord-ovest,Lombardia,Como,Como,CO,NORD
5,18,25018,Domegge di Cadore,Domegge di Cadore,Nord-est,Veneto,Belluno,Belluno,BL,NORD
15,31,64031,Domicella,Domicella,Sud,Campania,Avellino,Avellino,AV,CSUD
1,28,103028,Domodossola,Domodossola,Nord-ovest,Piemonte,Verbano-Cusio-Ossola,Verbano-Cusio-Ossola,VB,NORD
20,15,111015,Domus de Maria,Domus de Maria,Isole,Sardegna,Sud Sardegna,#N/A,SU,SARD
20,16,111016,Domusnovas,Domusnovas,Isole,Sardegna,Sud Sardegna,#N/A,SU,SARD
1,24,96024,Donato,Donato,Nord-ovest,Piemonte,Biella,Biella,BI,NORD
3,90,13090,Dongo,Dongo,Nord-ovest,Lombardia,Como,Como,CO,NORD
2,23,7023,Donnas,Donnas,Nord-ovest,Valle d'Aosta,Valle d'Aosta,Aosta,AO,NORD
20,17,111017,Donori,Donori,Isole,Sardegna,Sud Sardegna,#N/A,SU,SARD
20,17,91017,Dorgali,Dorgali,Isole,Sardegna,Nuoro,Nuoro,NU,SARD
3,32,97032,Dorio,Dorio,Nord-ovest,Lombardia,Lecco,Lecco,LC,NORD
1,62,3062,Dormelletto,Dormelletto,Nord-ovest,Piemonte,Novara,Novara,NO,NORD
3,61,18061,Dorno,Dorno,Nord-ovest,Lombardia,Pavia,Pavia,PV,NORD
1,25,96025,Dorzano,Dorzano,Nord-ovest,Piemonte,Biella,Biella,BI,NORD
3,22,20022,Dosolo,Dosolo,Nord-ovest,Lombardia,Mantova,Mantova,MN,NORD
3,92,16092,Dossena,Dossena,Nord-ovest,Lombardia,Bergamo,Bergamo,BG,NORD
3,92,13092,Dosso del Liro,Dosso del Liro,Nord-ovest,Lombardia,Como,Como,CO,NORD
2,24,7024,Doues,Doues,Nord-ovest,Valle d'Aosta,Valle d'Aosta,Aosta,AO,NORD
8,11,40011,Dovadola,Dovadola,Nord-est,Emilia Romagna,Forlç-Cesena,Forlç-Cesena,FC,NORD
3,41,19041,Dovera,Dovera,Nord-ovest,Lombardia,Cremona,Cremona,CR,NORD
8,25,37025,Dozza,Dozza,Nord-est,Emilia Romagna,Bologna,Bologna,BO,NORD
15,33,61033,Dragoni,Dragoni,Sud,Campania,Caserta,Caserta,CE,CSUD
18,9,102009,Drapia,Drapia,Sud,Calabria,Vibo Valentia,Vibo Valentia,VV,CALA
4,78,22078,Drena,Drena,Nord-est,Trentino-Alto Adige,Trento,Trento,TN,NORD
6,34,30034,Drenchia,Drenchia,Nord-est,Friuli Venezia Giulia,Udine,Udine,UD,NORD
3,101,15101,Dresano,Dresano,Nord-ovest,Lombardia,Milano,Milan,MI,NORD
4,79,22079,Dro,Dro,Nord-est,Trentino-Alto Adige,Trento,Trento,TN,NORD
1,82,4082,Dronero,Dronero,Nord-ovest,Piemonte,Cuneo,Cuneo,CN,NORD
1,99,1099,Druento,Druento,Nord-ovest,Piemonte,Torino,Turin,TO,NORD
1,29,103029,Druogno,Druogno,Nord-ovest,Piemonte,Verbano-Cusio-Ossola,Verbano-Cusio-Ossola,VB,NORD
20,18,91018,Dualchi,Dualchi,Isole,Sardegna,Nuoro,Nuoro,NU,SARD
3,27,14027,Dubino,Dubino,Nord-ovest,Lombardia,Sondrio,Sondrio,SO,NORD
5,106,28106,Due Carrare,Due Carrare,Nord-est,Veneto,Padova,Padova,PD,NORD
5,38,24038,Dueville,Dueville,Nord-est,Veneto,Vicenza,Vicenza,VI,NORD
15,27,62027,Dugenta,Dugenta,Sud,Campania,Benevento,Benevento,BN,CSUD
6,1,32001,Duino Aurisina-Devin Nabre?ina,Duino Aurisina,Nord-est,Friuli Venezia Giulia,Trieste,Trieste,TS,NORD
3,65,12065,Dumenza,Dumenza,Nord-ovest,Lombardia,Varese,Varese,VA,NORD
3,66,12066,Duno,Duno,Nord-ovest,Lombardia,Varese,Varese,VA,NORD
15,28,62028,Durazzano,Durazzano,Sud,Campania,Benevento,Benevento,BN,CSUD
14,22,70022,Duronia,Duronia,Sud,Molise,Campobasso,Campobasso,CB,SUD
1,52,5052,Dusino San Michele,Dusino San Michele,Nord-ovest,Piemonte,Asti,Asti,AT,NORD
15,50,65050,Eboli,Eboli,Sud,Campania,Salerno,Salerno,SA,CSUD
3,68,17068,Edolo,Edolo,Nord-ovest,Lombardia,Brescia,Brescia,BS,NORD
4,29,21029,Egna/Neumarkt,Egna,Nord-est,Trentino-Alto Adige,Bolzano/Bozen,Bolzano,BZ,NORD
13,18,68018,Elice,Elice,Sud,Abruzzo,Pescara,Pescara,PE,CSUD
20,19,91019,Elini,Elini,Isole,Sardegna,Nuoro,Nuoro,NU,SARD
3,33,97033,Ello,Ello,Nord-ovest,Lombardia,Lecco,Lecco,LC,NORD
20,108,92108,Elmas,Elmas,Isole,Sardegna,Cagliari,Cagliari,CA,SARD
1,83,4083,Elva,Elva,Nord-ovest,Piemonte,Cuneo,Cuneo,CN,NORD
2,25,7025,Emar?se,Emar?se,Nord-ovest,Valle d'Aosta,Valle d'Aosta,Aosta,AO,NORD
9,14,48014,Empoli,Empoli,Centro,Toscana,Firenze,Florence,FI,CNOR
3,93,16093,Endine Gaiano,Endine Gaiano,Nord-ovest,Lombardia,Bergamo,Bergamo,BG,NORD
5,39,24039,Enego,Enego,Nord-est,Veneto,Vicenza,Vicenza,VI,NORD
6,35,30035,Enemonzo,Enemonzo,Nord-est,Friuli Venezia Giulia,Udine,Udine,UD,NORD
19,9,86009,Enna,Enna,Isole,Sicilia,Enna,Enna,EN,SICI
1,84,4084,Entracque,Entracque,Nord-ovest,Piemonte,Cuneo,Cuneo,CN,NORD
3,94,16094,Entratico,Entratico,Nord-ovest,Lombardia,Bergamo,Bergamo,BG,NORD
1,85,4085,Envie,Envie,Nord-ovest,Piemonte,Cuneo,Cuneo,CN,NORD
17,30,76030,Episcopia,Episcopia,Sud,Basilicata,Potenza,Potenza,PZ,SUD
5,13,27013,Eraclea,Eraclea,Nord-est,Veneto,Venezia,Venice,VE,NORD
5,32,23032,Erb?,Erb?,Nord-est,Veneto,Verona,Verona,VR,NORD
3,95,13095,Erba,Erba,Nord-ovest,Lombardia,Como,Como,CO,NORD
5,33,23033,Erbezzo,Erbezzo,Nord-est,Veneto,Verona,Verona,VR,NORD
3,69,17069,Erbusco,Erbusco,Nord-ovest,Lombardia,Brescia,Brescia,BS,NORD
16,6,74006,Erchie,Erchie,Sud,Puglia,Brindisi,Brindisi,BR,SUD
15,64,63064,Ercolano,Ercolano,Sud,Campania,Napoli,Naples,NA,CSUD
19,8,81008,Erice,Erice,Isole,Sicilia,Trapani,Trapani,TP,SICI
7,28,9028,Erli,Erli,Nord-ovest,Liguria,Savona,Savona,SV,NORD
6,19,93019,Erto e Casso,Erto e Casso,Nord-est,Friuli Venezia Giulia,Pordenone,Pordenone,PN,NORD
20,88,90088,Erula,Erula,Isole,Sardegna,Sassari,Sassari,SS,SARD
3,34,97034,Erve,Erve,Nord-ovest,Lombardia,Lecco,Lecco,LC,NORD
11,16,43016,Esanatoglia,Esanatoglia,Centro,Marche,Macerata,Macerata,MC,CNOR
20,18,111018,Escalaplano,Escalaplano,Isole,Sardegna,Sud Sardegna,#N/A,SU,SARD
20,19,111019,Escolca,Escolca,Isole,Sardegna,Sud Sardegna,#N/A,SU,SARD
3,70,17070,Esine,Esine,Nord-ovest,Lombardia,Brescia,Brescia,BS,NORD
3,35,97035,Esino Lario,Esino Lario,Nord-ovest,Lombardia,Lecco,Lecco,LC,NORD
12,31,60031,Esperia,Esperia,Centro,Lazio,Frosinone,Frosinone,FR,CSUD
20,28,90028,Esporlatu,Esporlatu,Isole,Sardegna,Sassari,Sassari,SS,SARD
5,37,28037,Este,Este,Nord-est,Veneto,Padova,Padova,PD,NORD
20,20,111020,Esterzili,Esterzili,Isole,Sardegna,Sud Sardegna,#N/A,SU,SARD
2,26,7026,Etroubles,Etroubles,Nord-ovest,Valle d'Aosta,Valle d'Aosta,Aosta,AO,NORD
3,97,13097,Eupilio,Eupilio,Nord-ovest,Lombardia,Como,Como,CO,NORD
1,100,1100,Exilles,Exilles,Nord-ovest,Piemonte,Torino,Turin,TO,NORD
2,27,7027,F?nis,F?nis,Nord-ovest,Valle d'Aosta,Valle d'Aosta,Aosta,AO,NORD
1,67,6067,Fabbrica Curone,Fabbrica Curone,Nord-ovest,Piemonte,Alessandria,Alessandria,AL,NORD
9,36,46036,Fabbriche di Vergemoli,Fabbriche di Vergemoli,Centro,Toscana,Lucca,Lucca,LU,CNOR
8,21,35021,Fabbrico,Fabbrico,Nord-est,Emilia Romagna,Reggio nell'Emilia,Reggio Emilia,RE,NORD
11,17,42017,Fabriano,Fabriano,Centro,Marche,Ancona,Ancona,AN,CNOR
12,24,56024,Fabrica di Roma,Fabrica di Roma,Centro,Lazio,Viterbo,Viterbo,VT,CSUD
18,10,102010,Fabrizia,Fabrizia,Sud,Calabria,Vibo Valentia,Vibo Valentia,VV,CALA
10,11,55011,Fabro,Fabro,Centro,Umbria,Terni,Terni,TR,CSUD
6,36,30036,Faedis,Faedis,Nord-est,Friuli Venezia Giulia,Udine,Udine,UD,NORD
3,28,14028,Faedo Valtellino,Faedo Valtellino,Nord-ovest,Lombardia,Sondrio,Sondrio,SO,NORD
8,10,39010,Faenza,Faenza,Nord-est,Emilia Romagna,Ravenna,Ravenna,RA,NORD
16,23,71023,Faeto,Faeto,Sud,Puglia,Foggia,Foggia,FG,SUD
6,37,30037,Fagagna,Fagagna,Nord-est,Friuli Venezia Giulia,Udine,Udine,UD,NORD
3,98,13098,Faggeto Lario,Faggeto Lario,Nord-ovest,Lombardia,Como,Como,CO,NORD
16,5,73005,Faggiano,Faggiano,Sud,Puglia,Taranto,Taranto,TA,SUD
13,42,66042,Fagnano Alto,Fagnano Alto,Sud,Abruzzo,L'Aquila,L'Aquila,AQ,CSUD
18,51,78051,Fagnano Castello,Fagnano Castello,Sud,Calabria,Cosenza,Cosenza,CS,CALA
3,67,12067,Fagnano Olona,Fagnano Olona,Nord-ovest,Lombardia,Varese,Varese,VA,NORD
4,81,22081,Fai della Paganella,Fai della Paganella,Nord-est,Trentino-Alto Adige,Trento,Trento,TN,NORD
15,29,62029,Faicchio,Faicchio,Sud,Campania,Benevento,Benevento,BN,CSUD
5,19,25019,Falcade,Falcade,Nord-est,Veneto,Belluno,Belluno,BL,NORD
15,101,61101,Falciano del Massico,Falciano del Massico,Sud,Campania,Caserta,Caserta,CE,CSUD
18,52,78052,Falconara Albanese,Falconara Albanese,Sud,Calabria,Cosenza,Cosenza,CS,CALA
11,18,42018,Falconara Marittima,Falconara Marittima,Centro,Marche,Ancona,Ancona,AN,CNOR
19,19,83019,Falcone,Falcone,Isole,Sicilia,Messina,Messina,ME,SICI
12,25,56025,Faleria,Faleria,Centro,Lazio,Viterbo,Viterbo,VT,CSUD
18,47,79047,Falerna,Falerna,Sud,Calabria,Catanzaro,Catanzaro,CZ,CALA
11,5,109005,Falerone,Falerone,Centro,Marche,Fermo,Fermo,FM,CNOR
13,104,69104,Fallo,Fallo,Sud,Abruzzo,Chieti,Chieti,CH,CSUD
3,99,13099,Faloppio,Faloppio,Nord-ovest,Lombardia,Como,Como,CO,NORD
12,32,60032,Falvaterra,Falvaterra,Centro,Lazio,Frosinone,Frosinone,FR,CSUD
4,30,21030,Falzes/Pfalzen,Falzes,Nord-est,Trentino-Alto Adige,Bolzano/Bozen,Bolzano,BZ,NORD
8,11,36011,Fanano,Fanano,Nord-est,Emilia Romagna,Modena,Modena,MO,NORD
6,20,93020,Fanna,Fanna,Nord-est,Friuli Venezia Giulia,Pordenone,Pordenone,PN,NORD
11,13,41013,Fano,Fano,Centro,Marche,Pesaro e Urbino,Pesaro e Urbino,PU,CNOR
13,24,67024,Fano Adriano,Fano Adriano,Sud,Abruzzo,Teramo,Teramo,TE,CSUD
13,30,69030,Fara Filiorum Petri,Fara Filiorum Petri,Sud,Abruzzo,Chieti,Chieti,CH,CSUD
3,96,16096,Fara Gera d'Adda,Fara Gera d'Adda,Nord-ovest,Lombardia,Bergamo,Bergamo,BG,NORD
12,27,57027,Fara in Sabina,Fara in Sabina,Centro,Lazio,Rieti,Rieti,RI,CSUD
1,65,3065,Fara Novarese,Fara Novarese,Nord-ovest,Piemonte,Novara,Novara,NO,NORD
3,97,16097,Fara Olivana con Sola,Fara Olivana con Sola,Nord-ovest,Lombardia,Bergamo,Bergamo,BG,NORD
13,31,69031,Fara San Martino,Fara San Martino,Sud,Abruzzo,Chieti,Chieti,CH,CSUD
5,40,24040,Fara Vicentino,Fara Vicentino,Nord-est,Veneto,Vicenza,Vicenza,VI,NORD
17,31,76031,Fardella,Fardella,Sud,Basilicata,Potenza,Potenza,PZ,SUD
1,86,4086,Farigliano,Farigliano,Nord-ovest,Piemonte,Cuneo,Cuneo,CN,NORD
13,19,68019,Farindola,Farindola,Sud,Abruzzo,Pescara,Pescara,PE,CSUD
8,19,33019,Farini,Farini,Nord-est,Emilia Romagna,Piacenza,Piacenza,PC,NORD
12,26,56026,Farnese,Farnese,Centro,Lazio,Viterbo,Viterbo,VT,CSUD
5,26,26026,Farra di Soligo,Farra di Soligo,Nord-est,Veneto,Treviso,Treviso,TV,NORD
6,5,31005,Farra d'Isonzo,Farra d'Isonzo,Nord-est,Friuli Venezia Giulia,Gorizia,Gorizia,GO,NORD
16,7,74007,Fasano,Fasano,Sud,Puglia,Brindisi,Brindisi,BR,SUD
7,22,10022,Fascia,Fascia,Nord-ovest,Liguria,Genova,Genoa,GE,NORD
9,14,50014,Fauglia,Fauglia,Centro,Toscana,Pisa,Pisa,PI,CNOR
1,87,4087,Faule,Faule,Nord-ovest,Piemonte,Cuneo,Cuneo,CN,NORD
7,23,10023,Favale di Malvaro,Favale di Malvaro,Nord-ovest,Liguria,Genova,Genoa,GE,NORD
19,17,84017,Favara,Favara,Isole,Sicilia,Agrigento,Agrigento,AG,SICI
19,9,81009,Favignana,Favignana,Isole,Sicilia,Trapani,Trapani,TP,SICI
1,101,1101,Favria,Favria,Nord-ovest,Piemonte,Torino,Turin,TO,NORD
1,88,4088,Feisoglio,Feisoglio,Nord-ovest,Piemonte,Cuneo,Cuneo,CN,NORD
1,102,1102,Feletto,Feletto,Nord-ovest,Piemonte,Torino,Turin,TO,NORD
8,13,34013,Felino,Felino,Nord-est,Emilia Romagna,Parma,Parma,PR,NORD
15,51,65051,Felitto,Felitto,Sud,Campania,Salerno,Salerno,SA,CSUD
1,68,6068,Felizzano,Felizzano,Nord-ovest,Piemonte,Alessandria,Alessandria,AL,NORD
5,21,25021,Feltre,Feltre,Nord-est,Veneto,Belluno,Belluno,BL,NORD
3,100,13100,Fenegr?,Fenegr?,Nord-ovest,Lombardia,Como,Como,CO,NORD
1,103,1103,Fenestrelle,Fenestrelle,Nord-ovest,Piemonte,Torino,Turin,TO,NORD
10,12,55012,Ferentillo,Ferentillo,Centro,Umbria,Terni,Terni,TR,CSUD
12,33,60033,Ferentino,Ferentino,Centro,Lazio,Frosinone,Frosinone,FR,CSUD
19,8,89008,Ferla,Ferla,Isole,Sicilia,Siracusa,Siracusa,SR,SICI
11,14,41014,Fermignano,Fermignano,Centro,Marche,Pesaro e Urbino,Pesaro e Urbino,PU,CNOR
11,6,109006,Fermo,Fermo,Centro,Marche,Fermo,Fermo,FM,CNOR
3,68,12068,Ferno,Ferno,Nord-ovest,Lombardia,Varese,Varese,VA,NORD
18,48,79048,Feroleto Antico,Feroleto Antico,Sud,Calabria,Catanzaro,Catanzaro,CZ,CALA
18,32,80032,Feroleto della Chiesa,Feroleto della Chiesa,Sud,Calabria,Reggio Calabria,Reggio Calabria,RC,CALA
17,8,77008,Ferrandina,Ferrandina,Sud,Basilicata,Matera,Matera,MT,SUD
8,8,38008,Ferrara,Ferrara,Nord-est,Emilia Romagna,Ferrara,Ferrara,FE,NORD
5,34,23034,Ferrara di Monte Baldo,Ferrara di Monte Baldo,Nord-est,Veneto,Verona,Verona,VR,NORD
14,23,70023,Ferrazzano,Ferrazzano,Sud,Molise,Campobasso,Campobasso,CB,SUD
3,69,12069,Ferrera di Varese,Ferrera di Varese,Nord-ovest,Lombardia,Varese,Varese,VA,NORD
3,62,18062,Ferrera Erbognone,Ferrera Erbognone,Nord-ovest,Lombardia,Pavia,Pavia,PV,NORD
1,53,5053,Ferrere,Ferrere,Nord-ovest,Piemonte,Asti,Asti,AT,NORD
8,20,33020,Ferriere,Ferriere,Nord-est,Emilia Romagna,Piacenza,Piacenza,PC,NORD
18,33,80033,Ferruzzano,Ferruzzano,Sud,Calabria,Reggio Calabria,Reggio Calabria,RC,CALA
4,31,21031,Fi? allo Sciliar/V?ls am Schlern,Fi? allo Sciliar,Nord-est,Trentino-Alto Adige,Bolzano/Bozen,Bolzano,BZ,NORD
12,28,57028,Fiamignano,Fiamignano,Centro,Lazio,Rieti,Rieti,RI,CSUD
1,104,1104,Fiano,Fiano,Nord-ovest,Piemonte,Torino,Turin,TO,NORD
12,36,58036,Fiano Romano,Fiano Romano,Centro,Lazio,Roma,Rome,RM,CSUD
11,17,43017,Fiastra,Fiastra,Centro,Marche,Macerata,Macerata,MC,CNOR
4,83,22083,Fiav?,Fiav?,Nord-est,Trentino-Alto Adige,Trento,Trento,TN,NORD
19,35,82035,Ficarazzi,Ficarazzi,Isole,Sicilia,Palermo,Palermo,PA,SICI
5,21,29021,Ficarolo,Ficarolo,Nord-est,Veneto,Rovigo,Rovigo,RO,NORD
19,20,83020,Ficarra,Ficarra,Isole,Sicilia,Messina,Messina,ME,SICI
10,13,55013,Ficulle,Ficulle,Centro,Umbria,Terni,Terni,TR,CSUD
8,14,34014,Fidenza,Fidenza,Nord-est,Emilia Romagna,Parma,Parma,PR,NORD
4,85,22085,Fierozzo,Fierozzo,Nord-est,Trentino-Alto Adige,Trento,Trento,TN,NORD
3,43,19043,Fiesco,Fiesco,Nord-ovest,Lombardia,Cremona,Cremona,CR,NORD
9,15,48015,Fiesole,Fiesole,Centro,Toscana,Firenze,Florence,FI,CNOR
3,71,17071,Fiesse,Fiesse,Nord-ovest,Lombardia,Brescia,Brescia,BS,NORD
5,14,27014,Fiesso d'Artico,Fiesso d'Artico,Nord-est,Veneto,Venezia,Venice,VE,NORD
5,22,29022,Fiesso Umbertiano,Fiesso Umbertiano,Nord-est,Veneto,Rovigo,Rovigo,RO,NORD
3,101,13101,Figino Serenza,Figino Serenza,Nord-ovest,Lombardia,Como,Como,CO,NORD
9,52,48052,Figline e Incisa Valdarno,Figline e Incisa Valdarno,Centro,Toscana,Firenze,Florence,FI,CNOR
18,53,78053,Figline Vegliaturo,Figline Vegliaturo,Sud,Calabria,Cosenza,Cosenza,CS,CALA
12,37,58037,Filacciano,Filacciano,Centro,Lazio,Roma,Rome,RM,CSUD
18,11,102011,Filadelfia,Filadelfia,Sud,Calabria,Vibo Valentia,Vibo Valentia,VV,CALA
3,98,16098,Filago,Filago,Nord-ovest,Lombardia,Bergamo,Bergamo,BG,NORD
18,12,102012,Filandari,Filandari,Sud,Calabria,Vibo Valentia,Vibo Valentia,VV,CALA
9,6,45006,Filattiera,Filattiera,Centro,Toscana,Massa-Carrara,Massa-Carrara,MS,CNOR
12,34,60034,Filettino,Filettino,Centro,Lazio,Frosinone,Frosinone,FR,CSUD
13,32,69032,Filetto,Filetto,Sud,Abruzzo,Chieti,Chieti,CH,CSUD
17,32,76032,Filiano,Filiano,Sud,Basilicata,Potenza,Potenza,PZ,SUD
3,63,18063,Filighera,Filighera,Nord-ovest,Lombardia,Pavia,Pavia,PV,NORD
14,19,94019,Filignano,Filignano,Sud,Molise,Isernia,Isernia,IS,SUD
18,13,102013,Filogaso,Filogaso,Sud,Calabria,Vibo Valentia,Vibo Valentia,VV,CALA
11,19,42019,Filottrano,Filottrano,Centro,Marche,Ancona,Ancona,AN,CNOR
8,12,36012,Finale Emilia,Finale Emilia,Nord-est,Emilia Romagna,Modena,Modena,MO,NORD
7,29,9029,Finale Ligure,Finale Ligure,Nord-ovest,Liguria,Savona,Savona,SV,NORD
3,99,16099,Fino del Monte,Fino del Monte,Nord-ovest,Lombardia,Bergamo,Bergamo,BG,NORD
3,102,13102,Fino Mornasco,Fino Mornasco,Nord-ovest,Lombardia,Como,Como,CO,NORD
3,100,16100,Fiorano al Serio,Fiorano al Serio,Nord-ovest,Lombardia,Bergamo,Bergamo,BG,NORD
1,105,1105,Fiorano Canavese,Fiorano Canavese,Nord-ovest,Piemonte,Torino,Turin,TO,NORD
8,13,36013,Fiorano Modenese,Fiorano Modenese,Nord-est,Emilia Romagna,Modena,Modena,MO,NORD
8,21,33021,Fiorenzuola d'Arda,Fiorenzuola d'Arda,Nord-est,Emilia Romagna,Piacenza,Piacenza,PC,NORD
9,17,48017,Firenze,Firenze,Centro,Toscana,Firenze,Florence,FI,CNOR
9,18,48018,Firenzuola,Firenzuola,Centro,Toscana,Firenze,Florence,FI,CNOR
18,54,78054,Firmo,Firmo,Sud,Calabria,Cosenza,Cosenza,CS,CALA
8,27,38027,Fiscaglia,Fiscaglia,Nord-est,Emilia Romagna,Ferrara,Ferrara,FE,NORD
15,52,65052,Fisciano,Fisciano,Sud,Campania,Salerno,Salerno,SA,CSUD
12,35,60035,Fiuggi,Fiuggi,Centro,Lazio,Frosinone,Frosinone,FR,CSUD
8,14,36014,Fiumalbo,Fiumalbo,Nord-est,Emilia Romagna,Modena,Modena,MO,NORD
18,34,80034,Fiumara,Fiumara,Sud,Calabria,Reggio Calabria,Reggio Calabria,RC,CALA
6,21,93021,Fiume Veneto,Fiume Veneto,Nord-est,Friuli Venezia Giulia,Pordenone,Pordenone,PN,NORD
19,21,83021,Fiumedinisi,Fiumedinisi,Isole,Sicilia,Messina,Messina,ME,SICI
18,55,78055,Fiumefreddo Bruzio,Fiumefreddo Bruzio,Sud,Calabria,Cosenza,Cosenza,CS,CALA
19,16,87016,Fiumefreddo di Sicilia,Fiumefreddo di Sicilia,Isole,Sicilia,Catania,Catania,CT,SICI
6,190,30190,Fiumicello Villa Vicentina,Fiumicello Villa Vicentina,Nord-est,Friuli Venezia Giulia,Udine,Udine,UD,NORD
12,120,58120,Fiumicino,Fiumicino,Centro,Lazio,Roma,Rome,RM,CSUD
11,19,43019,Fiuminata,Fiuminata,Centro,Marche,Macerata,Macerata,MC,CNOR
9,7,45007,Fivizzano,Fivizzano,Centro,Toscana,Massa-Carrara,Massa-Carrara,MS,CNOR
6,39,30039,Flaibano,Flaibano,Nord-est,Friuli Venezia Giulia,Udine,Udine,UD,NORD
3,72,17072,Flero,Flero,Nord-ovest,Lombardia,Brescia,Brescia,BS,NORD
19,22,83022,Floresta,Floresta,Isole,Sicilia,Messina,Messina,ME,SICI
19,9,89009,Floridia,Floridia,Isole,Sicilia,Siracusa,Siracusa,SR,SICI
20,29,90029,Florinas,Florinas,Isole,Sardegna,Sassari,Sassari,SS,SARD
15,32,64032,Flumeri,Flumeri,Sud,Campania,Avellino,Avellino,AV,CSUD
20,21,111021,Fluminimaggiore,Fluminimaggiore,Isole,Sardegna,Sud Sardegna,#N/A,SU,SARD
20,80,95080,Flussio,Flussio,Isole,Sardegna,Oristano,Oristano,OR,SARD
1,57,2057,Fobello,Fobello,Nord-ovest,Piemonte,Vercelli,Vercelli,VC,NORD
16,24,71024,Foggia,Foggia,Sud,Puglia,Foggia,Foggia,FG,SUD
15,30,62030,Foglianise,Foglianise,Sud,Campania,Benevento,Benevento,BN,CSUD
6,6,31006,Fogliano Redipuglia,Fogliano Redipuglia,Nord-est,Friuli Venezia Giulia,Gorizia,Gorizia,GO,NORD
1,106,1106,Foglizzo,Foglizzo,Nord-ovest,Piemonte,Torino,Turin,TO,NORD
9,18,51018,Foiano della Chiana,Foiano della Chiana,Centro,Toscana,Arezzo,Arezzo,AR,CNOR
15,31,62031,Foiano di Val Fortore,Foiano di Val Fortore,Sud,Campania,Benevento,Benevento,BN,CSUD
4,87,22087,Folgaria,Folgaria,Nord-est,Trentino-Alto Adige,Trento,Trento,TN,NORD
11,20,44020,Folignano,Folignano,Centro,Marche,Ascoli Piceno,Ascoli Piceno,AP,CNOR
10,18,54018,Foligno,Foligno,Centro,Umbria,Perugia,Perugia,PG,CSUD
5,27,26027,Follina,Follina,Nord-est,Veneto,Treviso,Treviso,TV,NORD
7,13,11013,Follo,Follo,Nord-ovest,Liguria,La Spezia,La Spezia,SP,NORD
9,9,53009,Follonica,Follonica,Centro,Toscana,Grosseto,Grosseto,GR,CNOR
3,26,98026,Fombio,Fombio,Nord-ovest,Lombardia,Lodi,Lodi,LO,NORD
19,23,83023,Fondachelli-Fantina,Fondachelli-Fantina,Isole,Sicilia,Messina,Messina,ME,SICI
12,7,59007,Fondi,Fondi,Centro,Lazio,Latina,Latina,LT,CSUD
20,24,91024,Fonni,Fonni,Isole,Sardegna,Nuoro,Nuoro,NU,SARD
2,28,7028,Fontainemore,Fontainemore,Nord-ovest,Valle d'Aosta,Valle d'Aosta,Aosta,AO,NORD
12,36,60036,Fontana Liri,Fontana Liri,Centro,Lazio,Frosinone,Frosinone,FR,CSUD
6,22,93022,Fontanafredda,Fontanafredda,Nord-est,Friuli Venezia Giulia,Pordenone,Pordenone,PN,NORD
15,33,64033,Fontanarosa,Fontanarosa,Sud,Campania,Avellino,Avellino,AV,CSUD
8,26,37026,Fontanelice,Fontanelice,Nord-est,Emilia Romagna,Bologna,Bologna,BO,NORD
3,101,16101,Fontanella,Fontanella,Nord-ovest,Lombardia,Bergamo,Bergamo,BG,NORD
8,15,34015,Fontanellato,Fontanellato,Nord-est,Emilia Romagna,Parma,Parma,PR,NORD
5,28,26028,Fontanelle,Fontanelle,Nord-est,Veneto,Treviso,Treviso,TV,NORD
1,66,3066,Fontaneto d'Agogna,Fontaneto d'Agogna,Nord-ovest,Piemonte,Novara,Novara,NO,NORD
1,58,2058,Fontanetto Po,Fontanetto Po,Nord-ovest,Piemonte,Vercelli,Vercelli,VC,NORD
7,24,10024,Fontanigorda,Fontanigorda,Nord-ovest,Liguria,Genova,Genoa,GE,NORD
1,54,5054,Fontanile,Fontanile,Nord-ovest,Piemonte,Asti,Asti,AT,NORD
5,38,28038,Fontaniva,Fontaniva,Nord-est,Veneto,Padova,Padova,PD,NORD
5,29,26029,Fonte,Fonte,Nord-est,Veneto,Treviso,Treviso,TV,NORD
12,122,58122,Fonte Nuova,Fonte Nuova,Centro,Lazio,Roma,Rome,RM,CSUD
13,43,66043,Fontecchio,Fontecchio,Sud,Abruzzo,L'Aquila,L'Aquila,AQ,CSUD
12,37,60037,Fontechiari,Fontechiari,Centro,Lazio,Frosinone,Frosinone,FR,CSUD
15,34,61034,Fontegreca,Fontegreca,Sud,Campania,Caserta,Caserta,CE,CSUD
3,102,16102,Fonteno,Fonteno,Nord-ovest,Lombardia,Bergamo,Bergamo,BG,NORD
8,16,34016,Fontevivo,Fontevivo,Nord-est,Emilia Romagna,Parma,Parma,PR,NORD
5,22,25022,Fonzaso,Fonzaso,Nord-est,Veneto,Belluno,Belluno,BL,NORD
3,103,16103,Foppolo,Foppolo,Nord-ovest,Lombardia,Bergamo,Bergamo,BG,NORD
12,29,57029,Forano,Forano,Centro,Lazio,Rieti,Rieti,RI,CSUD
11,21,44021,Force,Force,Centro,Marche,Ascoli Piceno,Ascoli Piceno,AP,CNOR
15,32,62032,Forchia,Forchia,Sud,Campania,Benevento,Benevento,BN,CSUD
3,29,14029,Forcola,Forcola,Nord-ovest,Lombardia,Sondrio,Sondrio,SO,NORD
20,20,95020,Fordongianus,Fordongianus,Isole,Sardegna,Oristano,Oristano,OR,SARD
17,33,76033,Forenza,Forenza,Sud,Basilicata,Potenza,Potenza,PZ,SUD
3,104,16104,Foresto Sparso,Foresto Sparso,Nord-ovest,Lombardia,Bergamo,Bergamo,BG,NORD
6,137,30137,Forgaria nel Friuli,Forgaria nel Friuli,Nord-est,Friuli Venezia Giulia,Udine,Udine,UD,NORD
15,34,64034,Forino,Forino,Sud,Campania,Avellino,Avellino,AV,CSUD
15,31,63031,Forio,Forio,Sud,Campania,Napoli,Naples,NA,CSUD
8,12,40012,Forlç,Forlç,Nord-est,Emilia Romagna,Forlç-Cesena,Forlç-Cesena,FC,NORD
14,20,94020,Forlç del Sannio,Forlç del Sannio,Sud,Molise,Isernia,Isernia,IS,SUD
8,13,40013,Forlimpopoli,Forlimpopoli,Nord-est,Emilia Romagna,Forlç-Cesena,Forlç-Cesena,FC,NORD
1,31,103031,Formazza,Formazza,Nord-ovest,Piemonte,Verbano-Cusio-Ossola,Verbano-Cusio-Ossola,VB,NORD
12,38,58038,Formello,Formello,Centro,Lazio,Roma,Rome,RM,CSUD
12,8,59008,Formia,Formia,Centro,Lazio,Latina,Latina,LT,CSUD
15,35,61035,Formicola,Formicola,Sud,Campania,Caserta,Caserta,CE,CSUD
3,44,19044,Formigara,Formigara,Nord-ovest,Lombardia,Cremona,Cremona,CR,NORD
8,15,36015,Formigine,Formigine,Nord-est,Emilia Romagna,Modena,Modena,MO,NORD
1,59,2059,Formigliana,Formigliana,Nord-ovest,Piemonte,Vercelli,Vercelli,VC,NORD
4,89,22089,Fornace,Fornace,Nord-est,Trentino-Alto Adige,Trento,Trento,TN,NORD
14,21,94021,Fornelli,Fornelli,Sud,Molise,Isernia,Isernia,IS,SUD
6,40,30040,Forni Avoltri,Forni Avoltri,Nord-est,Friuli Venezia Giulia,Udine,Udine,UD,NORD
6,41,30041,Forni di Sopra,Forni di Sopra,Nord-est,Friuli Venezia Giulia,Udine,Udine,UD,NORD
6,42,30042,Forni di Sotto,Forni di Sotto,Nord-est,Friuli Venezia Giulia,Udine,Udine,UD,NORD
1,107,1107,Forno Canavese,Forno Canavese,Nord-ovest,Piemonte,Torino,Turin,TO,NORD
8,17,34017,Fornovo di Taro,Fornovo di Taro,Nord-est,Emilia Romagna,Parma,Parma,PR,NORD
3,105,16105,Fornovo San Giovanni,Fornovo San Giovanni,Nord-ovest,Lombardia,Bergamo,Bergamo,BG,NORD
9,13,46013,Forte dei Marmi,Forte dei Marmi,Centro,Toscana,Lucca,Lucca,LU,CNOR
4,32,21032,Fortezza/Franzensfeste,Fortezza,Nord-est,Trentino-Alto Adige,Bolzano/Bozen,Bolzano,BZ,NORD
3,64,18064,Fortunago,Fortunago,Nord-ovest,Lombardia,Pavia,Pavia,PV,NORD
19,24,83024,Forza d'Agr?,Forza d'Agr?,Isole,Sicilia,Messina,Messina,ME,SICI
9,14,46014,Fosciandora,Fosciandora,Centro,Toscana,Lucca,Lucca,LU,CNOR
9,8,45008,Fosdinovo,Fosdinovo,Centro,Toscana,Massa-Carrara,Massa-Carrara,MS,CNOR
5,17,27017,Foss?,Foss?,Nord-est,Veneto,Venezia,Venice,VE,NORD
13,44,66044,Fossa,Fossa,Sud,Abruzzo,L'Aquila,L'Aquila,AQ,CSUD
13,33,69033,Fossacesia,Fossacesia,Sud,Abruzzo,Chieti,Chieti,CH,CSUD
5,15,27015,Fossalta di Piave,Fossalta di Piave,Nord-est,Veneto,Venezia,Venice,VE,NORD
5,16,27016,Fossalta di Portogruaro,Fossalta di Portogruaro,Nord-est,Veneto,Venezia,Venice,VE,NORD
14,24,70024,Fossalto,Fossalto,Sud,Molise,Campobasso,Campobasso,CB,SUD
1,89,4089,Fossano,Fossano,Nord-ovest,Piemonte,Cuneo,Cuneo,CN,NORD
10,19,54019,Fossato di Vico,Fossato di Vico,Centro,Umbria,Perugia,Perugia,PG,CSUD
18,52,79052,Fossato Serralta,Fossato Serralta,Sud,Calabria,Catanzaro,Catanzaro,CZ,CALA
11,15,41015,Fossombrone,Fossombrone,Centro,Marche,Pesaro e Urbino,Pesaro e Urbino,PU,CNOR
5,41,24041,Foza,Foza,Nord-est,Veneto,Vicenza,Vicenza,VI,NORD
1,90,4090,Frabosa Soprana,Frabosa Soprana,Nord-ovest,Piemonte,Cuneo,Cuneo,CN,NORD
1,91,4091,Frabosa Sottana,Frabosa Sottana,Nord-ovest,Piemonte,Cuneo,Cuneo,CN,NORD
1,69,6069,Fraconalto,Fraconalto,Nord-ovest,Piemonte,Alessandria,Alessandria,AL,NORD
16,6,73006,Fragagnano,Fragagnano,Sud,Puglia,Taranto,Taranto,TA,SUD
15,33,62033,Fragneto l'Abate,Fragneto l'Abate,Sud,Campania,Benevento,Benevento,BN,CSUD
15,34,62034,Fragneto Monforte,Fragneto Monforte,Sud,Campania,Benevento,Benevento,BN,CSUD
13,34,69034,Fraine,Fraine,Sud,Abruzzo,Chieti,Chieti,CH,CSUD
7,14,11014,Framura,Framura,Nord-ovest,Liguria,La Spezia,La Spezia,SP,NORD
13,35,69035,Francavilla al Mare,Francavilla al Mare,Sud,Abruzzo,Chieti,Chieti,CH,CSUD
18,14,102014,Francavilla Angitola,Francavilla Angitola,Sud,Calabria,Vibo Valentia,Vibo Valentia,VV,CALA
1,70,6070,Francavilla Bisio,Francavilla Bisio,Nord-ovest,Piemonte,Alessandria,Alessandria,AL,NORD
11,7,109007,Francavilla d'Ete,Francavilla d'Ete,Centro,Marche,Fermo,Fermo,FM,CNOR
19,25,83025,Francavilla di Sicilia,Francavilla di Sicilia,Isole,Sicilia,Messina,Messina,ME,SICI
16,8,74008,Francavilla Fontana,Francavilla Fontana,Sud,Puglia,Brindisi,Brindisi,BR,SUD
17,34,76034,Francavilla in Sinni,Francavilla in Sinni,Sud,Basilicata,Potenza,Potenza,PZ,SUD
18,56,78056,Francavilla Marittima,Francavilla Marittima,Sud,Calabria,Cosenza,Cosenza,CS,CALA
18,15,102015,Francica,Francica,Sud,Calabria,Vibo Valentia,Vibo Valentia,VV,CALA
19,10,89010,Francofonte,Francofonte,Isole,Sicilia,Siracusa,Siracusa,SR,SICI
15,36,61036,Francolise,Francolise,Sud,Campania,Caserta,Caserta,CE,CSUD
1,71,6071,Frascaro,Frascaro,Nord-ovest,Piemonte,Alessandria,Alessandria,AL,NORD
3,65,18065,Frascarolo,Frascarolo,Nord-ovest,Lombardia,Pavia,Pavia,PV,NORD
12,39,58039,Frascati,Frascati,Centro,Lazio,Roma,Rome,RM,CSUD
18,57,78057,Frascineto,Frascineto,Sud,Calabria,Cosenza,Cosenza,CS,CALA
4,90,22090,Frassilongo,Frassilongo,Nord-est,Trentino-Alto Adige,Trento,Trento,TN,NORD
5,23,29023,Frassinelle Polesine,Frassinelle Polesine,Nord-est,Veneto,Rovigo,Rovigo,RO,NORD
1,72,6072,Frassinello Monferrato,Frassinello Monferrato,Nord-ovest,Piemonte,Alessandria,Alessandria,AL,NORD
1,73,6073,Frassineto Po,Frassineto Po,Nord-ovest,Piemonte,Alessandria,Alessandria,AL,NORD
1,108,1108,Frassinetto,Frassinetto,Nord-ovest,Piemonte,Torino,Turin,TO,NORD
1,92,4092,Frassino,Frassino,Nord-ovest,Piemonte,Cuneo,Cuneo,CN,NORD
8,16,36016,Frassinoro,Frassinoro,Nord-est,Emilia Romagna,Modena,Modena,MO,NORD
12,30,57030,Frasso Sabino,Frasso Sabino,Centro,Lazio,Rieti,Rieti,RI,CSUD
15,35,62035,Frasso Telesino,Frasso Telesino,Sud,Campania,Benevento,Benevento,BN,CSUD
5,24,29024,Fratta Polesine,Fratta Polesine,Nord-est,Veneto,Rovigo,Rovigo,RO,NORD
10,20,54020,Fratta Todina,Fratta Todina,Centro,Umbria,Perugia,Perugia,PG,CSUD
15,32,63032,Frattamaggiore,Frattamaggiore,Sud,Campania,Napoli,Naples,NA,CSUD
15,33,63033,Frattaminore,Frattaminore,Sud,Campania,Napoli,Naples,NA,CSUD
11,16,41016,Fratte Rosa,Fratte Rosa,Centro,Marche,Pesaro e Urbino,Pesaro e Urbino,PU,CNOR
19,26,83026,Frazzan?,Frazzan?,Isole,Sicilia,Messina,Messina,ME,SICI
5,30,26030,Fregona,Fregona,Nord-est,Veneto,Treviso,Treviso,TV,NORD
13,36,69036,Fresagrandinaria,Fresagrandinaria,Sud,Abruzzo,Chieti,Chieti,CH,CSUD
1,74,6074,Fresonara,Fresonara,Nord-ovest,Piemonte,Alessandria,Alessandria,AL,NORD
15,35,64035,Frigento,Frigento,Sud,Campania,Avellino,Avellino,AV,CSUD
15,37,61037,Frignano,Frignano,Sud,Campania,Caserta,Caserta,CE,CSUD
1,55,5055,Frinco,Frinco,Nord-ovest,Piemonte,Asti,Asti,AT,NORD
13,37,69037,Frisa,Frisa,Sud,Abruzzo,Chieti,Chieti,CH,CSUD
6,24,93024,Frisanco,Frisanco,Nord-est,Friuli Venezia Giulia,Pordenone,Pordenone,PN,NORD
1,109,1109,Front,Front,Nord-ovest,Piemonte,Torino,Turin,TO,NORD
11,17,41017,Frontino,Frontino,Centro,Marche,Pesaro e Urbino,Pesaro e Urbino,PU,CNOR
11,18,41018,Frontone,Frontone,Centro,Marche,Pesaro e Urbino,Pesaro e Urbino,PU,CNOR
12,38,60038,Frosinone,Frosinone,Centro,Lazio,Frosinone,Frosinone,FR,CSUD
14,22,94022,Frosolone,Frosolone,Sud,Molise,Isernia,Isernia,IS,SUD
1,110,1110,Frossasco,Frossasco,Nord-ovest,Piemonte,Torino,Turin,TO,NORD
1,75,6075,Frugarolo,Frugarolo,Nord-ovest,Piemonte,Alessandria,Alessandria,AL,NORD
1,76,6076,Fubine Monferrato,Fubine Monferrato,Nord-ovest,Piemonte,Alessandria,Alessandria,AL,NORD
9,19,48019,Fucecchio,Fucecchio,Centro,Toscana,Firenze,Florence,FI,CNOR
3,106,16106,Fuipiano Valle Imagna,Fuipiano Valle Imagna,Nord-ovest,Lombardia,Bergamo,Bergamo,BG,NORD
5,35,23035,Fumane,Fumane,Nord-est,Veneto,Verona,Verona,VR,NORD
12,39,60039,Fumone,Fumone,Centro,Lazio,Frosinone,Frosinone,FR,CSUD
4,33,21033,Funes/Villn?†,Funes,Nord-est,Trentino-Alto Adige,Bolzano/Bozen,Bolzano,BZ,NORD
13,38,69038,Furci,Furci,Sud,Abruzzo,Chieti,Chieti,CH,CSUD
19,27,83027,Furci Siculo,Furci Siculo,Isole,Sicilia,Messina,Messina,ME,SICI
19,28,83028,Furnari,Furnari,Isole,Sicilia,Messina,Messina,ME,SICI
15,53,65053,Furore,Furore,Sud,Campania,Salerno,Salerno,SA,CSUD
20,22,111022,Furtei,Furtei,Isole,Sardegna,Sud Sardegna,#N/A,SU,SARD
18,58,78058,Fuscaldo,Fuscaldo,Sud,Calabria,Cosenza,Cosenza,CS,CALA
8,11,39011,Fusignano,Fusignano,Nord-est,Emilia Romagna,Ravenna,Ravenna,RA,NORD
3,30,14030,Fusine,Fusine,Nord-ovest,Lombardia,Sondrio,Sondrio,SO,NORD
15,54,65054,Futani,Futani,Sud,Campania,Salerno,Salerno,SA,CSUD
3,45,19045,Gabbioneta-Binanuova,Gabbioneta-Binanuova,Nord-ovest,Lombardia,Cremona,Cremona,CR,NORD
1,77,6077,Gabiano,Gabiano,Nord-ovest,Piemonte,Alessandria,Alessandria,AL,NORD
11,19,41019,Gabicce Mare,Gabicce Mare,Centro,Marche,Pesaro e Urbino,Pesaro e Urbino,PU,CNOR
2,29,7029,Gaby,Gaby,Nord-ovest,Valle d'Aosta,Valle d'Aosta,Aosta,AO,NORD
3,46,19046,Gadesco-Pieve Delmona,Gadesco-Pieve Delmona,Nord-ovest,Lombardia,Cremona,Cremona,CR,NORD
20,25,91025,Gadoni,Gadoni,Isole,Sardegna,Nuoro,Nuoro,NU,SARD
12,9,59009,Gaeta,Gaeta,Centro,Lazio,Latina,Latina,LT,CSUD
19,29,83029,Gaggi,Gaggi,Isole,Sicilia,Messina,Messina,ME,SICI
3,103,15103,Gaggiano,Gaggiano,Nord-ovest,Lombardia,Milano,Milan,MI,NORD
8,27,37027,Gaggio Montano,Gaggio Montano,Nord-est,Emilia Romagna,Bologna,Bologna,BO,NORD
1,26,96026,Gaglianico,Gaglianico,Nord-ovest,Piemonte,Biella,Biella,BI,NORD
13,45,66045,Gagliano Aterno,Gagliano Aterno,Sud,Abruzzo,L'Aquila,L'Aquila,AQ,CSUD
19,10,86010,Gagliano Castelferrato,Gagliano Castelferrato,Isole,Sicilia,Enna,Enna,EN,SICI
16,28,75028,Gagliano del Capo,Gagliano del Capo,Sud,Puglia,Lecce,Lecce,LE,SUD
18,55,79055,Gagliato,Gagliato,Sud,Calabria,Catanzaro,Catanzaro,CZ,CALA
11,20,43020,Gagliole,Gagliole,Centro,Marche,Macerata,Macerata,MC,CNOR
5,31,26031,Gaiarine,Gaiarine,Nord-est,Veneto,Treviso,Treviso,TV,NORD
5,25,29025,Gaiba,Gaiba,Nord-est,Veneto,Rovigo,Rovigo,RO,NORD
1,93,4093,Gaiola,Gaiola,Nord-ovest,Piemonte,Cuneo,Cuneo,CN,NORD
9,13,52013,Gaiole in Chianti,Gaiole in Chianti,Centro,Toscana,Siena,Siena,SI,CNOR
20,26,91026,Gairo,Gairo,Isole,Sardegna,Nuoro,Nuoro,NU,SARD
4,34,21034,Gais/Gais,Gais,Nord-est,Trentino-Alto Adige,Bolzano/Bozen,Bolzano,BZ,NORD
19,30,83030,Galati Mamertino,Galati Mamertino,Isole,Sicilia,Messina,Messina,ME,SICI
16,29,75029,Galatina,Galatina,Sud,Puglia,Lecce,Lecce,LE,SUD
16,30,75030,Galatone,Galatone,Sud,Puglia,Lecce,Lecce,LE,SUD
18,35,80035,Galatro,Galatro,Sud,Calabria,Reggio Calabria,Reggio Calabria,RC,CALA
3,36,97036,Galbiate,Galbiate,Nord-ovest,Lombardia,Lecco,Lecco,LC,NORD
8,14,40014,Galeata,Galeata,Nord-est,Emilia Romagna,Forlç-Cesena,Forlç-Cesena,FC,NORD
3,27,98027,Galgagnano,Galgagnano,Nord-ovest,Lombardia,Lodi,Lodi,LO,NORD
3,70,12070,Gallarate,Gallarate,Nord-ovest,Lombardia,Varese,Varese,VA,NORD
12,27,56027,Gallese,Gallese,Centro,Lazio,Viterbo,Viterbo,VT,CSUD
1,68,3068,Galliate,Galliate,Nord-ovest,Piemonte,Novara,Novara,NO,NORD
3,71,12071,Galliate Lombardo,Galliate Lombardo,Nord-ovest,Lombardia,Varese,Varese,VA,NORD
3,66,18066,Galliavola,Galliavola,Nord-ovest,Lombardia,Pavia,Pavia,PV,NORD
9,15,46015,Gallicano,Gallicano,Centro,Toscana,Lucca,Lucca,LU,CNOR
12,40,58040,Gallicano nel Lazio,Gallicano nel Lazio,Centro,Lazio,Roma,Rome,RM,CSUD
17,35,76035,Gallicchio,Gallicchio,Sud,Basilicata,Potenza,Potenza,PZ,SUD
8,28,37028,Galliera,Galliera,Nord-est,Emilia Romagna,Bologna,Bologna,BO,NORD
5,39,28039,Galliera Veneta,Galliera Veneta,Nord-est,Veneto,Padova,Padova,PD,NORD
12,40,60040,Gallinaro,Gallinaro,Centro,Lazio,Frosinone,Frosinone,FR,CSUD
5,42,24042,Gallio,Gallio,Nord-est,Veneto,Vicenza,Vicenza,VI,NORD
16,31,75031,Gallipoli,Gallipoli,Sud,Puglia,Lecce,Lecce,LE,SUD
15,38,61038,Gallo Matese,Gallo Matese,Sud,Campania,Caserta,Caserta,CE,CSUD
19,31,83031,Gallodoro,Gallodoro,Isole,Sicilia,Messina,Messina,ME,SICI
15,39,61039,Galluccio,Galluccio,Sud,Campania,Caserta,Caserta,CE,CSUD
20,27,91027,Galtellç,Galtellç,Isole,Sardegna,Nuoro,Nuoro,NU,SARD
5,40,28040,Galzignano Terme,Galzignano Terme,Nord-est,Veneto,Padova,Padova,PD,NORD
1,78,6078,Gamalero,Gamalero,Nord-ovest,Piemonte,Alessandria,Alessandria,AL,NORD
3,73,17073,Gambara,Gambara,Nord-ovest,Lombardia,Brescia,Brescia,BS,NORD
3,67,18067,Gambarana,Gambarana,Nord-ovest,Lombardia,Pavia,Pavia,PV,NORD
1,94,4094,Gambasca,Gambasca,Nord-ovest,Piemonte,Cuneo,Cuneo,CN,NORD
9,20,48020,Gambassi Terme,Gambassi Terme,Centro,Toscana,Firenze,Florence,FI,CNOR
14,25,70025,Gambatesa,Gambatesa,Sud,Molise,Campobasso,Campobasso,CB,SUD
5,43,24043,Gambellara,Gambellara,Nord-est,Veneto,Vicenza,Vicenza,VI,NORD
13,39,69039,Gamberale,Gamberale,Sud,Abruzzo,Chieti,Chieti,CH,CSUD
8,15,40015,Gambettola,Gambettola,Nord-est,Emilia Romagna,Forlç-Cesena,Forlç-Cesena,FC,NORD
3,68,18068,Gambol?,Gambol?,Nord-ovest,Lombardia,Pavia,Pavia,PV,NORD
5,44,24044,Gambugliano,Gambugliano,Nord-est,Veneto,Vicenza,Vicenza,VI,NORD
3,107,16107,Gandellino,Gandellino,Nord-ovest,Lombardia,Bergamo,Bergamo,BG,NORD
3,108,16108,Gandino,Gandino,Nord-ovest,Lombardia,Bergamo,Bergamo,BG,NORD
3,109,16109,Gandosso,Gandosso,Nord-ovest,Lombardia,Bergamo,Bergamo,BG,NORD
19,36,82036,Gangi,Gangi,Isole,Sicilia,Palermo,Palermo,PA,SICI
17,9,77009,Garaguso,Garaguso,Sud,Basilicata,Matera,Matera,MT,SUD
1,79,6079,Garbagna,Garbagna,Nord-ovest,Piemonte,Alessandria,Alessandria,AL,NORD
1,69,3069,Garbagna Novarese,Garbagna Novarese,Nord-ovest,Piemonte,Novara,Novara,NO,NORD
3,105,15105,Garbagnate Milanese,Garbagnate Milanese,Nord-ovest,Lombardia,Milano,Milan,MI,NORD
3,37,97037,Garbagnate Monastero,Garbagnate Monastero,Nord-ovest,Lombardia,Lecco,Lecco,LC,NORD
5,36,23036,Garda,Garda,Nord-est,Veneto,Verona,Verona,VR,NORD
3,74,17074,Gardone Riviera,Gardone Riviera,Nord-ovest,Lombardia,Brescia,Brescia,BS,NORD
3,75,17075,Gardone Val Trompia,Gardone Val Trompia,Nord-ovest,Lombardia,Brescia,Brescia,BS,NORD
1,95,4095,Garessio,Garessio,Nord-ovest,Piemonte,Cuneo,Cuneo,CN,NORD
1,70,3070,Gargallo,Gargallo,Nord-ovest,Piemonte,Novara,Novara,NO,NORD
4,35,21035,Gargazzone/Gargazon,Gargazzone,Nord-est,Trentino-Alto Adige,Bolzano/Bozen,Bolzano,BZ,NORD
3,76,17076,Gargnano,Gargnano,Nord-ovest,Lombardia,Brescia,Brescia,BS,NORD
3,69,18069,Garlasco,Garlasco,Nord-ovest,Lombardia,Pavia,Pavia,PV,NORD
3,38,97038,Garlate,Garlate,Nord-ovest,Lombardia,Lecco,Lecco,LC,NORD
7,30,9030,Garlenda,Garlenda,Nord-ovest,Liguria,Savona,Savona,SV,NORD
4,91,22091,Garniga Terme,Garniga Terme,Nord-est,Trentino-Alto Adige,Trento,Trento,TN,NORD
3,106,13106,Garzeno,Garzeno,Nord-ovest,Lombardia,Como,Como,CO,NORD
1,111,1111,Garzigliana,Garzigliana,Nord-ovest,Piemonte,Torino,Turin,TO,NORD
18,56,79056,Gasperina,Gasperina,Sud,Calabria,Catanzaro,Catanzaro,CZ,CALA
1,112,1112,Gassino Torinese,Gassino Torinese,Nord-ovest,Piemonte,Torino,Turin,TO,NORD
8,22,35022,Gattatico,Gattatico,Nord-est,Emilia Romagna,Reggio nell'Emilia,Reggio Emilia,RE,NORD
8,16,40016,Gatteo,Gatteo,Nord-est,Emilia Romagna,Forlç-Cesena,Forlç-Cesena,FC,NORD
1,166,3166,Gattico-Veruno,Gattico-Veruno,Nord-ovest,Piemonte,Novara,Novara,NO,NORD
1,61,2061,Gattinara,Gattinara,Nord-ovest,Piemonte,Vercelli,Vercelli,VC,NORD
3,77,17077,Gavardo,Gavardo,Nord-ovest,Lombardia,Brescia,Brescia,BS,NORD
5,26,29026,Gavello,Gavello,Nord-est,Veneto,Rovigo,Rovigo,RO,NORD
3,110,16110,Gaverina Terme,Gaverina Terme,Nord-ovest,Lombardia,Bergamo,Bergamo,BG,NORD
1,81,6081,Gavi,Gavi,Nord-ovest,Piemonte,Alessandria,Alessandria,AL,NORD
12,41,58041,Gavignano,Gavignano,Centro,Lazio,Roma,Rome,RM,CSUD
3,72,12072,Gavirate,Gavirate,Nord-ovest,Lombardia,Varese,Varese,VA,NORD
20,28,91028,Gavoi,Gavoi,Isole,Sardegna,Nuoro,Nuoro,NU,SARD
9,10,53010,Gavorrano,Gavorrano,Centro,Toscana,Grosseto,Grosseto,GR,CNOR
3,24,20024,Gazoldo degli Ippoliti,Gazoldo degli Ippoliti,Nord-ovest,Lombardia,Mantova,Mantova,MN,NORD
3,73,12073,Gazzada Schianno,Gazzada Schianno,Nord-ovest,Lombardia,Varese,Varese,VA,NORD
3,111,16111,Gazzaniga,Gazzaniga,Nord-ovest,Lombardia,Bergamo,Bergamo,BG,NORD
5,41,28041,Gazzo,Gazzo,Nord-est,Veneto,Padova,Padova,PD,NORD
5,37,23037,Gazzo Veronese,Gazzo Veronese,Nord-est,Veneto,Verona,Verona,VR,NORD
8,22,33022,Gazzola,Gazzola,Nord-est,Emilia Romagna,Piacenza,Piacenza,PC,NORD
3,25,20025,Gazzuolo,Gazzuolo,Nord-ovest,Lombardia,Mantova,Mantova,MN,NORD
19,7,85007,Gela,Gela,Isole,Sicilia,Caltanissetta,Caltanissetta,CL,SICI
8,4,99004,Gemmano,Gemmano,Nord-est,Emilia Romagna,Rimini,Rimini,RN,NORD
6,43,30043,Gemona del Friuli,Gemona del Friuli,Nord-est,Friuli Venezia Giulia,Udine,Udine,UD,NORD
3,74,12074,Gemonio,Gemonio,Nord-ovest,Lombardia,Varese,Varese,VA,NORD
12,42,58042,Genazzano,Genazzano,Centro,Lazio,Roma,Rome,RM,CSUD
11,20,42020,Genga,Genga,Centro,Marche,Ancona,Ancona,AN,CNOR
3,47,19047,Genivolta,Genivolta,Nord-ovest,Lombardia,Cremona,Cremona,CR,NORD
1,96,4096,Genola,Genola,Nord-ovest,Piemonte,Cuneo,Cuneo,CN,NORD
20,23,111023,Genoni,Genoni,Isole,Sardegna,Sud Sardegna,#N/A,SU,SARD
7,25,10025,Genova,Genova,Nord-ovest,Liguria,Genova,Genoa,GE,NORD
20,24,111024,Genuri,Genuri,Isole,Sardegna,Sud Sardegna,#N/A,SU,SARD
17,36,76036,Genzano di Lucania,Genzano di Lucania,Sud,Basilicata,Potenza,Potenza,PZ,SUD
12,43,58043,Genzano di Roma,Genzano di Roma,Centro,Lazio,Roma,Rome,RM,CSUD
3,107,13107,Gera Lario,Gera Lario,Nord-ovest,Lombardia,Como,Como,CO,NORD
18,36,80036,Gerace,Gerace,Sud,Calabria,Reggio Calabria,Reggio Calabria,RC,CALA
19,37,82037,Geraci Siculo,Geraci Siculo,Isole,Sicilia,Palermo,Palermo,PA,SICI
12,44,58044,Gerano,Gerano,Centro,Lazio,Roma,Rome,RM,CSUD
3,71,18071,Gerenzago,Gerenzago,Nord-ovest,Lombardia,Pavia,Pavia,PV,NORD
3,75,12075,Gerenzano,Gerenzano,Nord-ovest,Lombardia,Varese,Varese,VA,NORD
20,25,111025,Gergei,Gergei,Isole,Sardegna,Sud Sardegna,#N/A,SU,SARD
1,113,1113,Germagnano,Germagnano,Nord-ovest,Piemonte,Torino,Turin,TO,NORD
1,32,103032,Germagno,Germagno,Nord-ovest,Piemonte,Verbano-Cusio-Ossola,Verbano-Cusio-Ossola,VB,NORD
3,76,12076,Germignaga,Germignaga,Nord-ovest,Lombardia,Varese,Varese,VA,NORD
18,16,102016,Gerocarne,Gerocarne,Sud,Calabria,Vibo Valentia,Vibo Valentia,VV,CALA
3,31,14031,Gerola Alta,Gerola Alta,Nord-ovest,Lombardia,Sondrio,Sondrio,SO,NORD
3,48,19048,Gerre de' Caprioli,Gerre de' Caprioli,Nord-ovest,Lombardia,Cremona,Cremona,CR,NORD
20,26,111026,Gesico,Gesico,Isole,Sardegna,Sud Sardegna,#N/A,SU,SARD
3,106,15106,Gessate,Gessate,Nord-ovest,Lombardia,Milano,Milan,MI,NORD
13,40,69040,Gessopalena,Gessopalena,Sud,Abruzzo,Chieti,Chieti,CH,CSUD
20,27,111027,Gesturi,Gesturi,Isole,Sardegna,Sud Sardegna,#N/A,SU,SARD
15,36,64036,Gesualdo,Gesualdo,Sud,Campania,Avellino,Avellino,AV,CSUD
3,78,17078,Ghedi,Ghedi,Nord-ovest,Lombardia,Brescia,Brescia,BS,NORD
1,73,3073,Ghemme,Ghemme,Nord-ovest,Piemonte,Novara,Novara,NO,NORD
1,33,103033,Ghiffa,Ghiffa,Nord-ovest,Piemonte,Verbano-Cusio-Ossola,Verbano-Cusio-Ossola,VB,NORD
20,21,95021,Ghilarza,Ghilarza,Isole,Sardegna,Oristano,Oristano,OR,SARD
3,113,16113,Ghisalba,Ghisalba,Nord-ovest,Lombardia,Bergamo,Bergamo,BG,NORD
1,62,2062,Ghislarengo,Ghislarengo,Nord-ovest,Piemonte,Vercelli,Vercelli,VC,NORD
5,27,29027,Giacciano con Baruchella,Giacciano con Baruchella,Nord-est,Veneto,Rovigo,Rovigo,RO,NORD
1,114,1114,Giaglione,Giaglione,Nord-ovest,Piemonte,Torino,Turin,TO,NORD
3,79,17079,Gianico,Gianico,Nord-ovest,Lombardia,Brescia,Brescia,BS,NORD
10,21,54021,Giano dell'Umbria,Giano dell'Umbria,Centro,Umbria,Perugia,Perugia,PG,CSUD
15,40,61040,Giano Vetusto,Giano Vetusto,Sud,Campania,Caserta,Caserta,CE,CSUD
19,38,82038,Giardinello,Giardinello,Isole,Sicilia,Palermo,Palermo,PA,SICI
19,32,83032,Giardini-Naxos,Giardini-Naxos,Isole,Sicilia,Messina,Messina,ME,SICI
1,82,6082,Giarole,Giarole,Nord-ovest,Piemonte,Alessandria,Alessandria,AL,NORD
19,4,88004,Giarratana,Giarratana,Isole,Sicilia,Ragusa,Ragusa,RG,SICI
19,17,87017,Giarre,Giarre,Isole,Sicilia,Catania,Catania,CT,SICI
20,30,90030,Giave,Giave,Isole,Sardegna,Sassari,Sassari,SS,SARD
1,115,1115,Giaveno,Giaveno,Nord-ovest,Piemonte,Torino,Turin,TO,NORD
5,32,26032,Giavera del Montello,Giavera del Montello,Nord-est,Veneto,Treviso,Treviso,TV,NORD
20,28,111028,Giba,Giba,Isole,Sardegna,Sud Sardegna,#N/A,SU,SARD
19,10,81010,Gibellina,Gibellina,Isole,Sicilia,Trapani,Trapani,TP,SICI
1,27,96027,Gifflenga,Gifflenga,Nord-ovest,Piemonte,Biella,Biella,BI,NORD
18,37,80037,Giffone,Giffone,Sud,Calabria,Reggio Calabria,Reggio Calabria,RC,CALA
15,55,65055,Giffoni Sei Casali,Giffoni Sei Casali,Sud,Campania,Salerno,Salerno,SA,CSUD
15,56,65056,Giffoni Valle Piana,Giffoni Valle Piana,Sud,Campania,Salerno,Salerno,SA,CSUD
1,34,103034,Gignese,Gignese,Nord-ovest,Piemonte,Verbano-Cusio-Ossola,Verbano-Cusio-Ossola,VB,NORD
2,30,7030,Gignod,Gignod,Nord-ovest,Valle d'Aosta,Valle d'Aosta,Aosta,AO,NORD
14,26,70026,Gildone,Gildone,Sud,Molise,Campobasso,Campobasso,CB,SUD
18,58,79058,Gimigliano,Gimigliano,Sud,Calabria,Catanzaro,Catanzaro,CZ,CALA
17,99,76099,Ginestra,Ginestra,Sud,Basilicata,Potenza,Potenza,PZ,SUD
15,36,62036,Ginestra degli Schiavoni,Ginestra degli Schiavoni,Sud,Campania,Benevento,Benevento,BN,CSUD
16,7,73007,Ginosa,Ginosa,Sud,Puglia,Taranto,Taranto,TA,SUD
15,57,65057,Gioi,Gioi,Sud,Campania,Salerno,Salerno,SA,CSUD
13,46,66046,Gioia dei Marsi,Gioia dei Marsi,Sud,Abruzzo,L'Aquila,L'Aquila,AQ,CSUD
16,21,72021,Gioia del Colle,Gioia del Colle,Sud,Puglia,Bari,Bari,BA,SUD
15,41,61041,Gioia Sannitica,Gioia Sannitica,Sud,Campania,Caserta,Caserta,CE,CSUD
18,38,80038,Gioia Tauro,Gioia Tauro,Sud,Calabria,Reggio Calabria,Reggio Calabria,RC,CALA
18,39,80039,Gioiosa Ionica,Gioiosa Ionica,Sud,Calabria,Reggio Calabria,Reggio Calabria,RC,CALA
19,33,83033,Gioiosa Marea,Gioiosa Marea,Isole,Sicilia,Messina,Messina,ME,SICI
10,14,55014,Giove,Giove,Centro,Umbria,Terni,Terni,TR,CSUD
16,22,72022,Giovinazzo,Giovinazzo,Sud,Puglia,Bari,Bari,BA,SUD
4,92,22092,Giovo,Giovo,Nord-est,Trentino-Alto Adige,Trento,Trento,TN,NORD
20,31,91031,Girasole,Girasole,Isole,Sardegna,Nuoro,Nuoro,NU,SARD
18,59,79059,Girifalco,Girifalco,Sud,Calabria,Catanzaro,Catanzaro,CZ,CALA
13,41,69041,Gissi,Gissi,Sud,Abruzzo,Chieti,Chieti,CH,CSUD
16,32,75032,Giuggianello,Giuggianello,Sud,Puglia,Lecce,Lecce,LE,SUD
15,34,63034,Giugliano in Campania,Giugliano in Campania,Sud,Campania,Napoli,Naples,NA,CSUD
19,39,82039,Giuliana,Giuliana,Isole,Sicilia,Palermo,Palermo,PA,SICI
12,41,60041,Giuliano di Roma,Giuliano di Roma,Centro,Lazio,Frosinone,Frosinone,FR,CSUD
13,42,69042,Giuliano Teatino,Giuliano Teatino,Sud,Abruzzo,Chieti,Chieti,CH,CSUD
13,25,67025,Giulianova,Giulianova,Sud,Abruzzo,Teramo,Teramo,TE,CSUD
15,58,65058,Giungano,Giungano,Sud,Campania,Salerno,Salerno,SA,CSUD
16,33,75033,Giurdignano,Giurdignano,Sud,Puglia,Lecce,Lecce,LE,SUD
3,72,18072,Giussago,Giussago,Nord-ovest,Lombardia,Pavia,Pavia,PV,NORD
3,24,108024,Giussano,Giussano,Nord-ovest,Lombardia,Monza e della Brianza,Monza e della Brianza,MB,NORD
7,31,9031,Giustenice,Giustenice,Nord-ovest,Liguria,Savona,Savona,SV,NORD
4,93,22093,Giustino,Giustino,Nord-est,Trentino-Alto Adige,Trento,Trento,TN,NORD
7,32,9032,Giusvalla,Giusvalla,Nord-ovest,Liguria,Savona,Savona,SV,NORD
1,116,1116,Givoletto,Givoletto,Nord-ovest,Piemonte,Torino,Turin,TO,NORD
18,60,79060,Gizzeria,Gizzeria,Sud,Calabria,Catanzaro,Catanzaro,CZ,CALA
4,36,21036,Glorenza/Glurns,Glorenza,Nord-est,Trentino-Alto Adige,Bolzano/Bozen,Bolzano,BZ,NORD
5,33,26033,Godega di Sant'Urbano,Godega di Sant'Urbano,Nord-est,Veneto,Treviso,Treviso,TV,NORD
3,73,18073,Godiasco Salice Terme,Godiasco Salice Terme,Nord-ovest,Lombardia,Pavia,Pavia,PV,NORD
19,40,82040,Godrano,Godrano,Isole,Sicilia,Palermo,Palermo,PA,SICI
3,26,20026,Goito,Goito,Nord-ovest,Lombardia,Mantova,Mantova,MN,NORD
3,77,12077,Golasecca,Golasecca,Nord-ovest,Lombardia,Varese,Varese,VA,NORD
3,74,18074,Golferenzo,Golferenzo,Nord-ovest,Lombardia,Pavia,Pavia,PV,NORD
20,83,90083,Golfo Aranci,Golfo Aranci,Isole,Sardegna,Sassari,Sassari,SS,SARD
3,49,19049,Gombito,Gombito,Nord-ovest,Lombardia,Cremona,Cremona,CR,NORD
6,44,30044,Gonars,Gonars,Nord-est,Friuli Venezia Giulia,Udine,Udine,UD,NORD
20,29,111029,Goni,Goni,Isole,Sardegna,Sud Sardegna,#N/A,SU,SARD
20,30,111030,Gonnesa,Gonnesa,Isole,Sardegna,Sud Sardegna,#N/A,SU,SARD
20,22,95022,Gonnoscodina,Gonnoscodina,Isole,Sardegna,Oristano,Oristano,OR,SARD
20,31,111031,Gonnosfanadiga,Gonnosfanadiga,Isole,Sardegna,Sud Sardegna,#N/A,SU,SARD
20,23,95023,Gonnosn?,Gonnosn?,Isole,Sardegna,Oristano,Oristano,OR,SARD
20,24,95024,Gonnostramatza,Gonnostramatza,Isole,Sardegna,Oristano,Oristano,OR,SARD
3,27,20027,Gonzaga,Gonzaga,Nord-ovest,Lombardia,Mantova,Mantova,MN,NORD
3,32,14032,Gordona,Gordona,Nord-ovest,Lombardia,Sondrio,Sondrio,SO,NORD
12,45,58045,Gorga,Gorga,Centro,Lazio,Roma,Rome,RM,CSUD
5,34,26034,Gorgo al Monticano,Gorgo al Monticano,Nord-est,Veneto,Treviso,Treviso,TV,NORD
17,10,77010,Gorgoglione,Gorgoglione,Sud,Basilicata,Matera,Matera,MT,SUD
3,108,15108,Gorgonzola,Gorgonzola,Nord-ovest,Lombardia,Milano,Milan,MI,NORD
13,47,66047,Goriano Sicoli,Goriano Sicoli,Sud,Abruzzo,L'Aquila,L'Aquila,AQ,CSUD
6,7,31007,Gorizia,Gorizia,Nord-est,Friuli Venezia Giulia,Gorizia,Gorizia,GO,NORD
3,78,12078,Gorla Maggiore,Gorla Maggiore,Nord-ovest,Lombardia,Varese,Varese,VA,NORD
3,79,12079,Gorla Minore,Gorla Minore,Nord-ovest,Lombardia,Varese,Varese,VA,NORD
3,114,16114,Gorlago,Gorlago,Nord-ovest,Lombardia,Bergamo,Bergamo,BG,NORD
3,115,16115,Gorle,Gorle,Nord-ovest,Lombardia,Bergamo,Bergamo,BG,NORD
3,80,12080,Gornate Olona,Gornate Olona,Nord-ovest,Lombardia,Varese,Varese,VA,NORD
3,116,16116,Gorno,Gorno,Nord-ovest,Lombardia,Bergamo,Bergamo,BG,NORD
8,25,38025,Goro,Goro,Nord-est,Emilia Romagna,Ferrara,Ferrara,FE,NORD
7,26,10026,Gorreto,Gorreto,Nord-ovest,Liguria,Genova,Genoa,GE,NORD
1,97,4097,Gorzegno,Gorzegno,Nord-ovest,Piemonte,Cuneo,Cuneo,CN,NORD
5,25,25025,Gosaldo,Gosaldo,Nord-est,Veneto,Belluno,Belluno,BL,NORD
8,23,33023,Gossolengo,Gossolengo,Nord-est,Emilia Romagna,Piacenza,Piacenza,PC,NORD
1,98,4098,Gottasecca,Gottasecca,Nord-ovest,Piemonte,Cuneo,Cuneo,CN,NORD
3,80,17080,Gottolengo,Gottolengo,Nord-ovest,Lombardia,Brescia,Brescia,BS,NORD
1,99,4099,Govone,Govone,Nord-ovest,Piemonte,Cuneo,Cuneo,CN,NORD
1,76,3076,Gozzano,Gozzano,Nord-ovest,Piemonte,Novara,Novara,NO,NORD
11,20,41020,Gradara,Gradara,Centro,Marche,Pesaro e Urbino,Pesaro e Urbino,PU,CNOR
6,8,31008,Gradisca d'Isonzo,Gradisca d'Isonzo,Nord-est,Friuli Venezia Giulia,Gorizia,Gorizia,GO,NORD
6,9,31009,Grado,Grado,Nord-est,Friuli Venezia Giulia,Gorizia,Gorizia,GO,NORD
12,28,56028,Gradoli,Gradoli,Centro,Lazio,Viterbo,Viterbo,VT,CSUD
3,28,98028,Graffignana,Graffignana,Nord-ovest,Lombardia,Lodi,Lodi,LO,NORD
12,29,56029,Graffignano,Graffignano,Centro,Lazio,Viterbo,Viterbo,VT,CSUD
1,28,96028,Graglia,Graglia,Nord-ovest,Piemonte,Biella,Biella,BI,NORD
15,35,63035,Gragnano,Gragnano,Sud,Campania,Napoli,Naples,NA,CSUD
8,24,33024,Gragnano Trebbiense,Gragnano Trebbiense,Nord-est,Emilia Romagna,Piacenza,Piacenza,PC,NORD
19,18,87018,Grammichele,Grammichele,Isole,Sicilia,Catania,Catania,CT,SICI
1,56,5056,Grana Monferrato,Grana Monferrato,Nord-ovest,Piemonte,Asti,Asti,AT,NORD
8,30,37030,Granarolo dell'Emilia,Granarolo dell'Emilia,Nord-est,Emilia Romagna,Bologna,Bologna,BO,NORD
3,110,13110,Grandate,Grandate,Nord-ovest,Lombardia,Como,Como,CO,NORD
3,111,13111,Grandola ed Uniti,Grandola ed Uniti,Nord-ovest,Lombardia,Como,Como,CO,NORD
19,34,83034,Graniti,Graniti,Isole,Sicilia,Messina,Messina,ME,SICI
1,77,3077,Granozzo con Monticello,Granozzo con Monticello,Nord-ovest,Piemonte,Novara,Novara,NO,NORD
3,81,12081,Grantola,Grantola,Nord-ovest,Lombardia,Varese,Varese,VA,NORD
5,42,28042,Grantorto,Grantorto,Nord-est,Veneto,Padova,Padova,PD,NORD
5,43,28043,Granze,Granze,Nord-est,Veneto,Padova,Padova,PD,NORD
17,11,77011,Grassano,Grassano,Sud,Basilicata,Matera,Matera,MT,SUD
3,117,16117,Grassobbio,Grassobbio,Nord-ovest,Lombardia,Bergamo,Bergamo,BG,NORD
19,41,82041,Gratteri,Gratteri,Isole,Sicilia,Palermo,Palermo,PA,SICI
3,249,13249,Gravedona ed Uniti,Gravedona ed Uniti,Nord-ovest,Lombardia,Como,Como,CO,NORD
3,75,18075,Gravellona Lomellina,Gravellona Lomellina,Nord-ovest,Lombardia,Pavia,Pavia,PV,NORD
1,35,103035,Gravellona Toce,Gravellona Toce,Nord-ovest,Piemonte,Verbano-Cusio-Ossola,Verbano-Cusio-Ossola,VB,NORD
1,117,1117,Gravere,Gravere,Nord-ovest,Piemonte,Torino,Turin,TO,NORD
19,19,87019,Gravina di Catania,Gravina di Catania,Isole,Sicilia,Catania,Catania,CT,SICI
16,23,72023,Gravina in Puglia,Gravina in Puglia,Sud,Puglia,Bari,Bari,BA,SUD
15,42,61042,Grazzanise,Grazzanise,Sud,Campania,Caserta,Caserta,CE,CSUD
1,57,5057,Grazzano Badoglio,Grazzano Badoglio,Nord-ovest,Piemonte,Asti,Asti,AT,NORD
12,31,57031,Greccio,Greccio,Centro,Lazio,Rieti,Rieti,RI,CSUD
15,37,64037,Greci,Greci,Sud,Campania,Avellino,Avellino,AV,CSUD
1,65,2065,Greggio,Greggio,Nord-ovest,Piemonte,Vercelli,Vercelli,VC,NORD
1,83,6083,Gremiasco,Gremiasco,Nord-ovest,Piemonte,Alessandria,Alessandria,AL,NORD
2,31,7031,Gressan,Gressan,Nord-ovest,Valle d'Aosta,Valle d'Aosta,Aosta,AO,NORD
2,32,7032,Gressoney-La-Trinit?,Gressoney-La-Trinit?,Nord-ovest,Valle d'Aosta,Valle d'Aosta,Aosta,AO,NORD
2,33,7033,Gressoney-Saint-Jean,Gressoney-Saint-Jean,Nord-ovest,Valle d'Aosta,Valle d'Aosta,Aosta,AO,NORD
9,21,48021,Greve in Chianti,Greve in Chianti,Centro,Toscana,Firenze,Florence,FI,CNOR
3,110,15110,Grezzago,Grezzago,Nord-ovest,Lombardia,Milano,Milan,MI,NORD
5,38,23038,Grezzana,Grezzana,Nord-est,Veneto,Verona,Verona,VR,NORD
3,113,13113,Griante,Griante,Nord-ovest,Lombardia,Como,Como,CO,NORD
15,43,61043,Gricignano di Aversa,Gricignano di Aversa,Sud,Campania,Caserta,Caserta,CE,CSUD
1,79,3079,Grignasco,Grignasco,Nord-ovest,Piemonte,Novara,Novara,NO,NORD
4,95,22095,Grigno,Grigno,Nord-est,Trentino-Alto Adige,Trento,Trento,TN,NORD
6,45,30045,Grimacco,Grimacco,Nord-est,Friuli Venezia Giulia,Udine,Udine,UD,NORD
18,59,78059,Grimaldi,Grimaldi,Sud,Calabria,Cosenza,Cosenza,CS,CALA
1,100,4100,Grinzane Cavour,Grinzane Cavour,Nord-ovest,Piemonte,Cuneo,Cuneo,CN,NORD
5,46,24046,Grisignano di Zocco,Grisignano di Zocco,Nord-est,Veneto,Vicenza,Vicenza,VI,NORD
18,60,78060,Grisolia,Grisolia,Sud,Calabria,Cosenza,Cosenza,CS,CALA
8,31,37031,Grizzana Morandi,Grizzana Morandi,Nord-est,Emilia Romagna,Bologna,Bologna,BO,NORD
1,84,6084,Grognardo,Grognardo,Nord-ovest,Piemonte,Alessandria,Alessandria,AL,NORD
3,118,16118,Gromo,Gromo,Nord-ovest,Lombardia,Bergamo,Bergamo,BG,NORD
1,85,6085,Grondona,Grondona,Nord-ovest,Piemonte,Alessandria,Alessandria,AL,NORD
3,119,16119,Grone,Grone,Nord-ovest,Lombardia,Bergamo,Bergamo,BG,NORD
3,50,19050,Grontardo,Grontardo,Nord-ovest,Lombardia,Cremona,Cremona,CR,NORD
3,76,18076,Gropello Cairoli,Gropello Cairoli,Nord-ovest,Lombardia,Pavia,Pavia,PV,NORD
8,25,33025,Gropparello,Gropparello,Nord-est,Emilia Romagna,Piacenza,Piacenza,PC,NORD
1,118,1118,Groscavallo,Groscavallo,Nord-ovest,Piemonte,Torino,Turin,TO,NORD
3,33,14033,Grosio,Grosio,Nord-ovest,Lombardia,Sondrio,Sondrio,SO,NORD
3,34,14034,Grosotto,Grosotto,Nord-ovest,Lombardia,Sondrio,Sondrio,SO,NORD
9,11,53011,Grosseto,Grosseto,Centro,Toscana,Grosseto,Grosseto,GR,CNOR
1,119,1119,Grosso,Grosso,Nord-ovest,Piemonte,Torino,Turin,TO,NORD
12,46,58046,Grottaferrata,Grottaferrata,Centro,Lazio,Roma,Rome,RM,CSUD
16,8,73008,Grottaglie,Grottaglie,Sud,Puglia,Taranto,Taranto,TA,SUD
15,38,64038,Grottaminarda,Grottaminarda,Sud,Campania,Avellino,Avellino,AV,CSUD
11,23,44023,Grottammare,Grottammare,Centro,Marche,Ascoli Piceno,Ascoli Piceno,AP,CNOR
11,8,109008,Grottazzolina,Grottazzolina,Centro,Marche,Fermo,Fermo,FM,CNOR
19,18,84018,Grotte,Grotte,Isole,Sicilia,Agrigento,Agrigento,AG,SICI
12,30,56030,Grotte di Castro,Grotte di Castro,Centro,Lazio,Viterbo,Viterbo,VT,CSUD
18,40,80040,Grotteria,Grotteria,Sud,Calabria,Reggio Calabria,Reggio Calabria,RC,CALA
17,12,77012,Grottole,Grottole,Sud,Basilicata,Matera,Matera,MT,SUD
15,39,64039,Grottolella,Grottolella,Sud,Campania,Avellino,Avellino,AV,CSUD
5,18,27018,Gruaro,Gruaro,Nord-est,Veneto,Venezia,Venice,VE,NORD
1,120,1120,Grugliasco,Grugliasco,Nord-ovest,Piemonte,Torino,Turin,TO,NORD
3,51,19051,Grumello Cremonese ed Uniti,Grumello Cremonese ed Uniti,Nord-ovest,Lombardia,Cremona,Cremona,CR,NORD
3,120,16120,Grumello del Monte,Grumello del Monte,Nord-ovest,Lombardia,Bergamo,Bergamo,BG,NORD
17,37,76037,Grumento Nova,Grumento Nova,Sud,Basilicata,Potenza,Potenza,PZ,SUD
16,24,72024,Grumo Appula,Grumo Appula,Sud,Puglia,Bari,Bari,BA,SUD
15,36,63036,Grumo Nevano,Grumo Nevano,Sud,Campania,Napoli,Naples,NA,CSUD
5,47,24047,Grumolo delle Abbadesse,Grumolo delle Abbadesse,Nord-est,Veneto,Vicenza,Vicenza,VI,NORD
16,34,75034,Guagnano,Guagnano,Sud,Puglia,Lecce,Lecce,LE,SUD
11,21,43021,Gualdo,Gualdo,Centro,Marche,Macerata,Macerata,MC,CNOR
10,22,54022,Gualdo Cattaneo,Gualdo Cattaneo,Centro,Umbria,Perugia,Perugia,PG,CSUD
10,23,54023,Gualdo Tadino,Gualdo Tadino,Centro,Umbria,Perugia,Perugia,PG,CSUD
8,23,35023,Gualtieri,Gualtieri,Nord-est,Emilia Romagna,Reggio nell'Emilia,Reggio Emilia,RE,NORD
19,35,83035,Gualtieri Sicamin?,Gualtieri Sicamin?,Isole,Sicilia,Messina,Messina,ME,SICI
20,32,111032,Guamaggiore,Guamaggiore,Isole,Sardegna,Sud Sardegna,#N/A,SU,SARD
3,114,13114,Guanzate,Guanzate,Nord-ovest,Lombardia,Como,Como,CO,NORD
12,42,60042,Guarcino,Guarcino,Centro,Lazio,Frosinone,Frosinone,FR,CSUD
5,28,29028,Guarda Veneta,Guarda Veneta,Nord-est,Veneto,Rovigo,Rovigo,RO,NORD
1,66,2066,Guardabosone,Guardabosone,Nord-ovest,Piemonte,Vercelli,Vercelli,VC,NORD
3,29,98029,Guardamiglio,Guardamiglio,Nord-ovest,Lombardia,Lodi,Lodi,LO,NORD
18,61,79061,Guardavalle,Guardavalle,Sud,Calabria,Catanzaro,Catanzaro,CZ,CALA
10,15,55015,Guardea,Guardea,Centro,Umbria,Terni,Terni,TR,CSUD
15,40,64040,Guardia Lombardi,Guardia Lombardi,Sud,Campania,Avellino,Avellino,AV,CSUD
17,38,76038,Guardia Perticara,Guardia Perticara,Sud,Basilicata,Potenza,Potenza,PZ,SUD
18,61,78061,Guardia Piemontese,Guardia Piemontese,Sud,Calabria,Cosenza,Cosenza,CS,CALA
15,37,62037,Guardia Sanframondi,Guardia Sanframondi,Sud,Campania,Benevento,Benevento,BN,CSUD
13,43,69043,Guardiagrele,Guardiagrele,Sud,Abruzzo,Chieti,Chieti,CH,CSUD
14,27,70027,Guardialfiera,Guardialfiera,Sud,Molise,Campobasso,Campobasso,CB,SUD
14,28,70028,Guardiaregia,Guardiaregia,Sud,Molise,Campobasso,Campobasso,CB,SUD
9,15,50015,Guardistallo,Guardistallo,Centro,Toscana,Pisa,Pisa,PI,CNOR
1,101,4101,Guarene,Guarene,Nord-ovest,Piemonte,Cuneo,Cuneo,CN,NORD
20,33,111033,Guasila,Guasila,Isole,Sardegna,Sud Sardegna,#N/A,SU,SARD
8,24,35024,Guastalla,Guastalla,Nord-est,Emilia Romagna,Reggio nell'Emilia,Reggio Emilia,RE,NORD
1,86,6086,Guazzora,Guazzora,Nord-ovest,Piemonte,Alessandria,Alessandria,AL,NORD
10,24,54024,Gubbio,Gubbio,Centro,Umbria,Perugia,Perugia,PG,CSUD
3,112,15112,Gudo Visconti,Gudo Visconti,Nord-ovest,Lombardia,Milano,Milan,MI,NORD
14,29,70029,Guglionesi,Guglionesi,Sud,Molise,Campobasso,Campobasso,CB,SUD
3,28,20028,Guidizzolo,Guidizzolo,Nord-ovest,Lombardia,Mantova,Mantova,MN,NORD
12,47,58047,Guidonia Montecelio,Guidonia Montecelio,Centro,Lazio,Roma,Rome,RM,CSUD
8,17,36017,Guiglia,Guiglia,Nord-est,Emilia Romagna,Modena,Modena,MO,NORD
13,44,69044,Guilmi,Guilmi,Sud,Abruzzo,Chieti,Chieti,CH,CSUD
1,36,103036,Gurro,Gurro,Nord-ovest,Piemonte,Verbano-Cusio-Ossola,Verbano-Cusio-Ossola,VB,NORD
20,34,111034,Guspini,Guspini,Isole,Sardegna,Sud Sardegna,#N/A,SU,SARD
3,81,17081,Gussago,Gussago,Nord-ovest,Lombardia,Brescia,Brescia,BS,NORD
3,52,19052,Gussola,Gussola,Nord-ovest,Lombardia,Cremona,Cremona,CR,NORD
2,34,7034,H?ne,H?ne,Nord-ovest,Valle d'Aosta,Valle d'Aosta,Aosta,AO,NORD
3,82,17082,Idro,Idro,Nord-ovest,Lombardia,Brescia,Brescia,BS,NORD
20,35,111035,Iglesias,Iglesias,Isole,Sardegna,Sud Sardegna,#N/A,SU,SARD
1,102,4102,Igliano,Igliano,Nord-ovest,Piemonte,Cuneo,Cuneo,CN,NORD
20,32,91032,Ilbono,Ilbono,Isole,Sardegna,Nuoro,Nuoro,NU,SARD
5,39,23039,Illasi,Illasi,Nord-est,Veneto,Verona,Verona,VR,NORD
20,31,90031,Illorai,Illorai,Isole,Sardegna,Sassari,Sassari,SS,SARD
3,39,97039,Imbersago,Imbersago,Nord-ovest,Lombardia,Lecco,Lecco,LC,NORD
4,97,22097,Imer,Imer,Nord-est,Trentino-Alto Adige,Trento,Trento,TN,NORD
8,32,37032,Imola,Imola,Nord-est,Emilia Romagna,Bologna,Bologna,BO,NORD
7,31,8031,Imperia,Imperia,Nord-ovest,Liguria,Imperia,Imperia,IM,NORD
9,22,48022,Impruneta,Impruneta,Centro,Toscana,Firenze,Florence,FI,CNOR
3,82,12082,Inarzo,Inarzo,Nord-ovest,Lombardia,Varese,Varese,VA,NORD
1,58,5058,Incisa Scapaccino,Incisa Scapaccino,Nord-ovest,Piemonte,Asti,Asti,AT,NORD
3,83,17083,Incudine,Incudine,Nord-ovest,Lombardia,Brescia,Brescia,BS,NORD
3,83,12083,Induno Olona,Induno Olona,Nord-ovest,Lombardia,Varese,Varese,VA,NORD
1,121,1121,Ingria,Ingria,Nord-ovest,Piemonte,Torino,Turin,TO,NORD
1,37,103037,Intragna,Intragna,Nord-ovest,Piemonte,Verbano-Cusio-Ossola,Verbano-Cusio-Ossola,VB,NORD
3,40,97040,Introbio,Introbio,Nord-ovest,Lombardia,Lecco,Lecco,LC,NORD
2,35,7035,Introd,Introd,Nord-ovest,Valle d'Aosta,Valle d'Aosta,Aosta,AO,NORD
13,48,66048,Introdacqua,Introdacqua,Sud,Abruzzo,L'Aquila,L'Aquila,AQ,CSUD
3,118,13118,Inverigo,Inverigo,Nord-ovest,Lombardia,Como,Como,CO,NORD
3,77,18077,Inverno e Monteleone,Inverno e Monteleone,Nord-ovest,Lombardia,Pavia,Pavia,PV,NORD
1,122,1122,Inverso Pinasca,Inverso Pinasca,Nord-ovest,Piemonte,Torino,Turin,TO,NORD
3,113,15113,Inveruno,Inveruno,Nord-ovest,Lombardia,Milano,Milan,MI,NORD
1,82,3082,Invorio,Invorio,Nord-ovest,Piemonte,Novara,Novara,NO,NORD
3,114,15114,Inzago,Inzago,Nord-ovest,Lombardia,Milano,Milan,MI,NORD
18,17,102017,Ionadi,Ionadi,Sud,Calabria,Vibo Valentia,Vibo Valentia,VV,CALA
20,33,91033,Irgoli,Irgoli,Isole,Sardegna,Nuoro,Nuoro,NU,SARD
3,84,17084,Irma,Irma,Nord-ovest,Lombardia,Brescia,Brescia,BS,NORD
17,13,77013,Irsina,Irsina,Sud,Basilicata,Matera,Matera,MT,SUD
1,103,4103,Isasca,Isasca,Nord-ovest,Piemonte,Cuneo,Cuneo,CN,NORD
18,63,79063,Isca sullo Ionio,Isca sullo Ionio,Sud,Calabria,Catanzaro,Catanzaro,CZ,CALA
15,37,63037,Ischia,Ischia,Sud,Campania,Napoli,Naples,NA,CSUD
12,31,56031,Ischia di Castro,Ischia di Castro,Centro,Lazio,Viterbo,Viterbo,VT,CSUD
16,25,71025,Ischitella,Ischitella,Sud,Puglia,Foggia,Foggia,FG,SUD
3,85,17085,Iseo,Iseo,Nord-ovest,Lombardia,Brescia,Brescia,BS,NORD
4,98,22098,Isera,Isera,Nord-est,Trentino-Alto Adige,Trento,Trento,TN,NORD
14,23,94023,Isernia,Isernia,Sud,Molise,Isernia,Isernia,IS,SUD
20,36,111036,Isili,Isili,Isole,Sardegna,Sud Sardegna,#N/A,SU,SARD
19,42,82042,Isnello,Isnello,Isole,Sicilia,Palermo,Palermo,PA,SICI
1,59,5059,Isola d'Asti,Isola d'Asti,Nord-ovest,Piemonte,Asti,Asti,AT,NORD
7,27,10027,Isola del Cantone,Isola del Cantone,Nord-ovest,Liguria,Genova,Genoa,GE,NORD
9,12,53012,Isola del Giglio,Isola del Giglio,Centro,Toscana,Grosseto,Grosseto,GR,CNOR
13,26,67026,Isola del Gran Sasso d'Italia,Isola del Gran Sasso d'Italia,Sud,Abruzzo,Teramo,Teramo,TE,CSUD
12,43,60043,Isola del Liri,Isola del Liri,Centro,Lazio,Frosinone,Frosinone,FR,CSUD
11,21,41021,Isola del Piano,Isola del Piano,Centro,Marche,Pesaro e Urbino,Pesaro e Urbino,PU,CNOR
5,40,23040,Isola della Scala,Isola della Scala,Nord-est,Veneto,Verona,Verona,VR,NORD
19,43,82043,Isola delle Femmine,Isola delle Femmine,Isole,Sicilia,Palermo,Palermo,PA,SICI
18,13,101013,Isola di Capo Rizzuto,Isola di Capo Rizzuto,Sud,Calabria,Crotone,Crotone,KR,CALA
3,121,16121,Isola di Fondra,Isola di Fondra,Nord-ovest,Lombardia,Bergamo,Bergamo,BG,NORD
3,53,19053,Isola Dovarese,Isola Dovarese,Nord-ovest,Lombardia,Cremona,Cremona,CR,NORD
5,41,23041,Isola Rizza,Isola Rizza,Nord-est,Veneto,Verona,Verona,VR,NORD
1,87,6087,Isola Sant'Antonio,Isola Sant'Antonio,Nord-ovest,Piemonte,Alessandria,Alessandria,AL,NORD
5,48,24048,Isola Vicentina,Isola Vicentina,Nord-est,Veneto,Vicenza,Vicenza,VI,NORD
1,123,1123,Isolabella,Isolabella,Nord-ovest,Piemonte,Torino,Turin,TO,NORD
7,32,8032,Isolabona,Isolabona,Nord-ovest,Liguria,Imperia,Imperia,IM,NORD
16,26,71026,Isole Tremiti,Isole Tremiti,Sud,Puglia,Foggia,Foggia,FG,SUD
3,86,17086,Isorella,Isorella,Nord-ovest,Lombardia,Brescia,Brescia,BS,NORD
15,59,65059,Ispani,Ispani,Sud,Campania,Salerno,Salerno,SA,CSUD
19,5,88005,Ispica,Ispica,Isole,Sicilia,Ragusa,Ragusa,RG,SICI
3,84,12084,Ispra,Ispra,Nord-ovest,Lombardia,Varese,Varese,VA,NORD
1,124,1124,Issiglio,Issiglio,Nord-ovest,Piemonte,Torino,Turin,TO,NORD
2,36,7036,Issime,Issime,Nord-ovest,Valle d'Aosta,Valle d'Aosta,Aosta,AO,NORD
3,122,16122,Isso,Isso,Nord-ovest,Lombardia,Bergamo,Bergamo,BG,NORD
2,37,7037,Issogne,Issogne,Nord-ovest,Valle d'Aosta,Valle d'Aosta,Aosta,AO,NORD
5,35,26035,Istrana,Istrana,Nord-est,Veneto,Treviso,Treviso,TV,NORD
19,36,83036,Itala,Itala,Isole,Sicilia,Messina,Messina,ME,SICI
12,10,59010,Itri,Itri,Centro,Lazio,Latina,Latina,LT,CSUD
20,32,90032,Ittireddu,Ittireddu,Isole,Sardegna,Sassari,Sassari,SS,SARD
20,33,90033,Ittiri,Ittiri,Isole,Sardegna,Sassari,Sassari,SS,SARD
1,125,1125,Ivrea,Ivrea,Nord-ovest,Piemonte,Torino,Turin,TO,NORD
3,54,19054,Izano,Izano,Nord-ovest,Lombardia,Cremona,Cremona,CR,NORD
18,65,79065,Jacurso,Jacurso,Sud,Calabria,Catanzaro,Catanzaro,CZ,CALA
14,30,70030,Jelsi,Jelsi,Sud,Molise,Campobasso,Campobasso,CB,SUD
12,48,58048,Jenne,Jenne,Centro,Lazio,Roma,Rome,RM,CSUD
3,85,12085,Jerago con Orago,Jerago con Orago,Nord-ovest,Lombardia,Varese,Varese,VA,NORD
20,35,91035,Jerzu,Jerzu,Isole,Sardegna,Nuoro,Nuoro,NU,SARD
11,21,42021,Jesi,Jesi,Centro,Marche,Ancona,Ancona,AN,CNOR
5,19,27019,Jesolo,Jesolo,Nord-est,Veneto,Venezia,Venice,VE,NORD
8,10,38010,Jolanda di Savoia,Jolanda di Savoia,Nord-est,Emilia Romagna,Ferrara,Ferrara,FE,NORD
18,18,102018,Joppolo,Joppolo,Sud,Calabria,Vibo Valentia,Vibo Valentia,VV,CALA
19,19,84019,Joppolo Giancaxio,Joppolo Giancaxio,Isole,Sicilia,Agrigento,Agrigento,AG,SICI
2,38,7038,Joven?an,Joven?an,Nord-ovest,Valle d'Aosta,Valle d'Aosta,Aosta,AO,NORD
1,126,1126,La Cassa,La Cassa,Nord-ovest,Piemonte,Torino,Turin,TO,NORD
1,127,1127,La Loggia,La Loggia,Nord-ovest,Piemonte,Torino,Turin,TO,NORD
20,35,90035,La Maddalena,La Maddalena,Isole,Sardegna,Sassari,Sassari,SS,SARD
2,39,7039,La Magdeleine,La Magdeleine,Nord-ovest,Valle d'Aosta,Valle d'Aosta,Aosta,AO,NORD
1,105,4105,La Morra,La Morra,Nord-ovest,Piemonte,Cuneo,Cuneo,CN,NORD
2,40,7040,La Salle,La Salle,Nord-ovest,Valle d'Aosta,Valle d'Aosta,Aosta,AO,NORD
7,15,11015,La Spezia,La Spezia,Nord-ovest,Liguria,La Spezia,La Spezia,SP,NORD
2,41,7041,La Thuile,La Thuile,Nord-ovest,Valle d'Aosta,Valle d'Aosta,Aosta,AO,NORD
4,117,21117,La Valle/Wengen,La Valle,Nord-est,Trentino-Alto Adige,Bolzano/Bozen,Bolzano,BZ,NORD
5,27,25027,La Valle Agordina,La Valle Agordina,Nord-est,Veneto,Belluno,Belluno,BL,NORD
3,92,97092,La Valletta Brianza,La Valletta Brianza,Nord-ovest,Lombardia,Lecco,Lecco,LC,NORD
12,49,58049,Labico,Labico,Centro,Lazio,Roma,Rome,RM,CSUD
12,32,57032,Labro,Labro,Centro,Lazio,Rieti,Rieti,RI,CSUD
3,115,15115,Lacchiarella,Lacchiarella,Nord-ovest,Lombardia,Milano,Milan,MI,NORD
15,38,63038,Lacco Ameno,Lacco Ameno,Sud,Campania,Napoli,Naples,NA,CSUD
15,41,64041,Lacedonia,Lacedonia,Sud,Campania,Avellino,Avellino,AV,CSUD
4,37,21037,Laces/Latsch,Laces,Nord-est,Trentino-Alto Adige,Bolzano/Bozen,Bolzano,BZ,NORD
20,82,95082,Laconi,Laconi,Isole,Sardegna,Oristano,Oristano,OR,SARD
12,116,58116,Ladispoli,Ladispoli,Centro,Lazio,Roma,Rome,RM,CSUD
20,34,90034,Laerru,Laerru,Isole,Sardegna,Sassari,Sassari,SS,SARD
18,41,80041,Laganadi,Laganadi,Sud,Calabria,Reggio Calabria,Reggio Calabria,RC,CALA
5,49,24049,Laghi,Laghi,Nord-est,Veneto,Vicenza,Vicenza,VI,NORD
3,119,13119,Laglio,Laglio,Nord-ovest,Lombardia,Como,Como,CO,NORD
1,104,4104,Lagnasco,Lagnasco,Nord-ovest,Piemonte,Cuneo,Cuneo,CN,NORD
18,62,78062,Lago,Lago,Sud,Calabria,Cosenza,Cosenza,CS,CALA
17,39,76039,Lagonegro,Lagonegro,Sud,Basilicata,Potenza,Potenza,PZ,SUD
8,11,38011,Lagosanto,Lagosanto,Nord-est,Emilia Romagna,Ferrara,Ferrara,FE,NORD
4,38,21038,Lagundo/Algund,Lagundo,Nord-est,Trentino-Alto Adige,Bolzano/Bozen,Bolzano,BZ,NORD
7,33,9033,Laigueglia,Laigueglia,Nord-ovest,Liguria,Savona,Savona,SV,NORD
3,116,15116,Lainate,Lainate,Nord-ovest,Lombardia,Milano,Milan,MI,NORD
3,120,13120,Laino,Laino,Nord-ovest,Lombardia,Como,Como,CO,NORD
18,63,78063,Laino Borgo,Laino Borgo,Sud,Calabria,Cosenza,Cosenza,CS,CALA
18,64,78064,Laino Castello,Laino Castello,Sud,Calabria,Cosenza,Cosenza,CS,CALA
4,39,21039,Laion/Lajen,Laion,Nord-est,Trentino-Alto Adige,Bolzano/Bozen,Bolzano,BZ,NORD
4,40,21040,Laives/Leifers,Laives,Nord-est,Trentino-Alto Adige,Bolzano/Bozen,Bolzano,BZ,NORD
9,16,50016,Lajatico,Lajatico,Centro,Toscana,Pisa,Pisa,PI,CNOR
3,123,16123,Lallio,Lallio,Nord-ovest,Lombardia,Bergamo,Bergamo,BG,NORD
13,45,69045,Lama dei Peligni,Lama dei Peligni,Sud,Abruzzo,Chieti,Chieti,CH,CSUD
8,18,36018,Lama Mocogno,Lama Mocogno,Nord-est,Emilia Romagna,Modena,Modena,MO,NORD
3,121,13121,Lambrugo,Lambrugo,Nord-ovest,Lombardia,Como,Como,CO,NORD
18,160,79160,Lamezia Terme,Lamezia Terme,Sud,Calabria,Catanzaro,Catanzaro,CZ,CALA
5,26,25026,Lamon,Lamon,Nord-est,Veneto,Belluno,Belluno,BL,NORD
19,20,84020,Lampedusa e Linosa,Lampedusa e Linosa,Isole,Sicilia,Agrigento,Agrigento,AG,SICI
9,5,47005,Lamporecchio,Lamporecchio,Centro,Toscana,Pistoia,Pistoia,PT,CNOR
1,67,2067,Lamporo,Lamporo,Nord-ovest,Piemonte,Vercelli,Vercelli,VC,NORD
4,41,21041,Lana/Lana,Lana,Nord-est,Trentino-Alto Adige,Bolzano/Bozen,Bolzano,BZ,NORD
13,46,69046,Lanciano,Lanciano,Sud,Abruzzo,Chieti,Chieti,CH,CSUD
1,83,3083,Landiona,Landiona,Nord-ovest,Piemonte,Novara,Novara,NO,NORD
3,78,18078,Landriano,Landriano,Nord-ovest,Lombardia,Pavia,Pavia,PV,NORD
8,18,34018,Langhirano,Langhirano,Nord-est,Emilia Romagna,Parma,Parma,PR,NORD
3,79,18079,Langosco,Langosco,Nord-ovest,Lombardia,Pavia,Pavia,PV,NORD
20,37,91037,Lanusei,Lanusei,Isole,Sardegna,Nuoro,Nuoro,NU,SARD
12,50,58050,Lanuvio,Lanuvio,Centro,Lazio,Roma,Rome,RM,CSUD
3,36,14036,Lanzada,Lanzada,Nord-ovest,Lombardia,Sondrio,Sondrio,SO,NORD
1,128,1128,Lanzo Torinese,Lanzo Torinese,Nord-ovest,Piemonte,Torino,Turin,TO,NORD
11,9,109009,Lapedona,Lapedona,Centro,Marche,Fermo,Fermo,FM,CNOR
15,42,64042,Lapio,Lapio,Sud,Campania,Avellino,Avellino,AV,CSUD
18,65,78065,Lappano,Lappano,Sud,Calabria,Cosenza,Cosenza,CS,CALA
13,49,66049,L'Aquila,L'Aquila,Sud,Abruzzo,L'Aquila,L'Aquila,AQ,CSUD
9,6,47006,Larciano,Larciano,Centro,Toscana,Pistoia,Pistoia,PT,CNOR
3,80,18080,Lardirago,Lardirago,Nord-ovest,Lombardia,Pavia,Pavia,PV,NORD
12,115,58115,Lariano,Lariano,Centro,Lazio,Roma,Rome,RM,CSUD
14,31,70031,Larino,Larino,Sud,Molise,Campobasso,Campobasso,CB,SUD
20,37,111037,Las Plassas,Las Plassas,Isole,Sardegna,Sud Sardegna,#N/A,SU,SARD
4,42,21042,Lasa/Laas,Lasa,Nord-est,Trentino-Alto Adige,Bolzano/Bozen,Bolzano,BZ,NORD
19,44,82044,Lascari,Lascari,Isole,Sicilia,Palermo,Palermo,PA,SICI
3,123,13123,Lasnigo,Lasnigo,Nord-ovest,Lombardia,Como,Como,CO,NORD
5,50,24050,Lastebasse,Lastebasse,Nord-est,Veneto,Vicenza,Vicenza,VI,NORD
9,24,48024,Lastra a Signa,Lastra a Signa,Centro,Toscana,Firenze,Florence,FI,CNOR
12,32,56032,Latera,Latera,Centro,Lazio,Viterbo,Viterbo,VT,CSUD
9,42,51042,Laterina Pergine Valdarno,Laterina Pergine Valdarno,Centro,Toscana,Arezzo,Arezzo,AR,CNOR
16,9,73009,Laterza,Laterza,Sud,Puglia,Taranto,Taranto,TA,SUD
16,9,74009,Latiano,Latiano,Sud,Puglia,Brindisi,Brindisi,BR,SUD
12,11,59011,Latina,Latina,Centro,Lazio,Latina,Latina,LT,CSUD
6,46,30046,Latisana,Latisana,Nord-est,Friuli Venezia Giulia,Udine,Udine,UD,NORD
17,40,76040,Latronico,Latronico,Sud,Basilicata,Potenza,Potenza,PZ,SUD
18,66,78066,Lattarico,Lattarico,Sud,Calabria,Cosenza,Cosenza,CS,CALA
6,47,30047,Lauco,Lauco,Nord-est,Friuli Venezia Giulia,Udine,Udine,UD,NORD
15,60,65060,Laureana Cilento,Laureana Cilento,Sud,Campania,Salerno,Salerno,SA,CSUD
18,42,80042,Laureana di Borrello,Laureana di Borrello,Sud,Calabria,Reggio Calabria,Reggio Calabria,RC,CALA
4,43,21043,Lauregno/Laurein,Lauregno,Nord-est,Trentino-Alto Adige,Bolzano/Bozen,Bolzano,BZ,NORD
17,41,76041,Laurenzana,Laurenzana,Sud,Basilicata,Potenza,Potenza,PZ,SUD
17,42,76042,Lauria,Lauria,Sud,Basilicata,Potenza,Potenza,PZ,SUD
1,129,1129,Lauriano,Lauriano,Nord-ovest,Piemonte,Torino,Turin,TO,NORD
15,61,65061,Laurino,Laurino,Sud,Campania,Salerno,Salerno,SA,CSUD
15,62,65062,Laurito,Laurito,Sud,Campania,Salerno,Salerno,SA,CSUD
15,43,64043,Lauro,Lauro,Sud,Campania,Avellino,Avellino,AV,CSUD
7,28,10028,Lavagna,Lavagna,Nord-ovest,Liguria,Genova,Genoa,GE,NORD
5,42,23042,Lavagno,Lavagno,Nord-est,Veneto,Verona,Verona,VR,NORD
4,102,22102,Lavarone,Lavarone,Nord-est,Trentino-Alto Adige,Trento,Trento,TN,NORD
17,43,76043,Lavello,Lavello,Sud,Basilicata,Potenza,Potenza,PZ,SUD
3,86,12086,Lavena Ponte Tresa,Lavena Ponte Tresa,Nord-ovest,Lombardia,Varese,Varese,VA,NORD
3,87,12087,Laveno-Mombello,Laveno-Mombello,Nord-ovest,Lombardia,Varese,Varese,VA,NORD
3,87,17087,Lavenone,Lavenone,Nord-ovest,Lombardia,Brescia,Brescia,BS,NORD
15,63,65063,Laviano,Laviano,Sud,Campania,Salerno,Salerno,SA,CSUD
4,103,22103,Lavis,Lavis,Nord-est,Trentino-Alto Adige,Trento,Trento,TN,NORD
5,43,23043,Lazise,Lazise,Nord-est,Veneto,Verona,Verona,VR,NORD
3,25,108025,Lazzate,Lazzate,Nord-ovest,Lombardia,Monza e della Brianza,Monza e della Brianza,MB,NORD
16,35,75035,Lecce,Lecce,Sud,Puglia,Lecce,Lecce,LE,SUD
13,50,66050,Lecce nei Marsi,Lecce nei Marsi,Sud,Abruzzo,L'Aquila,L'Aquila,AQ,CSUD
3,42,97042,Lecco,Lecco,Nord-ovest,Lombardia,Lecco,Lecco,LC,NORD
4,229,22229,Ledro,Ledro,Nord-est,Trentino-Alto Adige,Trento,Trento,TN,NORD
3,124,16124,Leffe,Leffe,Nord-ovest,Lombardia,Bergamo,Bergamo,BG,NORD
3,88,12088,Leggiuno,Leggiuno,Nord-ovest,Lombardia,Varese,Varese,VA,NORD
5,44,23044,Legnago,Legnago,Nord-est,Veneto,Verona,Verona,VR,NORD
3,118,15118,Legnano,Legnano,Nord-ovest,Lombardia,Milano,Milan,MI,NORD
5,44,28044,Legnaro,Legnaro,Nord-est,Veneto,Padova,Padova,PD,NORD
20,38,91038,Lei,Lei,Isole,Sardegna,Nuoro,Nuoro,NU,SARD
1,130,1130,Leini,Leini,Nord-ovest,Piemonte,Torino,Turin,TO,NORD
7,29,10029,Leivi,Leivi,Nord-ovest,Liguria,Genova,Genoa,GE,NORD
1,131,1131,Lemie,Lemie,Nord-ovest,Piemonte,Torino,Turin,TO,NORD
5,29,29029,Lendinara,Lendinara,Nord-est,Veneto,Rovigo,Rovigo,RO,NORD
19,37,83037,Leni,Leni,Isole,Sicilia,Messina,Messina,ME,SICI
3,125,16125,Lenna,Lenna,Nord-ovest,Lombardia,Bergamo,Bergamo,BG,NORD
3,88,17088,Leno,Leno,Nord-ovest,Lombardia,Brescia,Brescia,BS,NORD
12,12,59012,Lenola,Lenola,Centro,Lazio,Latina,Latina,LT,CSUD
1,68,2068,Lenta,Lenta,Nord-ovest,Piemonte,Vercelli,Vercelli,VC,NORD
3,54,108054,Lentate sul Seveso,Lentate sul Seveso,Nord-ovest,Lombardia,Monza e della Brianza,Monza e della Brianza,MB,NORD
13,47,69047,Lentella,Lentella,Sud,Abruzzo,Chieti,Chieti,CH,CSUD
19,11,89011,Lentini,Lentini,Isole,Sicilia,Siracusa,Siracusa,SR,SICI
12,33,57033,Leonessa,Leonessa,Centro,Lazio,Rieti,Rieti,RI,CSUD
19,11,86011,Leonforte,Leonforte,Isole,Sicilia,Enna,Enna,EN,SICI
16,10,73010,Leporano,Leporano,Sud,Puglia,Taranto,Taranto,TA,SUD
16,36,75036,Lequile,Lequile,Sud,Puglia,Lecce,Lecce,LE,SUD
1,106,4106,Lequio Berria,Lequio Berria,Nord-ovest,Piemonte,Cuneo,Cuneo,CN,NORD
1,107,4107,Lequio Tanaro,Lequio Tanaro,Nord-ovest,Piemonte,Cuneo,Cuneo,CN,NORD
19,45,82045,Lercara Friddi,Lercara Friddi,Isole,Sicilia,Palermo,Palermo,PA,SICI
7,16,11016,Lerici,Lerici,Nord-ovest,Liguria,La Spezia,La Spezia,SP,NORD
1,88,6088,Lerma,Lerma,Nord-ovest,Piemonte,Alessandria,Alessandria,AL,NORD
1,84,3084,Lesa,Lesa,Nord-ovest,Piemonte,Novara,Novara,NO,NORD
1,108,4108,Lesegno,Lesegno,Nord-ovest,Piemonte,Cuneo,Cuneo,CN,NORD
8,19,34019,Lesignano de' Bagni,Lesignano de' Bagni,Nord-est,Emilia Romagna,Parma,Parma,PR,NORD
16,27,71027,Lesina,Lesina,Sud,Puglia,Foggia,Foggia,FG,SUD
3,26,108026,Lesmo,Lesmo,Nord-ovest,Lombardia,Monza e della Brianza,Monza e della Brianza,MB,NORD
1,132,1132,Lessolo,Lessolo,Nord-ovest,Piemonte,Torino,Turin,TO,NORD
1,85,96085,Lessona,Lessona,Nord-ovest,Piemonte,Biella,Biella,BI,NORD
6,48,30048,Lestizza,Lestizza,Nord-est,Friuli Venezia Giulia,Udine,Udine,UD,NORD
15,44,61044,Letino,Letino,Sud,Campania,Caserta,Caserta,CE,CSUD
19,38,83038,Letojanni,Letojanni,Isole,Sicilia,Messina,Messina,ME,SICI
15,39,63039,Lettere,Lettere,Sud,Campania,Napoli,Naples,NA,CSUD
13,20,68020,Lettomanoppello,Lettomanoppello,Sud,Abruzzo,Pescara,Pescara,PE,CSUD
13,48,69048,Lettopalena,Lettopalena,Sud,Abruzzo,Chieti,Chieti,CH,CSUD
7,17,11017,Levanto,Levanto,Nord-ovest,Liguria,La Spezia,La Spezia,SP,NORD
3,126,16126,Levate,Levate,Nord-ovest,Lombardia,Bergamo,Bergamo,BG,NORD
16,37,75037,Leverano,Leverano,Sud,Puglia,Lecce,Lecce,LE,SUD
1,109,4109,Levice,Levice,Nord-ovest,Piemonte,Cuneo,Cuneo,CN,NORD
4,104,22104,Levico Terme,Levico Terme,Nord-est,Trentino-Alto Adige,Trento,Trento,TN,NORD
1,133,1133,Levone,Levone,Nord-ovest,Piemonte,Torino,Turin,TO,NORD
3,126,13126,Lezzeno,Lezzeno,Nord-ovest,Lombardia,Como,Como,CO,NORD
15,45,61045,Liberi,Liberi,Sud,Campania,Caserta,Caserta,CE,CSUD
19,39,83039,Librizzi,Librizzi,Isole,Sicilia,Messina,Messina,ME,SICI
19,21,84021,Licata,Licata,Isole,Sicilia,Agrigento,Agrigento,AG,SICI
9,9,45009,Licciana Nardi,Licciana Nardi,Centro,Toscana,Massa-Carrara,Massa-Carrara,MS,CNOR
12,51,58051,Licenza,Licenza,Centro,Lazio,Roma,Rome,RM,CSUD
19,20,87020,Licodia Eubea,Licodia Eubea,Isole,Sicilia,Catania,Catania,CT,SICI
3,43,97043,Lierna,Lierna,Nord-ovest,Lombardia,Lecco,Lecco,LC,NORD
1,70,2070,Lignana,Lignana,Nord-ovest,Piemonte,Vercelli,Vercelli,VC,NORD
6,49,30049,Lignano Sabbiadoro,Lignano Sabbiadoro,Nord-est,Friuli Venezia Giulia,Udine,Udine,UD,NORD
2,42,7042,Lillianes,Lillianes,Nord-ovest,Valle d'Aosta,Valle d'Aosta,Aosta,AO,NORD
5,29,25029,Limana,Limana,Nord-est,Veneto,Belluno,Belluno,BL,NORD
15,38,62038,Limatola,Limatola,Sud,Campania,Benevento,Benevento,BN,CSUD
18,19,102019,Limbadi,Limbadi,Sud,Calabria,Vibo Valentia,Vibo Valentia,VV,CALA
3,27,108027,Limbiate,Limbiate,Nord-ovest,Lombardia,Monza e della Brianza,Monza e della Brianza,MB,NORD
5,45,28045,Limena,Limena,Nord-est,Veneto,Padova,Padova,PD,NORD
3,128,13128,Limido Comasco,Limido Comasco,Nord-ovest,Lombardia,Como,Como,CO,NORD
19,40,83040,Limina,Limina,Isole,Sicilia,Messina,Messina,ME,SICI
1,110,4110,Limone Piemonte,Limone Piemonte,Nord-ovest,Piemonte,Cuneo,Cuneo,CN,NORD
3,89,17089,Limone sul Garda,Limone sul Garda,Nord-ovest,Lombardia,Brescia,Brescia,BS,NORD
14,32,70032,Limosano,Limosano,Sud,Molise,Campobasso,Campobasso,CB,SUD
3,81,18081,Linarolo,Linarolo,Nord-ovest,Lombardia,Pavia,Pavia,PV,NORD
19,21,87021,Linguaglossa,Linguaglossa,Isole,Sicilia,Catania,Catania,CT,SICI
15,44,64044,Lioni,Lioni,Sud,Campania,Avellino,Avellino,AV,CSUD
19,41,83041,Lipari,Lipari,Isole,Sicilia,Messina,Messina,ME,SICI
3,129,13129,Lipomo,Lipomo,Nord-ovest,Lombardia,Como,Como,CO,NORD
3,82,18082,Lirio,Lirio,Nord-ovest,Lombardia,Pavia,Pavia,PV,NORD
3,122,15122,Liscate,Liscate,Nord-ovest,Lombardia,Milano,Milan,MI,NORD
13,49,69049,Liscia,Liscia,Sud,Abruzzo,Chieti,Chieti,CH,CSUD
10,25,54025,Lisciano Niccone,Lisciano Niccone,Centro,Umbria,Perugia,Perugia,PG,CSUD
1,111,4111,Lisio,Lisio,Nord-ovest,Piemonte,Cuneo,Cuneo,CN,NORD
3,28,108028,Lissone,Lissone,Nord-ovest,Lombardia,Monza e della Brianza,Monza e della Brianza,MB,NORD
15,40,63040,Liveri,Liveri,Sud,Campania,Napoli,Naples,NA,CSUD
3,37,14037,Livigno,Livigno,Nord-ovest,Lombardia,Sondrio,Sondrio,SO,NORD
5,30,25030,Livinallongo del Col di Lana,Livinallongo del Col di Lana,Nord-est,Veneto,Belluno,Belluno,BL,NORD
3,130,13130,Livo,Livo,Nord-ovest,Lombardia,Como,Como,CO,NORD
4,106,22106,Livo,Livo,Nord-est,Trentino-Alto Adige,Trento,Trento,TN,NORD
9,9,49009,Livorno,Livorno,Centro,Toscana,Livorno,Livorno,LI,CNOR
1,71,2071,Livorno Ferraris,Livorno Ferraris,Nord-ovest,Piemonte,Vercelli,Vercelli,VC,NORD
3,30,98030,Livraga,Livraga,Nord-ovest,Lombardia,Lodi,Lodi,LO,NORD
16,38,75038,Lizzanello,Lizzanello,Sud,Puglia,Lecce,Lecce,LE,SUD
16,11,73011,Lizzano,Lizzano,Sud,Puglia,Taranto,Taranto,TA,SUD
8,33,37033,Lizzano in Belvedere,Lizzano in Belvedere,Nord-est,Emilia Romagna,Bologna,Bologna,BO,NORD
7,34,9034,Loano,Loano,Nord-ovest,Liguria,Savona,Savona,SV,NORD
1,60,5060,Loazzolo,Loazzolo,Nord-ovest,Piemonte,Asti,Asti,AT,NORD
1,134,1134,Locana,Locana,Nord-ovest,Piemonte,Torino,Turin,TO,NORD
3,125,15125,Locate di Triulzi,Locate di Triulzi,Nord-ovest,Lombardia,Milano,Milan,MI,NORD
3,131,13131,Locate Varesino,Locate Varesino,Nord-ovest,Lombardia,Como,Como,CO,NORD
3,127,16127,Locatello,Locatello,Nord-ovest,Lombardia,Bergamo,Bergamo,BG,NORD
20,39,91039,Loceri,Loceri,Isole,Sardegna,Nuoro,Nuoro,NU,SARD
16,25,72025,Locorotondo,Locorotondo,Sud,Puglia,Bari,Bari,BA,SUD
18,43,80043,Locri,Locri,Sud,Calabria,Reggio Calabria,Reggio Calabria,RC,CALA
20,40,91040,Loculi,Loculi,Isole,Sardegna,Nuoro,Nuoro,NU,SARD
20,41,91041,Lod?,Lod?,Isole,Sardegna,Nuoro,Nuoro,NU,SARD
3,31,98031,Lodi,Lodi,Nord-ovest,Lombardia,Lodi,Lodi,LO,NORD
3,32,98032,Lodi Vecchio,Lodi Vecchio,Nord-ovest,Lombardia,Lodi,Lodi,LO,NORD
20,104,91104,Lodine,Lodine,Isole,Sardegna,Nuoro,Nuoro,NU,SARD
3,90,17090,Lodrino,Lodrino,Nord-ovest,Lombardia,Brescia,Brescia,BS,NORD
3,91,17091,Lograto,Lograto,Nord-ovest,Lombardia,Brescia,Brescia,BS,NORD
8,34,37034,Loiano,Loiano,Nord-est,Emilia Romagna,Bologna,Bologna,BO,NORD
20,84,90084,Loiri Porto San Paolo,Loiri Porto San Paolo,Isole,Sardegna,Sassari,Sassari,SS,SARD
3,44,97044,Lomagna,Lomagna,Nord-ovest,Lombardia,Lecco,Lecco,LC,NORD
3,133,13133,Lomazzo,Lomazzo,Nord-ovest,Lombardia,Como,Como,CO,NORD
1,135,1135,Lombardore,Lombardore,Nord-ovest,Piemonte,Torino,Turin,TO,NORD
1,136,1136,Lombriasco,Lombriasco,Nord-ovest,Piemonte,Torino,Turin,TO,NORD
3,83,18083,Lomello,Lomello,Nord-ovest,Lombardia,Pavia,Pavia,PV,NORD
4,108,22108,Lona-Lases,Lona-Lases,Nord-est,Trentino-Alto Adige,Trento,Trento,TN,NORD
3,89,12089,Lonate Ceppino,Lonate Ceppino,Nord-ovest,Lombardia,Varese,Varese,VA,NORD
3,90,12090,Lonate Pozzolo,Lonate Pozzolo,Nord-ovest,Lombardia,Varese,Varese,VA,NORD
3,92,17092,Lonato del Garda,Lonato del Garda,Nord-ovest,Lombardia,Brescia,Brescia,BS,NORD
9,25,48025,Londa,Londa,Centro,Toscana,Firenze,Florence,FI,CNOR
14,24,94024,Longano,Longano,Sud,Molise,Isernia,Isernia,IS,SUD
5,51,24051,Longare,Longare,Nord-est,Veneto,Vicenza,Vicenza,VI,NORD
5,71,25071,Longarone,Longarone,Nord-est,Veneto,Belluno,Belluno,BL,NORD
3,93,17093,Longhena,Longhena,Nord-ovest,Lombardia,Brescia,Brescia,BS,NORD
19,42,83042,Longi,Longi,Isole,Sicilia,Messina,Messina,ME,SICI
8,18,40018,Longiano,Longiano,Nord-est,Emilia Romagna,Forlç-Cesena,Forlç-Cesena,FC,NORD
18,67,78067,Longobardi,Longobardi,Sud,Calabria,Cosenza,Cosenza,CS,CALA
18,68,78068,Longobucco,Longobucco,Sud,Calabria,Cosenza,Cosenza,CS,CALA
3,134,13134,Longone al Segrino,Longone al Segrino,Nord-ovest,Lombardia,Como,Como,CO,NORD
12,34,57034,Longone Sabino,Longone Sabino,Centro,Lazio,Rieti,Rieti,RI,CSUD
5,52,24052,Lonigo,Lonigo,Nord-est,Veneto,Vicenza,Vicenza,VI,NORD
1,137,1137,Loranz?,Loranz?,Nord-ovest,Piemonte,Torino,Turin,TO,NORD
5,46,28046,Loreggia,Loreggia,Nord-est,Veneto,Padova,Padova,PD,NORD
1,38,103038,Loreglia,Loreglia,Nord-ovest,Piemonte,Verbano-Cusio-Ossola,Verbano-Cusio-Ossola,VB,NORD
5,32,25032,Lorenzago di Cadore,Lorenzago di Cadore,Nord-est,Veneto,Belluno,Belluno,BL,NORD
5,30,29030,Loreo,Loreo,Nord-est,Veneto,Rovigo,Rovigo,RO,NORD
11,22,42022,Loreto,Loreto,Centro,Marche,Ancona,Ancona,AN,CNOR
13,21,68021,Loreto Aprutino,Loreto Aprutino,Sud,Abruzzo,Pescara,Pescara,PE,CSUD
5,36,26036,Loria,Loria,Nord-est,Veneto,Treviso,Treviso,TV,NORD
9,20,51020,Loro Ciuffenna,Loro Ciuffenna,Centro,Toscana,Arezzo,Arezzo,AR,CNOR
11,22,43022,Loro Piceno,Loro Piceno,Centro,Marche,Macerata,Macerata,MC,CNOR
7,30,10030,Lorsica,Lorsica,Nord-ovest,Liguria,Genova,Genoa,GE,NORD
3,94,17094,Losine,Losine,Nord-ovest,Lombardia,Brescia,Brescia,BS,NORD
20,42,91042,Lotzorai,Lotzorai,Isole,Sardegna,Nuoro,Nuoro,NU,SARD
3,128,16128,Lovere,Lovere,Nord-ovest,Lombardia,Bergamo,Bergamo,BG,NORD
3,38,14038,Lovero,Lovero,Nord-ovest,Lombardia,Sondrio,Sondrio,SO,NORD
3,95,17095,Lozio,Lozio,Nord-ovest,Lombardia,Brescia,Brescia,BS,NORD
3,91,12091,Lozza,Lozza,Nord-ovest,Lombardia,Varese,Varese,VA,NORD
5,47,28047,Lozzo Atestino,Lozzo Atestino,Nord-est,Veneto,Padova,Padova,PD,NORD
5,33,25033,Lozzo di Cadore,Lozzo di Cadore,Nord-est,Veneto,Belluno,Belluno,BL,NORD
1,72,2072,Lozzolo,Lozzolo,Nord-ovest,Piemonte,Vercelli,Vercelli,VC,NORD
1,193,6193,Lu e Cuccaro Monferrato,Lu e Cuccaro Monferrato,Nord-ovest,Piemonte,Alessandria,Alessandria,AL,NORD
12,33,56033,Lubriano,Lubriano,Centro,Lazio,Viterbo,Viterbo,VT,CSUD
9,17,46017,Lucca,Lucca,Centro,Toscana,Lucca,Lucca,LU,CNOR
19,22,84022,Lucca Sicula,Lucca Sicula,Isole,Sicilia,Agrigento,Agrigento,AG,SICI
16,28,71028,Lucera,Lucera,Sud,Puglia,Foggia,Foggia,FG,SUD
9,21,51021,Lucignano,Lucignano,Centro,Toscana,Arezzo,Arezzo,AR,CNOR
7,33,8033,Lucinasco,Lucinasco,Nord-ovest,Liguria,Imperia,Imperia,IM,NORD
14,33,70033,Lucito,Lucito,Sud,Molise,Campobasso,Campobasso,CB,SUD
13,51,66051,Luco dei Marsi,Luco dei Marsi,Sud,Abruzzo,L'Aquila,L'Aquila,AQ,CSUD
13,52,66052,Lucoli,Lucoli,Sud,Abruzzo,L'Aquila,L'Aquila,AQ,CSUD
8,26,33026,Lugagnano Val d'Arda,Lugagnano Val d'Arda,Nord-est,Emilia Romagna,Piacenza,Piacenza,PC,NORD
10,16,55016,Lugnano in Teverina,Lugnano in Teverina,Centro,Umbria,Terni,Terni,TR,CSUD
8,12,39012,Lugo,Lugo,Nord-est,Emilia Romagna,Ravenna,Ravenna,RA,NORD
5,53,24053,Lugo di Vicenza,Lugo di Vicenza,Nord-est,Veneto,Vicenza,Vicenza,VI,NORD
3,92,12092,Luino,Luino,Nord-ovest,Lombardia,Varese,Varese,VA,NORD
3,135,13135,Luisago,Luisago,Nord-ovest,Lombardia,Como,Como,CO,NORD
20,43,91043,Lula,Lula,Isole,Sardegna,Nuoro,Nuoro,NU,SARD
7,31,10031,Lumarzo,Lumarzo,Nord-ovest,Liguria,Genova,Genoa,GE,NORD
3,96,17096,Lumezzane,Lumezzane,Nord-ovest,Lombardia,Brescia,Brescia,BS,NORD
20,38,111038,Lunamatrona,Lunamatrona,Isole,Sardegna,Sud Sardegna,#N/A,SU,SARD
11,22,41022,Lunano,Lunano,Centro,Marche,Pesaro e Urbino,Pesaro e Urbino,PU,CNOR
3,84,18084,Lungavilla,Lungavilla,Nord-ovest,Lombardia,Pavia,Pavia,PV,NORD
18,69,78069,Lungro,Lungro,Sud,Calabria,Cosenza,Cosenza,CS,CALA
7,20,11020,Luni,Luni,Nord-ovest,Liguria,La Spezia,La Spezia,SP,NORD
15,45,64045,Luogosano,Luogosano,Sud,Campania,Avellino,Avellino,AV,CSUD
20,36,90036,Luogosanto,Luogosanto,Isole,Sardegna,Sassari,Sassari,SS,SARD
14,34,70034,Lupara,Lupara,Sud,Molise,Campobasso,Campobasso,CB,SUD
3,136,13136,Lurago d'Erba,Lurago d'Erba,Nord-ovest,Lombardia,Como,Como,CO,NORD
3,137,13137,Lurago Marinone,Lurago Marinone,Nord-ovest,Lombardia,Como,Como,CO,NORD
3,129,16129,Lurano,Lurano,Nord-ovest,Lombardia,Bergamo,Bergamo,BG,NORD
20,37,90037,Luras,Luras,Isole,Sardegna,Sassari,Sassari,SS,SARD
3,138,13138,Lurate Caccivio,Lurate Caccivio,Nord-ovest,Lombardia,Como,Como,CO,NORD
15,46,61046,Lusciano,Lusciano,Sud,Campania,Caserta,Caserta,CE,CSUD
4,109,22109,Luserna,Luserna,Nord-est,Trentino-Alto Adige,Trento,Trento,TN,NORD
1,139,1139,Luserna San Giovanni,Luserna San Giovanni,Nord-ovest,Piemonte,Torino,Turin,TO,NORD
1,140,1140,Lusernetta,Lusernetta,Nord-ovest,Piemonte,Torino,Turin,TO,NORD
6,51,30051,Lusevera,Lusevera,Nord-est,Friuli Venezia Giulia,Udine,Udine,UD,NORD
5,31,29031,Lusia,Lusia,Nord-est,Veneto,Rovigo,Rovigo,RO,NORD
5,127,24127,Lusiana Conco,Lusiana Conco,Nord-est,Veneto,Vicenza,Vicenza,VI,NORD
1,141,1141,Lusigli?,Lusigli?,Nord-ovest,Piemonte,Torino,Turin,TO,NORD
4,44,21044,Luson/LÅsen,Luson,Nord-est,Trentino-Alto Adige,Bolzano/Bozen,Bolzano,BZ,NORD
15,64,65064,Lustra,Lustra,Sud,Campania,Salerno,Salerno,SA,CSUD
3,93,12093,Luvinate,Luvinate,Nord-ovest,Lombardia,Varese,Varese,VA,NORD
3,130,16130,Luzzana,Luzzana,Nord-ovest,Lombardia,Bergamo,Bergamo,BG,NORD
8,26,35026,Luzzara,Luzzara,Nord-est,Emilia Romagna,Reggio nell'Emilia,Reggio Emilia,RE,NORD
18,70,78070,Luzzi,Luzzi,Sud,Calabria,Cosenza,Cosenza,CS,CALA
3,142,12142,Maccagno con Pino e Veddasca,Maccagno con Pino e Veddasca,Nord-ovest,Lombardia,Varese,Varese,VA,NORD
3,33,98033,Maccastorna,Maccastorna,Nord-ovest,Lombardia,Lodi,Lodi,LO,NORD
14,25,94025,Macchia d'Isernia,Macchia d'Isernia,Sud,Molise,Isernia,Isernia,IS,SUD
14,35,70035,Macchia Valfortore,Macchia Valfortore,Sud,Molise,Campobasso,Campobasso,CB,SUD
14,26,94026,Macchiagodena,Macchiagodena,Sud,Molise,Isernia,Isernia,IS,SUD
1,142,1142,Macello,Macello,Nord-ovest,Piemonte,Torino,Turin,TO,NORD
11,23,43023,Macerata,Macerata,Centro,Marche,Macerata,Macerata,MC,CNOR
15,47,61047,Macerata Campania,Macerata Campania,Sud,Campania,Caserta,Caserta,CE,CSUD
11,23,41023,Macerata Feltria,Macerata Feltria,Centro,Marche,Pesaro e Urbino,Pesaro e Urbino,PU,CNOR
3,29,108029,Macherio,Macherio,Nord-ovest,Lombardia,Monza e della Brianza,Monza e della Brianza,MB,NORD
3,97,17097,Maclodio,Maclodio,Nord-ovest,Lombardia,Brescia,Brescia,BS,NORD
20,44,91044,Macomer,Macomer,Isole,Sardegna,Nuoro,Nuoro,NU,SARD
1,112,4112,Macra,Macra,Nord-ovest,Piemonte,Cuneo,Cuneo,CN,NORD
1,39,103039,Macugnaga,Macugnaga,Nord-ovest,Piemonte,Verbano-Cusio-Ossola,Verbano-Cusio-Ossola,VB,NORD
15,48,61048,Maddaloni,Maddaloni,Sud,Campania,Caserta,Caserta,CE,CSUD
3,35,14035,Madesimo,Madesimo,Nord-ovest,Lombardia,Sondrio,Sondrio,SO,NORD
3,55,19055,Madignano,Madignano,Nord-ovest,Lombardia,Cremona,Cremona,CR,NORD
3,131,16131,Madone,Madone,Nord-ovest,Lombardia,Bergamo,Bergamo,BG,NORD
1,40,103040,Madonna del Sasso,Madonna del Sasso,Nord-ovest,Piemonte,Verbano-Cusio-Ossola,Verbano-Cusio-Ossola,VB,NORD
4,243,22243,Madruzzo,Madruzzo,Nord-est,Trentino-Alto Adige,Trento,Trento,TN,NORD
12,13,59013,Maenza,Maenza,Centro,Lazio,Latina,Latina,LT,CSUD
14,36,70036,Mafalda,Mafalda,Sud,Molise,Campobasso,Campobasso,CB,SUD
3,98,17098,Magasa,Magasa,Nord-ovest,Lombardia,Brescia,Brescia,BS,NORD
3,130,15130,Magenta,Magenta,Nord-ovest,Lombardia,Milano,Milan,MI,NORD
1,88,3088,Maggiora,Maggiora,Nord-ovest,Piemonte,Novara,Novara,NO,NORD
3,85,18085,Magherno,Magherno,Nord-ovest,Lombardia,Pavia,Pavia,PV,NORD
10,26,54026,Magione,Magione,Centro,Umbria,Perugia,Perugia,PG,CSUD
18,68,79068,Magisano,Magisano,Sud,Calabria,Catanzaro,Catanzaro,CZ,CALA
1,113,4113,Magliano Alfieri,Magliano Alfieri,Nord-ovest,Piemonte,Cuneo,Cuneo,CN,NORD
1,114,4114,Magliano Alpi,Magliano Alpi,Nord-ovest,Piemonte,Cuneo,Cuneo,CN,NORD
13,53,66053,Magliano de' Marsi,Magliano de' Marsi,Sud,Abruzzo,L'Aquila,L'Aquila,AQ,CSUD
11,10,109010,Magliano di Tenna,Magliano di Tenna,Centro,Marche,Fermo,Fermo,FM,CNOR
9,13,53013,Magliano in Toscana,Magliano in Toscana,Centro,Toscana,Grosseto,Grosseto,GR,CNOR
12,52,58052,Magliano Romano,Magliano Romano,Centro,Lazio,Roma,Rome,RM,CSUD
12,35,57035,Magliano Sabina,Magliano Sabina,Centro,Lazio,Rieti,Rieti,RI,CSUD
15,65,65065,Magliano Vetere,Magliano Vetere,Sud,Campania,Salerno,Salerno,SA,CSUD
16,39,75039,Maglie,Maglie,Sud,Puglia,Lecce,Lecce,LE,SUD
7,35,9035,Magliolo,Magliolo,Nord-ovest,Liguria,Savona,Savona,SV,NORD
1,143,1143,Maglione,Maglione,Nord-ovest,Piemonte,Torino,Turin,TO,NORD
3,29,20029,Magnacavallo,Magnacavallo,Nord-ovest,Lombardia,Mantova,Mantova,MN,NORD
3,131,15131,Magnago,Magnago,Nord-ovest,Lombardia,Milano,Milan,MI,NORD
1,30,96030,Magnano,Magnano,Nord-ovest,Piemonte,Biella,Biella,BI,NORD
6,52,30052,Magnano in Riviera,Magnano in Riviera,Nord-est,Friuli Venezia Giulia,Udine,Udine,UD,NORD
20,83,95083,Magomadas,Magomadas,Isole,Sardegna,Oristano,Oristano,OR,SARD
4,45,21045,Magr? sulla strada del vino/Margreid an der Weinstra†e,Magr? sulla strada del vino,Nord-est,Trentino-Alto Adige,Bolzano/Bozen,Bolzano,BZ,NORD
3,139,13139,Magreglio,Magreglio,Nord-ovest,Lombardia,Como,Como,CO,NORD
18,69,79069,Maida,Maida,Sud,Calabria,Catanzaro,Catanzaro,CZ,CALA
18,71,78071,Maier?,Maier?,Sud,Calabria,Cosenza,Cosenza,CS,CALA
18,20,102020,Maierato,Maierato,Sud,Calabria,Vibo Valentia,Vibo Valentia,VV,CALA
11,23,42023,Maiolati Spontini,Maiolati Spontini,Centro,Marche,Ancona,Ancona,AN,CNOR
8,22,99022,Maiolo,Maiolo,Nord-est,Emilia Romagna,Rimini,Rimini,RN,NORD
15,66,65066,Maiori,Maiori,Sud,Campania,Salerno,Salerno,SA,CSUD
3,34,98034,Mairago,Mairago,Nord-ovest,Lombardia,Lodi,Lodi,LO,NORD
3,99,17099,Mairano,Mairano,Nord-ovest,Lombardia,Brescia,Brescia,BS,NORD
7,18,11018,Maissana,Maissana,Nord-ovest,Liguria,La Spezia,La Spezia,SP,NORD
6,53,30053,Majano,Majano,Nord-est,Friuli Venezia Giulia,Udine,Udine,UD,NORD
4,110,22110,Mal?,Mal?,Nord-est,Trentino-Alto Adige,Trento,Trento,TN,NORD
3,56,19056,Malagnino,Malagnino,Nord-ovest,Lombardia,Cremona,Cremona,CR,NORD
8,35,37035,Malalbergo,Malalbergo,Nord-est,Emilia Romagna,Bologna,Bologna,BO,NORD
6,54,30054,Malborghetto Valbruna,Malborghetto Valbruna,Nord-est,Friuli Venezia Giulia,Udine,Udine,UD,NORD
5,45,23045,Malcesine,Malcesine,Nord-est,Veneto,Verona,Verona,VR,NORD
3,100,17100,Malegno,Malegno,Nord-ovest,Lombardia,Brescia,Brescia,BS,NORD
3,35,98035,Maleo,Maleo,Nord-ovest,Lombardia,Lodi,Lodi,LO,NORD
1,41,103041,Malesco,Malesco,Nord-ovest,Piemonte,Verbano-Cusio-Ossola,Verbano-Cusio-Ossola,VB,NORD
19,22,87022,Maletto,Maletto,Isole,Sicilia,Catania,Catania,CT,SICI
19,43,83043,Malfa,Malfa,Isole,Sicilia,Messina,Messina,ME,SICI
3,45,97045,Malgrate,Malgrate,Nord-ovest,Lombardia,Lecco,Lecco,LC,NORD
18,72,78072,Malito,Malito,Sud,Calabria,Cosenza,Cosenza,CS,CALA
7,36,9036,Mallare,Mallare,Nord-ovest,Liguria,Savona,Savona,SV,NORD
4,46,21046,Malles Venosta/Mals,Malles Venosta,Nord-est,Trentino-Alto Adige,Bolzano/Bozen,Bolzano,BZ,NORD
3,96,12096,Malnate,Malnate,Nord-ovest,Lombardia,Varese,Varese,VA,NORD
5,55,24055,Malo,Malo,Nord-est,Veneto,Vicenza,Vicenza,VI,NORD
3,101,17101,Malonno,Malonno,Nord-ovest,Lombardia,Brescia,Brescia,BS,NORD
11,27,44027,Maltignano,Maltignano,Centro,Marche,Ascoli Piceno,Ascoli Piceno,AP,CNOR
19,44,83044,Malvagna,Malvagna,Isole,Sicilia,Messina,Messina,ME,SICI
1,90,6090,Malvicino,Malvicino,Nord-ovest,Piemonte,Alessandria,Alessandria,AL,NORD
18,73,78073,Malvito,Malvito,Sud,Calabria,Cosenza,Cosenza,CS,CALA
18,44,80044,Mammola,Mammola,Sud,Calabria,Reggio Calabria,Reggio Calabria,RC,CALA
20,46,91046,Mamoiada,Mamoiada,Isole,Sardegna,Nuoro,Nuoro,NU,SARD
9,14,53014,Manciano,Manciano,Centro,Toscana,Grosseto,Grosseto,GR,CNOR
19,45,83045,Mandanici,Mandanici,Isole,Sicilia,Messina,Messina,ME,SICI
20,39,111039,Mandas,Mandas,Isole,Sardegna,Sud Sardegna,#N/A,SU,SARD
18,74,78074,Mandatoriccio,Mandatoriccio,Sud,Calabria,Cosenza,Cosenza,CS,CALA
12,53,58053,Mandela,Mandela,Centro,Lazio,Roma,Rome,RM,CSUD
3,46,97046,Mandello del Lario,Mandello del Lario,Nord-ovest,Lombardia,Lecco,Lecco,LC,NORD
1,90,3090,Mandello Vitta,Mandello Vitta,Nord-ovest,Piemonte,Novara,Novara,NO,NORD
16,12,73012,Manduria,Manduria,Sud,Puglia,Taranto,Taranto,TA,SUD
3,102,17102,Manerba del Garda,Manerba del Garda,Nord-ovest,Lombardia,Brescia,Brescia,BS,NORD
3,103,17103,Manerbio,Manerbio,Nord-ovest,Lombardia,Brescia,Brescia,BS,NORD
16,29,71029,Manfredonia,Manfredonia,Sud,Puglia,Foggia,Foggia,FG,SUD
1,115,4115,Mango,Mango,Nord-ovest,Piemonte,Cuneo,Cuneo,CN,NORD
18,75,78075,Mangone,Mangone,Sud,Calabria,Cosenza,Cosenza,CS,CALA
19,57,87057,Maniace,Maniace,Isole,Sicilia,Catania,Catania,CT,SICI
6,25,93025,Maniago,Maniago,Nord-est,Friuli Venezia Giulia,Pordenone,Pordenone,PN,NORD
15,46,64046,Manocalzati,Manocalzati,Sud,Campania,Avellino,Avellino,AV,CSUD
13,22,68022,Manoppello,Manoppello,Sud,Abruzzo,Pescara,Pescara,PE,CSUD
5,37,26037,Mansu?,Mansu?,Nord-est,Veneto,Treviso,Treviso,TV,NORD
1,116,4116,Manta,Manta,Nord-ovest,Piemonte,Cuneo,Cuneo,CN,NORD
3,39,14039,Mantello,Mantello,Nord-ovest,Lombardia,Sondrio,Sondrio,SO,NORD
3,30,20030,Mantova,Mantova,Nord-ovest,Lombardia,Mantova,Mantova,MN,NORD
6,55,30055,Manzano,Manzano,Nord-est,Friuli Venezia Giulia,Udine,Udine,UD,NORD
12,54,58054,Manziana,Manziana,Centro,Lazio,Roma,Rome,RM,CSUD
3,132,16132,Mapello,Mapello,Nord-ovest,Lombardia,Bergamo,Bergamo,BG,NORD
1,316,1316,Mappano,Mappano,Nord-ovest,Piemonte,Torino,Turin,TO,NORD
20,38,90038,Mara,Mara,Isole,Sardegna,Sassari,Sassari,SS,SARD
20,37,92037,Maracalagonis,Maracalagonis,Isole,Sardegna,Cagliari,Cagliari,CA,SARD
8,19,36019,Maranello,Maranello,Nord-est,Emilia Romagna,Modena,Modena,MO,NORD
15,41,63041,Marano di Napoli,Marano di Napoli,Sud,Campania,Napoli,Naples,NA,CSUD
5,46,23046,Marano di Valpolicella,Marano di Valpolicella,Nord-est,Veneto,Verona,Verona,VR,NORD
12,55,58055,Marano Equo,Marano Equo,Centro,Lazio,Roma,Rome,RM,CSUD
6,56,30056,Marano Lagunare,Marano Lagunare,Nord-est,Friuli Venezia Giulia,Udine,Udine,UD,NORD
18,76,78076,Marano Marchesato,Marano Marchesato,Sud,Calabria,Cosenza,Cosenza,CS,CALA
18,77,78077,Marano Principato,Marano Principato,Sud,Calabria,Cosenza,Cosenza,CS,CALA
8,20,36020,Marano sul Panaro,Marano sul Panaro,Nord-est,Emilia Romagna,Modena,Modena,MO,NORD
1,91,3091,Marano Ticino,Marano Ticino,Nord-ovest,Piemonte,Novara,Novara,NO,NORD
5,56,24056,Marano Vicentino,Marano Vicentino,Nord-est,Veneto,Vicenza,Vicenza,VI,NORD
1,61,5061,Maranzana,Maranzana,Nord-ovest,Piemonte,Asti,Asti,AT,NORD
17,44,76044,Maratea,Maratea,Sud,Basilicata,Potenza,Potenza,PZ,SUD
3,134,15134,Marcallo con Casone,Marcallo con Casone,Nord-ovest,Lombardia,Milano,Milan,MI,NORD
3,31,20031,Marcaria,Marcaria,Nord-ovest,Lombardia,Mantova,Mantova,MN,NORD
18,71,79071,Marcedusa,Marcedusa,Sud,Calabria,Catanzaro,Catanzaro,CZ,CALA
12,56,58056,Marcellina,Marcellina,Centro,Lazio,Roma,Rome,RM,CSUD
18,72,79072,Marcellinara,Marcellinara,Sud,Calabria,Catanzaro,Catanzaro,CZ,CALA
12,36,57036,Marcetelli,Marcetelli,Centro,Lazio,Rieti,Rieti,RI,CSUD
3,104,17104,Marcheno,Marcheno,Nord-ovest,Lombardia,Brescia,Brescia,BS,NORD
3,97,12097,Marchirolo,Marchirolo,Nord-ovest,Lombardia,Varese,Varese,VA,NORD
9,10,49010,Marciana,Marciana,Centro,Toscana,Livorno,Livorno,LI,CNOR
9,11,49011,Marciana Marina,Marciana Marina,Centro,Toscana,Livorno,Livorno,LI,CNOR
15,49,61049,Marcianise,Marcianise,Sud,Campania,Caserta,Caserta,CE,CSUD
9,22,51022,Marciano della Chiana,Marciano della Chiana,Centro,Toscana,Arezzo,Arezzo,AR,CNOR
3,86,18086,Marcignago,Marcignago,Nord-ovest,Lombardia,Pavia,Pavia,PV,NORD
5,20,27020,Marcon,Marcon,Nord-est,Veneto,Venezia,Venice,VE,NORD
4,47,21047,Marebbe/Enneberg,Marebbe,Nord-est,Trentino-Alto Adige,Bolzano/Bozen,Bolzano,BZ,NORD
1,117,4117,Marene,Marene,Nord-ovest,Piemonte,Cuneo,Cuneo,CN,NORD
5,38,26038,Mareno di Piave,Mareno di Piave,Nord-est,Veneto,Treviso,Treviso,TV,NORD
1,144,1144,Marentino,Marentino,Nord-ovest,Piemonte,Torino,Turin,TO,NORD
1,62,5062,Maretto,Maretto,Nord-ovest,Piemonte,Asti,Asti,AT,NORD
1,118,4118,Margarita,Margarita,Nord-ovest,Piemonte,Cuneo,Cuneo,CN,NORD
16,5,110005,Margherita di Savoia,Margherita di Savoia,Sud,Puglia,Barletta-Andria-Trani,Barletta-Andria-Trani,BT,SUD
3,47,97047,Margno,Margno,Nord-ovest,Lombardia,Lecco,Lecco,LC,NORD
3,32,20032,Mariana Mantovana,Mariana Mantovana,Nord-ovest,Lombardia,Mantova,Mantova,MN,NORD
3,143,13143,Mariano Comense,Mariano Comense,Nord-ovest,Lombardia,Como,Como,CO,NORD
6,10,31010,Mariano del Friuli,Mariano del Friuli,Nord-est,Friuli Venezia Giulia,Gorizia,Gorizia,GO,NORD
19,8,85008,Marianopoli,Marianopoli,Isole,Sicilia,Caltanissetta,Caltanissetta,CL,SICI
15,42,63042,Mariglianella,Mariglianella,Sud,Campania,Napoli,Naples,NA,CSUD
15,43,63043,Marigliano,Marigliano,Sud,Campania,Napoli,Naples,NA,CSUD
18,45,80045,Marina di Gioiosa Ionica,Marina di Gioiosa Ionica,Sud,Calabria,Reggio Calabria,Reggio Calabria,RC,CALA
19,46,82046,Marineo,Marineo,Isole,Sicilia,Palermo,Palermo,PA,SICI
12,57,58057,Marino,Marino,Centro,Lazio,Roma,Rome,RM,CSUD
4,48,21048,Marlengo/Marling,Marlengo,Nord-est,Trentino-Alto Adige,Bolzano/Bozen,Bolzano,BZ,NORD
9,7,47007,Marliana,Marliana,Centro,Toscana,Pistoia,Pistoia,PT,CNOR
3,105,17105,Marmentino,Marmentino,Nord-ovest,Lombardia,Brescia,Brescia,BS,NORD
3,33,20033,Marmirolo,Marmirolo,Nord-ovest,Lombardia,Mantova,Mantova,MN,NORD
1,119,4119,Marmora,Marmora,Nord-ovest,Piemonte,Cuneo,Cuneo,CN,NORD
3,98,12098,Marnate,Marnate,Nord-ovest,Lombardia,Varese,Varese,VA,NORD
3,106,17106,Marone,Marone,Nord-ovest,Lombardia,Brescia,Brescia,BS,NORD
18,46,80046,Maropati,Maropati,Sud,Calabria,Reggio Calabria,Reggio Calabria,RC,CALA
5,57,24057,Marostica,Marostica,Nord-est,Veneto,Vicenza,Vicenza,VI,NORD
9,26,48026,Marradi,Marradi,Centro,Toscana,Firenze,Florence,FI,CNOR
20,25,95025,Marrubiu,Marrubiu,Isole,Sardegna,Oristano,Oristano,OR,SARD
1,120,4120,Marsaglia,Marsaglia,Nord-ovest,Piemonte,Cuneo,Cuneo,CN,NORD
19,11,81011,Marsala,Marsala,Isole,Sicilia,Trapani,Trapani,TP,SICI
10,27,54027,Marsciano,Marsciano,Centro,Umbria,Perugia,Perugia,PG,CSUD
17,45,76045,Marsico Nuovo,Marsico Nuovo,Sud,Basilicata,Potenza,Potenza,PZ,SUD
17,46,76046,Marsicovetere,Marsicovetere,Sud,Basilicata,Potenza,Potenza,PZ,SUD
12,34,56034,Marta,Marta,Centro,Lazio,Viterbo,Viterbo,VT,CSUD
16,40,75040,Martano,Martano,Sud,Puglia,Lecce,Lecce,LE,SUD
5,21,27021,Martellago,Martellago,Nord-est,Veneto,Venezia,Venice,VE,NORD
4,49,21049,Martello/Martell,Martello,Nord-est,Trentino-Alto Adige,Bolzano/Bozen,Bolzano,BZ,NORD
6,57,30057,Martignacco,Martignacco,Nord-est,Friuli Venezia Giulia,Udine,Udine,UD,NORD
3,57,19057,Martignana di Po,Martignana di Po,Nord-ovest,Lombardia,Cremona,Cremona,CR,NORD
16,41,75041,Martignano,Martignano,Sud,Puglia,Lecce,Lecce,LE,SUD
16,13,73013,Martina Franca,Martina Franca,Sud,Puglia,Taranto,Taranto,TA,SUD
3,133,16133,Martinengo,Martinengo,Nord-ovest,Lombardia,Bergamo,Bergamo,BG,NORD
1,121,4121,Martiniana Po,Martiniana Po,Nord-ovest,Piemonte,Cuneo,Cuneo,CN,NORD
13,47,67047,Martinsicuro,Martinsicuro,Sud,Abruzzo,Teramo,Teramo,TE,CSUD
18,73,79073,Martirano,Martirano,Sud,Calabria,Catanzaro,Catanzaro,CZ,CALA
18,74,79074,Martirano Lombardo,Martirano Lombardo,Sud,Calabria,Catanzaro,Catanzaro,CZ,CALA
20,39,90039,Martis,Martis,Isole,Sardegna,Sassari,Sassari,SS,SARD
18,47,80047,Martone,Martone,Sud,Calabria,Reggio Calabria,Reggio Calabria,RC,CALA
3,36,98036,Marudo,Marudo,Nord-ovest,Lombardia,Lodi,Lodi,LO,NORD
16,14,73014,Maruggio,Maruggio,Sud,Puglia,Taranto,Taranto,TA,SUD
8,36,37036,Marzabotto,Marzabotto,Nord-est,Emilia Romagna,Bologna,Bologna,BO,NORD
3,87,18087,Marzano,Marzano,Nord-ovest,Lombardia,Pavia,Pavia,PV,NORD
15,50,61050,Marzano Appio,Marzano Appio,Sud,Campania,Caserta,Caserta,CE,CSUD
15,47,64047,Marzano di Nola,Marzano di Nola,Sud,Campania,Avellino,Avellino,AV,CSUD
18,78,78078,Marzi,Marzi,Sud,Calabria,Cosenza,Cosenza,CS,CALA
3,99,12099,Marzio,Marzio,Nord-ovest,Lombardia,Varese,Varese,VA,NORD
20,40,111040,Masainas,Masainas,Isole,Sardegna,Sud Sardegna,#N/A,SU,SARD
3,136,15136,Masate,Masate,Nord-ovest,Lombardia,Milano,Milan,MI,NORD
19,23,87023,Mascali,Mascali,Isole,Sicilia,Catania,Catania,CT,SICI
19,24,87024,Mascalucia,Mascalucia,Isole,Sicilia,Catania,Catania,CT,SICI
17,47,76047,Maschito,Maschito,Sud,Basilicata,Potenza,Potenza,PZ,SUD
3,100,12100,Masciago Primo,Masciago Primo,Nord-ovest,Lombardia,Varese,Varese,VA,NORD
5,39,26039,Maser,Maser,Nord-est,Veneto,Treviso,Treviso,TV,NORD
5,48,28048,Maser? di Padova,Maser? di Padova,Nord-est,Veneto,Padova,Padova,PD,NORD
1,42,103042,Masera,Masera,Nord-ovest,Piemonte,Verbano-Cusio-Ossola,Verbano-Cusio-Ossola,VB,NORD
5,40,26040,Maserada sul Piave,Maserada sul Piave,Nord-est,Veneto,Treviso,Treviso,TV,NORD
5,49,28049,Masi,Masi,Nord-est,Veneto,Padova,Padova,PD,NORD
8,12,38012,Masi Torello,Masi Torello,Nord-est,Emilia Romagna,Ferrara,Ferrara,FE,NORD
1,91,6091,Masio,Masio,Nord-ovest,Piemonte,Alessandria,Alessandria,AL,NORD
3,144,13144,Maslianico,Maslianico,Nord-ovest,Lombardia,Como,Como,CO,NORD
7,32,10032,Masone,Masone,Nord-ovest,Liguria,Genova,Genoa,GE,NORD
9,10,45010,Massa,Massa,Centro,Toscana,Massa-Carrara,Massa-Carrara,MS,CNOR
13,54,66054,Massa d'Albe,Massa d'Albe,Sud,Abruzzo,L'Aquila,L'Aquila,AQ,CSUD
15,92,63092,Massa di Somma,Massa di Somma,Sud,Campania,Napoli,Naples,NA,CSUD
9,8,47008,Massa e Cozzile,Massa e Cozzile,Centro,Toscana,Pistoia,Pistoia,PT,CNOR
11,11,109011,Massa Fermana,Massa Fermana,Centro,Marche,Fermo,Fermo,FM,CNOR
8,13,39013,Massa Lombarda,Massa Lombarda,Nord-est,Emilia Romagna,Ravenna,Ravenna,RA,NORD
15,44,63044,Massa Lubrense,Massa Lubrense,Sud,Campania,Napoli,Naples,NA,CSUD
9,15,53015,Massa Marittima,Massa Marittima,Centro,Toscana,Grosseto,Grosseto,GR,CNOR
10,28,54028,Massa Martana,Massa Martana,Centro,Umbria,Perugia,Perugia,PG,CSUD
16,15,73015,Massafra,Massafra,Sud,Puglia,Taranto,Taranto,TA,SUD
3,37,98037,Massalengo,Massalengo,Nord-ovest,Lombardia,Lodi,Lodi,LO,NORD
5,50,28050,Massanzago,Massanzago,Nord-est,Veneto,Padova,Padova,PD,NORD
9,18,46018,Massarosa,Massarosa,Centro,Toscana,Lucca,Lucca,LU,CNOR
1,31,96031,Massazza,Massazza,Nord-ovest,Piemonte,Biella,Biella,BI,NORD
1,145,1145,Massello,Massello,Nord-ovest,Piemonte,Torino,Turin,TO,NORD
1,32,96032,Masserano,Masserano,Nord-ovest,Piemonte,Biella,Biella,BI,NORD
11,29,44029,Massignano,Massignano,Centro,Marche,Ascoli Piceno,Ascoli Piceno,AP,CNOR
4,112,22112,Massimeno,Massimeno,Nord-est,Trentino-Alto Adige,Trento,Trento,TN,NORD
7,37,9037,Massimino,Massimino,Nord-ovest,Liguria,Savona,Savona,SV,NORD
1,93,3093,Massino Visconti,Massino Visconti,Nord-ovest,Piemonte,Novara,Novara,NO,NORD
1,43,103043,Massiola,Massiola,Nord-ovest,Piemonte,Verbano-Cusio-Ossola,Verbano-Cusio-Ossola,VB,NORD
20,26,95026,Masullas,Masullas,Isole,Sardegna,Oristano,Oristano,OR,SARD
11,24,43024,Matelica,Matelica,Centro,Marche,Macerata,Macerata,MC,CNOR
17,14,77014,Matera,Matera,Sud,Basilicata,Matera,Matera,MT,SUD
1,146,1146,Mathi,Mathi,Nord-ovest,Piemonte,Torino,Turin,TO,NORD
16,42,75042,Matino,Matino,Sud,Puglia,Lecce,Lecce,LE,SUD
14,37,70037,Matrice,Matrice,Sud,Molise,Campobasso,Campobasso,CB,SUD
1,147,1147,Mattie,Mattie,Nord-ovest,Piemonte,Torino,Turin,TO,NORD
16,31,71031,Mattinata,Mattinata,Sud,Puglia,Foggia,Foggia,FG,SUD
19,12,81012,Mazara del Vallo,Mazara del Vallo,Isole,Sicilia,Trapani,Trapani,TP,SICI
1,148,1148,Mazz?,Mazz?,Nord-ovest,Piemonte,Torino,Turin,TO,NORD
3,107,17107,Mazzano,Mazzano,Nord-ovest,Lombardia,Brescia,Brescia,BS,NORD
12,58,58058,Mazzano Romano,Mazzano Romano,Centro,Lazio,Roma,Rome,RM,CSUD
19,9,85009,Mazzarino,Mazzarino,Isole,Sicilia,Caltanissetta,Caltanissetta,CL,SICI
19,46,83046,Mazzarr? Sant'Andrea,Mazzarr? Sant'Andrea,Isole,Sicilia,Messina,Messina,ME,SICI
19,56,87056,Mazzarrone,Mazzarrone,Isole,Sicilia,Catania,Catania,CT,SICI
4,113,22113,Mazzin,Mazzin,Nord-est,Trentino-Alto Adige,Trento,Trento,TN,NORD
3,40,14040,Mazzo di Valtellina,Mazzo di Valtellina,Nord-ovest,Lombardia,Sondrio,Sondrio,SO,NORD
1,149,1149,Meana di Susa,Meana di Susa,Nord-ovest,Piemonte,Torino,Turin,TO,NORD
20,47,91047,Meana Sardo,Meana Sardo,Isole,Sardegna,Nuoro,Nuoro,NU,SARD
3,30,108030,Meda,Meda,Nord-ovest,Lombardia,Monza e della Brianza,Monza e della Brianza,MB,NORD
3,88,18088,Mede,Mede,Nord-ovest,Lombardia,Pavia,Pavia,PV,NORD
6,11,31011,Medea,Medea,Nord-est,Friuli Venezia Giulia,Gorizia,Gorizia,GO,NORD
8,20,34020,Medesano,Medesano,Nord-est,Emilia Romagna,Parma,Parma,PR,NORD
8,37,37037,Medicina,Medicina,Nord-est,Emilia Romagna,Bologna,Bologna,BO,NORD
3,139,15139,Mediglia,Mediglia,Nord-ovest,Lombardia,Milano,Milan,MI,NORD
3,250,16250,Medolago,Medolago,Nord-ovest,Lombardia,Bergamo,Bergamo,BG,NORD
3,34,20034,Medole,Medole,Nord-ovest,Lombardia,Mantova,Mantova,MN,NORD
8,21,36021,Medolla,Medolla,Nord-est,Emilia Romagna,Modena,Modena,MO,NORD
5,41,26041,Meduna di Livenza,Meduna di Livenza,Nord-est,Veneto,Treviso,Treviso,TV,NORD
6,26,93026,Meduno,Meduno,Nord-est,Friuli Venezia Giulia,Pordenone,Pordenone,PN,NORD
5,52,28052,Megliadino San Vitale,Megliadino San Vitale,Nord-est,Veneto,Padova,Padova,PD,NORD
1,95,3095,Meina,Meina,Nord-ovest,Piemonte,Novara,Novara,NO,NORD
5,32,29032,Melara,Melara,Nord-est,Veneto,Rovigo,Rovigo,RO,NORD
1,92,6092,Melazzo,Melazzo,Nord-ovest,Piemonte,Alessandria,Alessandria,AL,NORD
8,19,40019,Meldola,Meldola,Nord-est,Emilia Romagna,Forlç-Cesena,Forlç-Cesena,FC,NORD
7,33,10033,Mele,Mele,Nord-ovest,Liguria,Genova,Genoa,GE,NORD
3,140,15140,Melegnano,Melegnano,Nord-ovest,Lombardia,Milano,Milan,MI,NORD
16,43,75043,Melendugno,Melendugno,Sud,Puglia,Lecce,Lecce,LE,SUD
3,38,98038,Meleti,Meleti,Nord-ovest,Lombardia,Lodi,Lodi,LO,NORD
17,48,76048,Melfi,Melfi,Sud,Basilicata,Potenza,Potenza,PZ,SUD
18,48,80048,Melicucc?,Melicucc?,Sud,Calabria,Reggio Calabria,Reggio Calabria,RC,CALA
18,49,80049,Melicucco,Melicucco,Sud,Calabria,Reggio Calabria,Reggio Calabria,RC,CALA
19,12,89012,Melilli,Melilli,Isole,Sicilia,Siracusa,Siracusa,SR,SICI
18,14,101014,Melissa,Melissa,Sud,Calabria,Crotone,Crotone,KR,CALA
16,44,75044,Melissano,Melissano,Sud,Puglia,Lecce,Lecce,LE,SUD
15,45,63045,Melito di Napoli,Melito di Napoli,Sud,Campania,Napoli,Naples,NA,CSUD
18,50,80050,Melito di Porto Salvo,Melito di Porto Salvo,Sud,Calabria,Reggio Calabria,Reggio Calabria,RC,CALA
15,48,64048,Melito Irpino,Melito Irpino,Sud,Campania,Avellino,Avellino,AV,CSUD
15,39,62039,Melizzano,Melizzano,Sud,Campania,Benevento,Benevento,BN,CSUD
1,122,4122,Melle,Melle,Nord-ovest,Piemonte,Cuneo,Cuneo,CN,NORD
3,41,14041,Mello,Mello,Nord-ovest,Lombardia,Sondrio,Sondrio,SO,NORD
16,45,75045,Melpignano,Melpignano,Sud,Puglia,Lecce,Lecce,LE,SUD
4,50,21050,Meltina/M?lten,Meltina,Nord-est,Trentino-Alto Adige,Bolzano/Bozen,Bolzano,BZ,NORD
3,142,15142,Melzo,Melzo,Nord-ovest,Lombardia,Milano,Milan,MI,NORD
3,145,13145,Menaggio,Menaggio,Nord-ovest,Lombardia,Como,Como,CO,NORD
3,89,18089,Menconico,Menconico,Nord-ovest,Lombardia,Pavia,Pavia,PV,NORD
7,34,8034,Mendatica,Mendatica,Nord-ovest,Liguria,Imperia,Imperia,IM,NORD
18,79,78079,Mendicino,Mendicino,Sud,Calabria,Cosenza,Cosenza,CS,CALA
19,23,84023,Menfi,Menfi,Isole,Sicilia,Agrigento,Agrigento,AG,SICI
12,59,58059,Mentana,Mentana,Centro,Lazio,Roma,Rome,RM,CSUD
5,22,27022,Meolo,Meolo,Nord-est,Veneto,Venezia,Venice,VE,NORD
19,47,83047,Merç,Merç,Isole,Sicilia,Messina,Messina,ME,SICI
1,93,6093,Merana,Merana,Nord-ovest,Piemonte,Alessandria,Alessandria,AL,NORD
4,51,21051,Merano/Meran,Merano,Nord-est,Trentino-Alto Adige,Bolzano/Bozen,Bolzano,BZ,NORD
3,48,97048,Merate,Merate,Nord-ovest,Lombardia,Lecco,Lecco,LC,NORD
3,101,12101,Mercallo,Mercallo,Nord-ovest,Lombardia,Varese,Varese,VA,NORD
11,25,41025,Mercatello sul Metauro,Mercatello sul Metauro,Centro,Marche,Pesaro e Urbino,Pesaro e Urbino,PU,CNOR
11,26,41026,Mercatino Conca,Mercatino Conca,Centro,Marche,Pesaro e Urbino,Pesaro e Urbino,PU,CNOR
15,67,65067,Mercato San Severino,Mercato San Severino,Sud,Campania,Salerno,Salerno,SA,CSUD
8,20,40020,Mercato Saraceno,Mercato Saraceno,Nord-est,Emilia Romagna,Forlç-Cesena,Forlç-Cesena,FC,NORD
1,150,1150,Mercenasco,Mercenasco,Nord-ovest,Piemonte,Torino,Turin,TO,NORD
15,49,64049,Mercogliano,Mercogliano,Sud,Campania,Avellino,Avellino,AV,CSUD
6,58,30058,Mereto di Tomba,Mereto di Tomba,Nord-est,Friuli Venezia Giulia,Udine,Udine,UD,NORD
11,24,42024,Mergo,Mergo,Centro,Marche,Ancona,Ancona,AN,CNOR
1,44,103044,Mergozzo,Mergozzo,Nord-ovest,Piemonte,Verbano-Cusio-Ossola,Verbano-Cusio-Ossola,VB,NORD
5,53,28053,Merlara,Merlara,Nord-est,Veneto,Padova,Padova,PD,NORD
3,39,98039,Merlino,Merlino,Nord-ovest,Lombardia,Lodi,Lodi,LO,NORD
3,147,13147,Merone,Merone,Nord-ovest,Lombardia,Como,Como,CO,NORD
16,10,74010,Mesagne,Mesagne,Sud,Puglia,Brindisi,Brindisi,BR,SUD
3,43,14043,Mese,Mese,Nord-ovest,Lombardia,Sondrio,Sondrio,SO,NORD
3,102,12102,Mesenzana,Mesenzana,Nord-ovest,Lombardia,Varese,Varese,VA,NORD
3,144,15144,Mesero,Mesero,Nord-ovest,Lombardia,Milano,Milan,MI,NORD
8,14,38014,Mesola,Mesola,Nord-est,Emilia Romagna,Ferrara,Ferrara,FE,NORD
18,15,101015,Mesoraca,Mesoraca,Sud,Calabria,Crotone,Crotone,KR,CALA
19,48,83048,Messina,Messina,Isole,Sicilia,Messina,Messina,ME,SICI
5,54,28054,Mestrino,Mestrino,Nord-est,Veneto,Padova,Padova,PD,NORD
15,46,63046,Meta,Meta,Sud,Campania,Napoli,Naples,NA,CSUD
3,31,108031,Mezzago,Mezzago,Nord-ovest,Lombardia,Monza e della Brianza,Monza e della Brianza,MB,NORD
4,114,22114,Mezzana,Mezzana,Nord-est,Trentino-Alto Adige,Trento,Trento,TN,NORD
3,90,18090,Mezzana Bigli,Mezzana Bigli,Nord-ovest,Lombardia,Pavia,Pavia,PV,NORD
1,33,96033,Mezzana Mortigliengo,Mezzana Mortigliengo,Nord-ovest,Piemonte,Biella,Biella,BI,NORD
3,91,18091,Mezzana Rabattone,Mezzana Rabattone,Nord-ovest,Lombardia,Pavia,Pavia,PV,NORD
5,47,23047,Mezzane di Sotto,Mezzane di Sotto,Nord-est,Veneto,Verona,Verona,VR,NORD
7,34,10034,Mezzanego,Mezzanego,Nord-ovest,Liguria,Genova,Genoa,GE,NORD
3,92,18092,Mezzanino,Mezzanino,Nord-ovest,Lombardia,Pavia,Pavia,PV,NORD
4,115,22115,Mezzano,Mezzano,Nord-est,Trentino-Alto Adige,Trento,Trento,TN,NORD
1,152,1152,Mezzenile,Mezzenile,Nord-ovest,Piemonte,Torino,Turin,TO,NORD
4,116,22116,Mezzocorona,Mezzocorona,Nord-est,Trentino-Alto Adige,Trento,Trento,TN,NORD
19,47,82047,Mezzojuso,Mezzojuso,Isole,Sicilia,Palermo,Palermo,PA,SICI
3,134,16134,Mezzoldo,Mezzoldo,Nord-ovest,Lombardia,Bergamo,Bergamo,BG,NORD
4,117,22117,Mezzolombardo,Mezzolombardo,Nord-est,Trentino-Alto Adige,Trento,Trento,TN,NORD
1,97,3097,Mezzomerico,Mezzomerico,Nord-ovest,Piemonte,Novara,Novara,NO,NORD
1,34,96034,Miagliano,Miagliano,Nord-ovest,Piemonte,Biella,Biella,BI,NORD
5,42,26042,Miane,Miane,Nord-est,Veneto,Treviso,Treviso,TV,NORD
1,98,3098,Miasino,Miasino,Nord-ovest,Piemonte,Novara,Novara,NO,NORD
1,45,103045,Miazzina,Miazzina,Nord-ovest,Piemonte,Verbano-Cusio-Ossola,Verbano-Cusio-Ossola,VB,NORD
12,37,57037,Micigliano,Micigliano,Centro,Lazio,Rieti,Rieti,RI,CSUD
16,46,75046,Miggiano,Miggiano,Sud,Puglia,Lecce,Lecce,LE,SUD
13,50,69050,Miglianico,Miglianico,Sud,Abruzzo,Chieti,Chieti,CH,CSUD
18,77,79077,Miglierina,Miglierina,Sud,Calabria,Catanzaro,Catanzaro,CZ,CALA
17,15,77015,Miglionico,Miglionico,Sud,Basilicata,Matera,Matera,MT,SUD
7,35,10035,Mignanego,Mignanego,Nord-ovest,Liguria,Genova,Genoa,GE,NORD
15,51,61051,Mignano Monte Lungo,Mignano Monte Lungo,Sud,Campania,Caserta,Caserta,CE,CSUD
3,146,15146,Milano,Milano,Nord-ovest,Lombardia,Milano,Milan,MI,NORD
19,49,83049,Milazzo,Milazzo,Isole,Sicilia,Messina,Messina,ME,SICI
19,10,85010,Milena,Milena,Isole,Sicilia,Caltanissetta,Caltanissetta,CL,SICI
18,21,102021,Mileto,Mileto,Sud,Calabria,Vibo Valentia,Vibo Valentia,VV,CALA
20,27,95027,Milis,Milis,Isole,Sardegna,Oristano,Oristano,OR,SARD
19,25,87025,Militello in Val di Catania,Militello in Val di Catania,Isole,Sicilia,Catania,Catania,CT,SICI
19,50,83050,Militello Rosmarino,Militello Rosmarino,Isole,Sicilia,Messina,Messina,ME,SICI
7,38,9038,Millesimo,Millesimo,Nord-ovest,Liguria,Savona,Savona,SV,NORD
19,26,87026,Milo,Milo,Isole,Sicilia,Catania,Catania,CT,SICI
3,108,17108,Milzano,Milzano,Nord-ovest,Lombardia,Brescia,Brescia,BS,NORD
19,27,87027,Mineo,Mineo,Isole,Sicilia,Catania,Catania,CT,SICI
5,48,23048,Minerbe,Minerbe,Nord-est,Veneto,Verona,Verona,VR,NORD
8,38,37038,Minerbio,Minerbio,Nord-est,Emilia Romagna,Bologna,Bologna,BO,NORD
16,47,75047,Minervino di Lecce,Minervino di Lecce,Sud,Puglia,Lecce,Lecce,LE,SUD
16,6,110006,Minervino Murge,Minervino Murge,Sud,Puglia,Barletta-Andria-Trani,Barletta-Andria-Trani,BT,SUD
15,68,65068,Minori,Minori,Sud,Campania,Salerno,Salerno,SA,CSUD
12,14,59014,Minturno,Minturno,Centro,Lazio,Latina,Latina,LT,CSUD
9,19,46019,Minucciano,Minucciano,Centro,Toscana,Lucca,Lucca,LU,CNOR
7,39,9039,Mioglia,Mioglia,Nord-ovest,Liguria,Savona,Savona,SV,NORD
5,23,27023,Mira,Mira,Nord-est,Veneto,Venezia,Venice,VE,NORD
15,50,64050,Mirabella Eclano,Mirabella Eclano,Sud,Campania,Avellino,Avellino,AV,CSUD
19,28,87028,Mirabella Imbaccari,Mirabella Imbaccari,Isole,Sicilia,Catania,Catania,CT,SICI
1,94,6094,Mirabello Monferrato,Mirabello Monferrato,Nord-ovest,Piemonte,Alessandria,Alessandria,AL,NORD
14,38,70038,Mirabello Sannitico,Mirabello Sannitico,Sud,Molise,Campobasso,Campobasso,CB,SUD
3,93,18093,Miradolo Terme,Miradolo Terme,Nord-ovest,Lombardia,Pavia,Pavia,PV,NORD
14,27,94027,Miranda,Miranda,Sud,Molise,Isernia,Isernia,IS,SUD
8,22,36022,Mirandola,Mirandola,Nord-est,Emilia Romagna,Modena,Modena,MO,NORD
5,24,27024,Mirano,Mirano,Nord-est,Veneto,Venezia,Venice,VE,NORD
19,51,83051,Mirto,Mirto,Isole,Sicilia,Messina,Messina,ME,SICI
8,5,99005,Misano Adriatico,Misano Adriatico,Nord-est,Emilia Romagna,Rimini,Rimini,RN,NORD
3,135,16135,Misano di Gera d'Adda,Misano di Gera d'Adda,Nord-ovest,Lombardia,Bergamo,Bergamo,BG,NORD
19,25,81025,Misiliscemi,Misiliscemi,Isole,Sicilia,Trapani,Trapani,TP,SICI
19,48,82048,Misilmeri,Misilmeri,Isole,Sicilia,Palermo,Palermo,PA,SICI
3,32,108032,Misinto,Misinto,Nord-ovest,Lombardia,Monza e della Brianza,Monza e della Brianza,MB,NORD
3,49,97049,Missaglia,Missaglia,Nord-ovest,Lombardia,Lecco,Lecco,LC,NORD
17,49,76049,Missanello,Missanello,Sud,Basilicata,Potenza,Potenza,PZ,SUD
19,29,87029,Misterbianco,Misterbianco,Isole,Sicilia,Catania,Catania,CT,SICI
19,52,83052,Mistretta,Mistretta,Isole,Sicilia,Messina,Messina,ME,SICI
1,63,5063,Moasca,Moasca,Nord-ovest,Piemonte,Asti,Asti,AT,NORD
7,36,10036,Moconesi,Moconesi,Nord-ovest,Liguria,Genova,Genoa,GE,NORD
8,23,36023,Modena,Modena,Nord-est,Emilia Romagna,Modena,Modena,MO,NORD
19,6,88006,Modica,Modica,Isole,Sicilia,Ragusa,Ragusa,RG,SICI
8,22,40022,Modigliana,Modigliana,Nord-est,Emilia Romagna,Forlç-Cesena,Forlç-Cesena,FC,NORD
20,84,95084,Modolo,Modolo,Isole,Sardegna,Oristano,Oristano,OR,SARD
16,27,72027,Modugno,Modugno,Sud,Puglia,Bari,Bari,BA,SUD
4,118,22118,Moena,Moena,Nord-est,Trentino-Alto Adige,Trento,Trento,TN,NORD
3,50,97050,Moggio,Moggio,Nord-ovest,Lombardia,Lecco,Lecco,LC,NORD
6,59,30059,Moggio Udinese,Moggio Udinese,Nord-est,Friuli Venezia Giulia,Udine,Udine,UD,NORD
3,35,20035,Moglia,Moglia,Nord-ovest,Lombardia,Mantova,Mantova,MN,NORD
11,25,43025,Mogliano,Mogliano,Centro,Marche,Macerata,Macerata,MC,CNOR
5,43,26043,Mogliano Veneto,Mogliano Veneto,Nord-est,Veneto,Treviso,Treviso,TV,NORD
20,28,95028,Mogorella,Mogorella,Isole,Sardegna,Oristano,Oristano,OR,SARD
20,29,95029,Mogoro,Mogoro,Isole,Sardegna,Oristano,Oristano,OR,SARD
15,40,62040,Moiano,Moiano,Sud,Campania,Benevento,Benevento,BN,CSUD
6,60,30060,Moimacco,Moimacco,Nord-est,Friuli Venezia Giulia,Udine,Udine,UD,NORD
19,53,83053,Moio Alcantara,Moio Alcantara,Isole,Sicilia,Messina,Messina,ME,SICI
3,136,16136,Moio de' Calvi,Moio de' Calvi,Nord-ovest,Lombardia,Bergamo,Bergamo,BG,NORD
15,69,65069,Moio della Civitella,Moio della Civitella,Sud,Campania,Salerno,Salerno,SA,CSUD
1,123,4123,Moiola,Moiola,Nord-ovest,Piemonte,Cuneo,Cuneo,CN,NORD
16,28,72028,Mola di Bari,Mola di Bari,Sud,Puglia,Bari,Bari,BA,SUD
1,95,6095,Molare,Molare,Nord-ovest,Piemonte,Alessandria,Alessandria,AL,NORD
9,20,46020,Molazzana,Molazzana,Centro,Toscana,Lucca,Lucca,LU,CNOR
16,29,72029,Molfetta,Molfetta,Sud,Puglia,Bari,Bari,BA,SUD
13,55,66055,Molina Aterno,Molina Aterno,Sud,Abruzzo,L'Aquila,L'Aquila,AQ,CSUD
15,41,62041,Molinara,Molinara,Sud,Campania,Benevento,Benevento,BN,CSUD
8,39,37039,Molinella,Molinella,Nord-est,Emilia Romagna,Bologna,Bologna,BO,NORD
7,35,8035,Molini di Triora,Molini di Triora,Nord-ovest,Liguria,Imperia,Imperia,IM,NORD
1,96,6096,Molino dei Torti,Molino dei Torti,Nord-ovest,Piemonte,Alessandria,Alessandria,AL,NORD
14,39,70039,Molise,Molise,Sud,Molise,Campobasso,Campobasso,CB,SUD
17,50,76050,Moliterno,Moliterno,Sud,Basilicata,Potenza,Potenza,PZ,SUD
1,78,2078,Mollia,Mollia,Nord-ovest,Piemonte,Vercelli,Vercelli,VC,NORD
18,51,80051,Molochio,Molochio,Sud,Calabria,Reggio Calabria,Reggio Calabria,RC,CALA
3,51,97051,Molteno,Molteno,Nord-ovest,Lombardia,Lecco,Lecco,LC,NORD
3,152,13152,Moltrasio,Moltrasio,Nord-ovest,Lombardia,Como,Como,CO,NORD
4,120,22120,Molveno,Molveno,Nord-est,Trentino-Alto Adige,Trento,Trento,TN,NORD
1,64,5064,Mombaldone,Mombaldone,Nord-ovest,Piemonte,Asti,Asti,AT,NORD
1,124,4124,Mombarcaro,Mombarcaro,Nord-ovest,Piemonte,Cuneo,Cuneo,CN,NORD
11,27,41027,Mombaroccio,Mombaroccio,Centro,Marche,Pesaro e Urbino,Pesaro e Urbino,PU,CNOR
1,65,5065,Mombaruzzo,Mombaruzzo,Nord-ovest,Piemonte,Asti,Asti,AT,NORD
1,125,4125,Mombasiglio,Mombasiglio,Nord-ovest,Piemonte,Cuneo,Cuneo,CN,NORD
1,153,1153,Mombello di Torino,Mombello di Torino,Nord-ovest,Piemonte,Torino,Turin,TO,NORD
1,97,6097,Mombello Monferrato,Mombello Monferrato,Nord-ovest,Piemonte,Alessandria,Alessandria,AL,NORD
1,66,5066,Mombercelli,Mombercelli,Nord-ovest,Piemonte,Asti,Asti,AT,NORD
1,100,3100,Momo,Momo,Nord-ovest,Piemonte,Novara,Novara,NO,NORD
1,154,1154,Mompantero,Mompantero,Nord-ovest,Piemonte,Torino,Turin,TO,NORD
12,38,57038,Mompeo,Mompeo,Centro,Lazio,Rieti,Rieti,RI,CSUD
1,98,6098,Momperone,Momperone,Nord-ovest,Piemonte,Alessandria,Alessandria,AL,NORD
14,40,70040,Monacilioni,Monacilioni,Sud,Molise,Campobasso,Campobasso,CB,SUD
1,67,5067,Monale,Monale,Nord-ovest,Piemonte,Asti,Asti,AT,NORD
18,52,80052,Monasterace,Monasterace,Sud,Calabria,Reggio Calabria,Reggio Calabria,RC,CALA
1,68,5068,Monastero Bormida,Monastero Bormida,Nord-ovest,Piemonte,Asti,Asti,AT,NORD
1,155,1155,Monastero di Lanzo,Monastero di Lanzo,Nord-ovest,Piemonte,Torino,Turin,TO,NORD
1,126,4126,Monastero di Vasco,Monastero di Vasco,Nord-ovest,Piemonte,Cuneo,Cuneo,CN,NORD
1,127,4127,Monasterolo Casotto,Monasterolo Casotto,Nord-ovest,Piemonte,Cuneo,Cuneo,CN,NORD
3,137,16137,Monasterolo del Castello,Monasterolo del Castello,Nord-ovest,Lombardia,Bergamo,Bergamo,BG,NORD
1,128,4128,Monasterolo di Savigliano,Monasterolo di Savigliano,Nord-ovest,Piemonte,Cuneo,Cuneo,CN,NORD
5,44,26044,Monastier di Treviso,Monastier di Treviso,Nord-est,Veneto,Treviso,Treviso,TV,NORD
20,41,111041,Monastir,Monastir,Isole,Sardegna,Sud Sardegna,#N/A,SU,SARD
1,156,1156,Moncalieri,Moncalieri,Nord-ovest,Piemonte,Torino,Turin,TO,NORD
1,69,5069,Moncalvo,Moncalvo,Nord-ovest,Piemonte,Asti,Asti,AT,NORD
1,157,1157,Moncenisio,Moncenisio,Nord-ovest,Piemonte,Torino,Turin,TO,NORD
1,99,6099,Moncestino,Moncestino,Nord-ovest,Piemonte,Alessandria,Alessandria,AL,NORD
1,129,4129,Monchiero,Monchiero,Nord-ovest,Piemonte,Cuneo,Cuneo,CN,NORD
8,22,34022,Monchio delle Corti,Monchio delle Corti,Nord-est,Emilia Romagna,Parma,Parma,PR,NORD
1,79,2079,Moncrivello,Moncrivello,Nord-ovest,Piemonte,Vercelli,Vercelli,VC,NORD
1,70,5070,Moncucco Torinese,Moncucco Torinese,Nord-ovest,Piemonte,Asti,Asti,AT,NORD
8,6,99006,Mondaino,Mondaino,Nord-est,Emilia Romagna,Rimini,Rimini,RN,NORD
11,28,41028,Mondavio,Mondavio,Centro,Marche,Pesaro e Urbino,Pesaro e Urbino,PU,CNOR
11,29,41029,Mondolfo,Mondolfo,Centro,Marche,Pesaro e Urbino,Pesaro e Urbino,PU,CNOR
1,130,4130,Mondovç,Mondovç,Nord-ovest,Piemonte,Cuneo,Cuneo,CN,NORD
15,52,61052,Mondragone,Mondragone,Sud,Campania,Caserta,Caserta,CE,CSUD
7,37,10037,Moneglia,Moneglia,Nord-ovest,Liguria,Genova,Genoa,GE,NORD
1,131,4131,Monesiglio,Monesiglio,Nord-ovest,Piemonte,Cuneo,Cuneo,CN,NORD
6,12,31012,Monfalcone,Monfalcone,Nord-est,Friuli Venezia Giulia,Gorizia,Gorizia,GO,NORD
1,132,4132,Monforte d'Alba,Monforte d'Alba,Nord-ovest,Piemonte,Cuneo,Cuneo,CN,NORD
19,54,83054,Monforte San Giorgio,Monforte San Giorgio,Isole,Sicilia,Messina,Messina,ME,SICI
5,45,26045,Monfumo,Monfumo,Nord-est,Veneto,Treviso,Treviso,TV,NORD
1,71,5071,Mongardino,Mongardino,Nord-ovest,Piemonte,Asti,Asti,AT,NORD
8,40,37040,Monghidoro,Monghidoro,Nord-est,Emilia Romagna,Bologna,Bologna,BO,NORD
18,22,102022,Mongiana,Mongiana,Sud,Calabria,Vibo Valentia,Vibo Valentia,VV,CALA
1,100,6100,Mongiardino Ligure,Mongiardino Ligure,Nord-ovest,Piemonte,Alessandria,Alessandria,AL,NORD
19,55,83055,Mongiuffi Melia,Mongiuffi Melia,Isole,Sicilia,Messina,Messina,ME,SICI
1,35,96035,Mongrando,Mongrando,Nord-ovest,Piemonte,Biella,Biella,BI,NORD
18,80,78080,Mongrassano,Mongrassano,Sud,Calabria,Cosenza,Cosenza,CS,CALA
4,52,21052,Monguelfo-Tesido/Welsberg-Taisten,Monguelfo-Tesido,Nord-est,Trentino-Alto Adige,Bolzano/Bozen,Bolzano,BZ,NORD
3,153,13153,Monguzzo,Monguzzo,Nord-ovest,Lombardia,Como,Como,CO,NORD
3,109,17109,Moniga del Garda,Moniga del Garda,Nord-ovest,Lombardia,Brescia,Brescia,BS,NORD
1,101,6101,Monleale,Monleale,Nord-ovest,Piemonte,Alessandria,Alessandria,AL,NORD
3,110,17110,Monno,Monno,Nord-ovest,Lombardia,Brescia,Brescia,BS,NORD
16,30,72030,Monopoli,Monopoli,Sud,Puglia,Bari,Bari,BA,SUD
19,49,82049,Monreale,Monreale,Isole,Sicilia,Palermo,Palermo,PA,SICI
6,2,32002,Monrupino-Repentabor,Monrupino,Nord-est,Friuli Venezia Giulia,Trieste,Trieste,TS,NORD
11,12,109012,Monsampietro Morico,Monsampietro Morico,Centro,Marche,Fermo,Fermo,FM,CNOR
11,31,44031,Monsampolo del Tronto,Monsampolo del Tronto,Centro,Marche,Ascoli Piceno,Ascoli Piceno,AP,CNOR
11,25,42025,Monsano,Monsano,Centro,Marche,Ancona,Ancona,AN,CNOR
5,55,28055,Monselice,Monselice,Nord-est,Veneto,Padova,Padova,PD,NORD
20,109,92109,Monserrato,Monserrato,Isole,Sardegna,Cagliari,Cagliari,CA,SARD
9,9,47009,Monsummano Terme,Monsummano Terme,Centro,Toscana,Pistoia,Pistoia,PT,CNOR
1,133,4133,Mont?,Mont?,Nord-ovest,Piemonte,Cuneo,Cuneo,CN,NORD
3,100,18100,Mont? Beccaria,Mont? Beccaria,Nord-ovest,Lombardia,Pavia,Pavia,PV,NORD
1,72,5072,Montabone,Montabone,Nord-ovest,Piemonte,Asti,Asti,AT,NORD
1,102,6102,Montacuto,Montacuto,Nord-ovest,Piemonte,Alessandria,Alessandria,AL,NORD
1,73,5073,Montafia,Montafia,Nord-ovest,Piemonte,Asti,Asti,AT,NORD
14,41,70041,Montagano,Montagano,Sud,Molise,Campobasso,Campobasso,CB,SUD
3,44,14044,Montagna in Valtellina,Montagna in Valtellina,Nord-ovest,Lombardia,Sondrio,Sondrio,SO,NORD
4,53,21053,Montagna sulla Strada del Vino/Montan an der Weinstra†e,Montagna sulla Strada del Vino,Nord-est,Trentino-Alto Adige,Bolzano/Bozen,Bolzano,BZ,NORD
5,56,28056,Montagnana,Montagnana,Nord-est,Veneto,Padova,Padova,PD,NORD
19,56,83056,Montagnareale,Montagnareale,Isole,Sicilia,Messina,Messina,ME,SICI
15,51,64051,Montaguto,Montaguto,Sud,Campania,Avellino,Avellino,AV,CSUD
9,27,48027,Montaione,Montaione,Centro,Toscana,Firenze,Florence,FI,CNOR
19,57,83057,Montalbano Elicona,Montalbano Elicona,Isole,Sicilia,Messina,Messina,ME,SICI
17,16,77016,Montalbano Jonico,Montalbano Jonico,Sud,Basilicata,Matera,Matera,MT,SUD
9,37,52037,Montalcino,Montalcino,Centro,Toscana,Siena,Siena,SI,CNOR
1,103,6103,Montaldeo,Montaldeo,Nord-ovest,Piemonte,Alessandria,Alessandria,AL,NORD
1,104,6104,Montaldo Bormida,Montaldo Bormida,Nord-ovest,Piemonte,Alessandria,Alessandria,AL,NORD
1,134,4134,Montaldo di Mondovç,Montaldo di Mondovç,Nord-ovest,Piemonte,Cuneo,Cuneo,CN,NORD
1,135,4135,Montaldo Roero,Montaldo Roero,Nord-ovest,Piemonte,Cuneo,Cuneo,CN,NORD
1,74,5074,Montaldo Scarampi,Montaldo Scarampi,Nord-ovest,Piemonte,Asti,Asti,AT,NORD
1,158,1158,Montaldo Torinese,Montaldo Torinese,Nord-ovest,Piemonte,Torino,Turin,TO,NORD
9,10,47010,Montale,Montale,Centro,Toscana,Pistoia,Pistoia,PT,CNOR
1,159,1159,Montalenghe,Montalenghe,Nord-ovest,Piemonte,Torino,Turin,TO,NORD
19,24,84024,Montallegro,Montallegro,Isole,Sicilia,Agrigento,Agrigento,AG,SICI
7,68,8068,Montalto Carpasio,Montalto Carpasio,Nord-ovest,Liguria,Imperia,Imperia,IM,NORD
11,32,44032,Montalto delle Marche,Montalto delle Marche,Centro,Marche,Ascoli Piceno,Ascoli Piceno,AP,CNOR
12,35,56035,Montalto di Castro,Montalto di Castro,Centro,Lazio,Viterbo,Viterbo,VT,CSUD
1,160,1160,Montalto Dora,Montalto Dora,Nord-ovest,Piemonte,Torino,Turin,TO,NORD
3,94,18094,Montalto Pavese,Montalto Pavese,Nord-ovest,Lombardia,Pavia,Pavia,PV,NORD
18,81,78081,Montalto Uffugo,Montalto Uffugo,Sud,Calabria,Cosenza,Cosenza,CS,CALA
1,161,1161,Montanaro,Montanaro,Nord-ovest,Piemonte,Torino,Turin,TO,NORD
3,40,98040,Montanaso Lombardo,Montanaso Lombardo,Nord-ovest,Lombardia,Lodi,Lodi,LO,NORD
1,136,4136,Montanera,Montanera,Nord-ovest,Piemonte,Cuneo,Cuneo,CN,NORD
15,70,65070,Montano Antilia,Montano Antilia,Sud,Campania,Salerno,Salerno,SA,CSUD
3,154,13154,Montano Lucino,Montano Lucino,Nord-ovest,Lombardia,Como,Como,CO,NORD
11,13,109013,Montappone,Montappone,Centro,Marche,Fermo,Fermo,FM,CNOR
14,28,94028,Montaquila,Montaquila,Sud,Molise,Isernia,Isernia,IS,SUD
12,39,57039,Montasola,Montasola,Centro,Lazio,Rieti,Rieti,RI,CSUD
18,80,79080,Montauro,Montauro,Sud,Calabria,Catanzaro,Catanzaro,CZ,CALA
13,51,69051,Montazzoli,Montazzoli,Sud,Abruzzo,Chieti,Chieti,CH,CSUD
9,16,53016,Monte Argentario,Monte Argentario,Centro,Toscana,Grosseto,Grosseto,GR,CNOR
10,29,54029,Monte Castello di Vibio,Monte Castello di Vibio,Centro,Umbria,Perugia,Perugia,PG,CSUD
11,27,43027,Monte Cavallo,Monte Cavallo,Centro,Marche,Macerata,Macerata,MC,CNOR
11,31,41031,Monte Cerignone,Monte Cerignone,Centro,Marche,Pesaro e Urbino,Pesaro e Urbino,PU,CNOR
12,60,58060,Monte Compatri,Monte Compatri,Centro,Lazio,Roma,Rome,RM,CSUD
3,58,19058,Monte Cremasco,Monte Cremasco,Nord-ovest,Lombardia,Cremona,Cremona,CR,NORD
5,63,24063,Monte di Malo,Monte di Malo,Nord-est,Veneto,Vicenza,Vicenza,VI,NORD
15,47,63047,Monte di Procida,Monte di Procida,Sud,Campania,Napoli,Naples,NA,CSUD
11,16,109016,Monte Giberto,Monte Giberto,Centro,Marche,Fermo,Fermo,FM,CNOR
11,35,41035,Monte Grimano Terme,Monte Grimano Terme,Centro,Marche,Pesaro e Urbino,Pesaro e Urbino,PU,CNOR
3,111,17111,Monte Isola,Monte Isola,Nord-ovest,Lombardia,Brescia,Brescia,BS,NORD
3,52,97052,Monte Marenzo,Monte Marenzo,Nord-ovest,Lombardia,Lecco,Lecco,LC,NORD
11,38,41038,Monte Porzio,Monte Porzio,Centro,Marche,Pesaro e Urbino,Pesaro e Urbino,PU,CNOR
12,64,58064,Monte Porzio Catone,Monte Porzio Catone,Centro,Lazio,Roma,Rome,RM,CSUD
11,21,109021,Monte Rinaldo,Monte Rinaldo,Centro,Marche,Fermo,Fermo,FM,CNOR
11,29,42029,Monte Roberto,Monte Roberto,Centro,Marche,Ancona,Ancona,AN,CNOR
12,37,56037,Monte Romano,Monte Romano,Centro,Lazio,Viterbo,Viterbo,VT,CSUD
12,15,59015,Monte San Biagio,Monte San Biagio,Centro,Lazio,Latina,Latina,LT,CSUD
15,75,65075,Monte San Giacomo,Monte San Giacomo,Sud,Campania,Salerno,Salerno,SA,CSUD
12,44,60044,Monte San Giovanni Campano,Monte San Giovanni Campano,Centro,Lazio,Frosinone,Frosinone,FR,CSUD
12,43,57043,Monte San Giovanni in Sabina,Monte San Giovanni in Sabina,Centro,Lazio,Rieti,Rieti,RI,CSUD
11,31,43031,Monte San Giusto,Monte San Giusto,Centro,Marche,Macerata,Macerata,MC,CNOR
11,32,43032,Monte San Martino,Monte San Martino,Centro,Marche,Macerata,Macerata,MC,CNOR
11,23,109023,Monte San Pietrangeli,Monte San Pietrangeli,Centro,Marche,Fermo,Fermo,FM,CNOR
8,42,37042,Monte San Pietro,Monte San Pietro,Nord-est,Emilia Romagna,Bologna,Bologna,BO,NORD
9,25,51025,Monte San Savino,Monte San Savino,Centro,Toscana,Arezzo,Arezzo,AR,CNOR
11,30,42030,Monte San Vito,Monte San Vito,Centro,Marche,Ancona,Ancona,AN,CNOR
10,32,54032,Monte Santa Maria Tiberina,Monte Santa Maria Tiberina,Centro,Umbria,Perugia,Perugia,PG,CSUD
16,33,71033,Monte Sant'Angelo,Monte Sant'Angelo,Sud,Puglia,Foggia,Foggia,FG,SUD
11,24,109024,Monte Urano,Monte Urano,Centro,Marche,Fermo,Fermo,FM,CNOR
11,25,109025,Monte Vidon Combatte,Monte Vidon Combatte,Centro,Marche,Fermo,Fermo,FM,CNOR
11,26,109026,Monte Vidon Corrado,Monte Vidon Corrado,Centro,Marche,Fermo,Fermo,FM,CNOR
3,95,18095,Montebello della Battaglia,Montebello della Battaglia,Nord-ovest,Lombardia,Pavia,Pavia,PV,NORD
13,23,68023,Montebello di Bertona,Montebello di Bertona,Sud,Abruzzo,Pescara,Pescara,PE,CSUD
18,53,80053,Montebello Jonico,Montebello Jonico,Sud,Calabria,Reggio Calabria,Reggio Calabria,RC,CALA
13,9,69009,Montebello sul Sangro,Montebello sul Sangro,Sud,Abruzzo,Chieti,Chieti,CH,CSUD
5,60,24060,Montebello Vicentino,Montebello Vicentino,Nord-est,Veneto,Vicenza,Vicenza,VI,NORD
5,46,26046,Montebelluna,Montebelluna,Nord-est,Veneto,Treviso,Treviso,TV,NORD
7,38,10038,Montebruno,Montebruno,Nord-ovest,Liguria,Genova,Genoa,GE,NORD
12,40,57040,Montebuono,Montebuono,Centro,Lazio,Rieti,Rieti,RI,CSUD
11,30,41030,Montecalvo in Foglia,Montecalvo in Foglia,Centro,Marche,Pesaro e Urbino,Pesaro e Urbino,PU,CNOR
15,52,64052,Montecalvo Irpino,Montecalvo Irpino,Sud,Campania,Avellino,Avellino,AV,CSUD
3,96,18096,Montecalvo Versiggia,Montecalvo Versiggia,Nord-ovest,Lombardia,Pavia,Pavia,PV,NORD
9,21,46021,Montecarlo,Montecarlo,Centro,Toscana,Lucca,Lucca,LU,CNOR
11,26,42026,Montecarotto,Montecarotto,Centro,Marche,Ancona,Ancona,AN,CNOR
11,26,43026,Montecassiano,Montecassiano,Centro,Marche,Macerata,Macerata,MC,CNOR
1,105,6105,Montecastello,Montecastello,Nord-ovest,Piemonte,Alessandria,Alessandria,AL,NORD
10,17,55017,Montecastrilli,Montecastrilli,Centro,Umbria,Terni,Terni,TR,CSUD
9,19,50019,Montecatini Val di Cecina,Montecatini Val di Cecina,Centro,Toscana,Pisa,Pisa,PI,CNOR
9,11,47011,Montecatini-Terme,Montecatini-Terme,Centro,Toscana,Pistoia,Pistoia,PT,CNOR
5,49,23049,Montecchia di Crosara,Montecchia di Crosara,Nord-est,Veneto,Verona,Verona,VR,NORD
10,18,55018,Montecchio,Montecchio,Centro,Umbria,Terni,Terni,TR,CSUD
8,27,35027,Montecchio Emilia,Montecchio Emilia,Nord-est,Emilia Romagna,Reggio nell'Emilia,Reggio Emilia,RE,NORD
5,61,24061,Montecchio Maggiore,Montecchio Maggiore,Nord-est,Veneto,Vicenza,Vicenza,VI,NORD
5,62,24062,Montecchio Precalcino,Montecchio Precalcino,Nord-est,Veneto,Vicenza,Vicenza,VI,NORD
1,106,6106,Montechiaro d'Acqui,Montechiaro d'Acqui,Nord-ovest,Piemonte,Alessandria,Alessandria,AL,NORD
1,75,5075,Montechiaro d'Asti,Montechiaro d'Asti,Nord-ovest,Piemonte,Asti,Asti,AT,NORD
8,23,34023,Montechiarugolo,Montechiarugolo,Nord-est,Emilia Romagna,Parma,Parma,PR,NORD
14,42,70042,Montecilfone,Montecilfone,Sud,Molise,Campobasso,Campobasso,CB,SUD
8,30,99030,Montecopiolo,Montecopiolo,Nord-est,Emilia Romagna,Rimini,Rimini,RN,NORD
15,71,65071,Montecorice,Montecorice,Sud,Campania,Salerno,Salerno,SA,CSUD
15,72,65072,Montecorvino Pugliano,Montecorvino Pugliano,Sud,Campania,Salerno,Salerno,SA,CSUD
15,73,65073,Montecorvino Rovella,Montecorvino Rovella,Sud,Campania,Salerno,Salerno,SA,CSUD
11,28,43028,Montecosaro,Montecosaro,Centro,Marche,Macerata,Macerata,MC,CNOR
1,46,103046,Montecrestese,Montecrestese,Nord-ovest,Piemonte,Verbano-Cusio-Ossola,Verbano-Cusio-Ossola,VB,NORD
8,24,36024,Montecreto,Montecreto,Nord-est,Emilia Romagna,Modena,Modena,MO,NORD
11,34,44034,Montedinove,Montedinove,Centro,Marche,Ascoli Piceno,Ascoli Piceno,AP,CNOR
19,11,85011,Montedoro,Montedoro,Isole,Sicilia,Caltanissetta,Caltanissetta,CL,SICI
15,53,64053,Montefalcione,Montefalcione,Sud,Campania,Avellino,Avellino,AV,CSUD
10,30,54030,Montefalco,Montefalco,Centro,Umbria,Perugia,Perugia,PG,CSUD
11,14,109014,Montefalcone Appennino,Montefalcone Appennino,Centro,Marche,Fermo,Fermo,FM,CNOR
15,42,62042,Montefalcone di Val Fortore,Montefalcone di Val Fortore,Sud,Campania,Benevento,Benevento,BN,CSUD
14,43,70043,Montefalcone nel Sannio,Montefalcone nel Sannio,Sud,Molise,Campobasso,Campobasso,CB,SUD
11,29,43029,Montefano,Montefano,Centro,Marche,Macerata,Macerata,MC,CNOR
11,34,41034,Montefelcino,Montefelcino,Centro,Marche,Pesaro e Urbino,Pesaro e Urbino,PU,CNOR
13,52,69052,Monteferrante,Monteferrante,Sud,Abruzzo,Chieti,Chieti,CH,CSUD
12,36,56036,Montefiascone,Montefiascone,Centro,Lazio,Viterbo,Viterbo,VT,CSUD
13,27,67027,Montefino,Montefino,Sud,Abruzzo,Teramo,Teramo,TE,CSUD
8,8,99008,Montefiore Conca,Montefiore Conca,Nord-est,Emilia Romagna,Rimini,Rimini,RN,NORD
11,36,44036,Montefiore dell'Aso,Montefiore dell'Aso,Centro,Marche,Ascoli Piceno,Ascoli Piceno,AP,CNOR
8,25,36025,Montefiorino,Montefiorino,Nord-est,Emilia Romagna,Modena,Modena,MO,NORD
12,61,58061,Monteflavio,Monteflavio,Centro,Lazio,Roma,Rome,RM,CSUD
15,74,65074,Monteforte Cilento,Monteforte Cilento,Sud,Campania,Salerno,Salerno,SA,CSUD
5,50,23050,Monteforte d'Alpone,Monteforte d'Alpone,Nord-est,Veneto,Verona,Verona,VR,NORD
15,54,64054,Monteforte Irpino,Monteforte Irpino,Sud,Campania,Avellino,Avellino,AV,CSUD
11,15,109015,Montefortino,Montefortino,Centro,Marche,Fermo,Fermo,FM,CNOR
10,19,55019,Montefranco,Montefranco,Centro,Umbria,Terni,Terni,TR,CSUD
15,55,64055,Montefredane,Montefredane,Sud,Campania,Avellino,Avellino,AV,CSUD
15,56,64056,Montefusco,Montefusco,Sud,Campania,Avellino,Avellino,AV,CSUD
10,20,55020,Montegabbione,Montegabbione,Centro,Umbria,Terni,Terni,TR,CSUD
5,64,24064,Montegalda,Montegalda,Nord-est,Veneto,Vicenza,Vicenza,VI,NORD
5,65,24065,Montegaldella,Montegaldella,Nord-est,Veneto,Vicenza,Vicenza,VI,NORD
11,38,44038,Montegallo,Montegallo,Centro,Marche,Ascoli Piceno,Ascoli Piceno,AP,CNOR
1,107,6107,Montegioco,Montegioco,Nord-ovest,Piemonte,Alessandria,Alessandria,AL,NORD
18,82,78082,Montegiordano,Montegiordano,Sud,Calabria,Cosenza,Cosenza,CS,CALA
11,17,109017,Montegiorgio,Montegiorgio,Centro,Marche,Fermo,Fermo,FM,CNOR
11,18,109018,Montegranaro,Montegranaro,Centro,Marche,Fermo,Fermo,FM,CNOR
8,9,99009,Montegridolfo,Montegridolfo,Nord-est,Emilia Romagna,Rimini,Rimini,RN,NORD
3,103,12103,Montegrino Valtravaglia,Montegrino Valtravaglia,Nord-ovest,Lombardia,Varese,Varese,VA,NORD
1,76,5076,Montegrosso d'Asti,Montegrosso d'Asti,Nord-ovest,Piemonte,Asti,Asti,AT,NORD
7,37,8037,Montegrosso Pian Latte,Montegrosso Pian Latte,Nord-ovest,Liguria,Imperia,Imperia,IM,NORD
5,57,28057,Montegrotto Terme,Montegrotto Terme,Nord-est,Veneto,Padova,Padova,PD,NORD
16,16,73016,Monteiasi,Monteiasi,Sud,Puglia,Taranto,Taranto,TA,SUD
11,36,41036,Montelabbate,Montelabbate,Centro,Marche,Pesaro e Urbino,Pesaro e Urbino,PU,CNOR
12,62,58062,Montelanico,Montelanico,Centro,Lazio,Roma,Rome,RM,CSUD
13,53,69053,Montelapiano,Montelapiano,Sud,Abruzzo,Chieti,Chieti,CH,CSUD
11,19,109019,Monteleone di Fermo,Monteleone di Fermo,Centro,Marche,Fermo,Fermo,FM,CNOR
16,32,71032,Monteleone di Puglia,Monteleone di Puglia,Sud,Puglia,Foggia,Foggia,FG,SUD
10,31,54031,Monteleone di Spoleto,Monteleone di Spoleto,Centro,Umbria,Perugia,Perugia,PG,CSUD
10,21,55021,Monteleone d'Orvieto,Monteleone d'Orvieto,Centro,Umbria,Terni,Terni,TR,CSUD
20,40,90040,Monteleone Rocca Doria,Monteleone Rocca Doria,Isole,Sardegna,Sassari,Sassari,SS,SARD
12,41,57041,Monteleone Sabino,Monteleone Sabino,Centro,Lazio,Rieti,Rieti,RI,CSUD
19,50,82050,Montelepre,Montelepre,Isole,Sicilia,Palermo,Palermo,PA,SICI
12,63,58063,Montelibretti,Montelibretti,Centro,Lazio,Roma,Rome,RM,CSUD
15,57,64057,Montella,Montella,Sud,Campania,Avellino,Avellino,AV,CSUD
3,139,16139,Montello,Montello,Nord-ovest,Lombardia,Bergamo,Bergamo,BG,NORD
14,44,70044,Montelongo,Montelongo,Sud,Molise,Campobasso,Campobasso,CB,SUD
11,20,109020,Montelparo,Montelparo,Centro,Marche,Fermo,Fermo,FM,CNOR
1,137,4137,Montelupo Albese,Montelupo Albese,Nord-ovest,Piemonte,Cuneo,Cuneo,CN,NORD
9,28,48028,Montelupo Fiorentino,Montelupo Fiorentino,Centro,Toscana,Firenze,Florence,FI,CNOR
11,30,43030,Montelupone,Montelupone,Centro,Marche,Macerata,Macerata,MC,CNOR
19,51,82051,Montemaggiore Belsito,Montemaggiore Belsito,Isole,Sicilia,Palermo,Palermo,PA,SICI
1,77,5077,Montemagno,Montemagno,Nord-ovest,Piemonte,Asti,Asti,AT,NORD
1,138,4138,Montemale di Cuneo,Montemale di Cuneo,Nord-ovest,Piemonte,Cuneo,Cuneo,CN,NORD
15,58,64058,Montemarano,Montemarano,Sud,Campania,Avellino,Avellino,AV,CSUD
11,27,42027,Montemarciano,Montemarciano,Centro,Marche,Ancona,Ancona,AN,CNOR
1,108,6108,Montemarzino,Montemarzino,Nord-ovest,Piemonte,Alessandria,Alessandria,AL,NORD
16,17,73017,Montemesola,Montemesola,Sud,Puglia,Taranto,Taranto,TA,SUD
3,155,13155,Montemezzo,Montemezzo,Nord-ovest,Lombardia,Como,Como,CO,NORD
9,23,51023,Montemignaio,Montemignaio,Centro,Toscana,Arezzo,Arezzo,AR,CNOR
15,59,64059,Montemiletto,Montemiletto,Sud,Campania,Avellino,Avellino,AV,CSUD
17,51,76051,Montemilone,Montemilone,Sud,Basilicata,Potenza,Potenza,PZ,SUD
14,45,70045,Montemitro,Montemitro,Sud,Molise,Campobasso,Campobasso,CB,SUD
11,44,44044,Montemonaco,Montemonaco,Centro,Marche,Ascoli Piceno,Ascoli Piceno,AP,CNOR
9,3,100003,Montemurlo,Montemurlo,Centro,Toscana,Prato,Prato,PO,CNOR
17,52,76052,Montemurro,Montemurro,Sud,Basilicata,Potenza,Potenza,PZ,SUD
6,61,30061,Montenars,Montenars,Nord-est,Friuli Venezia Giulia,Udine,Udine,UD,NORD
14,46,70046,Montenero di Bisaccia,Montenero di Bisaccia,Sud,Molise,Campobasso,Campobasso,CB,SUD
12,42,57042,Montenero Sabino,Montenero Sabino,Centro,Lazio,Rieti,Rieti,RI,CSUD
14,29,94029,Montenero Val Cocchiara,Montenero Val Cocchiara,Sud,Molise,Isernia,Isernia,IS,SUD
13,54,69054,Montenerodomo,Montenerodomo,Sud,Abruzzo,Chieti,Chieti,CH,CSUD
13,55,69055,Monteodorisio,Monteodorisio,Sud,Abruzzo,Chieti,Chieti,CH,CSUD
18,81,79081,Montepaone,Montepaone,Sud,Calabria,Catanzaro,Catanzaro,CZ,CALA
16,18,73018,Monteparano,Monteparano,Sud,Puglia,Taranto,Taranto,TA,SUD
11,45,44045,Monteprandone,Monteprandone,Centro,Marche,Ascoli Piceno,Ascoli Piceno,AP,CNOR
9,15,52015,Montepulciano,Montepulciano,Centro,Toscana,Siena,Siena,SI,CNOR
9,24,51024,Monterchi,Monterchi,Centro,Toscana,Arezzo,Arezzo,AR,CNOR
13,56,66056,Montereale,Montereale,Sud,Abruzzo,L'Aquila,L'Aquila,AQ,CSUD
6,27,93027,Montereale Valcellina,Montereale Valcellina,Nord-est,Friuli Venezia Giulia,Pordenone,Pordenone,PN,NORD
8,41,37041,Monterenzio,Monterenzio,Nord-est,Emilia Romagna,Bologna,Bologna,BO,NORD
9,16,52016,Monteriggioni,Monteriggioni,Centro,Toscana,Siena,Siena,SI,CNOR
14,30,94030,Monteroduni,Monteroduni,Sud,Molise,Isernia,Isernia,IS,SUD
9,17,52017,Monteroni d'Arbia,Monteroni d'Arbia,Centro,Toscana,Siena,Siena,SI,CNOR
16,48,75048,Monteroni di Lecce,Monteroni di Lecce,Sud,Puglia,Lecce,Lecce,LE,SUD
12,38,56038,Monterosi,Monterosi,Centro,Lazio,Viterbo,Viterbo,VT,CSUD
7,19,11019,Monterosso al Mare,Monterosso al Mare,Nord-ovest,Liguria,La Spezia,La Spezia,SP,NORD
19,7,88007,Monterosso Almo,Monterosso Almo,Isole,Sicilia,Ragusa,Ragusa,RG,SICI
18,23,102023,Monterosso Calabro,Monterosso Calabro,Sud,Calabria,Vibo Valentia,Vibo Valentia,VV,CALA
1,139,4139,Monterosso Grana,Monterosso Grana,Nord-ovest,Piemonte,Cuneo,Cuneo,CN,NORD
12,65,58065,Monterotondo,Monterotondo,Centro,Lazio,Roma,Rome,RM,CSUD
9,27,53027,Monterotondo Marittimo,Monterotondo Marittimo,Centro,Toscana,Grosseto,Grosseto,GR,CNOR
11,22,109022,Monterubbiano,Monterubbiano,Centro,Marche,Fermo,Fermo,FM,CNOR
16,49,75049,Montesano Salentino,Montesano Salentino,Sud,Puglia,Lecce,Lecce,LE,SUD
15,76,65076,Montesano sulla Marcellana,Montesano sulla Marcellana,Sud,Campania,Salerno,Salerno,SA,CSUD
15,43,62043,Montesarchio,Montesarchio,Sud,Campania,Benevento,Benevento,BN,CSUD
17,17,77017,Montescaglioso,Montescaglioso,Sud,Basilicata,Matera,Matera,MT,SUD
3,97,18097,Montescano,Montescano,Nord-ovest,Lombardia,Pavia,Pavia,PV,NORD
1,47,103047,Montescheno,Montescheno,Nord-ovest,Piemonte,Verbano-Cusio-Ossola,Verbano-Cusio-Ossola,VB,NORD
9,20,50020,Montescudaio,Montescudaio,Centro,Toscana,Pisa,Pisa,PI,CNOR
8,29,99029,Montescudo-Monte Colombo,Montescudo-Monte Colombo,Nord-est,Emilia Romagna,Rimini,Rimini,RN,NORD
8,26,36026,Montese,Montese,Nord-est,Emilia Romagna,Modena,Modena,MO,NORD
3,98,18098,Montesegale,Montesegale,Nord-ovest,Lombardia,Pavia,Pavia,PV,NORD
13,24,68024,Montesilvano,Montesilvano,Sud,Abruzzo,Pescara,Pescara,PE,CSUD
9,30,48030,Montespertoli,Montespertoli,Centro,Toscana,Firenze,Florence,FI,CNOR
1,162,1162,Monteu da Po,Monteu da Po,Nord-ovest,Piemonte,Torino,Turin,TO,NORD
1,140,4140,Monteu Roero,Monteu Roero,Nord-ovest,Piemonte,Cuneo,Cuneo,CN,NORD
19,25,84025,Montevago,Montevago,Isole,Sicilia,Agrigento,Agrigento,AG,SICI
9,26,51026,Montevarchi,Montevarchi,Centro,Toscana,Arezzo,Arezzo,AR,CNOR
3,53,97053,Montevecchia,Montevecchia,Nord-ovest,Lombardia,Lecco,Lecco,LC,NORD
15,60,64060,Monteverde,Monteverde,Sud,Campania,Avellino,Avellino,AV,CSUD
9,21,50021,Monteverdi Marittimo,Monteverdi Marittimo,Centro,Toscana,Pisa,Pisa,PI,CNOR
5,66,24066,Monteviale,Monteviale,Nord-est,Veneto,Vicenza,Vicenza,VI,NORD
1,141,4141,Montezemolo,Montezemolo,Nord-ovest,Piemonte,Cuneo,Cuneo,CN,NORD
20,41,90041,Monti,Monti,Isole,Sardegna,Sassari,Sassari,SS,SARD
8,28,40028,Montiano,Montiano,Nord-est,Emilia Romagna,Forlç-Cesena,Forlç-Cesena,FC,NORD
3,112,17112,Monticelli Brusati,Monticelli Brusati,Nord-ovest,Lombardia,Brescia,Brescia,BS,NORD
8,27,33027,Monticelli d'Ongina,Monticelli d'Ongina,Nord-est,Emilia Romagna,Piacenza,Piacenza,PC,NORD
3,99,18099,Monticelli Pavese,Monticelli Pavese,Nord-ovest,Lombardia,Pavia,Pavia,PV,NORD
3,54,97054,Monticello Brianza,Monticello Brianza,Nord-ovest,Lombardia,Lecco,Lecco,LC,NORD
5,67,24067,Monticello Conte Otto,Monticello Conte Otto,Nord-est,Veneto,Vicenza,Vicenza,VI,NORD
1,142,4142,Monticello d'Alba,Monticello d'Alba,Nord-ovest,Piemonte,Cuneo,Cuneo,CN,NORD
3,113,17113,Montichiari,Montichiari,Nord-ovest,Lombardia,Brescia,Brescia,BS,NORD
9,18,52018,Monticiano,Monticiano,Centro,Toscana,Siena,Siena,SI,CNOR
9,17,53017,Montieri,Montieri,Centro,Toscana,Grosseto,Grosseto,GR,CNOR
1,121,5121,Montiglio Monferrato,Montiglio Monferrato,Nord-ovest,Piemonte,Asti,Asti,AT,NORD
9,11,45011,Montignoso,Montignoso,Centro,Toscana,Massa-Carrara,Massa-Carrara,MS,CNOR
3,114,17114,Montirone,Montirone,Nord-ovest,Lombardia,Brescia,Brescia,BS,NORD
2,43,7043,Montjovet,Montjovet,Nord-ovest,Valle d'Aosta,Valle d'Aosta,Aosta,AO,NORD
3,59,19059,Montodine,Montodine,Nord-ovest,Lombardia,Cremona,Cremona,CR,NORD
7,39,10039,Montoggio,Montoggio,Nord-ovest,Liguria,Genova,Genoa,GE,NORD
10,33,54033,Montone,Montone,Centro,Umbria,Perugia,Perugia,PG,CSUD
12,44,57044,Montopoli di Sabina,Montopoli di Sabina,Centro,Lazio,Rieti,Rieti,RI,CSUD
9,22,50022,Montopoli in Val d'Arno,Montopoli in Val d'Arno,Centro,Toscana,Pisa,Pisa,PI,CNOR
3,157,13157,Montorfano,Montorfano,Nord-ovest,Lombardia,Como,Como,CO,NORD
13,28,67028,Montorio al Vomano,Montorio al Vomano,Sud,Abruzzo,Teramo,Teramo,TE,CSUD
14,47,70047,Montorio nei Frentani,Montorio nei Frentani,Sud,Molise,Campobasso,Campobasso,CB,SUD
12,66,58066,Montorio Romano,Montorio Romano,Centro,Lazio,Roma,Rome,RM,CSUD
15,121,64121,Montoro,Montoro,Sud,Campania,Avellino,Avellino,AV,CSUD
5,68,24068,Montorso Vicentino,Montorso Vicentino,Nord-est,Veneto,Vicenza,Vicenza,VI,NORD
11,27,109027,Montottone,Montottone,Centro,Marche,Fermo,Fermo,FM,CNOR
20,85,95085,Montresta,Montresta,Isole,Sardegna,Oristano,Oristano,OR,SARD
3,104,12104,Monvalle,Monvalle,Nord-ovest,Lombardia,Varese,Varese,VA,NORD
3,33,108033,Monza,Monza,Nord-ovest,Lombardia,Monza e della Brianza,Monza e della Brianza,MB,NORD
3,36,20036,Monzambano,Monzambano,Nord-ovest,Lombardia,Mantova,Mantova,MN,NORD
8,44,37044,Monzuno,Monzuno,Nord-est,Emilia Romagna,Bologna,Bologna,BO,NORD
18,83,78083,Morano Calabro,Morano Calabro,Sud,Calabria,Cosenza,Cosenza,CS,CALA
1,109,6109,Morano sul Po,Morano sul Po,Nord-ovest,Piemonte,Alessandria,Alessandria,AL,NORD
1,122,5122,Moransengo-Tonengo,Moransengo-Tonengo,Nord-ovest,Piemonte,Asti,Asti,AT,NORD
6,13,31013,Moraro,Moraro,Nord-est,Friuli Venezia Giulia,Gorizia,Gorizia,GO,NORD
3,105,12105,Morazzone,Morazzone,Nord-ovest,Lombardia,Varese,Varese,VA,NORD
3,45,14045,Morbegno,Morbegno,Nord-ovest,Lombardia,Sondrio,Sondrio,SO,NORD
1,110,6110,Morbello,Morbello,Nord-ovest,Piemonte,Alessandria,Alessandria,AL,NORD
16,50,75050,Morciano di Leuca,Morciano di Leuca,Sud,Puglia,Lecce,Lecce,LE,SUD
8,11,99011,Morciano di Romagna,Morciano di Romagna,Nord-est,Emilia Romagna,Rimini,Rimini,RN,NORD
15,44,62044,Morcone,Morcone,Sud,Campania,Benevento,Benevento,BN,CSUD
8,45,37045,Mordano,Mordano,Nord-est,Emilia Romagna,Bologna,Bologna,BO,NORD
3,140,16140,Morengo,Morengo,Nord-ovest,Lombardia,Bergamo,Bergamo,BG,NORD
20,42,90042,Mores,Mores,Isole,Sardegna,Sassari,Sassari,SS,SARD
11,28,109028,Moresco,Moresco,Centro,Marche,Fermo,Fermo,FM,CNOR
1,143,4143,Moretta,Moretta,Nord-ovest,Piemonte,Cuneo,Cuneo,CN,NORD
8,28,33028,Morfasso,Morfasso,Nord-est,Emilia Romagna,Piacenza,Piacenza,PC,NORD
5,47,26047,Morgano,Morgano,Nord-est,Veneto,Treviso,Treviso,TV,NORD
2,44,7044,Morgex,Morgex,Nord-ovest,Valle d'Aosta,Valle d'Aosta,Aosta,AO,NORD
20,30,95030,Morgongiori,Morgongiori,Isole,Sardegna,Oristano,Oristano,OR,SARD
4,123,22123,Mori,Mori,Nord-est,Trentino-Alto Adige,Trento,Trento,TN,NORD
5,48,26048,Moriago della Battaglia,Moriago della Battaglia,Nord-est,Veneto,Treviso,Treviso,TV,NORD
12,67,58067,Moricone,Moricone,Centro,Lazio,Roma,Rome,RM,CSUD
15,77,65077,Morigerati,Morigerati,Sud,Campania,Salerno,Salerno,SA,CSUD
3,150,15150,Morimondo,Morimondo,Nord-ovest,Lombardia,Milano,Milan,MI,NORD
13,57,66057,Morino,Morino,Sud,Abruzzo,L'Aquila,L'Aquila,AQ,CSUD
1,163,1163,Moriondo Torinese,Moriondo Torinese,Nord-ovest,Piemonte,Torino,Turin,TO,NORD
12,68,58068,Morlupo,Morlupo,Centro,Lazio,Roma,Rome,RM,CSUD
18,84,78084,Mormanno,Mormanno,Sud,Calabria,Cosenza,Cosenza,CS,CALA
3,106,12106,Mornago,Mornago,Nord-ovest,Lombardia,Varese,Varese,VA,NORD
1,111,6111,Mornese,Mornese,Nord-ovest,Piemonte,Alessandria,Alessandria,AL,NORD
3,141,16141,Mornico al Serio,Mornico al Serio,Nord-ovest,Lombardia,Bergamo,Bergamo,BG,NORD
3,101,18101,Mornico Losana,Mornico Losana,Nord-ovest,Lombardia,Pavia,Pavia,PV,NORD
12,45,60045,Morolo,Morolo,Centro,Lazio,Frosinone,Frosinone,FR,CSUD
1,144,4144,Morozzo,Morozzo,Nord-ovest,Piemonte,Cuneo,Cuneo,CN,NORD
15,63,64063,Morra De Sanctis,Morra De Sanctis,Sud,Campania,Avellino,Avellino,AV,CSUD
11,31,42031,Morro d'Alba,Morro d'Alba,Centro,Marche,Ancona,Ancona,AN,CNOR
13,29,67029,Morro d'Oro,Morro d'Oro,Sud,Abruzzo,Teramo,Teramo,TE,CSUD
12,45,57045,Morro Reatino,Morro Reatino,Centro,Lazio,Rieti,Rieti,RI,CSUD
14,48,70048,Morrone del Sannio,Morrone del Sannio,Sud,Molise,Campobasso,Campobasso,CB,SUD
11,33,43033,Morrovalle,Morrovalle,Centro,Marche,Macerata,Macerata,MC,CNOR
6,28,93028,Morsano al Tagliamento,Morsano al Tagliamento,Nord-est,Friuli Venezia Giulia,Pordenone,Pordenone,PN,NORD
1,112,6112,Morsasco,Morsasco,Nord-ovest,Piemonte,Alessandria,Alessandria,AL,NORD
3,102,18102,Mortara,Mortara,Nord-ovest,Lombardia,Pavia,Pavia,PV,NORD
6,62,30062,Mortegliano,Mortegliano,Nord-est,Friuli Venezia Giulia,Udine,Udine,UD,NORD
3,55,97055,Morterone,Morterone,Nord-ovest,Lombardia,Lecco,Lecco,LC,NORD
6,63,30063,Moruzzo,Moruzzo,Nord-est,Friuli Venezia Giulia,Udine,Udine,UD,NORD
3,60,19060,Moscazzano,Moscazzano,Nord-ovest,Lombardia,Cremona,Cremona,CR,NORD
15,64,64064,Moschiano,Moschiano,Sud,Campania,Avellino,Avellino,AV,CSUD
13,30,67030,Mosciano Sant'Angelo,Mosciano Sant'Angelo,Sud,Abruzzo,Teramo,Teramo,TE,CSUD
13,25,68025,Moscufo,Moscufo,Sud,Abruzzo,Pescara,Pescara,PE,CSUD
4,54,21054,Moso in Passiria/Moos in Passeier,Moso in Passiria,Nord-est,Trentino-Alto Adige,Bolzano/Bozen,Bolzano,BZ,NORD
6,14,31014,Mossa,Mossa,Nord-est,Friuli Venezia Giulia,Gorizia,Gorizia,GO,NORD
3,61,19061,Motta Baluffi,Motta Baluffi,Nord-ovest,Lombardia,Cremona,Cremona,CR,NORD
19,58,83058,Motta Camastra,Motta Camastra,Isole,Sicilia,Messina,Messina,ME,SICI
19,59,83059,Motta d'Affermo,Motta d'Affermo,Isole,Sicilia,Messina,Messina,ME,SICI
1,82,2082,Motta de' Conti,Motta de' Conti,Nord-ovest,Piemonte,Vercelli,Vercelli,VC,NORD
5,49,26049,Motta di Livenza,Motta di Livenza,Nord-est,Veneto,Treviso,Treviso,TV,NORD
16,34,71034,Motta Montecorvino,Motta Montecorvino,Sud,Puglia,Foggia,Foggia,FG,SUD
18,54,80054,Motta San Giovanni,Motta San Giovanni,Sud,Calabria,Reggio Calabria,Reggio Calabria,RC,CALA
18,83,79083,Motta Santa Lucia,Motta Santa Lucia,Sud,Calabria,Catanzaro,Catanzaro,CZ,CALA
19,30,87030,Motta Sant'Anastasia,Motta Sant'Anastasia,Isole,Sicilia,Catania,Catania,CT,SICI
3,151,15151,Motta Visconti,Motta Visconti,Nord-ovest,Lombardia,Milano,Milan,MI,NORD
18,85,78085,Mottafollone,Mottafollone,Sud,Calabria,Cosenza,Cosenza,CS,CALA
1,37,96037,Mottalciata,Mottalciata,Nord-ovest,Piemonte,Biella,Biella,BI,NORD
3,37,20037,Motteggiana,Motteggiana,Nord-ovest,Lombardia,Mantova,Mantova,MN,NORD
16,19,73019,Mottola,Mottola,Sud,Puglia,Taranto,Taranto,TA,SUD
13,56,69056,Mozzagrogna,Mozzagrogna,Sud,Abruzzo,Chieti,Chieti,CH,CSUD
3,142,16142,Mozzanica,Mozzanica,Nord-ovest,Lombardia,Bergamo,Bergamo,BG,NORD
3,159,13159,Mozzate,Mozzate,Nord-ovest,Lombardia,Como,Como,CO,NORD
5,51,23051,Mozzecane,Mozzecane,Nord-est,Veneto,Verona,Verona,VR,NORD
3,143,16143,Mozzo,Mozzo,Nord-ovest,Lombardia,Bergamo,Bergamo,BG,NORD
11,34,43034,Muccia,Muccia,Centro,Marche,Macerata,Macerata,MC,CNOR
3,34,108034,Muggi?,Muggi?,Nord-ovest,Lombardia,Monza e della Brianza,Monza e della Brianza,MB,NORD
6,3,32003,Muggia,Muggia,Nord-est,Friuli Venezia Giulia,Trieste,Trieste,TS,NORD
15,65,64065,Mugnano del Cardinale,Mugnano del Cardinale,Sud,Campania,Avellino,Avellino,AV,CSUD
15,48,63048,Mugnano di Napoli,Mugnano di Napoli,Sud,Campania,Napoli,Naples,NA,CSUD
3,41,98041,Mulazzano,Mulazzano,Nord-ovest,Lombardia,Lodi,Lodi,LO,NORD
9,12,45012,Mulazzo,Mulazzo,Centro,Toscana,Massa-Carrara,Massa-Carrara,MS,CNOR
3,115,17115,Mura,Mura,Nord-ovest,Lombardia,Brescia,Brescia,BS,NORD
20,42,111042,Muravera,Muravera,Isole,Sardegna,Sud Sardegna,#N/A,SU,SARD
1,145,4145,Murazzano,Murazzano,Nord-ovest,Piemonte,Cuneo,Cuneo,CN,NORD
1,146,4146,Murello,Murello,Nord-ovest,Piemonte,Cuneo,Cuneo,CN,NORD
7,40,9040,Murialdo,Murialdo,Nord-ovest,Liguria,Savona,Savona,SV,NORD
1,113,6113,Murisengo,Murisengo,Nord-ovest,Piemonte,Alessandria,Alessandria,AL,NORD
9,19,52019,Murlo,Murlo,Centro,Toscana,Siena,Siena,SI,CNOR
16,51,75051,Muro Leccese,Muro Leccese,Sud,Puglia,Lecce,Lecce,LE,SUD
17,53,76053,Muro Lucano,Muro Lucano,Sud,Basilicata,Potenza,Potenza,PZ,SUD
20,43,90043,Muros,Muros,Isole,Sardegna,Sassari,Sassari,SS,SARD
3,116,17116,Muscoline,Muscoline,Nord-ovest,Lombardia,Brescia,Brescia,BS,NORD
20,43,111043,Musei,Musei,Isole,Sardegna,Sud Sardegna,#N/A,SU,SARD
5,25,27025,Musile di Piave,Musile di Piave,Nord-est,Veneto,Venezia,Venice,VE,NORD
3,160,13160,Musso,Musso,Nord-ovest,Lombardia,Como,Como,CO,NORD
5,70,24070,Mussolente,Mussolente,Nord-est,Veneto,Vicenza,Vicenza,VI,NORD
19,12,85012,Mussomeli,Mussomeli,Isole,Sicilia,Caltanissetta,Caltanissetta,CL,SICI
6,64,30064,Muzzana del Turgnano,Muzzana del Turgnano,Nord-est,Friuli Venezia Giulia,Udine,Udine,UD,NORD
1,38,96038,Muzzano,Muzzano,Nord-ovest,Piemonte,Biella,Biella,BI,NORD
4,124,22124,Nago-Torbole,Nago-Torbole,Nord-est,Trentino-Alto Adige,Trento,Trento,TN,NORD
4,55,21055,Nalles/Nals,Nalles,Nord-est,Trentino-Alto Adige,Bolzano/Bozen,Bolzano,BZ,NORD
5,71,24071,Nanto,Nanto,Nord-est,Veneto,Vicenza,Vicenza,VI,NORD
15,49,63049,Napoli,Napoli,Sud,Campania,Napoli,Naples,NA,CSUD
20,31,95031,Narbolia,Narbolia,Isole,Sardegna,Oristano,Oristano,OR,SARD
20,44,111044,Narcao,Narcao,Isole,Sardegna,Sud Sardegna,#N/A,SU,SARD
16,52,75052,Nard?,Nard?,Sud,Puglia,Lecce,Lecce,LE,SUD
18,24,102024,Nardodipace,Nardodipace,Sud,Calabria,Vibo Valentia,Vibo Valentia,VV,CALA
10,22,55022,Narni,Narni,Centro,Umbria,Terni,Terni,TR,CSUD
19,26,84026,Naro,Naro,Isole,Sicilia,Agrigento,Agrigento,AG,SICI
1,147,4147,Narzole,Narzole,Nord-ovest,Piemonte,Cuneo,Cuneo,CN,NORD
7,41,9041,Nasino,Nasino,Nord-ovest,Liguria,Savona,Savona,SV,NORD
19,60,83060,Naso,Naso,Isole,Sicilia,Messina,Messina,ME,SICI
4,56,21056,Naturno/Naturns,Naturno,Nord-est,Trentino-Alto Adige,Bolzano/Bozen,Bolzano,BZ,NORD
3,117,17117,Nave,Nave,Nord-ovest,Lombardia,Brescia,Brescia,BS,NORD
13,58,66058,Navelli,Navelli,Sud,Abruzzo,L'Aquila,L'Aquila,AQ,CSUD
4,57,21057,Naz-Sciaves/Natz-Schabs,Naz-Sciaves,Nord-est,Trentino-Alto Adige,Bolzano/Bozen,Bolzano,BZ,NORD
12,69,58069,Nazzano,Nazzano,Centro,Lazio,Roma,Rome,RM,CSUD
7,40,10040,Ne,Ne,Nord-ovest,Liguria,Genova,Genoa,GE,NORD
1,103,3103,Nebbiuno,Nebbiuno,Nord-ovest,Piemonte,Novara,Novara,NO,NORD
5,52,23052,Negrar di Valpolicella,Negrar di Valpolicella,Nord-est,Veneto,Verona,Verona,VR,NORD
7,41,10041,Neirone,Neirone,Nord-ovest,Liguria,Genova,Genoa,GE,NORD
1,148,4148,Neive,Neive,Nord-ovest,Piemonte,Cuneo,Cuneo,CN,NORD
3,144,16144,Nembro,Nembro,Nord-ovest,Lombardia,Bergamo,Bergamo,BG,NORD
12,70,58070,Nemi,Nemi,Centro,Lazio,Roma,Rome,RM,CSUD
17,54,76054,Nemoli,Nemoli,Sud,Basilicata,Potenza,Potenza,PZ,SUD
20,32,95032,Neoneli,Neoneli,Isole,Sardegna,Oristano,Oristano,OR,SARD
12,39,56039,Nepi,Nepi,Centro,Lazio,Viterbo,Viterbo,VT,CSUD
13,31,67031,Nereto,Nereto,Sud,Abruzzo,Teramo,Teramo,TE,CSUD
12,71,58071,Nerola,Nerola,Centro,Lazio,Roma,Rome,RM,CSUD
5,50,26050,Nervesa della Battaglia,Nervesa della Battaglia,Nord-est,Veneto,Treviso,Treviso,TV,NORD
3,154,15154,Nerviano,Nerviano,Nord-ovest,Lombardia,Milano,Milan,MI,NORD
12,46,57046,Nespolo,Nespolo,Centro,Lazio,Rieti,Rieti,RI,CSUD
3,161,13161,Nesso,Nesso,Nord-ovest,Lombardia,Como,Como,CO,NORD
1,39,96039,Netro,Netro,Nord-ovest,Piemonte,Biella,Biella,BI,NORD
12,72,58072,Nettuno,Nettuno,Centro,Lazio,Roma,Rome,RM,CSUD
16,53,75053,Neviano,Neviano,Sud,Puglia,Lecce,Lecce,LE,SUD
8,24,34024,Neviano degli Arduini,Neviano degli Arduini,Nord-est,Emilia Romagna,Parma,Parma,PR,NORD
1,149,4149,Neviglie,Neviglie,Nord-ovest,Piemonte,Cuneo,Cuneo,CN,NORD
3,118,17118,Niardo,Niardo,Nord-ovest,Lombardia,Brescia,Brescia,BS,NORD
1,104,3104,Nibbiola,Nibbiola,Nord-ovest,Piemonte,Novara,Novara,NO,NORD
3,56,97056,Nibionno,Nibionno,Nord-ovest,Lombardia,Lecco,Lecco,LC,NORD
1,164,1164,Nichelino,Nichelino,Nord-ovest,Piemonte,Torino,Turin,TO,NORD
19,31,87031,Nicolosi,Nicolosi,Isole,Sicilia,Catania,Catania,CT,SICI
3,103,18103,Nicorvo,Nicorvo,Nord-ovest,Lombardia,Pavia,Pavia,PV,NORD
19,12,86012,Nicosia,Nicosia,Isole,Sicilia,Enna,Enna,EN,SICI
18,25,102025,Nicotera,Nicotera,Sud,Calabria,Vibo Valentia,Vibo Valentia,VV,CALA
1,150,4150,Niella Belbo,Niella Belbo,Nord-ovest,Piemonte,Cuneo,Cuneo,CN,NORD
1,151,4151,Niella Tanaro,Niella Tanaro,Nord-ovest,Piemonte,Cuneo,Cuneo,CN,NORD
6,65,30065,Nimis,Nimis,Nord-est,Friuli Venezia Giulia,Udine,Udine,UD,NORD
19,13,85013,Niscemi,Niscemi,Isole,Sicilia,Caltanissetta,Caltanissetta,CL,SICI
19,13,86013,Nissoria,Nissoria,Isole,Sicilia,Enna,Enna,EN,SICI
19,61,83061,Nizza di Sicilia,Nizza di Sicilia,Isole,Sicilia,Messina,Messina,ME,SICI
1,80,5080,Nizza Monferrato,Nizza Monferrato,Nord-ovest,Piemonte,Asti,Asti,AT,NORD
5,26,27026,Noale,Noale,Nord-est,Veneto,Venezia,Venice,VE,NORD
1,165,1165,Noasca,Noasca,Nord-ovest,Piemonte,Torino,Turin,TO,NORD
18,86,78086,Nocara,Nocara,Sud,Calabria,Cosenza,Cosenza,CS,CALA
13,26,68026,Nocciano,Nocciano,Sud,Abruzzo,Pescara,Pescara,PE,CSUD
15,78,65078,Nocera Inferiore,Nocera Inferiore,Sud,Campania,Salerno,Salerno,SA,CSUD
15,79,65079,Nocera Superiore,Nocera Superiore,Sud,Campania,Salerno,Salerno,SA,CSUD
18,87,79087,Nocera Terinese,Nocera Terinese,Sud,Calabria,Catanzaro,Catanzaro,CZ,CALA
10,34,54034,Nocera Umbra,Nocera Umbra,Centro,Umbria,Perugia,Perugia,PG,CSUD
8,25,34025,Noceto,Noceto,Nord-est,Emilia Romagna,Parma,Parma,PR,NORD
16,31,72031,Noci,Noci,Sud,Puglia,Bari,Bari,BA,SUD
16,54,75054,Nociglia,Nociglia,Sud,Puglia,Lecce,Lecce,LE,SUD
17,55,76055,Noepoli,Noepoli,Sud,Basilicata,Potenza,Potenza,PZ,SUD
5,53,23053,Nogara,Nogara,Nord-est,Veneto,Verona,Verona,VR,NORD
4,127,22127,Nogaredo,Nogaredo,Nord-est,Trentino-Alto Adige,Trento,Trento,TN,NORD
5,54,23054,Nogarole Rocca,Nogarole Rocca,Nord-est,Veneto,Verona,Verona,VR,NORD
5,72,24072,Nogarole Vicentino,Nogarole Vicentino,Nord-est,Veneto,Vicenza,Vicenza,VI,NORD
16,32,72032,Noicattaro,Noicattaro,Sud,Puglia,Bari,Bari,BA,SUD
15,50,63050,Nola,Nola,Sud,Campania,Napoli,Naples,NA,CSUD
1,166,1166,Nole,Nole,Nord-ovest,Piemonte,Torino,Turin,TO,NORD
7,42,9042,Noli,Noli,Nord-ovest,Liguria,Savona,Savona,SV,NORD
1,167,1167,Nomaglio,Nomaglio,Nord-ovest,Piemonte,Torino,Turin,TO,NORD
4,128,22128,Nomi,Nomi,Nord-est,Trentino-Alto Adige,Trento,Trento,TN,NORD
8,27,36027,Nonantola,Nonantola,Nord-est,Emilia Romagna,Modena,Modena,MO,NORD
1,168,1168,None,None,Nord-ovest,Piemonte,Torino,Turin,TO,NORD
1,48,103048,Nonio,Nonio,Nord-ovest,Piemonte,Verbano-Cusio-Ossola,Verbano-Cusio-Ossola,VB,NORD
20,50,91050,Noragugume,Noragugume,Isole,Sardegna,Nuoro,Nuoro,NU,SARD
20,33,95033,Norbello,Norbello,Isole,Sardegna,Oristano,Oristano,OR,SARD
10,35,54035,Norcia,Norcia,Centro,Umbria,Perugia,Perugia,PG,CSUD
12,16,59016,Norma,Norma,Centro,Lazio,Latina,Latina,LT,CSUD
3,155,15155,Nosate,Nosate,Nord-ovest,Lombardia,Milano,Milan,MI,NORD
13,32,67032,Notaresco,Notaresco,Sud,Abruzzo,Teramo,Teramo,TE,CSUD
19,13,89013,Noto,Noto,Isole,Sicilia,Siracusa,Siracusa,SR,SICI
4,58,21058,Nova Levante/Welschnofen,Nova Levante,Nord-est,Trentino-Alto Adige,Bolzano/Bozen,Bolzano,BZ,NORD
3,35,108035,Nova Milanese,Nova Milanese,Nord-ovest,Lombardia,Monza e della Brianza,Monza e della Brianza,MB,NORD
4,59,21059,Nova Ponente/Deutschnofen,Nova Ponente,Nord-est,Trentino-Alto Adige,Bolzano/Bozen,Bolzano,BZ,NORD
17,18,77018,Nova Siri,Nova Siri,Sud,Basilicata,Matera,Matera,MT,SUD
8,23,99023,Novafeltria,Novafeltria,Nord-est,Emilia Romagna,Rimini,Rimini,RN,NORD
4,129,22129,Novaledo,Novaledo,Nord-est,Trentino-Alto Adige,Trento,Trento,TN,NORD
1,169,1169,Novalesa,Novalesa,Nord-ovest,Piemonte,Torino,Turin,TO,NORD
1,106,3106,Novara,Novara,Nord-ovest,Piemonte,Novara,Novara,NO,NORD
19,62,83062,Novara di Sicilia,Novara di Sicilia,Isole,Sicilia,Messina,Messina,ME,SICI
3,46,14046,Novate Mezzola,Novate Mezzola,Nord-ovest,Lombardia,Sondrio,Sondrio,SO,NORD
3,157,15157,Novate Milanese,Novate Milanese,Nord-ovest,Lombardia,Milano,Milan,MI,NORD
5,73,24073,Nove,Nove,Nord-est,Veneto,Vicenza,Vicenza,VI,NORD
3,163,13163,Novedrate,Novedrate,Nord-ovest,Lombardia,Como,Como,CO,NORD
4,253,22253,Novella,Novella,Nord-est,Trentino-Alto Adige,Trento,Trento,TN,NORD
8,28,35028,Novellara,Novellara,Nord-est,Emilia Romagna,Reggio nell'Emilia,Reggio Emilia,RE,NORD
1,152,4152,Novello,Novello,Nord-ovest,Piemonte,Cuneo,Cuneo,CN,NORD
5,27,27027,Noventa di Piave,Noventa di Piave,Nord-est,Veneto,Venezia,Venice,VE,NORD
5,58,28058,Noventa Padovana,Noventa Padovana,Nord-est,Veneto,Padova,Padova,PD,NORD
5,74,24074,Noventa Vicentina,Noventa Vicentina,Nord-est,Veneto,Vicenza,Vicenza,VI,NORD
8,28,36028,Novi di Modena,Novi di Modena,Nord-est,Emilia Romagna,Modena,Modena,MO,NORD
1,114,6114,Novi Ligure,Novi Ligure,Nord-ovest,Piemonte,Alessandria,Alessandria,AL,NORD
15,80,65080,Novi Velia,Novi Velia,Sud,Campania,Salerno,Salerno,SA,CSUD
3,158,15158,Noviglio,Noviglio,Nord-ovest,Lombardia,Milano,Milan,MI,NORD
16,55,75055,Novoli,Novoli,Sud,Puglia,Lecce,Lecce,LE,SUD
1,153,4153,Nucetto,Nucetto,Nord-ovest,Piemonte,Cuneo,Cuneo,CN,NORD
20,44,90044,Nughedu San Nicol?,Nughedu San Nicol?,Isole,Sardegna,Sassari,Sassari,SS,SARD
20,34,95034,Nughedu Santa Vittoria,Nughedu Santa Vittoria,Isole,Sardegna,Oristano,Oristano,OR,SARD
20,45,90045,Nule,Nule,Isole,Sardegna,Sassari,Sassari,SS,SARD
20,46,90046,Nulvi,Nulvi,Isole,Sardegna,Sassari,Sassari,SS,SARD
11,32,42032,Numana,Numana,Centro,Marche,Ancona,Ancona,AN,CNOR
20,51,91051,Nuoro,Nuoro,Isole,Sardegna,Nuoro,Nuoro,NU,SARD
20,35,95035,Nurachi,Nurachi,Isole,Sardegna,Oristano,Oristano,OR,SARD
20,45,111045,Nuragus,Nuragus,Isole,Sardegna,Sud Sardegna,#N/A,SU,SARD
20,46,111046,Nurallao,Nurallao,Isole,Sardegna,Sud Sardegna,#N/A,SU,SARD
20,47,111047,Nuraminis,Nuraminis,Isole,Sardegna,Sud Sardegna,#N/A,SU,SARD
20,36,95036,Nureci,Nureci,Isole,Sardegna,Oristano,Oristano,OR,SARD
20,48,111048,Nurri,Nurri,Isole,Sardegna,Sud Sardegna,#N/A,SU,SARD
2,45,7045,Nus,Nus,Nord-ovest,Valle d'Aosta,Valle d'Aosta,Aosta,AO,NORD
15,66,64066,Nusco,Nusco,Sud,Campania,Avellino,Avellino,AV,CSUD
3,119,17119,Nuvolento,Nuvolento,Nord-ovest,Lombardia,Brescia,Brescia,BS,NORD
3,120,17120,Nuvolera,Nuvolera,Nord-ovest,Lombardia,Brescia,Brescia,BS,NORD
20,49,111049,Nuxis,Nuxis,Isole,Sardegna,Sud Sardegna,#N/A,SU,SARD
1,40,96040,Occhieppo Inferiore,Occhieppo Inferiore,Nord-ovest,Piemonte,Biella,Biella,BI,NORD
1,41,96041,Occhieppo Superiore,Occhieppo Superiore,Nord-ovest,Piemonte,Biella,Biella,BI,NORD
5,33,29033,Occhiobello,Occhiobello,Nord-est,Veneto,Rovigo,Rovigo,RO,NORD
1,115,6115,Occimiano,Occimiano,Nord-ovest,Piemonte,Alessandria,Alessandria,AL,NORD
13,59,66059,Ocre,Ocre,Sud,Abruzzo,L'Aquila,L'Aquila,AQ,CSUD
1,116,6116,Odalengo Grande,Odalengo Grande,Nord-ovest,Piemonte,Alessandria,Alessandria,AL,NORD
1,117,6117,Odalengo Piccolo,Odalengo Piccolo,Nord-ovest,Piemonte,Alessandria,Alessandria,AL,NORD
5,51,26051,Oderzo,Oderzo,Nord-est,Veneto,Treviso,Treviso,TV,NORD
3,121,17121,Odolo,Odolo,Nord-ovest,Lombardia,Brescia,Brescia,BS,NORD
13,60,66060,Ofena,Ofena,Sud,Abruzzo,L'Aquila,L'Aquila,AQ,CSUD
11,33,42033,Offagna,Offagna,Centro,Marche,Ancona,Ancona,AN,CNOR
3,62,19062,Offanengo,Offanengo,Nord-ovest,Lombardia,Cremona,Cremona,CR,NORD
11,54,44054,Offida,Offida,Centro,Marche,Ascoli Piceno,Ascoli Piceno,AP,CNOR
3,122,17122,Offlaga,Offlaga,Nord-ovest,Lombardia,Brescia,Brescia,BS,NORD
1,49,103049,Oggebbio,Oggebbio,Nord-ovest,Piemonte,Verbano-Cusio-Ossola,Verbano-Cusio-Ossola,VB,NORD
3,107,12107,Oggiona con Santo Stefano,Oggiona con Santo Stefano,Nord-ovest,Lombardia,Varese,Varese,VA,NORD
3,57,97057,Oggiono,Oggiono,Nord-ovest,Lombardia,Lecco,Lecco,LC,NORD
1,170,1170,Oglianico,Oglianico,Nord-ovest,Piemonte,Torino,Turin,TO,NORD
15,81,65081,Ogliastro Cilento,Ogliastro Cilento,Sud,Campania,Salerno,Salerno,SA,CSUD
20,47,90047,Olbia,Olbia,Isole,Sardegna,Sassari,Sassari,SS,SARD
1,88,2088,Olcenengo,Olcenengo,Nord-ovest,Piemonte,Vercelli,Vercelli,VC,NORD
1,89,2089,Oldenico,Oldenico,Nord-ovest,Piemonte,Vercelli,Vercelli,VC,NORD
1,108,3108,Oleggio,Oleggio,Nord-ovest,Piemonte,Novara,Novara,NO,NORD
1,109,3109,Oleggio Castello,Oleggio Castello,Nord-ovest,Piemonte,Novara,Novara,NO,NORD
3,104,18104,Olevano di Lomellina,Olevano di Lomellina,Nord-ovest,Lombardia,Pavia,Pavia,PV,NORD
12,73,58073,Olevano Romano,Olevano Romano,Centro,Lazio,Roma,Rome,RM,CSUD
15,82,65082,Olevano sul Tusciano,Olevano sul Tusciano,Sud,Campania,Salerno,Salerno,SA,CSUD
3,165,13165,Olgiate Comasco,Olgiate Comasco,Nord-ovest,Lombardia,Como,Como,CO,NORD
3,58,97058,Olgiate Molgora,Olgiate Molgora,Nord-ovest,Lombardia,Lecco,Lecco,LC,NORD
3,108,12108,Olgiate Olona,Olgiate Olona,Nord-ovest,Lombardia,Varese,Varese,VA,NORD
3,59,97059,Olginate,Olginate,Nord-ovest,Lombardia,Lecco,Lecco,LC,NORD
20,55,91055,Oliena,Oliena,Isole,Sardegna,Nuoro,Nuoro,NU,SARD
3,105,18105,Oliva Gessi,Oliva Gessi,Nord-ovest,Lombardia,Pavia,Pavia,PV,NORD
18,88,79088,Olivadi,Olivadi,Sud,Calabria,Catanzaro,Catanzaro,CZ,CALA
19,63,83063,Oliveri,Oliveri,Isole,Sicilia,Messina,Messina,ME,SICI
15,83,65083,Oliveto Citra,Oliveto Citra,Sud,Campania,Salerno,Salerno,SA,CSUD
3,60,97060,Oliveto Lario,Oliveto Lario,Nord-ovest,Lombardia,Lecco,Lecco,LC,NORD
17,19,77019,Oliveto Lucano,Oliveto Lucano,Sud,Basilicata,Matera,Matera,MT,SUD
7,38,8038,Olivetta San Michele,Olivetta San Michele,Nord-ovest,Liguria,Imperia,Imperia,IM,NORD
1,118,6118,Olivola,Olivola,Nord-ovest,Piemonte,Alessandria,Alessandria,AL,NORD
20,37,95037,Ollastra,Ollastra,Isole,Sardegna,Oristano,Oristano,OR,SARD
20,56,91056,Ollolai,Ollolai,Isole,Sardegna,Nuoro,Nuoro,NU,SARD
2,46,7046,Ollomont,Ollomont,Nord-ovest,Valle d'Aosta,Valle d'Aosta,Aosta,AO,NORD
20,48,90048,Olmedo,Olmedo,Isole,Sardegna,Sassari,Sassari,SS,SARD
3,63,19063,Olmeneta,Olmeneta,Nord-ovest,Lombardia,Cremona,Cremona,CR,NORD
3,145,16145,Olmo al Brembo,Olmo al Brembo,Nord-ovest,Lombardia,Bergamo,Bergamo,BG,NORD
1,81,5081,Olmo Gentile,Olmo Gentile,Nord-ovest,Piemonte,Asti,Asti,AT,NORD
3,146,16146,Oltre il Colle,Oltre il Colle,Nord-ovest,Lombardia,Bergamo,Bergamo,BG,NORD
3,147,16147,Oltressenda Alta,Oltressenda Alta,Nord-ovest,Lombardia,Bergamo,Bergamo,BG,NORD
3,169,13169,Oltrona di San Mamette,Oltrona di San Mamette,Nord-ovest,Lombardia,Como,Como,CO,NORD
20,57,91057,Olzai,Olzai,Isole,Sardegna,Nuoro,Nuoro,NU,SARD
3,123,17123,Ome,Ome,Nord-ovest,Lombardia,Brescia,Brescia,BS,NORD
1,50,103050,Omegna,Omegna,Nord-ovest,Piemonte,Verbano-Cusio-Ossola,Verbano-Cusio-Ossola,VB,NORD
15,84,65084,Omignano,Omignano,Sud,Campania,Salerno,Salerno,SA,CSUD
20,58,91058,Onanç,Onanç,Isole,Sardegna,Nuoro,Nuoro,NU,SARD
12,40,56040,Onano,Onano,Centro,Lazio,Viterbo,Viterbo,VT,CSUD
1,154,4154,Oncino,Oncino,Nord-ovest,Piemonte,Cuneo,Cuneo,CN,NORD
3,148,16148,Oneta,Oneta,Nord-ovest,Lombardia,Bergamo,Bergamo,BG,NORD
20,59,91059,Onifai,Onifai,Isole,Sardegna,Nuoro,Nuoro,NU,SARD
20,60,91060,Oniferi,Oniferi,Isole,Sardegna,Nuoro,Nuoro,NU,SARD
3,124,17124,Ono San Pietro,Ono San Pietro,Nord-ovest,Lombardia,Brescia,Brescia,BS,NORD
3,149,16149,Onore,Onore,Nord-ovest,Lombardia,Bergamo,Bergamo,BG,NORD
7,43,9043,Onzo,Onzo,Nord-ovest,Liguria,Savona,Savona,SV,NORD
3,159,15159,Opera,Opera,Nord-ovest,Lombardia,Milano,Milan,MI,NORD
13,61,66061,Opi,Opi,Sud,Abruzzo,L'Aquila,L'Aquila,AQ,CSUD
5,55,23055,Oppeano,Oppeano,Nord-est,Veneto,Verona,Verona,VR,NORD
17,56,76056,Oppido Lucano,Oppido Lucano,Sud,Basilicata,Potenza,Potenza,PZ,SUD
18,55,80055,Oppido Mamertina,Oppido Mamertina,Sud,Calabria,Reggio Calabria,Reggio Calabria,RC,CALA
4,60,21060,Ora/Auer,Ora,Nord-est,Trentino-Alto Adige,Bolzano/Bozen,Bolzano,BZ,NORD
20,61,91061,Orani,Orani,Isole,Sardegna,Nuoro,Nuoro,NU,SARD
14,49,70049,Oratino,Oratino,Sud,Molise,Campobasso,Campobasso,CB,SUD
1,171,1171,Orbassano,Orbassano,Nord-ovest,Piemonte,Torino,Turin,TO,NORD
9,18,53018,Orbetello,Orbetello,Centro,Toscana,Grosseto,Grosseto,GR,CNOR
9,23,50023,Orciano Pisano,Orciano Pisano,Centro,Toscana,Pisa,Pisa,PI,CNOR
7,44,9044,Orco Feglino,Orco Feglino,Nord-ovest,Liguria,Savona,Savona,SV,NORD
16,63,71063,Ordona,Ordona,Sud,Puglia,Foggia,Foggia,FG,SUD
7,42,10042,Orero,Orero,Nord-ovest,Liguria,Genova,Genoa,GE,NORD
5,75,24075,Orgiano,Orgiano,Nord-est,Veneto,Vicenza,Vicenza,VI,NORD
20,62,91062,Orgosolo,Orgosolo,Isole,Sardegna,Nuoro,Nuoro,NU,SARD
16,11,74011,Oria,Oria,Sud,Puglia,Brindisi,Brindisi,BR,SUD
13,62,66062,Oricola,Oricola,Sud,Abruzzo,L'Aquila,L'Aquila,AQ,CSUD
3,109,12109,Origgio,Origgio,Nord-ovest,Lombardia,Varese,Varese,VA,NORD
3,110,12110,Orino,Orino,Nord-ovest,Lombardia,Varese,Varese,VA,NORD
3,150,16150,Orio al Serio,Orio al Serio,Nord-ovest,Lombardia,Bergamo,Bergamo,BG,NORD
1,172,1172,Orio Canavese,Orio Canavese,Nord-ovest,Piemonte,Torino,Turin,TO,NORD
3,42,98042,Orio Litta,Orio Litta,Nord-ovest,Lombardia,Lodi,Lodi,LO,NORD
18,87,78087,Oriolo,Oriolo,Sud,Calabria,Cosenza,Cosenza,CS,CALA
12,41,56041,Oriolo Romano,Oriolo Romano,Centro,Lazio,Viterbo,Viterbo,VT,CSUD
20,38,95038,Oristano,Oristano,Isole,Sardegna,Oristano,Oristano,OR,SARD
1,155,4155,Ormea,Ormea,Nord-ovest,Piemonte,Cuneo,Cuneo,CN,NORD
5,52,26052,Ormelle,Ormelle,Nord-est,Veneto,Treviso,Treviso,TV,NORD
3,36,108036,Ornago,Ornago,Nord-ovest,Lombardia,Monza e della Brianza,Monza e della Brianza,MB,NORD
1,51,103051,Ornavasso,Ornavasso,Nord-ovest,Piemonte,Verbano-Cusio-Ossola,Verbano-Cusio-Ossola,VB,NORD
3,151,16151,Ornica,Ornica,Nord-ovest,Lombardia,Bergamo,Bergamo,BG,NORD
20,63,91063,Orosei,Orosei,Isole,Sardegna,Nuoro,Nuoro,NU,SARD
20,64,91064,Orotelli,Orotelli,Isole,Sardegna,Nuoro,Nuoro,NU,SARD
15,85,65085,Orria,Orria,Sud,Campania,Salerno,Salerno,SA,CSUD
20,50,111050,Orroli,Orroli,Isole,Sardegna,Sud Sardegna,#N/A,SU,SARD
5,53,26053,Orsago,Orsago,Nord-est,Veneto,Treviso,Treviso,TV,NORD
1,119,6119,Orsara Bormida,Orsara Bormida,Nord-ovest,Piemonte,Alessandria,Alessandria,AL,NORD
16,35,71035,Orsara di Puglia,Orsara di Puglia,Sud,Puglia,Foggia,Foggia,FG,SUD
3,170,13170,Orsenigo,Orsenigo,Nord-ovest,Lombardia,Como,Como,CO,NORD
13,57,69057,Orsogna,Orsogna,Sud,Abruzzo,Chieti,Chieti,CH,CSUD
18,88,78088,Orsomarso,Orsomarso,Sud,Calabria,Cosenza,Cosenza,CS,CALA
15,53,61053,Orta di Atella,Orta di Atella,Sud,Campania,Caserta,Caserta,CE,CSUD
16,36,71036,Orta Nova,Orta Nova,Sud,Puglia,Foggia,Foggia,FG,SUD
1,112,3112,Orta San Giulio,Orta San Giulio,Nord-ovest,Piemonte,Novara,Novara,NO,NORD
20,51,111051,Ortacesus,Ortacesus,Isole,Sardegna,Sud Sardegna,#N/A,SU,SARD
12,42,56042,Orte,Orte,Centro,Lazio,Viterbo,Viterbo,VT,CSUD
16,56,75056,Ortelle,Ortelle,Sud,Puglia,Lecce,Lecce,LE,SUD
11,29,109029,Ortezzano,Ortezzano,Centro,Marche,Fermo,Fermo,FM,CNOR
9,27,51027,Ortignano Raggiolo,Ortignano Raggiolo,Centro,Toscana,Arezzo,Arezzo,AR,CNOR
4,61,21061,Ortisei/St. Ulrich,Ortisei,Nord-est,Trentino-Alto Adige,Bolzano/Bozen,Bolzano,BZ,NORD
13,58,69058,Ortona,Ortona,Sud,Abruzzo,Chieti,Chieti,CH,CSUD
13,63,66063,Ortona dei Marsi,Ortona dei Marsi,Sud,Abruzzo,L'Aquila,L'Aquila,AQ,CSUD
7,45,9045,Ortovero,Ortovero,Nord-ovest,Liguria,Savona,Savona,SV,NORD
13,64,66064,Ortucchio,Ortucchio,Sud,Abruzzo,L'Aquila,L'Aquila,AQ,CSUD
20,66,91066,Ortueri,Ortueri,Isole,Sardegna,Nuoro,Nuoro,NU,SARD
20,67,91067,Orune,Orune,Isole,Sardegna,Nuoro,Nuoro,NU,SARD
10,23,55023,Orvieto,Orvieto,Centro,Umbria,Terni,Terni,TR,CSUD
12,47,57047,Orvinio,Orvinio,Centro,Lazio,Rieti,Rieti,RI,CSUD
3,125,17125,Orzinuovi,Orzinuovi,Nord-ovest,Lombardia,Brescia,Brescia,BS,NORD
3,126,17126,Orzivecchi,Orzivecchi,Nord-ovest,Lombardia,Brescia,Brescia,BS,NORD
1,173,1173,Osasco,Osasco,Nord-ovest,Piemonte,Torino,Turin,TO,NORD
1,174,1174,Osasio,Osasio,Nord-ovest,Piemonte,Torino,Turin,TO,NORD
20,49,90049,Oschiri,Oschiri,Isole,Sardegna,Sassari,Sassari,SS,SARD
20,68,91068,Osidda,Osidda,Isole,Sardegna,Nuoro,Nuoro,NU,SARD
7,46,9046,Osiglia,Osiglia,Nord-ovest,Liguria,Savona,Savona,SV,NORD
20,50,90050,Osilo,Osilo,Isole,Sardegna,Sassari,Sassari,SS,SARD
11,34,42034,Osimo,Osimo,Centro,Marche,Ancona,Ancona,AN,CNOR
20,69,91069,Osini,Osini,Isole,Sardegna,Nuoro,Nuoro,NU,SARD
3,152,16152,Osio Sopra,Osio Sopra,Nord-ovest,Lombardia,Bergamo,Bergamo,BG,NORD
3,153,16153,Osio Sotto,Osio Sotto,Nord-ovest,Lombardia,Bergamo,Bergamo,BG,NORD
3,61,97061,Osnago,Osnago,Nord-ovest,Lombardia,Lecco,Lecco,LC,NORD
6,66,30066,Osoppo,Osoppo,Nord-est,Friuli Venezia Giulia,Udine,Udine,UD,NORD
7,39,8039,Ospedaletti,Ospedaletti,Nord-ovest,Liguria,Imperia,Imperia,IM,NORD
4,130,22130,Ospedaletto,Ospedaletto,Nord-est,Trentino-Alto Adige,Trento,Trento,TN,NORD
15,67,64067,Ospedaletto d'Alpinolo,Ospedaletto d'Alpinolo,Sud,Campania,Avellino,Avellino,AV,CSUD
5,59,28059,Ospedaletto Euganeo,Ospedaletto Euganeo,Nord-est,Veneto,Padova,Padova,PD,NORD
3,43,98043,Ospedaletto Lodigiano,Ospedaletto Lodigiano,Nord-ovest,Lombardia,Lodi,Lodi,LO,NORD
5,35,25035,Ospitale di Cadore,Ospitale di Cadore,Nord-est,Veneto,Belluno,Belluno,BL,NORD
3,127,17127,Ospitaletto,Ospitaletto,Nord-ovest,Lombardia,Brescia,Brescia,BS,NORD
3,44,98044,Ossago Lodigiano,Ossago Lodigiano,Nord-ovest,Lombardia,Lodi,Lodi,LO,NORD
4,131,22131,Ossana,Ossana,Nord-est,Trentino-Alto Adige,Trento,Trento,TN,NORD
20,51,90051,Ossi,Ossi,Isole,Sardegna,Sassari,Sassari,SS,SARD
3,128,17128,Ossimo,Ossimo,Nord-ovest,Lombardia,Brescia,Brescia,BS,NORD
3,164,15164,Ossona,Ossona,Nord-ovest,Lombardia,Milano,Milan,MI,NORD
1,156,4156,Ostana,Ostana,Nord-ovest,Piemonte,Cuneo,Cuneo,CN,NORD
8,17,38017,Ostellato,Ostellato,Nord-est,Emilia Romagna,Ferrara,Ferrara,FE,NORD
3,64,19064,Ostiano,Ostiano,Nord-ovest,Lombardia,Cremona,Cremona,CR,NORD
3,38,20038,Ostiglia,Ostiglia,Nord-ovest,Lombardia,Mantova,Mantova,MN,NORD
11,35,42035,Ostra,Ostra,Centro,Marche,Ancona,Ancona,AN,CNOR
11,36,42036,Ostra Vetere,Ostra Vetere,Centro,Marche,Ancona,Ancona,AN,CNOR
16,12,74012,Ostuni,Ostuni,Sud,Puglia,Brindisi,Brindisi,BR,SUD
16,57,75057,Otranto,Otranto,Sud,Puglia,Lecce,Lecce,LE,SUD
10,24,55024,Otricoli,Otricoli,Centro,Umbria,Terni,Terni,TR,CSUD
20,70,91070,Ottana,Ottana,Isole,Sardegna,Nuoro,Nuoro,NU,SARD
15,86,65086,Ottati,Ottati,Sud,Campania,Salerno,Salerno,SA,CSUD
15,51,63051,Ottaviano,Ottaviano,Sud,Campania,Napoli,Naples,NA,CSUD
1,120,6120,Ottiglio,Ottiglio,Nord-ovest,Piemonte,Alessandria,Alessandria,AL,NORD
3,106,18106,Ottobiano,Ottobiano,Nord-ovest,Lombardia,Pavia,Pavia,PV,NORD
8,30,33030,Ottone,Ottone,Nord-est,Emilia Romagna,Piacenza,Piacenza,PC,NORD
1,175,1175,Oulx,Oulx,Nord-ovest,Piemonte,Torino,Turin,TO,NORD
1,121,6121,Ovada,Ovada,Nord-ovest,Piemonte,Alessandria,Alessandria,AL,NORD
6,67,30067,Ovaro,Ovaro,Nord-est,Friuli Venezia Giulia,Udine,Udine,UD,NORD
1,122,6122,Oviglio,Oviglio,Nord-ovest,Piemonte,Alessandria,Alessandria,AL,NORD
13,65,66065,Ovindoli,Ovindoli,Sud,Abruzzo,L'Aquila,L'Aquila,AQ,CSUD
20,71,91071,Ovodda,Ovodda,Isole,Sardegna,Nuoro,Nuoro,NU,SARD
2,47,7047,Oyace,Oyace,Nord-ovest,Valle d'Aosta,Valle d'Aosta,Aosta,AO,NORD
1,176,1176,Ozegna,Ozegna,Nord-ovest,Piemonte,Torino,Turin,TO,NORD
20,52,90052,Ozieri,Ozieri,Isole,Sardegna,Sassari,Sassari,SS,SARD
8,46,37046,Ozzano dell'Emilia,Ozzano dell'Emilia,Nord-est,Emilia Romagna,Bologna,Bologna,BO,NORD
1,123,6123,Ozzano Monferrato,Ozzano Monferrato,Nord-ovest,Piemonte,Alessandria,Alessandria,AL,NORD
3,165,15165,Ozzero,Ozzero,Nord-ovest,Lombardia,Milano,Milan,MI,NORD
20,52,111052,Pabillonis,Pabillonis,Isole,Sardegna,Sud Sardegna,#N/A,SU,SARD
19,64,83064,Pace del Mela,Pace del Mela,Isole,Sicilia,Messina,Messina,ME,SICI
19,13,81013,Paceco,Paceco,Isole,Sicilia,Trapani,Trapani,TP,SICI
13,66,66066,Pacentro,Pacentro,Sud,Abruzzo,L'Aquila,L'Aquila,AQ,CSUD
19,14,89014,Pachino,Pachino,Isole,Sicilia,Siracusa,Siracusa,SR,SICI
10,36,54036,Paciano,Paciano,Centro,Umbria,Perugia,Perugia,PG,CSUD
3,129,17129,Padenghe sul Garda,Padenghe sul Garda,Nord-ovest,Lombardia,Brescia,Brescia,BS,NORD
1,124,6124,Paderna,Paderna,Nord-ovest,Piemonte,Alessandria,Alessandria,AL,NORD
3,62,97062,Paderno d'Adda,Paderno d'Adda,Nord-ovest,Lombardia,Lecco,Lecco,LC,NORD
3,166,15166,Paderno Dugnano,Paderno Dugnano,Nord-ovest,Lombardia,Milano,Milan,MI,NORD
3,130,17130,Paderno Franciacorta,Paderno Franciacorta,Nord-ovest,Lombardia,Brescia,Brescia,BS,NORD
3,65,19065,Paderno Ponchielli,Paderno Ponchielli,Nord-ovest,Lombardia,Cremona,Cremona,CR,NORD
5,60,28060,Padova,Padova,Nord-est,Veneto,Padova,Padova,PD,NORD
20,53,90053,Padria,Padria,Isole,Sardegna,Sassari,Sassari,SS,SARD
20,90,90090,Padru,Padru,Isole,Sardegna,Sassari,Sassari,SS,SARD
15,87,65087,Padula,Padula,Sud,Campania,Salerno,Salerno,SA,CSUD
15,45,62045,Paduli,Paduli,Sud,Campania,Benevento,Benevento,BN,CSUD
1,157,4157,Paesana,Paesana,Nord-ovest,Piemonte,Cuneo,Cuneo,CN,NORD
5,55,26055,Paese,Paese,Nord-est,Veneto,Treviso,Treviso,TV,NORD
15,88,65088,Pagani,Pagani,Sud,Campania,Salerno,Salerno,SA,CSUD
12,48,57048,Paganico Sabino,Paganico Sabino,Centro,Lazio,Rieti,Rieti,RI,CSUD
3,154,16154,Pagazzano,Pagazzano,Nord-ovest,Lombardia,Bergamo,Bergamo,BG,NORD
19,65,83065,Pagliara,Pagliara,Isole,Sicilia,Messina,Messina,ME,SICI
13,59,69059,Paglieta,Paglieta,Sud,Abruzzo,Chieti,Chieti,CH,CSUD
6,68,30068,Pagnacco,Pagnacco,Nord-est,Friuli Venezia Giulia,Udine,Udine,UD,NORD
1,158,4158,Pagno,Pagno,Nord-ovest,Piemonte,Cuneo,Cuneo,CN,NORD
3,63,97063,Pagnona,Pagnona,Nord-ovest,Lombardia,Lecco,Lecco,LC,NORD
15,68,64068,Pago del Vallo di Lauro,Pago del Vallo di Lauro,Sud,Campania,Avellino,Avellino,AV,CSUD
15,46,62046,Pago Veiano,Pago Veiano,Sud,Campania,Benevento,Benevento,BN,CSUD
3,131,17131,Paisco Loveno,Paisco Loveno,Nord-ovest,Lombardia,Brescia,Brescia,BS,NORD
3,132,17132,Paitone,Paitone,Nord-ovest,Lombardia,Brescia,Brescia,BS,NORD
5,56,23056,Pal?,Pal?,Nord-est,Veneto,Verona,Verona,VR,NORD
4,133,22133,Pal? del Fersina,Pal? del Fersina,Nord-est,Trentino-Alto Adige,Trento,Trento,TN,NORD
3,155,16155,Paladina,Paladina,Nord-ovest,Lombardia,Bergamo,Bergamo,BG,NORD
8,29,36029,Palagano,Palagano,Nord-est,Emilia Romagna,Modena,Modena,MO,NORD
16,20,73020,Palagianello,Palagianello,Sud,Puglia,Taranto,Taranto,TA,SUD
16,21,73021,Palagiano,Palagiano,Sud,Puglia,Taranto,Taranto,TA,SUD
19,32,87032,Palagonia,Palagonia,Isole,Sicilia,Catania,Catania,CT,SICI
9,24,50024,Palaia,Palaia,Centro,Toscana,Pisa,Pisa,PI,CNOR
8,26,34026,Palanzano,Palanzano,Nord-est,Emilia Romagna,Parma,Parma,PR,NORD
14,50,70050,Palata,Palata,Sud,Molise,Campobasso,Campobasso,CB,SUD
20,54,90054,Palau,Palau,Isole,Sardegna,Sassari,Sassari,SS,SARD
3,156,16156,Palazzago,Palazzago,Nord-ovest,Lombardia,Bergamo,Bergamo,BG,NORD
19,52,82052,Palazzo Adriano,Palazzo Adriano,Isole,Sicilia,Palermo,Palermo,PA,SICI
1,177,1177,Palazzo Canavese,Palazzo Canavese,Nord-ovest,Piemonte,Torino,Turin,TO,NORD
3,66,19066,Palazzo Pignano,Palazzo Pignano,Nord-ovest,Lombardia,Cremona,Cremona,CR,NORD
17,57,76057,Palazzo San Gervasio,Palazzo San Gervasio,Sud,Basilicata,Potenza,Potenza,PZ,SUD
19,15,89015,Palazzolo Acreide,Palazzolo Acreide,Isole,Sicilia,Siracusa,Siracusa,SR,SICI
6,69,30069,Palazzolo dello Stella,Palazzolo dello Stella,Nord-est,Friuli Venezia Giulia,Udine,Udine,UD,NORD
3,133,17133,Palazzolo sull'Oglio,Palazzolo sull'Oglio,Nord-ovest,Lombardia,Brescia,Brescia,BS,NORD
1,90,2090,Palazzolo Vercellese,Palazzolo Vercellese,Nord-ovest,Piemonte,Vercelli,Vercelli,VC,NORD
9,31,48031,Palazzuolo sul Senio,Palazzuolo sul Senio,Centro,Toscana,Firenze,Florence,FI,CNOR
13,60,69060,Palena,Palena,Sud,Abruzzo,Chieti,Chieti,CH,CSUD
18,89,79089,Palermiti,Palermiti,Sud,Calabria,Catanzaro,Catanzaro,CZ,CALA
19,53,82053,Palermo,Palermo,Isole,Sicilia,Palermo,Palermo,PA,SICI
12,74,58074,Palestrina,Palestrina,Centro,Lazio,Roma,Rome,RM,CSUD
3,107,18107,Palestro,Palestro,Nord-ovest,Lombardia,Pavia,Pavia,PV,NORD
12,46,60046,Paliano,Paliano,Centro,Lazio,Frosinone,Frosinone,FR,CSUD
18,56,80056,Palizzi,Palizzi,Sud,Calabria,Reggio Calabria,Reggio Calabria,RC,CALA
18,16,101016,Pallagorio,Pallagorio,Sud,Calabria,Crotone,Crotone,KR,CALA
1,52,103052,Pallanzeno,Pallanzeno,Nord-ovest,Piemonte,Verbano-Cusio-Ossola,Verbano-Cusio-Ossola,VB,NORD
7,47,9047,Pallare,Pallare,Nord-ovest,Liguria,Savona,Savona,SV,NORD
15,52,63052,Palma Campania,Palma Campania,Sud,Campania,Napoli,Naples,NA,CSUD
19,27,84027,Palma di Montechiaro,Palma di Montechiaro,Isole,Sicilia,Agrigento,Agrigento,AG,SICI
6,70,30070,Palmanova,Palmanova,Nord-est,Friuli Venezia Giulia,Udine,Udine,UD,NORD
16,58,75058,Palmariggi,Palmariggi,Sud,Puglia,Lecce,Lecce,LE,SUD
20,39,95039,Palmas Arborea,Palmas Arborea,Isole,Sardegna,Oristano,Oristano,OR,SARD
18,57,80057,Palmi,Palmi,Sud,Calabria,Reggio Calabria,Reggio Calabria,RC,CALA
11,56,44056,Palmiano,Palmiano,Centro,Marche,Ascoli Piceno,Ascoli Piceno,AP,CNOR
13,61,69061,Palmoli,Palmoli,Sud,Abruzzo,Chieti,Chieti,CH,CSUD
16,33,72033,Palo del Colle,Palo del Colle,Sud,Puglia,Bari,Bari,BA,SUD
12,75,58075,Palombara Sabina,Palombara Sabina,Centro,Lazio,Roma,Rome,RM,CSUD
13,62,69062,Palombaro,Palombaro,Sud,Abruzzo,Chieti,Chieti,CH,CSUD
15,89,65089,Palomonte,Palomonte,Sud,Campania,Salerno,Salerno,SA,CSUD
3,157,16157,Palosco,Palosco,Nord-ovest,Lombardia,Bergamo,Bergamo,BG,NORD
18,89,78089,Paludi,Paludi,Sud,Calabria,Cosenza,Cosenza,CS,CALA
6,71,30071,Paluzza,Paluzza,Nord-est,Friuli Venezia Giulia,Udine,Udine,UD,NORD
1,159,4159,Pamparato,Pamparato,Nord-ovest,Piemonte,Cuneo,Cuneo,CN,NORD
1,178,1178,Pancalieri,Pancalieri,Nord-ovest,Piemonte,Torino,Turin,TO,NORD
3,108,18108,Pancarana,Pancarana,Nord-ovest,Lombardia,Pavia,Pavia,PV,NORD
4,134,22134,Panchi?,Panchi?,Nord-est,Trentino-Alto Adige,Trento,Trento,TN,NORD
3,67,19067,Pandino,Pandino,Nord-ovest,Lombardia,Cremona,Cremona,CR,NORD
18,90,78090,Panettieri,Panettieri,Sud,Calabria,Cosenza,Cosenza,CS,CALA
10,37,54037,Panicale,Panicale,Centro,Umbria,Perugia,Perugia,PG,CSUD
15,47,62047,Pannarano,Pannarano,Sud,Campania,Benevento,Benevento,BN,CSUD
16,37,71037,Panni,Panni,Sud,Puglia,Foggia,Foggia,FG,SUD
19,14,81014,Pantelleria,Pantelleria,Isole,Sicilia,Trapani,Trapani,TP,SICI
3,167,15167,Pantigliate,Pantigliate,Nord-ovest,Lombardia,Milano,Milan,MI,NORD
18,91,78091,Paola,Paola,Sud,Calabria,Cosenza,Cosenza,CS,CALA
15,48,62048,Paolisi,Paolisi,Sud,Campania,Benevento,Benevento,BN,CSUD
18,92,78092,Papasidero,Papasidero,Sud,Calabria,Cosenza,Cosenza,CS,CALA
5,34,29034,Papozze,Papozze,Nord-est,Veneto,Rovigo,Rovigo,RO,NORD
3,168,15168,Parabiago,Parabiago,Nord-ovest,Lombardia,Milano,Milan,MI,NORD
16,59,75059,Parabita,Parabita,Sud,Puglia,Lecce,Lecce,LE,SUD
3,134,17134,Paratico,Paratico,Nord-ovest,Lombardia,Brescia,Brescia,BS,NORD
4,62,21062,Parcines/Partschins,Parcines,Nord-est,Trentino-Alto Adige,Bolzano/Bozen,Bolzano,BZ,NORD
1,179,1179,Parella,Parella,Nord-ovest,Piemonte,Torino,Turin,TO,NORD
18,93,78093,Parenti,Parenti,Sud,Calabria,Cosenza,Cosenza,CS,CALA
15,54,61054,Parete,Parete,Sud,Campania,Caserta,Caserta,CE,CSUD
1,125,6125,Pareto,Pareto,Nord-ovest,Piemonte,Alessandria,Alessandria,AL,NORD
18,26,102026,Parghelia,Parghelia,Sud,Calabria,Vibo Valentia,Vibo Valentia,VV,CALA
3,64,97064,Parlasco,Parlasco,Nord-ovest,Lombardia,Lecco,Lecco,LC,NORD
8,27,34027,Parma,Parma,Nord-est,Emilia Romagna,Parma,Parma,PR,NORD
1,126,6126,Parodi Ligure,Parodi Ligure,Nord-ovest,Piemonte,Alessandria,Alessandria,AL,NORD
1,160,4160,Paroldo,Paroldo,Nord-ovest,Piemonte,Cuneo,Cuneo,CN,NORD
15,69,64069,Parolise,Parolise,Sud,Campania,Avellino,Avellino,AV,CSUD
3,109,18109,Parona,Parona,Nord-ovest,Lombardia,Pavia,Pavia,PV,NORD
10,25,55025,Parrano,Parrano,Centro,Umbria,Terni,Terni,TR,CSUD
3,158,16158,Parre,Parre,Nord-ovest,Lombardia,Bergamo,Bergamo,BG,NORD
19,15,81015,Partanna,Partanna,Isole,Sicilia,Trapani,Trapani,TP,SICI
19,54,82054,Partinico,Partinico,Isole,Sicilia,Palermo,Palermo,PA,SICI
1,114,3114,Paruzzaro,Paruzzaro,Nord-ovest,Piemonte,Novara,Novara,NO,NORD
3,159,16159,Parzanica,Parzanica,Nord-ovest,Lombardia,Bergamo,Bergamo,BG,NORD
6,72,30072,Pasian di Prato,Pasian di Prato,Nord-est,Friuli Venezia Giulia,Udine,Udine,UD,NORD
6,29,93029,Pasiano di Pordenone,Pasiano di Pordenone,Nord-est,Friuli Venezia Giulia,Pordenone,Pordenone,PN,NORD
3,135,17135,Paspardo,Paspardo,Nord-ovest,Lombardia,Brescia,Brescia,BS,NORD
1,82,5082,Passerano Marmorito,Passerano Marmorito,Nord-ovest,Piemonte,Asti,Asti,AT,NORD
10,38,54038,Passignano sul Trasimeno,Passignano sul Trasimeno,Centro,Umbria,Perugia,Perugia,PG,CSUD
3,136,17136,Passirano,Passirano,Nord-ovest,Lombardia,Brescia,Brescia,BS,NORD
12,47,60047,Pastena,Pastena,Centro,Lazio,Frosinone,Frosinone,FR,CSUD
15,55,61055,Pastorano,Pastorano,Sud,Campania,Caserta,Caserta,CE,CSUD
5,57,23057,Pastrengo,Pastrengo,Nord-est,Veneto,Verona,Verona,VR,NORD
1,127,6127,Pasturana,Pasturana,Nord-ovest,Piemonte,Alessandria,Alessandria,AL,NORD
3,65,97065,Pasturo,Pasturo,Nord-ovest,Lombardia,Lecco,Lecco,LC,NORD
16,60,75060,Pat?,Pat?,Sud,Puglia,Lecce,Lecce,LE,SUD
19,33,87033,Patern?,Patern?,Isole,Sicilia,Catania,Catania,CT,SICI
17,100,76100,Paterno,Paterno,Sud,Basilicata,Potenza,Potenza,PZ,SUD
18,94,78094,Paterno Calabro,Paterno Calabro,Sud,Calabria,Cosenza,Cosenza,CS,CALA
15,70,64070,Paternopoli,Paternopoli,Sud,Campania,Avellino,Avellino,AV,CSUD
12,48,60048,Patrica,Patrica,Centro,Lazio,Frosinone,Frosinone,FR,CSUD
20,55,90055,Pattada,Pattada,Isole,Sardegna,Sassari,Sassari,SS,SARD
19,66,83066,Patti,Patti,Isole,Sicilia,Messina,Messina,ME,SICI
20,40,95040,Pau,Pau,Isole,Sardegna,Oristano,Oristano,OR,SARD
6,73,30073,Paularo,Paularo,Nord-est,Friuli Venezia Giulia,Udine,Udine,UD,NORD
20,53,111053,Pauli Arbarei,Pauli Arbarei,Isole,Sardegna,Sud Sardegna,#N/A,SU,SARD
20,41,95041,Paulilatino,Paulilatino,Isole,Sardegna,Oristano,Oristano,OR,SARD
3,169,15169,Paullo,Paullo,Nord-ovest,Lombardia,Milano,Milan,MI,NORD
15,49,62049,Paupisi,Paupisi,Sud,Campania,Benevento,Benevento,BN,CSUD
1,180,1180,Pavarolo,Pavarolo,Nord-ovest,Piemonte,Torino,Turin,TO,NORD
3,110,18110,Pavia,Pavia,Nord-ovest,Lombardia,Pavia,Pavia,PV,NORD
6,74,30074,Pavia di Udine,Pavia di Udine,Nord-est,Friuli Venezia Giulia,Udine,Udine,UD,NORD
1,181,1181,Pavone Canavese,Pavone Canavese,Nord-ovest,Piemonte,Torino,Turin,TO,NORD
3,137,17137,Pavone del Mella,Pavone del Mella,Nord-ovest,Lombardia,Brescia,Brescia,BS,NORD
8,30,36030,Pavullo nel Frignano,Pavullo nel Frignano,Nord-est,Emilia Romagna,Modena,Modena,MO,NORD
18,58,80058,Pazzano,Pazzano,Sud,Calabria,Reggio Calabria,Reggio Calabria,RC,CALA
9,25,50025,Peccioli,Peccioli,Centro,Toscana,Pisa,Pisa,PI,CNOR
1,128,6128,Pecetto di Valenza,Pecetto di Valenza,Nord-ovest,Piemonte,Alessandria,Alessandria,AL,NORD
1,183,1183,Pecetto Torinese,Pecetto Torinese,Nord-ovest,Piemonte,Torino,Turin,TO,NORD
19,34,87034,Pedara,Pedara,Isole,Sicilia,Catania,Catania,CT,SICI
11,30,109030,Pedaso,Pedaso,Centro,Marche,Fermo,Fermo,FM,CNOR
5,36,25036,Pedavena,Pedavena,Nord-est,Veneto,Belluno,Belluno,BL,NORD
5,76,24076,Pedemonte,Pedemonte,Nord-est,Veneto,Vicenza,Vicenza,VI,NORD
5,56,26056,Pederobba,Pederobba,Nord-est,Veneto,Treviso,Treviso,TV,NORD
3,47,14047,Pedesina,Pedesina,Nord-ovest,Lombardia,Sondrio,Sondrio,SO,NORD
18,96,78096,Pedivigliano,Pedivigliano,Sud,Calabria,Cosenza,Cosenza,CS,CALA
3,160,16160,Pedrengo,Pedrengo,Nord-ovest,Lombardia,Bergamo,Bergamo,BG,NORD
3,178,13178,Peglio,Peglio,Nord-ovest,Lombardia,Como,Como,CO,NORD
11,41,41041,Peglio,Peglio,Centro,Marche,Pesaro e Urbino,Pesaro e Urbino,PU,CNOR
3,39,20039,Pegognaga,Pegognaga,Nord-ovest,Lombardia,Mantova,Mantova,MN,NORD
3,161,16161,Peia,Peia,Nord-ovest,Lombardia,Bergamo,Bergamo,BG,NORD
4,136,22136,Peio,Peio,Nord-est,Trentino-Alto Adige,Trento,Trento,TN,NORD
9,32,48032,Pelago,Pelago,Centro,Toscana,Firenze,Florence,FI,CNOR
1,115,3115,Pella,Pella,Nord-ovest,Piemonte,Novara,Novara,NO,NORD
8,28,34028,Pellegrino Parmense,Pellegrino Parmense,Nord-est,Emilia Romagna,Parma,Parma,PR,NORD
15,90,65090,Pellezzano,Pellezzano,Sud,Campania,Salerno,Salerno,SA,CSUD
4,137,22137,Pellizzano,Pellizzano,Nord-est,Trentino-Alto Adige,Trento,Trento,TN,NORD
4,138,22138,Pelugo,Pelugo,Nord-est,Trentino-Alto Adige,Trento,Trento,TN,NORD
1,83,5083,Penango,Penango,Nord-ovest,Piemonte,Asti,Asti,AT,NORD
10,26,55026,Penna in Teverina,Penna in Teverina,Centro,Umbria,Terni,Terni,TR,CSUD
11,35,43035,Penna San Giovanni,Penna San Giovanni,Centro,Marche,Macerata,Macerata,MC,CNOR
13,33,67033,Penna Sant'Andrea,Penna Sant'Andrea,Sud,Abruzzo,Teramo,Teramo,TE,CSUD
8,24,99024,Pennabilli,Pennabilli,Nord-est,Emilia Romagna,Rimini,Rimini,RN,NORD
13,63,69063,Pennadomo,Pennadomo,Sud,Abruzzo,Chieti,Chieti,CH,CSUD
13,64,69064,Pennapiedimonte,Pennapiedimonte,Sud,Abruzzo,Chieti,Chieti,CH,CSUD
13,27,68027,Penne,Penne,Sud,Abruzzo,Pescara,Pescara,PE,CSUD
18,92,79092,Pentone,Pentone,Sud,Calabria,Catanzaro,Catanzaro,CZ,CALA
13,65,69065,Perano,Perano,Sud,Abruzzo,Chieti,Chieti,CH,CSUD
5,37,25037,Perarolo di Cadore,Perarolo di Cadore,Nord-est,Veneto,Belluno,Belluno,BL,NORD
4,63,21063,Perca/Percha,Perca,Nord-est,Trentino-Alto Adige,Bolzano/Bozen,Bolzano,BZ,NORD
12,76,58076,Percile,Percile,Centro,Lazio,Roma,Rome,RM,CSUD
20,72,91072,Perdasdefogu,Perdasdefogu,Isole,Sardegna,Nuoro,Nuoro,NU,SARD
20,54,111054,Perdaxius,Perdaxius,Isole,Sardegna,Sud Sardegna,#N/A,SU,SARD
15,91,65091,Perdifumo,Perdifumo,Sud,Campania,Salerno,Salerno,SA,CSUD
13,67,66067,Pereto,Pereto,Sud,Abruzzo,L'Aquila,L'Aquila,AQ,CSUD
20,56,90056,Perfugas,Perfugas,Isole,Sardegna,Sassari,Sassari,SS,SARD
4,139,22139,Pergine Valsugana,Pergine Valsugana,Nord-est,Trentino-Alto Adige,Trento,Trento,TN,NORD
11,43,41043,Pergola,Pergola,Centro,Marche,Pesaro e Urbino,Pesaro e Urbino,PU,CNOR
7,40,8040,Perinaldo,Perinaldo,Nord-ovest,Liguria,Imperia,Imperia,IM,NORD
15,92,65092,Perito,Perito,Sud,Campania,Salerno,Salerno,SA,CSUD
3,67,97067,Perledo,Perledo,Nord-ovest,Lombardia,Lecco,Lecco,LC,NORD
1,161,4161,Perletto,Perletto,Nord-ovest,Piemonte,Cuneo,Cuneo,CN,NORD
1,162,4162,Perlo,Perlo,Nord-ovest,Piemonte,Cuneo,Cuneo,CN,NORD
2,48,7048,Perloz,Perloz,Nord-ovest,Valle d'Aosta,Valle d'Aosta,Aosta,AO,NORD
5,61,28061,Pernumia,Pernumia,Nord-est,Veneto,Padova,Padova,PD,NORD
3,170,15170,Pero,Pero,Nord-ovest,Lombardia,Milano,Milan,MI,NORD
1,184,1184,Perosa Argentina,Perosa Argentina,Nord-ovest,Piemonte,Torino,Turin,TO,NORD
1,185,1185,Perosa Canavese,Perosa Canavese,Nord-ovest,Piemonte,Torino,Turin,TO,NORD
1,186,1186,Perrero,Perrero,Nord-ovest,Piemonte,Torino,Turin,TO,NORD
3,68,19068,Persico Dosimo,Persico Dosimo,Nord-ovest,Lombardia,Cremona,Cremona,CR,NORD
1,91,2091,Pertengo,Pertengo,Nord-ovest,Piemonte,Vercelli,Vercelli,VC,NORD
3,139,17139,Pertica Alta,Pertica Alta,Nord-ovest,Lombardia,Brescia,Brescia,BS,NORD
3,140,17140,Pertica Bassa,Pertica Bassa,Nord-ovest,Lombardia,Brescia,Brescia,BS,NORD
15,93,65093,Pertosa,Pertosa,Sud,Campania,Salerno,Salerno,SA,CSUD
1,187,1187,Pertusio,Pertusio,Nord-ovest,Piemonte,Torino,Turin,TO,NORD
10,39,54039,Perugia,Perugia,Centro,Umbria,Perugia,Perugia,PG,CSUD
11,44,41044,Pesaro,Pesaro,Centro,Marche,Pesaro e Urbino,Pesaro e Urbino,PU,CNOR
9,22,46022,Pescaglia,Pescaglia,Centro,Toscana,Lucca,Lucca,LU,CNOR
5,58,23058,Pescantina,Pescantina,Nord-est,Veneto,Verona,Verona,VR,NORD
13,28,68028,Pescara,Pescara,Sud,Abruzzo,Pescara,Pescara,PE,CSUD
3,69,19069,Pescarolo ed Uniti,Pescarolo ed Uniti,Nord-ovest,Lombardia,Cremona,Cremona,CR,NORD
13,68,66068,Pescasseroli,Pescasseroli,Sud,Abruzzo,L'Aquila,L'Aquila,AQ,CSUD
3,68,97068,Pescate,Pescate,Nord-ovest,Lombardia,Lecco,Lecco,LC,NORD
14,31,94031,Pesche,Pesche,Sud,Molise,Isernia,Isernia,IS,SUD
16,38,71038,Peschici,Peschici,Sud,Puglia,Foggia,Foggia,FG,SUD
3,171,15171,Peschiera Borromeo,Peschiera Borromeo,Nord-ovest,Lombardia,Milano,Milan,MI,NORD
5,59,23059,Peschiera del Garda,Peschiera del Garda,Nord-est,Veneto,Verona,Verona,VR,NORD
9,12,47012,Pescia,Pescia,Centro,Toscana,Pistoia,Pistoia,PT,CNOR
13,69,66069,Pescina,Pescina,Sud,Abruzzo,L'Aquila,L'Aquila,AQ,CSUD
15,50,62050,Pesco Sannita,Pesco Sannita,Sud,Campania,Benevento,Benevento,BN,CSUD
13,70,66070,Pescocostanzo,Pescocostanzo,Sud,Abruzzo,L'Aquila,L'Aquila,AQ,CSUD
14,32,94032,Pescolanciano,Pescolanciano,Sud,Molise,Isernia,Isernia,IS,SUD
17,58,76058,Pescopagano,Pescopagano,Sud,Basilicata,Potenza,Potenza,PZ,SUD
14,33,94033,Pescopennataro,Pescopennataro,Sud,Molise,Isernia,Isernia,IS,SUD
12,49,57049,Pescorocchiano,Pescorocchiano,Centro,Lazio,Rieti,Rieti,RI,CSUD
13,29,68029,Pescosansonesco,Pescosansonesco,Sud,Abruzzo,Pescara,Pescara,PE,CSUD
12,49,60049,Pescosolido,Pescosolido,Centro,Lazio,Frosinone,Frosinone,FR,CSUD
3,172,15172,Pessano con Bornago,Pessano con Bornago,Nord-ovest,Lombardia,Milano,Milan,MI,NORD
3,70,19070,Pessina Cremonese,Pessina Cremonese,Nord-ovest,Lombardia,Cremona,Cremona,CR,NORD
1,188,1188,Pessinetto,Pessinetto,Nord-ovest,Piemonte,Torino,Turin,TO,NORD
14,51,70051,Petacciato,Petacciato,Sud,Molise,Campobasso,Campobasso,CB,SUD
18,17,101017,Petilia Policastro,Petilia Policastro,Sud,Calabria,Crotone,Crotone,KR,CALA
15,94,65094,Petina,Petina,Sud,Campania,Salerno,Salerno,SA,CSUD
19,55,82055,Petralia Soprana,Petralia Soprana,Isole,Sicilia,Palermo,Palermo,PA,SICI
19,56,82056,Petralia Sottana,Petralia Sottana,Isole,Sicilia,Palermo,Palermo,PA,SICI
12,50,57050,Petrella Salto,Petrella Salto,Centro,Lazio,Rieti,Rieti,RI,CSUD
14,52,70052,Petrella Tifernina,Petrella Tifernina,Sud,Molise,Campobasso,Campobasso,CB,SUD
11,45,41045,Petriano,Petriano,Centro,Marche,Pesaro e Urbino,Pesaro e Urbino,PU,CNOR
11,36,43036,Petriolo,Petriolo,Centro,Marche,Macerata,Macerata,MC,CNOR
11,31,109031,Petritoli,Petritoli,Centro,Marche,Fermo,Fermo,FM,CNOR
18,94,79094,Petrizzi,Petrizzi,Sud,Calabria,Catanzaro,Catanzaro,CZ,CALA
18,95,79095,Petron?,Petron?,Sud,Calabria,Catanzaro,Catanzaro,CZ,CALA
19,24,81024,Petrosino,Petrosino,Isole,Sicilia,Trapani,Trapani,TP,SICI
15,71,64071,Petruro Irpino,Petruro Irpino,Sud,Campania,Avellino,Avellino,AV,CSUD
1,116,3116,Pettenasco,Pettenasco,Nord-ovest,Piemonte,Novara,Novara,NO,NORD
1,42,96042,Pettinengo,Pettinengo,Nord-ovest,Piemonte,Biella,Biella,BI,NORD
19,67,83067,Pettineo,Pettineo,Isole,Sicilia,Messina,Messina,ME,SICI
14,34,94034,Pettoranello del Molise,Pettoranello del Molise,Sud,Molise,Isernia,Isernia,IS,SUD
13,71,66071,Pettorano sul Gizio,Pettorano sul Gizio,Sud,Abruzzo,L'Aquila,L'Aquila,AQ,CSUD
5,35,29035,Pettorazza Grimani,Pettorazza Grimani,Nord-est,Veneto,Rovigo,Rovigo,RO,NORD
1,163,4163,Peveragno,Peveragno,Nord-ovest,Piemonte,Cuneo,Cuneo,CN,NORD
1,93,2093,Pezzana,Pezzana,Nord-ovest,Piemonte,Vercelli,Vercelli,VC,NORD
3,141,17141,Pezzaze,Pezzaze,Nord-ovest,Lombardia,Brescia,Brescia,BS,NORD
1,164,4164,Pezzolo Valle Uzzone,Pezzolo Valle Uzzone,Nord-ovest,Piemonte,Cuneo,Cuneo,CN,NORD
8,32,33032,Piacenza,Piacenza,Nord-est,Emilia Romagna,Piacenza,Piacenza,PC,NORD
5,62,28062,Piacenza d'Adige,Piacenza d'Adige,Nord-est,Veneto,Padova,Padova,PD,NORD
3,116,19116,Piadena Drizzona,Piadena Drizzona,Nord-ovest,Lombardia,Cremona,Cremona,CR,NORD
15,95,65095,Piaggine,Piaggine,Sud,Campania,Salerno,Salerno,SA,CSUD
3,142,17142,Pian Camuno,Pian Camuno,Nord-ovest,Lombardia,Brescia,Brescia,BS,NORD
7,48,9048,Piana Crixia,Piana Crixia,Nord-ovest,Liguria,Savona,Savona,SV,NORD
19,57,82057,Piana degli Albanesi,Piana degli Albanesi,Isole,Sicilia,Palermo,Palermo,PA,SICI
15,56,61056,Piana di Monte Verna,Piana di Monte Verna,Sud,Campania,Caserta,Caserta,CE,CSUD
9,20,52020,Piancastagnaio,Piancastagnaio,Centro,Toscana,Siena,Siena,SI,CNOR
3,206,17206,Piancogno,Piancogno,Nord-ovest,Lombardia,Brescia,Brescia,BS,NORD
11,47,41047,Piandimeleto,Piandimeleto,Centro,Marche,Pesaro e Urbino,Pesaro e Urbino,PU,CNOR
18,97,78097,Piane Crati,Piane Crati,Sud,Calabria,Cosenza,Cosenza,CS,CALA
13,30,68030,Pianella,Pianella,Sud,Abruzzo,Pescara,Pescara,PE,CSUD
3,183,13183,Pianello del Lario,Pianello del Lario,Nord-ovest,Lombardia,Como,Como,CO,NORD
8,33,33033,Pianello Val Tidone,Pianello Val Tidone,Nord-est,Emilia Romagna,Piacenza,Piacenza,PC,NORD
3,72,19072,Pianengo,Pianengo,Nord-ovest,Lombardia,Cremona,Cremona,CR,NORD
1,189,1189,Pianezza,Pianezza,Nord-ovest,Piemonte,Torino,Turin,TO,NORD
5,77,24077,Pianezze,Pianezze,Nord-est,Veneto,Vicenza,Vicenza,VI,NORD
1,165,4165,Pianfei,Pianfei,Nord-ovest,Piemonte,Cuneo,Cuneo,CN,NORD
3,162,16162,Pianico,Pianico,Nord-ovest,Lombardia,Bergamo,Bergamo,BG,NORD
5,28,27028,Pianiga,Pianiga,Nord-est,Veneto,Venezia,Venice,VE,NORD
15,53,63053,Piano di Sorrento,Piano di Sorrento,Sud,Campania,Napoli,Naples,NA,CSUD
18,96,79096,Pianopoli,Pianopoli,Sud,Calabria,Catanzaro,Catanzaro,CZ,CALA
8,47,37047,Pianoro,Pianoro,Nord-est,Emilia Romagna,Bologna,Bologna,BO,NORD
12,43,56043,Piansano,Piansano,Centro,Lazio,Viterbo,Viterbo,VT,CSUD
3,48,14048,Piantedo,Piantedo,Nord-ovest,Lombardia,Sondrio,Sondrio,SO,NORD
3,163,16163,Piario,Piario,Nord-ovest,Lombardia,Bergamo,Bergamo,BG,NORD
1,166,4166,Piasco,Piasco,Nord-ovest,Piemonte,Cuneo,Cuneo,CN,NORD
3,49,14049,Piateda,Piateda,Nord-ovest,Lombardia,Sondrio,Sondrio,SO,NORD
1,43,96043,Piatto,Piatto,Nord-ovest,Piemonte,Biella,Biella,BI,NORD
9,23,46023,Piazza al Serchio,Piazza al Serchio,Centro,Toscana,Lucca,Lucca,LU,CNOR
19,14,86014,Piazza Armerina,Piazza Armerina,Isole,Sicilia,Enna,Enna,EN,SICI
3,164,16164,Piazza Brembana,Piazza Brembana,Nord-ovest,Lombardia,Bergamo,Bergamo,BG,NORD
3,165,16165,Piazzatorre,Piazzatorre,Nord-ovest,Lombardia,Bergamo,Bergamo,BG,NORD
5,63,28063,Piazzola sul Brenta,Piazzola sul Brenta,Nord-est,Veneto,Padova,Padova,PD,NORD
3,166,16166,Piazzolo,Piazzolo,Nord-ovest,Lombardia,Bergamo,Bergamo,BG,NORD
13,31,68031,Picciano,Picciano,Sud,Abruzzo,Pescara,Pescara,PE,CSUD
17,59,76059,Picerno,Picerno,Sud,Basilicata,Potenza,Potenza,PZ,SUD
12,50,60050,Picinisco,Picinisco,Centro,Lazio,Frosinone,Frosinone,FR,CSUD
12,51,60051,Pico,Pico,Centro,Lazio,Frosinone,Frosinone,FR,CSUD
1,84,5084,Piea,Piea,Nord-ovest,Piemonte,Asti,Asti,AT,NORD
1,44,96044,Piedicavallo,Piedicavallo,Nord-ovest,Piemonte,Biella,Biella,BI,NORD
19,35,87035,Piedimonte Etneo,Piedimonte Etneo,Isole,Sicilia,Catania,Catania,CT,SICI
15,57,61057,Piedimonte Matese,Piedimonte Matese,Sud,Campania,Caserta,Caserta,CE,CSUD
12,52,60052,Piedimonte San Germano,Piedimonte San Germano,Centro,Lazio,Frosinone,Frosinone,FR,CSUD
1,53,103053,Piedimulera,Piedimulera,Nord-ovest,Piemonte,Verbano-Cusio-Ossola,Verbano-Cusio-Ossola,VB,NORD
10,40,54040,Piegaro,Piegaro,Centro,Umbria,Perugia,Perugia,PG,CSUD
9,21,52021,Pienza,Pienza,Centro,Toscana,Siena,Siena,SI,CNOR
3,73,19073,Pieranica,Pieranica,Nord-ovest,Lombardia,Cremona,Cremona,CR,NORD
3,111,18111,Pietra de' Giorgi,Pietra de' Giorgi,Nord-ovest,Lombardia,Pavia,Pavia,PV,NORD
7,49,9049,Pietra Ligure,Pietra Ligure,Nord-ovest,Liguria,Savona,Savona,SV,NORD
1,129,6129,Pietra Marazzi,Pietra Marazzi,Nord-ovest,Piemonte,Alessandria,Alessandria,AL,NORD
14,35,94035,Pietrabbondante,Pietrabbondante,Sud,Molise,Isernia,Isernia,IS,SUD
7,41,8041,Pietrabruna,Pietrabruna,Nord-ovest,Liguria,Imperia,Imperia,IM,NORD
13,34,67034,Pietracamela,Pietracamela,Sud,Abruzzo,Teramo,Teramo,TE,CSUD
14,53,70053,Pietracatella,Pietracatella,Sud,Molise,Campobasso,Campobasso,CB,SUD
14,54,70054,Pietracupa,Pietracupa,Sud,Molise,Campobasso,Campobasso,CB,SUD
15,72,64072,Pietradefusi,Pietradefusi,Sud,Campania,Avellino,Avellino,AV,CSUD
13,103,69103,Pietraferrazzana,Pietraferrazzana,Sud,Abruzzo,Chieti,Chieti,CH,CSUD
18,98,78098,Pietrafitta,Pietrafitta,Sud,Calabria,Cosenza,Cosenza,CS,CALA
17,60,76060,Pietragalla,Pietragalla,Sud,Basilicata,Potenza,Potenza,PZ,SUD
10,41,54041,Pietralunga,Pietralunga,Centro,Umbria,Perugia,Perugia,PG,CSUD
15,58,61058,Pietramelara,Pietramelara,Sud,Campania,Caserta,Caserta,CE,CSUD
16,39,71039,Pietramontecorvino,Pietramontecorvino,Sud,Puglia,Foggia,Foggia,FG,SUD
13,32,68032,Pietranico,Pietranico,Sud,Abruzzo,Pescara,Pescara,PE,CSUD
18,99,78099,Pietrapaola,Pietrapaola,Sud,Calabria,Cosenza,Cosenza,CS,CALA
17,61,76061,Pietrapertosa,Pietrapertosa,Sud,Basilicata,Potenza,Potenza,PZ,SUD
19,15,86015,Pietraperzia,Pietraperzia,Isole,Sicilia,Enna,Enna,EN,SICI
1,167,4167,Pietraporzio,Pietraporzio,Nord-ovest,Piemonte,Cuneo,Cuneo,CN,NORD
15,51,62051,Pietraroja,Pietraroja,Sud,Campania,Benevento,Benevento,BN,CSUD
11,48,41048,Pietrarubbia,Pietrarubbia,Centro,Marche,Pesaro e Urbino,Pesaro e Urbino,PU,CNOR
9,24,46024,Pietrasanta,Pietrasanta,Centro,Toscana,Lucca,Lucca,LU,CNOR
15,73,64073,Pietrastornina,Pietrastornina,Sud,Campania,Avellino,Avellino,AV,CSUD
15,59,61059,Pietravairano,Pietravairano,Sud,Campania,Caserta,Caserta,CE,CSUD
15,52,62052,Pietrelcina,Pietrelcina,Sud,Campania,Benevento,Benevento,BN,CSUD
9,13,47013,Pieve a Nievole,Pieve a Nievole,Centro,Toscana,Pistoia,Pistoia,PT,CNOR
3,112,18112,Pieve Albignola,Pieve Albignola,Nord-ovest,Lombardia,Pavia,Pavia,PV,NORD
3,113,18113,Pieve del Cairo,Pieve del Cairo,Nord-ovest,Lombardia,Pavia,Pavia,PV,NORD
5,96,26096,Pieve del Grappa,Pieve del Grappa,Nord-est,Veneto,Treviso,Treviso,TV,NORD
4,234,22234,Pieve di Bono-Prezzo,Pieve di Bono-Prezzo,Nord-est,Trentino-Alto Adige,Trento,Trento,TN,NORD
5,39,25039,Pieve di Cadore,Pieve di Cadore,Nord-est,Veneto,Belluno,Belluno,BL,NORD
8,48,37048,Pieve di Cento,Pieve di Cento,Nord-est,Emilia Romagna,Bologna,Bologna,BO,NORD
5,57,26057,Pieve di Soligo,Pieve di Soligo,Nord-est,Veneto,Treviso,Treviso,TV,NORD
7,42,8042,Pieve di Teco,Pieve di Teco,Nord-ovest,Liguria,Imperia,Imperia,IM,NORD
3,74,19074,Pieve d'Olmi,Pieve d'Olmi,Nord-ovest,Lombardia,Cremona,Cremona,CR,NORD
3,173,15173,Pieve Emanuele,Pieve Emanuele,Nord-ovest,Lombardia,Milano,Milan,MI,NORD
3,45,98045,Pieve Fissiraga,Pieve Fissiraga,Nord-ovest,Lombardia,Lodi,Lodi,LO,NORD
9,25,46025,Pieve Fosciana,Pieve Fosciana,Centro,Toscana,Lucca,Lucca,LU,CNOR
7,43,10043,Pieve Ligure,Pieve Ligure,Nord-ovest,Liguria,Genova,Genoa,GE,NORD
3,114,18114,Pieve Porto Morone,Pieve Porto Morone,Nord-ovest,Lombardia,Pavia,Pavia,PV,NORD
3,75,19075,Pieve San Giacomo,Pieve San Giacomo,Nord-ovest,Lombardia,Cremona,Cremona,CR,NORD
9,30,51030,Pieve Santo Stefano,Pieve Santo Stefano,Centro,Toscana,Arezzo,Arezzo,AR,CNOR
4,142,22142,Pieve Tesino,Pieve Tesino,Nord-est,Trentino-Alto Adige,Trento,Trento,TN,NORD
11,38,43038,Pieve Torina,Pieve Torina,Centro,Marche,Macerata,Macerata,MC,CNOR
1,54,103054,Pieve Vergonte,Pieve Vergonte,Nord-ovest,Piemonte,Verbano-Cusio-Ossola,Verbano-Cusio-Ossola,VB,NORD
8,31,36031,Pievepelago,Pievepelago,Nord-est,Emilia Romagna,Modena,Modena,MO,NORD
12,53,60053,Piglio,Piglio,Centro,Lazio,Frosinone,Frosinone,FR,CSUD
7,43,8043,Pigna,Pigna,Nord-ovest,Liguria,Imperia,Imperia,IM,NORD
12,54,60054,Pignataro Interamna,Pignataro Interamna,Centro,Lazio,Frosinone,Frosinone,FR,CSUD
15,60,61060,Pignataro Maggiore,Pignataro Maggiore,Sud,Campania,Caserta,Caserta,CE,CSUD
17,62,76062,Pignola,Pignola,Sud,Basilicata,Potenza,Potenza,PZ,SUD
7,21,11021,Pignone,Pignone,Nord-ovest,Liguria,La Spezia,La Spezia,SP,NORD
3,184,13184,Pigra,Pigra,Nord-ovest,Lombardia,Como,Como,CO,NORD
1,96,2096,Pila,Pila,Nord-ovest,Piemonte,Vercelli,Vercelli,VC,NORD
20,55,111055,Pimentel,Pimentel,Isole,Sardegna,Sud Sardegna,#N/A,SU,SARD
15,54,63054,Pimonte,Pimonte,Sud,Campania,Napoli,Naples,NA,CSUD
3,115,18115,Pinarolo Po,Pinarolo Po,Nord-ovest,Lombardia,Pavia,Pavia,PV,NORD
1,190,1190,Pinasca,Pinasca,Nord-ovest,Piemonte,Torino,Turin,TO,NORD
5,36,29036,Pincara,Pincara,Nord-est,Veneto,Rovigo,Rovigo,RO,NORD
1,191,1191,Pinerolo,Pinerolo,Nord-ovest,Piemonte,Torino,Turin,TO,NORD
13,35,67035,Pineto,Pineto,Sud,Abruzzo,Teramo,Teramo,TE,CSUD
1,85,5085,Pino d'Asti,Pino d'Asti,Nord-ovest,Piemonte,Asti,Asti,AT,NORD
1,192,1192,Pino Torinese,Pino Torinese,Nord-ovest,Piemonte,Torino,Turin,TO,NORD
6,30,93030,Pinzano al Tagliamento,Pinzano al Tagliamento,Nord-est,Friuli Venezia Giulia,Pordenone,Pordenone,PN,NORD
4,143,22143,Pinzolo,Pinzolo,Nord-est,Trentino-Alto Adige,Trento,Trento,TN,NORD
11,49,41049,Piobbico,Piobbico,Centro,Marche,Pesaro e Urbino,Pesaro e Urbino,PU,CNOR
1,168,4168,Piobesi d'Alba,Piobesi d'Alba,Nord-ovest,Piemonte,Cuneo,Cuneo,CN,NORD
1,193,1193,Piobesi Torinese,Piobesi Torinese,Nord-ovest,Piemonte,Torino,Turin,TO,NORD
1,97,2097,Piode,Piode,Nord-ovest,Piemonte,Vercelli,Vercelli,VC,NORD
3,175,15175,Pioltello,Pioltello,Nord-ovest,Lombardia,Milano,Milan,MI,NORD
9,12,49012,Piombino,Piombino,Centro,Toscana,Livorno,Livorno,LI,CNOR
5,64,28064,Piombino Dese,Piombino Dese,Nord-est,Veneto,Padova,Padova,PD,NORD
11,39,43039,Pioraco,Pioraco,Centro,Marche,Macerata,Macerata,MC,CNOR
1,194,1194,Piossasco,Piossasco,Nord-ovest,Piemonte,Torino,Turin,TO,NORD
1,86,5086,Piov? Massaia,Piov? Massaia,Nord-ovest,Piemonte,Asti,Asti,AT,NORD
5,65,28065,Piove di Sacco,Piove di Sacco,Nord-est,Veneto,Padova,Padova,PD,NORD
5,78,24078,Piovene Rocchette,Piovene Rocchette,Nord-est,Veneto,Vicenza,Vicenza,VI,NORD
8,34,33034,Piozzano,Piozzano,Nord-est,Emilia Romagna,Piacenza,Piacenza,PC,NORD
1,169,4169,Piozzo,Piozzo,Nord-ovest,Piemonte,Cuneo,Cuneo,CN,NORD
19,68,83068,Piraino,Piraino,Isole,Sicilia,Messina,Messina,ME,SICI
9,26,50026,Pisa,Pisa,Centro,Toscana,Pisa,Pisa,PI,CNOR
1,119,3119,Pisano,Pisano,Nord-ovest,Piemonte,Novara,Novara,NO,NORD
1,195,1195,Piscina,Piscina,Nord-ovest,Piemonte,Torino,Turin,TO,NORD
20,56,111056,Piscinas,Piscinas,Isole,Sardegna,Sud Sardegna,#N/A,SU,SARD
15,96,65096,Pisciotta,Pisciotta,Sud,Campania,Salerno,Salerno,SA,CSUD
3,143,17143,Pisogne,Pisogne,Nord-ovest,Lombardia,Brescia,Brescia,BS,NORD
12,77,58077,Pisoniano,Pisoniano,Centro,Lazio,Roma,Rome,RM,CSUD
17,20,77020,Pisticci,Pisticci,Sud,Basilicata,Matera,Matera,MT,SUD
9,14,47014,Pistoia,Pistoia,Centro,Toscana,Pistoia,Pistoia,PT,CNOR
9,19,53019,Pitigliano,Pitigliano,Centro,Toscana,Grosseto,Grosseto,GR,CNOR
3,41,20041,Piubega,Piubega,Nord-ovest,Lombardia,Mantova,Mantova,MN,NORD
3,50,14050,Piuro,Piuro,Nord-ovest,Lombardia,Sondrio,Sondrio,SO,NORD
1,196,1196,Piverone,Piverone,Nord-ovest,Piemonte,Torino,Turin,TO,NORD
3,116,18116,Pizzale,Pizzale,Nord-ovest,Lombardia,Pavia,Pavia,PV,NORD
3,76,19076,Pizzighettone,Pizzighettone,Nord-ovest,Lombardia,Cremona,Cremona,CR,NORD
18,27,102027,Pizzo,Pizzo,Sud,Calabria,Vibo Valentia,Vibo Valentia,VV,CALA
13,66,69066,Pizzoferrato,Pizzoferrato,Sud,Abruzzo,Chieti,Chieti,CH,CSUD
13,72,66072,Pizzoli,Pizzoli,Sud,Abruzzo,L'Aquila,L'Aquila,AQ,CSUD
14,36,94036,Pizzone,Pizzone,Sud,Molise,Isernia,Isernia,IS,SUD
18,28,102028,Pizzoni,Pizzoni,Sud,Calabria,Vibo Valentia,Vibo Valentia,VV,CALA
18,59,80059,Placanica,Placanica,Sud,Calabria,Reggio Calabria,Reggio Calabria,RC,CALA
18,60,80060,Platç,Platç,Sud,Calabria,Reggio Calabria,Reggio Calabria,RC,CALA
18,100,78100,Plataci,Plataci,Sud,Calabria,Cosenza,Cosenza,CS,CALA
18,99,79099,Platania,Platania,Sud,Calabria,Catanzaro,Catanzaro,CZ,CALA
4,64,21064,Plaus/Plaus,Plaus,Nord-est,Trentino-Alto Adige,Bolzano/Bozen,Bolzano,BZ,NORD
3,185,13185,Plesio,Plesio,Nord-ovest,Lombardia,Como,Como,CO,NORD
20,57,90057,Ploaghe,Ploaghe,Isole,Sardegna,Sassari,Sassari,SS,SARD
7,50,9050,Plodio,Plodio,Nord-ovest,Liguria,Savona,Savona,SV,NORD
1,170,4170,Pocapaglia,Pocapaglia,Nord-ovest,Piemonte,Cuneo,Cuneo,CN,NORD
6,75,30075,Pocenia,Pocenia,Nord-est,Friuli Venezia Giulia,Udine,Udine,UD,NORD
9,13,45013,Podenzana,Podenzana,Centro,Toscana,Massa-Carrara,Massa-Carrara,MS,CNOR
8,35,33035,Podenzano,Podenzano,Nord-est,Emilia Romagna,Piacenza,Piacenza,PC,NORD
12,55,60055,Pofi,Pofi,Centro,Lazio,Frosinone,Frosinone,FR,CSUD
16,61,75061,Poggiardo,Poggiardo,Sud,Puglia,Lecce,Lecce,LE,SUD
9,22,52022,Poggibonsi,Poggibonsi,Centro,Toscana,Siena,Siena,SI,CNOR
9,4,100004,Poggio a Caiano,Poggio a Caiano,Centro,Toscana,Prato,Prato,PO,CNOR
12,51,57051,Poggio Bustone,Poggio Bustone,Centro,Lazio,Rieti,Rieti,RI,CSUD
12,52,57052,Poggio Catino,Poggio Catino,Centro,Lazio,Rieti,Rieti,RI,CSUD
16,40,71040,Poggio Imperiale,Poggio Imperiale,Sud,Puglia,Foggia,Foggia,FG,SUD
12,53,57053,Poggio Mirteto,Poggio Mirteto,Centro,Lazio,Rieti,Rieti,RI,CSUD
12,54,57054,Poggio Moiano,Poggio Moiano,Centro,Lazio,Rieti,Rieti,RI,CSUD
12,55,57055,Poggio Nativo,Poggio Nativo,Centro,Lazio,Rieti,Rieti,RI,CSUD
13,73,66073,Poggio Picenze,Poggio Picenze,Sud,Abruzzo,L'Aquila,L'Aquila,AQ,CSUD
8,18,38018,Poggio Renatico,Poggio Renatico,Nord-est,Emilia Romagna,Ferrara,Ferrara,FE,NORD
3,42,20042,Poggio Rusco,Poggio Rusco,Nord-ovest,Lombardia,Mantova,Mantova,MN,NORD
12,56,57056,Poggio San Lorenzo,Poggio San Lorenzo,Centro,Lazio,Rieti,Rieti,RI,CSUD
11,37,42037,Poggio San Marcello,Poggio San Marcello,Centro,Marche,Ancona,Ancona,AN,CNOR
11,40,43040,Poggio San Vicino,Poggio San Vicino,Centro,Marche,Macerata,Macerata,MC,CNOR
14,37,94037,Poggio Sannita,Poggio Sannita,Sud,Molise,Isernia,Isernia,IS,SUD
8,28,99028,Poggio Torriana,Poggio Torriana,Nord-est,Emilia Romagna,Rimini,Rimini,RN,NORD
10,42,54042,Poggiodomo,Poggiodomo,Centro,Umbria,Perugia,Perugia,PG,CSUD
13,67,69067,Poggiofiorito,Poggiofiorito,Sud,Abruzzo,Chieti,Chieti,CH,CSUD
15,55,63055,Poggiomarino,Poggiomarino,Sud,Campania,Napoli,Naples,NA,CSUD
19,16,81016,Poggioreale,Poggioreale,Isole,Sicilia,Trapani,Trapani,TP,SICI
16,34,72034,Poggiorsini,Poggiorsini,Sud,Puglia,Bari,Bari,BA,SUD
3,51,14051,Poggiridenti,Poggiridenti,Nord-ovest,Lombardia,Sondrio,Sondrio,SO,NORD
3,176,15176,Pogliano Milanese,Pogliano Milanese,Nord-ovest,Lombardia,Milano,Milan,MI,NORD
3,186,13186,Pognana Lario,Pognana Lario,Nord-ovest,Lombardia,Como,Como,CO,NORD
3,167,16167,Pognano,Pognano,Nord-ovest,Lombardia,Bergamo,Bergamo,BG,NORD
1,120,3120,Pogno,Pogno,Nord-ovest,Piemonte,Novara,Novara,NO,NORD
1,197,1197,Poirino,Poirino,Nord-ovest,Piemonte,Torino,Turin,TO,NORD
5,79,24079,Pojana Maggiore,Pojana Maggiore,Nord-est,Veneto,Vicenza,Vicenza,VI,NORD
3,144,17144,Polaveno,Polaveno,Nord-ovest,Lombardia,Brescia,Brescia,BS,NORD
6,31,93031,Polcenigo,Polcenigo,Nord-est,Friuli Venezia Giulia,Pordenone,Pordenone,PN,NORD
5,37,29037,Polesella,Polesella,Nord-est,Veneto,Rovigo,Rovigo,RO,NORD
8,50,34050,Polesine Zibello,Polesine Zibello,Nord-est,Emilia Romagna,Parma,Parma,PR,NORD
12,78,58078,Poli,Poli,Centro,Lazio,Roma,Rome,RM,CSUD
18,29,102029,Polia,Polia,Sud,Calabria,Vibo Valentia,Vibo Valentia,VV,CALA
17,21,77021,Policoro,Policoro,Sud,Basilicata,Matera,Matera,MT,SUD
16,35,72035,Polignano a Mare,Polignano a Mare,Sud,Puglia,Bari,Bari,BA,SUD
8,32,36032,Polinago,Polinago,Nord-est,Emilia Romagna,Modena,Modena,MO,NORD
10,27,55027,Polino,Polino,Centro,Umbria,Terni,Terni,TR,CSUD
18,61,80061,Polistena,Polistena,Sud,Calabria,Reggio Calabria,Reggio Calabria,RC,CALA
19,58,82058,Polizzi Generosa,Polizzi Generosa,Isole,Sicilia,Palermo,Palermo,PA,SICI
15,97,65097,Polla,Polla,Sud,Campania,Salerno,Salerno,SA,CSUD
2,49,7049,Pollein,Pollein,Nord-ovest,Valle d'Aosta,Valle d'Aosta,Aosta,AO,NORD
15,56,63056,Pollena Trocchia,Pollena Trocchia,Sud,Campania,Napoli,Naples,NA,CSUD
11,41,43041,Pollenza,Pollenza,Centro,Marche,Macerata,Macerata,MC,CNOR
15,98,65098,Pollica,Pollica,Sud,Campania,Salerno,Salerno,SA,CSUD
19,59,82059,Pollina,Pollina,Isole,Sicilia,Palermo,Palermo,PA,SICI
1,46,96046,Pollone,Pollone,Nord-ovest,Piemonte,Biella,Biella,BI,NORD
13,68,69068,Pollutri,Pollutri,Sud,Abruzzo,Chieti,Chieti,CH,CSUD
1,171,4171,Polonghera,Polonghera,Nord-ovest,Piemonte,Cuneo,Cuneo,CN,NORD
3,145,17145,Polpenazze del Garda,Polpenazze del Garda,Nord-ovest,Lombardia,Brescia,Brescia,BS,NORD
5,66,28066,Polverara,Polverara,Nord-est,Veneto,Padova,Padova,PD,NORD
11,38,42038,Polverigi,Polverigi,Centro,Marche,Ancona,Ancona,AN,CNOR
9,27,50027,Pomarance,Pomarance,Centro,Toscana,Pisa,Pisa,PI,CNOR
1,198,1198,Pomaretto,Pomaretto,Nord-ovest,Piemonte,Torino,Turin,TO,NORD
17,22,77022,Pomarico,Pomarico,Sud,Basilicata,Matera,Matera,MT,SUD
1,131,6131,Pomaro Monferrato,Pomaro Monferrato,Nord-ovest,Piemonte,Alessandria,Alessandria,AL,NORD
4,144,22144,Pomarolo,Pomarolo,Nord-est,Trentino-Alto Adige,Trento,Trento,TN,NORD
1,121,3121,Pombia,Pombia,Nord-ovest,Piemonte,Novara,Novara,NO,NORD
12,79,58079,Pomezia,Pomezia,Centro,Lazio,Roma,Rome,RM,CSUD
15,57,63057,Pomigliano d'Arco,Pomigliano d'Arco,Sud,Campania,Napoli,Naples,NA,CSUD
15,58,63058,Pompei,Pompei,Sud,Campania,Napoli,Naples,NA,CSUD
7,44,8044,Pompeiana,Pompeiana,Nord-ovest,Liguria,Imperia,Imperia,IM,NORD
3,146,17146,Pompiano,Pompiano,Nord-ovest,Lombardia,Brescia,Brescia,BS,NORD
3,43,20043,Pomponesco,Pomponesco,Nord-ovest,Lombardia,Mantova,Mantova,MN,NORD
20,42,95042,Pompu,Pompu,Isole,Sardegna,Oristano,Oristano,OR,SARD
3,147,17147,Poncarale,Poncarale,Nord-ovest,Lombardia,Brescia,Brescia,BS,NORD
1,47,96047,Ponderano,Ponderano,Nord-ovest,Piemonte,Biella,Biella,BI,NORD
3,187,13187,Ponna,Ponna,Nord-ovest,Lombardia,Como,Como,CO,NORD
9,28,50028,Ponsacco,Ponsacco,Centro,Toscana,Pisa,Pisa,PI,CNOR
5,67,28067,Ponso,Ponso,Nord-est,Veneto,Padova,Padova,PD,NORD
1,199,1199,Pont Canavese,Pont Canavese,Nord-ovest,Piemonte,Torino,Turin,TO,NORD
9,33,48033,Pontassieve,Pontassieve,Centro,Toscana,Firenze,Florence,FI,CNOR
2,50,7050,Pontboset,Pontboset,Nord-ovest,Valle d'Aosta,Valle d'Aosta,Aosta,AO,NORD
15,53,62053,Ponte,Ponte,Sud,Campania,Benevento,Benevento,BN,CSUD
9,16,47016,Ponte Buggianese,Ponte Buggianese,Centro,Toscana,Pistoia,Pistoia,PT,CNOR
8,36,33036,Ponte dell'Olio,Ponte dell'Olio,Nord-est,Emilia Romagna,Piacenza,Piacenza,PC,NORD
3,148,17148,Ponte di Legno,Ponte di Legno,Nord-ovest,Lombardia,Brescia,Brescia,BS,NORD
5,58,26058,Ponte di Piave,Ponte di Piave,Nord-est,Veneto,Treviso,Treviso,TV,NORD
4,65,21065,Ponte Gardena/Waidbruck,Ponte Gardena,Nord-est,Trentino-Alto Adige,Bolzano/Bozen,Bolzano,BZ,NORD
3,52,14052,Ponte in Valtellina,Ponte in Valtellina,Nord-ovest,Lombardia,Sondrio,Sondrio,SO,NORD
3,188,13188,Ponte Lambro,Ponte Lambro,Nord-ovest,Lombardia,Como,Como,CO,NORD
5,40,25040,Ponte nelle Alpi,Ponte nelle Alpi,Nord-est,Veneto,Belluno,Belluno,BL,NORD
3,117,18117,Ponte Nizza,Ponte Nizza,Nord-ovest,Lombardia,Pavia,Pavia,PV,NORD
3,168,16168,Ponte Nossa,Ponte Nossa,Nord-ovest,Lombardia,Bergamo,Bergamo,BG,NORD
5,69,28069,Ponte San Nicol?,Ponte San Nicol?,Nord-est,Veneto,Padova,Padova,PD,NORD
3,170,16170,Ponte San Pietro,Ponte San Pietro,Nord-ovest,Lombardia,Bergamo,Bergamo,BG,NORD
6,76,30076,Pontebba,Pontebba,Nord-est,Friuli Venezia Giulia,Udine,Udine,UD,NORD
15,99,65099,Pontecagnano Faiano,Pontecagnano Faiano,Sud,Campania,Salerno,Salerno,SA,CSUD
5,38,29038,Pontecchio Polesine,Pontecchio Polesine,Nord-est,Veneto,Rovigo,Rovigo,RO,NORD
1,172,4172,Pontechianale,Pontechianale,Nord-ovest,Piemonte,Cuneo,Cuneo,CN,NORD
12,56,60056,Pontecorvo,Pontecorvo,Centro,Lazio,Frosinone,Frosinone,FR,CSUD
1,132,6132,Pontecurone,Pontecurone,Nord-ovest,Piemonte,Alessandria,Alessandria,AL,NORD
7,45,8045,Pontedassio,Pontedassio,Nord-ovest,Liguria,Imperia,Imperia,IM,NORD
9,29,50029,Pontedera,Pontedera,Centro,Toscana,Pisa,Pisa,PI,CNOR
15,54,62054,Pontelandolfo,Pontelandolfo,Sud,Campania,Benevento,Benevento,BN,CSUD
15,61,61061,Pontelatone,Pontelatone,Sud,Campania,Caserta,Caserta,CE,CSUD
5,68,28068,Pontelongo,Pontelongo,Nord-est,Veneto,Padova,Padova,PD,NORD
8,37,33037,Pontenure,Pontenure,Nord-est,Emilia Romagna,Piacenza,Piacenza,PC,NORD
3,169,16169,Ponteranica,Ponteranica,Nord-ovest,Lombardia,Bergamo,Bergamo,BG,NORD
1,133,6133,Pontestura,Pontestura,Nord-ovest,Piemonte,Alessandria,Alessandria,AL,NORD
3,149,17149,Pontevico,Pontevico,Nord-ovest,Lombardia,Brescia,Brescia,BS,NORD
2,51,7051,Pontey,Pontey,Nord-ovest,Valle d'Aosta,Valle d'Aosta,Aosta,AO,NORD
1,134,6134,Ponti,Ponti,Nord-ovest,Piemonte,Alessandria,Alessandria,AL,NORD
3,44,20044,Ponti sul Mincio,Ponti sul Mincio,Nord-ovest,Lombardia,Mantova,Mantova,MN,NORD
3,171,16171,Pontida,Pontida,Nord-ovest,Lombardia,Bergamo,Bergamo,BG,NORD
12,17,59017,Pontinia,Pontinia,Centro,Lazio,Latina,Latina,LT,CSUD
7,51,9051,Pontinvrea,Pontinvrea,Nord-ovest,Liguria,Savona,Savona,SV,NORD
3,172,16172,Pontirolo Nuovo,Pontirolo Nuovo,Nord-ovest,Lombardia,Bergamo,Bergamo,BG,NORD
3,150,17150,Pontoglio,Pontoglio,Nord-ovest,Lombardia,Brescia,Brescia,BS,NORD
9,14,45014,Pontremoli,Pontremoli,Centro,Toscana,Massa-Carrara,Massa-Carrara,MS,CNOR
2,52,7052,Pont-Saint-Martin,Pont-Saint-Martin,Nord-ovest,Valle d'Aosta,Valle d'Aosta,Aosta,AO,NORD
12,18,59018,Ponza,Ponza,Centro,Lazio,Latina,Latina,LT,CSUD
11,32,109032,Ponzano di Fermo,Ponzano di Fermo,Centro,Marche,Fermo,Fermo,FM,CNOR
1,135,6135,Ponzano Monferrato,Ponzano Monferrato,Nord-ovest,Piemonte,Alessandria,Alessandria,AL,NORD
12,80,58080,Ponzano Romano,Ponzano Romano,Centro,Lazio,Roma,Rome,RM,CSUD
5,59,26059,Ponzano Veneto,Ponzano Veneto,Nord-est,Veneto,Treviso,Treviso,TV,NORD
1,136,6136,Ponzone,Ponzone,Nord-ovest,Piemonte,Alessandria,Alessandria,AL,NORD
13,33,68033,Popoli,Popoli,Sud,Abruzzo,Pescara,Pescara,PE,CSUD
9,31,51031,Poppi,Poppi,Centro,Toscana,Arezzo,Arezzo,AR,CNOR
10,28,55028,Porano,Porano,Centro,Umbria,Terni,Terni,TR,CSUD
9,26,46026,Porcari,Porcari,Centro,Toscana,Lucca,Lucca,LU,CNOR
6,32,93032,Porcia,Porcia,Nord-est,Friuli Venezia Giulia,Pordenone,Pordenone,PN,NORD
6,33,93033,Pordenone,Pordenone,Nord-est,Friuli Venezia Giulia,Pordenone,Pordenone,PN,NORD
3,189,13189,Porlezza,Porlezza,Nord-ovest,Lombardia,Como,Como,CO,NORD
7,46,8046,Pornassio,Pornassio,Nord-ovest,Liguria,Imperia,Imperia,IM,NORD
6,77,30077,Porpetto,Porpetto,Nord-est,Friuli Venezia Giulia,Udine,Udine,UD,NORD
1,87,5087,Portacomaro,Portacomaro,Nord-ovest,Piemonte,Asti,Asti,AT,NORD
3,118,18118,Portalbera,Portalbera,Nord-ovest,Lombardia,Pavia,Pavia,PV,NORD
1,200,1200,Porte,Porte,Nord-ovest,Piemonte,Torino,Turin,TO,NORD
4,244,22244,Porte di Rendena,Porte di Rendena,Nord-est,Trentino-Alto Adige,Trento,Trento,TN,NORD
15,59,63059,Portici,Portici,Sud,Campania,Napoli,Naples,NA,CSUD
15,62,61062,Portico di Caserta,Portico di Caserta,Sud,Campania,Caserta,Caserta,CE,CSUD
8,31,40031,Portico e San Benedetto,Portico e San Benedetto,Nord-est,Emilia Romagna,Forlç-Cesena,Forlç-Cesena,FC,NORD
18,62,80062,Portigliola,Portigliola,Sud,Calabria,Reggio Calabria,Reggio Calabria,RC,CALA
9,13,49013,Porto Azzurro,Porto Azzurro,Centro,Toscana,Livorno,Livorno,LI,CNOR
3,113,12113,Porto Ceresio,Porto Ceresio,Nord-ovest,Lombardia,Varese,Varese,VA,NORD
16,97,75097,Porto Cesareo,Porto Cesareo,Sud,Puglia,Lecce,Lecce,LE,SUD
19,28,84028,Porto Empedocle,Porto Empedocle,Isole,Sicilia,Agrigento,Agrigento,AG,SICI
3,45,20045,Porto Mantovano,Porto Mantovano,Nord-ovest,Lombardia,Mantova,Mantova,MN,NORD
11,42,43042,Porto Recanati,Porto Recanati,Centro,Marche,Macerata,Macerata,MC,CNOR
11,33,109033,Porto San Giorgio,Porto San Giorgio,Centro,Marche,Fermo,Fermo,FM,CNOR
11,34,109034,Porto Sant'Elpidio,Porto Sant'Elpidio,Centro,Marche,Fermo,Fermo,FM,CNOR
5,39,29039,Porto Tolle,Porto Tolle,Nord-est,Veneto,Rovigo,Rovigo,RO,NORD
20,58,90058,Porto Torres,Porto Torres,Isole,Sardegna,Sassari,Sassari,SS,SARD
3,114,12114,Porto Valtravaglia,Porto Valtravaglia,Nord-ovest,Lombardia,Varese,Varese,VA,NORD
5,52,29052,Porto Viro,Porto Viro,Nord-est,Veneto,Rovigo,Rovigo,RO,NORD
5,60,26060,Portobuffol?,Portobuffol?,Nord-est,Veneto,Treviso,Treviso,TV,NORD
14,55,70055,Portocannone,Portocannone,Sud,Molise,Campobasso,Campobasso,CB,SUD
9,14,49014,Portoferraio,Portoferraio,Centro,Toscana,Livorno,Livorno,LI,CNOR
7,44,10044,Portofino,Portofino,Nord-ovest,Liguria,Genova,Genoa,GE,NORD
5,29,27029,Portogruaro,Portogruaro,Nord-est,Veneto,Venezia,Venice,VE,NORD
8,19,38019,Portomaggiore,Portomaggiore,Nord-est,Emilia Romagna,Ferrara,Ferrara,FE,NORD
19,20,89020,Portopalo di Capo Passero,Portopalo di Capo Passero,Isole,Sicilia,Siracusa,Siracusa,SR,SICI
20,57,111057,Portoscuso,Portoscuso,Isole,Sardegna,Sud Sardegna,#N/A,SU,SARD
7,22,11022,Portovenere,Portovenere,Nord-ovest,Liguria,La Spezia,La Spezia,SP,NORD
1,48,96048,Portula,Portula,Nord-ovest,Piemonte,Biella,Biella,BI,NORD
20,73,91073,Posada,Posada,Isole,Sardegna,Nuoro,Nuoro,NU,SARD
5,80,24080,Posina,Posina,Nord-est,Veneto,Vicenza,Vicenza,VI,NORD
15,100,65100,Positano,Positano,Sud,Campania,Salerno,Salerno,SA,CSUD
5,61,26061,Possagno,Possagno,Nord-est,Veneto,Treviso,Treviso,TV,NORD
12,57,57057,Posta,Posta,Centro,Lazio,Rieti,Rieti,RI,CSUD
12,57,60057,Posta Fibreno,Posta Fibreno,Centro,Lazio,Frosinone,Frosinone,FR,CSUD
4,66,21066,Postal/Burgstall,Postal,Nord-est,Trentino-Alto Adige,Bolzano/Bozen,Bolzano,BZ,NORD
3,53,14053,Postalesio,Postalesio,Nord-ovest,Lombardia,Sondrio,Sondrio,SO,NORD
15,101,65101,Postiglione,Postiglione,Sud,Campania,Salerno,Salerno,SA,CSUD
1,102,2102,Postua,Postua,Nord-ovest,Piemonte,Vercelli,Vercelli,VC,NORD
17,63,76063,Potenza,Potenza,Sud,Basilicata,Potenza,Potenza,PZ,SUD
11,43,43043,Potenza Picena,Potenza Picena,Centro,Marche,Macerata,Macerata,MC,CNOR
5,81,24081,Pove del Grappa,Pove del Grappa,Nord-est,Veneto,Vicenza,Vicenza,VI,NORD
5,62,26062,Povegliano,Povegliano,Nord-est,Veneto,Treviso,Treviso,TV,NORD
5,60,23060,Povegliano Veronese,Povegliano Veronese,Nord-est,Veneto,Verona,Verona,VR,NORD
8,29,35029,Poviglio,Poviglio,Nord-est,Emilia Romagna,Reggio nell'Emilia,Reggio Emilia,RE,NORD
6,78,30078,Povoletto,Povoletto,Nord-est,Friuli Venezia Giulia,Udine,Udine,UD,NORD
12,58,57058,Pozzaglia Sabina,Pozzaglia Sabina,Centro,Lazio,Rieti,Rieti,RI,CSUD
3,77,19077,Pozzaglio ed Uniti,Pozzaglio ed Uniti,Nord-ovest,Lombardia,Cremona,Cremona,CR,NORD
19,8,88008,Pozzallo,Pozzallo,Isole,Sicilia,Ragusa,Ragusa,RG,SICI
14,38,94038,Pozzilli,Pozzilli,Sud,Molise,Isernia,Isernia,IS,SUD
3,177,15177,Pozzo d'Adda,Pozzo d'Adda,Nord-ovest,Lombardia,Milano,Milan,MI,NORD
1,137,6137,Pozzol Groppo,Pozzol Groppo,Nord-ovest,Piemonte,Alessandria,Alessandria,AL,NORD
3,151,17151,Pozzolengo,Pozzolengo,Nord-ovest,Lombardia,Brescia,Brescia,BS,NORD
5,82,24082,Pozzoleone,Pozzoleone,Nord-est,Veneto,Vicenza,Vicenza,VI,NORD
1,138,6138,Pozzolo Formigaro,Pozzolo Formigaro,Nord-ovest,Piemonte,Alessandria,Alessandria,AL,NORD
20,59,90059,Pozzomaggiore,Pozzomaggiore,Isole,Sardegna,Sassari,Sassari,SS,SARD
5,70,28070,Pozzonovo,Pozzonovo,Nord-est,Veneto,Padova,Padova,PD,NORD
15,60,63060,Pozzuoli,Pozzuoli,Sud,Campania,Napoli,Naples,NA,CSUD
6,79,30079,Pozzuolo del Friuli,Pozzuolo del Friuli,Nord-est,Friuli Venezia Giulia,Udine,Udine,UD,NORD
3,178,15178,Pozzuolo Martesana,Pozzuolo Martesana,Nord-ovest,Lombardia,Milano,Milan,MI,NORD
2,53,7053,Pr?-Saint-Didier,Pr?-Saint-Didier,Nord-ovest,Valle d'Aosta,Valle d'Aosta,Aosta,AO,NORD
3,173,16173,Pradalunga,Pradalunga,Nord-ovest,Lombardia,Bergamo,Bergamo,BG,NORD
6,80,30080,Pradamano,Pradamano,Nord-est,Friuli Venezia Giulia,Udine,Udine,UD,NORD
1,173,4173,Pradleves,Pradleves,Nord-ovest,Piemonte,Cuneo,Cuneo,CN,NORD
1,201,1201,Pragelato,Pragelato,Nord-ovest,Piemonte,Torino,Turin,TO,NORD
18,101,78101,Praia a Mare,Praia a Mare,Sud,Calabria,Cosenza,Cosenza,CS,CALA
15,102,65102,Praiano,Praiano,Sud,Campania,Salerno,Salerno,SA,CSUD
3,152,17152,Pralboino,Pralboino,Nord-ovest,Lombardia,Brescia,Brescia,BS,NORD
1,202,1202,Prali,Prali,Nord-ovest,Piemonte,Torino,Turin,TO,NORD
1,203,1203,Pralormo,Pralormo,Nord-ovest,Piemonte,Torino,Turin,TO,NORD
1,49,96049,Pralungo,Pralungo,Nord-ovest,Piemonte,Biella,Biella,BI,NORD
5,30,27030,Pramaggiore,Pramaggiore,Nord-est,Veneto,Venezia,Venice,VE,NORD
1,204,1204,Pramollo,Pramollo,Nord-ovest,Piemonte,Torino,Turin,TO,NORD
1,104,2104,Prarolo,Prarolo,Nord-ovest,Piemonte,Vercelli,Vercelli,VC,NORD
1,205,1205,Prarostino,Prarostino,Nord-ovest,Piemonte,Torino,Turin,TO,NORD
1,139,6139,Prasco,Prasco,Nord-ovest,Piemonte,Alessandria,Alessandria,AL,NORD
1,206,1206,Prascorsano,Prascorsano,Nord-ovest,Piemonte,Torino,Turin,TO,NORD
3,54,14054,Prata Camportaccio,Prata Camportaccio,Nord-ovest,Lombardia,Sondrio,Sondrio,SO,NORD
13,74,66074,Prata d'Ansidonia,Prata d'Ansidonia,Sud,Abruzzo,L'Aquila,L'Aquila,AQ,CSUD
6,34,93034,Prata di Pordenone,Prata di Pordenone,Nord-est,Friuli Venezia Giulia,Pordenone,Pordenone,PN,NORD
15,74,64074,Prata di Principato Ultra,Prata di Principato Ultra,Sud,Campania,Avellino,Avellino,AV,CSUD
15,63,61063,Prata Sannita,Prata Sannita,Sud,Campania,Caserta,Caserta,CE,CSUD
15,64,61064,Pratella,Pratella,Sud,Campania,Caserta,Caserta,CE,CSUD
1,207,1207,Pratiglione,Pratiglione,Nord-ovest,Piemonte,Torino,Turin,TO,NORD
9,5,100005,Prato,Prato,Centro,Toscana,Prato,Prato,PO,CNOR
4,67,21067,Prato allo Stelvio/Prad am Stilfserjoch,Prato allo Stelvio,Nord-est,Trentino-Alto Adige,Bolzano/Bozen,Bolzano,BZ,NORD
6,81,30081,Prato Carnico,Prato Carnico,Nord-est,Friuli Venezia Giulia,Udine,Udine,UD,NORD
1,122,3122,Prato Sesia,Prato Sesia,Nord-ovest,Piemonte,Novara,Novara,NO,NORD
13,75,66075,Pratola Peligna,Pratola Peligna,Sud,Abruzzo,L'Aquila,L'Aquila,AQ,CSUD
15,75,64075,Pratola Serra,Pratola Serra,Sud,Campania,Avellino,Avellino,AV,CSUD
9,41,51041,Pratovecchio Stia,Pratovecchio Stia,Centro,Toscana,Arezzo,Arezzo,AR,CNOR
6,35,93035,Pravisdomini,Pravisdomini,Nord-est,Friuli Venezia Giulia,Pordenone,Pordenone,PN,NORD
1,50,96050,Pray,Pray,Nord-ovest,Piemonte,Biella,Biella,BI,NORD
1,174,4174,Prazzo,Prazzo,Nord-ovest,Piemonte,Cuneo,Cuneo,CN,NORD
6,82,30082,Precenicco,Precenicco,Nord-est,Friuli Venezia Giulia,Udine,Udine,UD,NORD
10,43,54043,Preci,Preci,Centro,Umbria,Perugia,Perugia,PG,CSUD
4,230,22230,Predaia,Predaia,Nord-est,Trentino-Alto Adige,Trento,Trento,TN,NORD
8,32,40032,Predappio,Predappio,Nord-est,Emilia Romagna,Forlç-Cesena,Forlç-Cesena,FC,NORD
4,147,22147,Predazzo,Predazzo,Nord-est,Trentino-Alto Adige,Trento,Trento,TN,NORD
4,68,21068,Predoi/Prettau,Predoi,Nord-est,Trentino-Alto Adige,Bolzano/Bozen,Bolzano,BZ,NORD
3,174,16174,Predore,Predore,Nord-ovest,Lombardia,Bergamo,Bergamo,BG,NORD
1,140,6140,Predosa,Predosa,Nord-ovest,Piemonte,Alessandria,Alessandria,AL,NORD
5,63,26063,Preganziol,Preganziol,Nord-est,Veneto,Treviso,Treviso,TV,NORD
3,179,15179,Pregnana Milanese,Pregnana Milanese,Nord-ovest,Lombardia,Milano,Milan,MI,NORD
7,47,8047,Prel?,Prel?,Nord-ovest,Liguria,Imperia,Imperia,IM,NORD
3,69,97069,Premana,Premana,Nord-ovest,Lombardia,Lecco,Lecco,LC,NORD
6,83,30083,Premariacco,Premariacco,Nord-est,Friuli Venezia Giulia,Udine,Udine,UD,NORD
1,55,103055,Premeno,Premeno,Nord-ovest,Piemonte,Verbano-Cusio-Ossola,Verbano-Cusio-Ossola,VB,NORD
1,56,103056,Premia,Premia,Nord-ovest,Piemonte,Verbano-Cusio-Ossola,Verbano-Cusio-Ossola,VB,NORD
8,33,40033,Premilcuore,Premilcuore,Nord-est,Emilia Romagna,Forlç-Cesena,Forlç-Cesena,FC,NORD
3,175,16175,Premolo,Premolo,Nord-ovest,Lombardia,Bergamo,Bergamo,BG,NORD
1,57,103057,Premosello-Chiovenda,Premosello-Chiovenda,Nord-ovest,Piemonte,Verbano-Cusio-Ossola,Verbano-Cusio-Ossola,VB,NORD
6,84,30084,Preone,Preone,Nord-est,Friuli Venezia Giulia,Udine,Udine,UD,NORD
6,85,30085,Prepotto,Prepotto,Nord-est,Friuli Venezia Giulia,Udine,Udine,UD,NORD
3,153,17153,Preseglie,Preseglie,Nord-ovest,Lombardia,Brescia,Brescia,BS,NORD
15,65,61065,Presenzano,Presenzano,Sud,Campania,Caserta,Caserta,CE,CSUD
3,176,16176,Presezzo,Presezzo,Nord-ovest,Lombardia,Bergamo,Bergamo,BG,NORD
16,98,75098,Presicce-Acquarica,Presicce-Acquarica,Sud,Puglia,Lecce,Lecce,LE,SUD
5,61,23061,Pressana,Pressana,Nord-est,Veneto,Verona,Verona,VR,NORD
13,69,69069,Pretoro,Pretoro,Sud,Abruzzo,Chieti,Chieti,CH,CSUD
3,155,17155,Prevalle,Prevalle,Nord-ovest,Lombardia,Brescia,Brescia,BS,NORD
13,76,66076,Prezza,Prezza,Sud,Abruzzo,L'Aquila,L'Aquila,AQ,CSUD
1,175,4175,Priero,Priero,Nord-ovest,Piemonte,Cuneo,Cuneo,CN,NORD
15,103,65103,Prignano Cilento,Prignano Cilento,Sud,Campania,Salerno,Salerno,SA,CSUD
8,33,36033,Prignano sulla Secchia,Prignano sulla Secchia,Nord-est,Emilia Romagna,Modena,Modena,MO,NORD
3,70,97070,Primaluna,Primaluna,Nord-ovest,Lombardia,Lecco,Lecco,LC,NORD
4,245,22245,Primiero San Martino di Castrozza,Primiero San Martino di Castrozza,Nord-est,Trentino-Alto Adige,Trento,Trento,TN,NORD
1,176,4176,Priocca,Priocca,Nord-ovest,Piemonte,Cuneo,Cuneo,CN,NORD
1,177,4177,Priola,Priola,Nord-ovest,Piemonte,Cuneo,Cuneo,CN,NORD
19,21,89021,Priolo Gargallo,Priolo Gargallo,Isole,Sicilia,Siracusa,Siracusa,SR,SICI
12,19,59019,Priverno,Priverno,Centro,Lazio,Latina,Latina,LT,CSUD
19,60,82060,Prizzi,Prizzi,Isole,Sicilia,Palermo,Palermo,PA,SICI
12,44,56044,Proceno,Proceno,Centro,Lazio,Viterbo,Viterbo,VT,CSUD
15,61,63061,Procida,Procida,Sud,Campania,Napoli,Naples,NA,CSUD
7,45,10045,Propata,Propata,Nord-ovest,Liguria,Genova,Genoa,GE,NORD
3,192,13192,Proserpio,Proserpio,Nord-ovest,Lombardia,Como,Como,CO,NORD
12,20,59020,Prossedi,Prossedi,Centro,Lazio,Latina,Latina,LT,CSUD
3,156,17156,Provaglio d'Iseo,Provaglio d'Iseo,Nord-ovest,Lombardia,Brescia,Brescia,BS,NORD
3,157,17157,Provaglio Val Sabbia,Provaglio Val Sabbia,Nord-ovest,Lombardia,Brescia,Brescia,BS,NORD
4,69,21069,Proves/Proveis,Proves,Nord-est,Trentino-Alto Adige,Bolzano/Bozen,Bolzano,BZ,NORD
14,56,70056,Provvidenti,Provvidenti,Sud,Molise,Campobasso,Campobasso,CB,SUD
1,178,4178,Prunetto,Prunetto,Nord-ovest,Piemonte,Cuneo,Cuneo,CN,NORD
3,158,17158,Puegnago del Garda,Puegnago del Garda,Nord-ovest,Lombardia,Brescia,Brescia,BS,NORD
15,55,62055,Puglianello,Puglianello,Sud,Campania,Benevento,Benevento,BN,CSUD
20,50,92050,Pula,Pula,Isole,Sardegna,Cagliari,Cagliari,CA,SARD
6,86,30086,Pulfero,Pulfero,Nord-est,Friuli Venezia Giulia,Udine,Udine,UD,NORD
16,22,73022,Pulsano,Pulsano,Sud,Puglia,Taranto,Taranto,TA,SUD
3,177,16177,Pumenengo,Pumenengo,Nord-ovest,Lombardia,Bergamo,Bergamo,BG,NORD
3,193,13193,Pusiano,Pusiano,Nord-ovest,Lombardia,Como,Como,CO,NORD
20,60,90060,Putifigari,Putifigari,Isole,Sardegna,Sassari,Sassari,SS,SARD
16,36,72036,Putignano,Putignano,Sud,Puglia,Bari,Bari,BA,SUD
15,76,64076,Quadrelle,Quadrelle,Sud,Campania,Avellino,Avellino,AV,CSUD
13,70,69070,Quadri,Quadri,Sud,Abruzzo,Chieti,Chieti,CH,CSUD
1,208,1208,Quagliuzzo,Quagliuzzo,Nord-ovest,Piemonte,Torino,Turin,TO,NORD
15,62,63062,Qualiano,Qualiano,Sud,Campania,Napoli,Naples,NA,CSUD
1,88,5088,Quaranti,Quaranti,Nord-ovest,Piemonte,Asti,Asti,AT,NORD
1,87,96087,Quaregna Cerreto,Quaregna Cerreto,Nord-ovest,Piemonte,Biella,Biella,BI,NORD
1,141,6141,Quargnento,Quargnento,Nord-ovest,Piemonte,Alessandria,Alessandria,AL,NORD
1,58,103058,Quarna Sopra,Quarna Sopra,Nord-ovest,Piemonte,Verbano-Cusio-Ossola,Verbano-Cusio-Ossola,VB,NORD
1,59,103059,Quarna Sotto,Quarna Sotto,Nord-ovest,Piemonte,Verbano-Cusio-Ossola,Verbano-Cusio-Ossola,VB,NORD
1,107,2107,Quarona,Quarona,Nord-ovest,Piemonte,Vercelli,Vercelli,VC,NORD
9,17,47017,Quarrata,Quarrata,Centro,Toscana,Pistoia,Pistoia,PT,CNOR
2,54,7054,Quart,Quart,Nord-ovest,Valle d'Aosta,Valle d'Aosta,Aosta,AO,NORD
15,63,63063,Quarto,Quarto,Sud,Campania,Napoli,Naples,NA,CSUD
5,31,27031,Quarto d'Altino,Quarto d'Altino,Nord-est,Veneto,Venezia,Venice,VE,NORD
20,51,92051,Quartu Sant'Elena,Quartu Sant'Elena,Isole,Sardegna,Cagliari,Cagliari,CA,SARD
20,105,92105,Quartucciu,Quartucciu,Isole,Sardegna,Cagliari,Cagliari,CA,SARD
1,209,1209,Quassolo,Quassolo,Nord-ovest,Piemonte,Torino,Turin,TO,NORD
1,142,6142,Quattordio,Quattordio,Nord-ovest,Piemonte,Alessandria,Alessandria,AL,NORD
8,30,35030,Quattro Castella,Quattro Castella,Nord-est,Emilia Romagna,Reggio nell'Emilia,Reggio Emilia,RE,NORD
5,70,25070,Quero Vas,Quero Vas,Nord-est,Veneto,Belluno,Belluno,BL,NORD
7,52,9052,Quiliano,Quiliano,Nord-ovest,Liguria,Savona,Savona,SV,NORD
1,210,1210,Quincinetto,Quincinetto,Nord-ovest,Piemonte,Torino,Turin,TO,NORD
15,77,64077,Quindici,Quindici,Sud,Campania,Avellino,Avellino,AV,CSUD
3,46,20046,Quingentole,Quingentole,Nord-ovest,Lombardia,Mantova,Mantova,MN,NORD
3,78,19078,Quintano,Quintano,Nord-ovest,Lombardia,Cremona,Cremona,CR,NORD
5,64,26064,Quinto di Treviso,Quinto di Treviso,Nord-est,Veneto,Treviso,Treviso,TV,NORD
1,108,2108,Quinto Vercellese,Quinto Vercellese,Nord-ovest,Piemonte,Vercelli,Vercelli,VC,NORD
5,83,24083,Quinto Vicentino,Quinto Vicentino,Nord-est,Veneto,Vicenza,Vicenza,VI,NORD
3,159,17159,Quinzano d'Oglio,Quinzano d'Oglio,Nord-ovest,Lombardia,Brescia,Brescia,BS,NORD
3,47,20047,Quistello,Quistello,Nord-ovest,Lombardia,Mantova,Mantova,MN,NORD
4,150,22150,Rabbi,Rabbi,Nord-est,Trentino-Alto Adige,Trento,Trento,TN,NORD
16,63,75063,Racale,Racale,Sud,Puglia,Lecce,Lecce,LE,SUD
19,29,84029,Racalmuto,Racalmuto,Isole,Sicilia,Agrigento,Agrigento,AG,SICI
1,179,4179,Racconigi,Racconigi,Nord-ovest,Piemonte,Cuneo,Cuneo,CN,NORD
19,69,83069,Raccuja,Raccuja,Isole,Sicilia,Messina,Messina,ME,SICI
4,70,21070,Racines/Ratschings,Racines,Nord-est,Trentino-Alto Adige,Bolzano/Bozen,Bolzano,BZ,NORD
9,23,52023,Radda in Chianti,Radda in Chianti,Centro,Toscana,Siena,Siena,SI,CNOR
19,36,87036,Raddusa,Raddusa,Isole,Sicilia,Catania,Catania,CT,SICI
9,24,52024,Radicofani,Radicofani,Centro,Toscana,Siena,Siena,SI,CNOR
9,25,52025,Radicondoli,Radicondoli,Centro,Toscana,Siena,Siena,SI,CNOR
19,30,84030,Raffadali,Raffadali,Isole,Sicilia,Agrigento,Agrigento,AG,SICI
19,58,87058,Ragalna,Ragalna,Isole,Sicilia,Catania,Catania,CT,SICI
6,87,30087,Ragogna,Ragogna,Nord-est,Friuli Venezia Giulia,Udine,Udine,UD,NORD
19,9,88009,Ragusa,Ragusa,Isole,Sicilia,Ragusa,Ragusa,RG,SICI
13,77,66077,Raiano,Raiano,Sud,Abruzzo,L'Aquila,L'Aquila,AQ,CSUD
19,37,87037,Ramacca,Ramacca,Isole,Sicilia,Catania,Catania,CT,SICI
3,115,12115,Rancio Valcuvia,Rancio Valcuvia,Nord-ovest,Lombardia,Varese,Varese,VA,NORD
3,116,12116,Ranco,Ranco,Nord-ovest,Lombardia,Varese,Varese,VA,NORD
19,38,87038,Randazzo,Randazzo,Isole,Sicilia,Catania,Catania,CT,SICI
3,178,16178,Ranica,Ranica,Nord-ovest,Lombardia,Bergamo,Bergamo,BG,NORD
3,179,16179,Ranzanico,Ranzanico,Nord-ovest,Lombardia,Bergamo,Bergamo,BG,NORD
7,48,8048,Ranzo,Ranzo,Nord-ovest,Liguria,Imperia,Imperia,IM,NORD
11,35,109035,Rapagnano,Rapagnano,Centro,Marche,Fermo,Fermo,FM,CNOR
7,46,10046,Rapallo,Rapallo,Nord-ovest,Liguria,Genova,Genoa,GE,NORD
13,71,69071,Rapino,Rapino,Sud,Abruzzo,Chieti,Chieti,CH,CSUD
9,26,52026,Rapolano Terme,Rapolano Terme,Centro,Toscana,Siena,Siena,SI,CNOR
17,64,76064,Rapolla,Rapolla,Sud,Basilicata,Potenza,Potenza,PZ,SUD
17,65,76065,Rapone,Rapone,Sud,Basilicata,Potenza,Potenza,PZ,SUD
1,110,2110,Rassa,Rassa,Nord-ovest,Piemonte,Vercelli,Vercelli,VC,NORD
4,71,21071,Rasun-Anterselva/Rasen-Antholz,Rasun-Anterselva,Nord-est,Trentino-Alto Adige,Bolzano/Bozen,Bolzano,BZ,NORD
3,55,14055,Rasura,Rasura,Nord-ovest,Lombardia,Sondrio,Sondrio,SO,NORD
19,31,84031,Ravanusa,Ravanusa,Isole,Sicilia,Agrigento,Agrigento,AG,SICI
8,34,36034,Ravarino,Ravarino,Nord-est,Emilia Romagna,Modena,Modena,MO,NORD
6,88,30088,Ravascletto,Ravascletto,Nord-est,Friuli Venezia Giulia,Udine,Udine,UD,NORD
15,104,65104,Ravello,Ravello,Sud,Campania,Salerno,Salerno,SA,CSUD
8,14,39014,Ravenna,Ravenna,Nord-est,Emilia Romagna,Ravenna,Ravenna,RA,NORD
6,89,30089,Raveo,Raveo,Nord-est,Friuli Venezia Giulia,Udine,Udine,UD,NORD
15,66,61066,Raviscanina,Raviscanina,Sud,Campania,Caserta,Caserta,CE,CSUD
1,60,103060,Re,Re,Nord-ovest,Piemonte,Verbano-Cusio-Ossola,Verbano-Cusio-Ossola,VB,NORD
3,119,18119,Rea,Rea,Nord-ovest,Lombardia,Pavia,Pavia,PV,NORD
19,32,84032,Realmonte,Realmonte,Isole,Sicilia,Agrigento,Agrigento,AG,SICI
6,90,30090,Reana del Rojale,Reana del Rojale,Nord-est,Friuli Venezia Giulia,Udine,Udine,UD,NORD
1,211,1211,Reano,Reano,Nord-ovest,Piemonte,Torino,Turin,TO,NORD
15,67,61067,Recale,Recale,Sud,Campania,Caserta,Caserta,CE,CSUD
11,44,43044,Recanati,Recanati,Centro,Marche,Macerata,Macerata,MC,CNOR
7,47,10047,Recco,Recco,Nord-ovest,Liguria,Genova,Genoa,GE,NORD
1,129,3129,Recetto,Recetto,Nord-ovest,Piemonte,Novara,Novara,NO,NORD
5,84,24084,Recoaro Terme,Recoaro Terme,Nord-est,Veneto,Vicenza,Vicenza,VI,NORD
3,120,18120,Redavalle,Redavalle,Nord-ovest,Lombardia,Pavia,Pavia,PV,NORD
3,48,20048,Redondesco,Redondesco,Nord-ovest,Lombardia,Mantova,Mantova,MN,NORD
1,89,5089,Refrancore,Refrancore,Nord-ovest,Piemonte,Asti,Asti,AT,NORD
5,65,26065,Refrontolo,Refrontolo,Nord-est,Veneto,Treviso,Treviso,TV,NORD
19,16,86016,Regalbuto,Regalbuto,Isole,Sicilia,Enna,Enna,EN,SICI
9,35,48035,Reggello,Reggello,Centro,Toscana,Firenze,Florence,FI,CNOR
18,63,80063,Reggio Calabria,Reggio Calabria,Sud,Calabria,Reggio Calabria,Reggio Calabria,RC,CALA
8,33,35033,Reggio Emilia,Reggio Emilia,Nord-est,Emilia Romagna,Reggio nell'Emilia,Reggio Emilia,RE,NORD
8,32,35032,Reggiolo,Reggiolo,Nord-est,Emilia Romagna,Reggio nell'Emilia,Reggio Emilia,RE,NORD
15,56,62056,Reino,Reino,Sud,Campania,Benevento,Benevento,BN,CSUD
19,70,83070,Reitano,Reitano,Isole,Sicilia,Messina,Messina,ME,SICI
6,91,30091,Remanzacco,Remanzacco,Nord-est,Friuli Venezia Giulia,Udine,Udine,UD,NORD
3,160,17160,Remedello,Remedello,Nord-ovest,Lombardia,Brescia,Brescia,BS,NORD
3,37,108037,Renate,Renate,Nord-ovest,Lombardia,Monza e della Brianza,Monza e della Brianza,MB,NORD
18,102,78102,Rende,Rende,Sud,Calabria,Cosenza,Cosenza,CS,CALA
4,72,21072,Renon/Ritten,Renon,Nord-est,Trentino-Alto Adige,Bolzano/Bozen,Bolzano,BZ,NORD
5,66,26066,Resana,Resana,Nord-est,Veneto,Treviso,Treviso,TV,NORD
3,181,15181,Rescaldina,Rescaldina,Nord-ovest,Lombardia,Milano,Milan,MI,NORD
6,92,30092,Resia,Resia,Nord-est,Friuli Venezia Giulia,Udine,Udine,UD,NORD
6,93,30093,Resiutta,Resiutta,Nord-est,Friuli Venezia Giulia,Udine,Udine,UD,NORD
19,14,85014,Resuttano,Resuttano,Isole,Sicilia,Caltanissetta,Caltanissetta,CL,SICI
3,121,18121,Retorbido,Retorbido,Nord-ovest,Lombardia,Pavia,Pavia,PV,NORD
1,180,4180,Revello,Revello,Nord-ovest,Piemonte,Cuneo,Cuneo,CN,NORD
1,90,5090,Revigliasco d'Asti,Revigliasco d'Asti,Nord-ovest,Piemonte,Asti,Asti,AT,NORD
5,67,26067,Revine Lago,Revine Lago,Nord-est,Veneto,Treviso,Treviso,TV,NORD
3,195,13195,Rezzago,Rezzago,Nord-ovest,Lombardia,Como,Como,CO,NORD
3,161,17161,Rezzato,Rezzato,Nord-ovest,Lombardia,Brescia,Brescia,BS,NORD
7,49,8049,Rezzo,Rezzo,Nord-ovest,Liguria,Imperia,Imperia,IM,NORD
7,48,10048,Rezzoaglio,Rezzoaglio,Nord-ovest,Liguria,Genova,Genoa,GE,NORD
2,55,7055,Rh?mes-Notre-Dame,Rh?mes-Notre-Dame,Nord-ovest,Valle d'Aosta,Valle d'Aosta,Aosta,AO,NORD
2,56,7056,Rh?mes-Saint-Georges,Rh?mes-Saint-Georges,Nord-ovest,Valle d'Aosta,Valle d'Aosta,Aosta,AO,NORD
3,182,15182,Rho,Rho,Nord-ovest,Lombardia,Milano,Milan,MI,NORD
18,64,80064,Riace,Riace,Sud,Calabria,Reggio Calabria,Reggio Calabria,RC,CALA
7,53,9053,Rialto,Rialto,Nord-ovest,Liguria,Savona,Savona,SV,NORD
12,81,58081,Riano,Riano,Centro,Lazio,Roma,Rome,RM,CSUD
15,68,61068,Riardo,Riardo,Sud,Campania,Caserta,Caserta,CE,CSUD
19,33,84033,Ribera,Ribera,Isole,Sicilia,Agrigento,Agrigento,AG,SICI
1,212,1212,Ribordone,Ribordone,Nord-ovest,Piemonte,Torino,Turin,TO,NORD
18,30,102030,Ricadi,Ricadi,Sud,Calabria,Vibo Valentia,Vibo Valentia,VV,CALA
1,143,6143,Ricaldone,Ricaldone,Nord-ovest,Piemonte,Alessandria,Alessandria,AL,NORD
7,23,11023,Ricc? del Golfo di Spezia,Ricc? del Golfo di Spezia,Nord-ovest,Liguria,La Spezia,La Spezia,SP,NORD
14,57,70057,Riccia,Riccia,Sud,Molise,Campobasso,Campobasso,CB,SUD
8,13,99013,Riccione,Riccione,Nord-est,Emilia Romagna,Rimini,Rimini,RN,NORD
3,79,19079,Ricengo,Ricengo,Nord-ovest,Lombardia,Cremona,Cremona,CR,NORD
15,105,65105,Ricigliano,Ricigliano,Sud,Campania,Salerno,Salerno,SA,CSUD
5,68,26068,Riese Pio X,Riese Pio X,Nord-est,Veneto,Treviso,Treviso,TV,NORD
19,15,85015,Riesi,Riesi,Isole,Sicilia,Caltanissetta,Caltanissetta,CL,SICI
12,59,57059,Rieti,Rieti,Centro,Lazio,Rieti,Rieti,RI,CSUD
4,73,21073,Rifiano/Riffian,Rifiano,Nord-est,Trentino-Alto Adige,Bolzano/Bozen,Bolzano,BZ,NORD
1,181,4181,Rifreddo,Rifreddo,Nord-ovest,Piemonte,Cuneo,Cuneo,CN,NORD
12,82,58082,Rignano Flaminio,Rignano Flaminio,Centro,Lazio,Roma,Rome,RM,CSUD
16,41,71041,Rignano Garganico,Rignano Garganico,Sud,Puglia,Foggia,Foggia,FG,SUD
9,36,48036,Rignano sull'Arno,Rignano sull'Arno,Centro,Toscana,Firenze,Florence,FI,CNOR
6,94,30094,Rigolato,Rigolato,Nord-est,Friuli Venezia Giulia,Udine,Udine,UD,NORD
1,113,2113,Rimella,Rimella,Nord-ovest,Piemonte,Vercelli,Vercelli,VC,NORD
8,14,99014,Rimini,Rimini,Nord-est,Emilia Romagna,Rimini,Rimini,RN,NORD
9,21,49021,Rio,Rio,Centro,Toscana,Livorno,Livorno,LI,CNOR
4,74,21074,Rio di Pusteria/MÅhlbach,Rio di Pusteria,Nord-est,Trentino-Alto Adige,Bolzano/Bozen,Bolzano,BZ,NORD
8,34,35034,Rio Saliceto,Rio Saliceto,Nord-est,Emilia Romagna,Reggio nell'Emilia,Reggio Emilia,RE,NORD
12,83,58083,Riofreddo,Riofreddo,Centro,Lazio,Roma,Rome,RM,CSUD
20,43,95043,Riola Sardo,Riola Sardo,Isole,Sardegna,Oristano,Oristano,OR,SARD
8,15,39015,Riolo Terme,Riolo Terme,Nord-est,Emilia Romagna,Ravenna,Ravenna,RA,NORD
8,35,36035,Riolunato,Riolunato,Nord-est,Emilia Romagna,Modena,Modena,MO,NORD
7,24,11024,Riomaggiore,Riomaggiore,Nord-ovest,Liguria,La Spezia,La Spezia,SP,NORD
17,66,76066,Rionero in Vulture,Rionero in Vulture,Sud,Basilicata,Potenza,Potenza,PZ,SUD
14,39,94039,Rionero Sannitico,Rionero Sannitico,Sud,Molise,Isernia,Isernia,IS,SUD
13,72,69072,Ripa Teatina,Ripa Teatina,Sud,Abruzzo,Chieti,Chieti,CH,CSUD
14,58,70058,Ripabottoni,Ripabottoni,Sud,Molise,Campobasso,Campobasso,CB,SUD
17,67,76067,Ripacandida,Ripacandida,Sud,Basilicata,Potenza,Potenza,PZ,SUD
14,59,70059,Ripalimosani,Ripalimosani,Sud,Molise,Campobasso,Campobasso,CB,SUD
3,80,19080,Ripalta Arpina,Ripalta Arpina,Nord-ovest,Lombardia,Cremona,Cremona,CR,NORD
3,81,19081,Ripalta Cremasca,Ripalta Cremasca,Nord-ovest,Lombardia,Cremona,Cremona,CR,NORD
3,82,19082,Ripalta Guerina,Ripalta Guerina,Nord-ovest,Lombardia,Cremona,Cremona,CR,NORD
9,30,50030,Riparbella,Riparbella,Centro,Toscana,Pisa,Pisa,PI,CNOR
11,63,44063,Ripatransone,Ripatransone,Centro,Marche,Ascoli Piceno,Ascoli Piceno,AP,CNOR
11,45,43045,Ripe San Ginesio,Ripe San Ginesio,Centro,Marche,Macerata,Macerata,MC,CNOR
12,58,60058,Ripi,Ripi,Centro,Lazio,Frosinone,Frosinone,FR,CSUD
19,39,87039,Riposto,Riposto,Isole,Sicilia,Catania,Catania,CT,SICI
1,182,4182,Rittana,Rittana,Nord-ovest,Piemonte,Cuneo,Cuneo,CN,NORD
4,153,22153,Riva del Garda,Riva del Garda,Nord-est,Trentino-Alto Adige,Trento,Trento,TN,NORD
8,29,38029,Riva del Po,Riva del Po,Nord-est,Emilia Romagna,Ferrara,Ferrara,FE,NORD
3,180,16180,Riva di Solto,Riva di Solto,Nord-ovest,Lombardia,Bergamo,Bergamo,BG,NORD
7,50,8050,Riva Ligure,Riva Ligure,Nord-ovest,Liguria,Imperia,Imperia,IM,NORD
1,215,1215,Riva presso Chieri,Riva presso Chieri,Nord-ovest,Piemonte,Torino,Turin,TO,NORD
1,213,1213,Rivalba,Rivalba,Nord-ovest,Piemonte,Torino,Turin,TO,NORD
1,144,6144,Rivalta Bormida,Rivalta Bormida,Nord-ovest,Piemonte,Alessandria,Alessandria,AL,NORD
1,214,1214,Rivalta di Torino,Rivalta di Torino,Nord-ovest,Piemonte,Torino,Turin,TO,NORD
5,43,25043,Rivamonte Agordino,Rivamonte Agordino,Nord-est,Veneto,Belluno,Belluno,BL,NORD
3,122,18122,Rivanazzano Terme,Rivanazzano Terme,Nord-ovest,Lombardia,Pavia,Pavia,PV,NORD
1,216,1216,Rivara,Rivara,Nord-ovest,Piemonte,Torino,Turin,TO,NORD
1,217,1217,Rivarolo Canavese,Rivarolo Canavese,Nord-ovest,Piemonte,Torino,Turin,TO,NORD
3,83,19083,Rivarolo del Re ed Uniti,Rivarolo del Re ed Uniti,Nord-ovest,Lombardia,Cremona,Cremona,CR,NORD
3,50,20050,Rivarolo Mantovano,Rivarolo Mantovano,Nord-ovest,Lombardia,Mantova,Mantova,MN,NORD
1,145,6145,Rivarone,Rivarone,Nord-ovest,Piemonte,Alessandria,Alessandria,AL,NORD
1,218,1218,Rivarossa,Rivarossa,Nord-ovest,Piemonte,Torino,Turin,TO,NORD
1,115,2115,Rive,Rive,Nord-ovest,Piemonte,Vercelli,Vercelli,VC,NORD
6,95,30095,Rive d'Arcano,Rive d'Arcano,Nord-est,Friuli Venezia Giulia,Udine,Udine,UD,NORD
17,68,76068,Rivello,Rivello,Sud,Basilicata,Potenza,Potenza,PZ,SUD
8,38,33038,Rivergaro,Rivergaro,Nord-est,Emilia Romagna,Piacenza,Piacenza,PC,NORD
6,188,30188,Rivignano Teor,Rivignano Teor,Nord-est,Friuli Venezia Giulia,Udine,Udine,UD,NORD
13,78,66078,Rivisondoli,Rivisondoli,Sud,Abruzzo,L'Aquila,L'Aquila,AQ,CSUD
12,60,57060,Rivodutri,Rivodutri,Centro,Lazio,Rieti,Rieti,RI,CSUD
1,219,1219,Rivoli,Rivoli,Nord-ovest,Piemonte,Torino,Turin,TO,NORD
5,62,23062,Rivoli Veronese,Rivoli Veronese,Nord-est,Veneto,Verona,Verona,VR,NORD
3,84,19084,Rivolta d'Adda,Rivolta d'Adda,Nord-ovest,Lombardia,Cremona,Cremona,CR,NORD
18,65,80065,Rizziconi,Rizziconi,Sud,Calabria,Reggio Calabria,Reggio Calabria,RC,CALA
3,164,17164,Ro? Volciano,Ro? Volciano,Nord-ovest,Lombardia,Brescia,Brescia,BS,NORD
5,85,24085,Roana,Roana,Nord-est,Veneto,Vicenza,Vicenza,VI,NORD
1,183,4183,Roaschia,Roaschia,Nord-ovest,Piemonte,Cuneo,Cuneo,CN,NORD
1,184,4184,Roascio,Roascio,Nord-ovest,Piemonte,Cuneo,Cuneo,CN,NORD
1,116,2116,Roasio,Roasio,Nord-ovest,Piemonte,Vercelli,Vercelli,VC,NORD
1,91,5091,Roatto,Roatto,Nord-ovest,Piemonte,Asti,Asti,AT,NORD
1,220,1220,Robassomero,Robassomero,Nord-ovest,Piemonte,Torino,Turin,TO,NORD
3,71,97071,Robbiate,Robbiate,Nord-ovest,Lombardia,Lecco,Lecco,LC,NORD
3,123,18123,Robbio,Robbio,Nord-ovest,Lombardia,Pavia,Pavia,PV,NORD
3,183,15183,Robecchetto con Induno,Robecchetto con Induno,Nord-ovest,Lombardia,Milano,Milan,MI,NORD
3,85,19085,Robecco d'Oglio,Robecco d'Oglio,Nord-ovest,Lombardia,Cremona,Cremona,CR,NORD
3,124,18124,Robecco Pavese,Robecco Pavese,Nord-ovest,Lombardia,Pavia,Pavia,PV,NORD
3,184,15184,Robecco sul Naviglio,Robecco sul Naviglio,Nord-ovest,Lombardia,Milano,Milan,MI,NORD
1,92,5092,Robella,Robella,Nord-ovest,Piemonte,Asti,Asti,AT,NORD
1,185,4185,Robilante,Robilante,Nord-ovest,Piemonte,Cuneo,Cuneo,CN,NORD
1,186,4186,Roburent,Roburent,Nord-ovest,Piemonte,Cuneo,Cuneo,CN,NORD
1,221,1221,Rocca Canavese,Rocca Canavese,Nord-ovest,Piemonte,Torino,Turin,TO,NORD
12,84,58084,Rocca Canterano,Rocca Canterano,Centro,Lazio,Roma,Rome,RM,CSUD
1,188,4188,Rocca Cigli?,Rocca Cigli?,Nord-ovest,Piemonte,Cuneo,Cuneo,CN,NORD
1,93,5093,Rocca d'Arazzo,Rocca d'Arazzo,Nord-ovest,Piemonte,Asti,Asti,AT,NORD
12,59,60059,Rocca d'Arce,Rocca d'Arce,Centro,Lazio,Frosinone,Frosinone,FR,CSUD
1,189,4189,Rocca de' Baldi,Rocca de' Baldi,Nord-ovest,Piemonte,Cuneo,Cuneo,CN,NORD
3,125,18125,Rocca de' Giorgi,Rocca de' Giorgi,Nord-ovest,Lombardia,Pavia,Pavia,PV,NORD
15,69,61069,Rocca d'Evandro,Rocca d'Evandro,Sud,Campania,Caserta,Caserta,CE,CSUD
13,80,66080,Rocca di Botte,Rocca di Botte,Sud,Abruzzo,L'Aquila,L'Aquila,AQ,CSUD
13,81,66081,Rocca di Cambio,Rocca di Cambio,Sud,Abruzzo,L'Aquila,L'Aquila,AQ,CSUD
12,85,58085,Rocca di Cave,Rocca di Cave,Centro,Lazio,Roma,Rome,RM,CSUD
13,82,66082,Rocca di Mezzo,Rocca di Mezzo,Sud,Abruzzo,L'Aquila,L'Aquila,AQ,CSUD
18,19,101019,Rocca di Neto,Rocca di Neto,Sud,Calabria,Crotone,Crotone,KR,CALA
12,86,58086,Rocca di Papa,Rocca di Papa,Centro,Lazio,Roma,Rome,RM,CSUD
1,147,6147,Rocca Grimalda,Rocca Grimalda,Nord-ovest,Piemonte,Alessandria,Alessandria,AL,NORD
18,103,78103,Rocca Imperiale,Rocca Imperiale,Sud,Calabria,Cosenza,Cosenza,CS,CALA
12,22,59022,Rocca Massima,Rocca Massima,Centro,Lazio,Latina,Latina,LT,CSUD
13,83,66083,Rocca Pia,Rocca Pia,Sud,Abruzzo,L'Aquila,L'Aquila,AQ,CSUD
5,44,25044,Rocca Pietore,Rocca Pietore,Nord-est,Veneto,Belluno,Belluno,BL,NORD
12,88,58088,Rocca Priora,Rocca Priora,Centro,Lazio,Roma,Rome,RM,CSUD
8,36,40036,Rocca San Casciano,Rocca San Casciano,Nord-est,Emilia Romagna,Forlç-Cesena,Forlç-Cesena,FC,NORD
15,79,64079,Rocca San Felice,Rocca San Felice,Sud,Campania,Avellino,Avellino,AV,CSUD
13,74,69074,Rocca San Giovanni,Rocca San Giovanni,Sud,Abruzzo,Chieti,Chieti,CH,CSUD
13,36,67036,Rocca Santa Maria,Rocca Santa Maria,Sud,Abruzzo,Teramo,Teramo,TE,CSUD
12,89,58089,Rocca Santo Stefano,Rocca Santo Stefano,Centro,Lazio,Roma,Rome,RM,CSUD
12,62,57062,Rocca Sinibalda,Rocca Sinibalda,Centro,Lazio,Rieti,Rieti,RI,CSUD
3,126,18126,Rocca Susella,Rocca Susella,Nord-ovest,Lombardia,Pavia,Pavia,PV,NORD
15,78,64078,Roccabascerana,Roccabascerana,Sud,Campania,Avellino,Avellino,AV,CSUD
18,18,101018,Roccabernarda,Roccabernarda,Sud,Calabria,Crotone,Crotone,KR,CALA
8,30,34030,Roccabianca,Roccabianca,Nord-est,Emilia Romagna,Parma,Parma,PR,NORD
1,187,4187,Roccabruna,Roccabruna,Nord-ovest,Piemonte,Cuneo,Cuneo,CN,NORD
13,79,66079,Roccacasale,Roccacasale,Sud,Abruzzo,L'Aquila,L'Aquila,AQ,CSUD
15,106,65106,Roccadaspide,Roccadaspide,Sud,Campania,Salerno,Salerno,SA,CSUD
19,71,83071,Roccafiorita,Roccafiorita,Isole,Sicilia,Messina,Messina,ME,SICI
11,64,44064,Roccafluvione,Roccafluvione,Centro,Marche,Ascoli Piceno,Ascoli Piceno,AP,CNOR
18,66,80066,Roccaforte del Greco,Roccaforte del Greco,Sud,Calabria,Reggio Calabria,Reggio Calabria,RC,CALA
1,146,6146,Roccaforte Ligure,Roccaforte Ligure,Nord-ovest,Piemonte,Alessandria,Alessandria,AL,NORD
1,190,4190,Roccaforte Mondovç,Roccaforte Mondovç,Nord-ovest,Piemonte,Cuneo,Cuneo,CN,NORD
16,23,73023,Roccaforzata,Roccaforzata,Sud,Puglia,Taranto,Taranto,TA,SUD
3,162,17162,Roccafranca,Roccafranca,Nord-ovest,Lombardia,Brescia,Brescia,BS,NORD
12,87,58087,Roccagiovine,Roccagiovine,Centro,Lazio,Roma,Rome,RM,CSUD
15,107,65107,Roccagloriosa,Roccagloriosa,Sud,Campania,Salerno,Salerno,SA,CSUD
12,21,59021,Roccagorga,Roccagorga,Centro,Lazio,Latina,Latina,LT,CSUD
9,20,53020,Roccalbegna,Roccalbegna,Centro,Toscana,Grosseto,Grosseto,GR,CNOR
19,72,83072,Roccalumera,Roccalumera,Isole,Sicilia,Messina,Messina,ME,SICI
14,40,94040,Roccamandolfi,Roccamandolfi,Sud,Molise,Isernia,Isernia,IS,SUD
19,61,82061,Roccamena,Roccamena,Isole,Sicilia,Palermo,Palermo,PA,SICI
15,70,61070,Roccamonfina,Roccamonfina,Sud,Campania,Caserta,Caserta,CE,CSUD
13,73,69073,Roccamontepiano,Roccamontepiano,Sud,Abruzzo,Chieti,Chieti,CH,CSUD
13,34,68034,Roccamorice,Roccamorice,Sud,Abruzzo,Pescara,Pescara,PE,CSUD
17,69,76069,Roccanova,Roccanova,Sud,Basilicata,Potenza,Potenza,PZ,SUD
12,61,57061,Roccantica,Roccantica,Centro,Lazio,Rieti,Rieti,RI,CSUD
19,62,82062,Roccapalumba,Roccapalumba,Isole,Sicilia,Palermo,Palermo,PA,SICI
15,108,65108,Roccapiemonte,Roccapiemonte,Sud,Campania,Salerno,Salerno,SA,CSUD
15,65,63065,Roccarainola,Roccarainola,Sud,Campania,Napoli,Naples,NA,CSUD
13,84,66084,Roccaraso,Roccaraso,Sud,Abruzzo,L'Aquila,L'Aquila,AQ,CSUD
15,71,61071,Roccaromana,Roccaromana,Sud,Campania,Caserta,Caserta,CE,CSUD
13,75,69075,Roccascalegna,Roccascalegna,Sud,Abruzzo,Chieti,Chieti,CH,CSUD
12,60,60060,Roccasecca,Roccasecca,Centro,Lazio,Frosinone,Frosinone,FR,CSUD
12,23,59023,Roccasecca dei Volsci,Roccasecca dei Volsci,Centro,Lazio,Latina,Latina,LT,CSUD
14,41,94041,Roccasicura,Roccasicura,Sud,Molise,Isernia,Isernia,IS,SUD
1,191,4191,Roccasparvera,Roccasparvera,Nord-ovest,Piemonte,Cuneo,Cuneo,CN,NORD
13,76,69076,Roccaspinalveti,Roccaspinalveti,Sud,Abruzzo,Chieti,Chieti,CH,CSUD
9,21,53021,Roccastrada,Roccastrada,Centro,Toscana,Grosseto,Grosseto,GR,CNOR
19,73,83073,Roccavaldina,Roccavaldina,Isole,Sicilia,Messina,Messina,ME,SICI
1,94,5094,Roccaverano,Roccaverano,Nord-ovest,Piemonte,Asti,Asti,AT,NORD
7,54,9054,Roccavignale,Roccavignale,Nord-ovest,Liguria,Savona,Savona,SV,NORD
1,192,4192,Roccavione,Roccavione,Nord-ovest,Piemonte,Cuneo,Cuneo,CN,NORD
14,60,70060,Roccavivara,Roccavivara,Sud,Molise,Campobasso,Campobasso,CB,SUD
18,67,80067,Roccella Ionica,Roccella Ionica,Sud,Calabria,Reggio Calabria,Reggio Calabria,RC,CALA
19,74,83074,Roccella Valdemone,Roccella Valdemone,Isole,Sicilia,Messina,Messina,ME,SICI
14,42,94042,Rocchetta a Volturno,Rocchetta a Volturno,Sud,Molise,Isernia,Isernia,IS,SUD
1,193,4193,Rocchetta Belbo,Rocchetta Belbo,Nord-ovest,Piemonte,Cuneo,Cuneo,CN,NORD
7,25,11025,Rocchetta di Vara,Rocchetta di Vara,Nord-ovest,Liguria,La Spezia,La Spezia,SP,NORD
15,72,61072,Rocchetta e Croce,Rocchetta e Croce,Sud,Campania,Caserta,Caserta,CE,CSUD
1,148,6148,Rocchetta Ligure,Rocchetta Ligure,Nord-ovest,Piemonte,Alessandria,Alessandria,AL,NORD
7,51,8051,Rocchetta Nervina,Rocchetta Nervina,Nord-ovest,Liguria,Imperia,Imperia,IM,NORD
1,95,5095,Rocchetta Palafea,Rocchetta Palafea,Nord-ovest,Piemonte,Asti,Asti,AT,NORD
16,42,71042,Rocchetta Sant'Antonio,Rocchetta Sant'Antonio,Sud,Puglia,Foggia,Foggia,FG,SUD
1,96,5096,Rocchetta Tanaro,Rocchetta Tanaro,Nord-ovest,Piemonte,Asti,Asti,AT,NORD
19,75,83075,Rodç Milici,Rodç Milici,Isole,Sicilia,Messina,Messina,ME,SICI
3,185,15185,Rodano,Rodano,Nord-ovest,Lombardia,Milano,Milan,MI,NORD
1,194,4194,Roddi,Roddi,Nord-ovest,Piemonte,Cuneo,Cuneo,CN,NORD
1,195,4195,Roddino,Roddino,Nord-ovest,Piemonte,Cuneo,Cuneo,CN,NORD
1,196,4196,Rodello,Rodello,Nord-ovest,Piemonte,Cuneo,Cuneo,CN,NORD
4,75,21075,Rodengo/Rodeneck,Rodengo,Nord-est,Trentino-Alto Adige,Bolzano/Bozen,Bolzano,BZ,NORD
3,163,17163,Rodengo Saiano,Rodengo Saiano,Nord-ovest,Lombardia,Brescia,Brescia,BS,NORD
3,197,13197,Rodero,Rodero,Nord-ovest,Lombardia,Como,Como,CO,NORD
16,43,71043,Rodi Garganico,Rodi Garganico,Sud,Puglia,Foggia,Foggia,FG,SUD
3,51,20051,Rodigo,Rodigo,Nord-ovest,Lombardia,Mantova,Mantova,MN,NORD
15,109,65109,Rofrano,Rofrano,Sud,Campania,Salerno,Salerno,SA,CSUD
3,72,97072,Rogeno,Rogeno,Nord-ovest,Lombardia,Lecco,Lecco,LC,NORD
18,104,78104,Roggiano Gravina,Roggiano Gravina,Sud,Calabria,Cosenza,Cosenza,CS,CALA
18,68,80068,Roghudi,Roghudi,Sud,Calabria,Reggio Calabria,Reggio Calabria,RC,CALA
18,105,78105,Rogliano,Rogliano,Sud,Calabria,Cosenza,Cosenza,CS,CALA
3,127,18127,Rognano,Rognano,Nord-ovest,Lombardia,Pavia,Pavia,PV,NORD
3,182,16182,Rogno,Rogno,Nord-ovest,Lombardia,Bergamo,Bergamo,BG,NORD
3,56,14056,Rogolo,Rogolo,Nord-ovest,Lombardia,Sondrio,Sondrio,SO,NORD
12,90,58090,Roiate,Roiate,Centro,Lazio,Roma,Rome,RM,CSUD
13,77,69077,Roio del Sangro,Roio del Sangro,Sud,Abruzzo,Chieti,Chieti,CH,CSUD
2,57,7057,Roisan,Roisan,Nord-ovest,Valle d'Aosta,Valle d'Aosta,Aosta,AO,NORD
1,222,1222,Roletto,Roletto,Nord-ovest,Piemonte,Torino,Turin,TO,NORD
8,35,35035,Rolo,Rolo,Nord-est,Emilia Romagna,Reggio nell'Emilia,Reggio Emilia,RE,NORD
12,91,58091,Roma,Roma,Centro,Lazio,Roma,Rome,RM,CSUD
15,110,65110,Romagnano al Monte,Romagnano al Monte,Sud,Campania,Salerno,Salerno,SA,CSUD
1,130,3130,Romagnano Sesia,Romagnano Sesia,Nord-ovest,Piemonte,Novara,Novara,NO,NORD
3,128,18128,Romagnese,Romagnese,Nord-ovest,Lombardia,Pavia,Pavia,PV,NORD
20,61,90061,Romana,Romana,Isole,Sardegna,Sassari,Sassari,SS,SARD
3,86,19086,Romanengo,Romanengo,Nord-ovest,Lombardia,Cremona,Cremona,CR,NORD
1,223,1223,Romano Canavese,Romano Canavese,Nord-ovest,Piemonte,Torino,Turin,TO,NORD
5,86,24086,Romano d'Ezzelino,Romano d'Ezzelino,Nord-est,Veneto,Vicenza,Vicenza,VI,NORD
3,183,16183,Romano di Lombardia,Romano di Lombardia,Nord-ovest,Lombardia,Bergamo,Bergamo,BG,NORD
6,15,31015,Romans d'Isonzo,Romans d'Isonzo,Nord-est,Friuli Venezia Giulia,Gorizia,Gorizia,GO,NORD
18,31,102031,Rombiolo,Rombiolo,Sud,Calabria,Vibo Valentia,Vibo Valentia,VV,CALA
4,155,22155,Romeno,Romeno,Nord-est,Trentino-Alto Adige,Trento,Trento,TN,NORD
1,131,3131,Romentino,Romentino,Nord-ovest,Piemonte,Novara,Novara,NO,NORD
19,76,83076,Rometta,Rometta,Isole,Sicilia,Messina,Messina,ME,SICI
3,199,13199,Ronago,Ronago,Nord-ovest,Lombardia,Como,Como,CO,NORD
5,63,23063,Ronc?,Ronc?,Nord-est,Veneto,Verona,Verona,VR,NORD
5,69,26069,Roncade,Roncade,Nord-est,Veneto,Treviso,Treviso,TV,NORD
3,165,17165,Roncadelle,Roncadelle,Nord-ovest,Lombardia,Brescia,Brescia,BS,NORD
3,129,18129,Roncaro,Roncaro,Nord-ovest,Lombardia,Pavia,Pavia,PV,NORD
4,156,22156,Roncegno Terme,Roncegno Terme,Nord-est,Trentino-Alto Adige,Trento,Trento,TN,NORD
3,55,108055,Roncello,Roncello,Nord-ovest,Lombardia,Monza e della Brianza,Monza e della Brianza,MB,NORD
6,16,31016,Ronchi dei Legionari,Ronchi dei Legionari,Nord-est,Friuli Venezia Giulia,Gorizia,Gorizia,GO,NORD
4,157,22157,Ronchi Valsugana,Ronchi Valsugana,Nord-est,Trentino-Alto Adige,Trento,Trento,TN,NORD
6,97,30097,Ronchis,Ronchis,Nord-est,Friuli Venezia Giulia,Udine,Udine,UD,NORD
12,45,56045,Ronciglione,Ronciglione,Centro,Lazio,Viterbo,Viterbo,VT,CSUD
5,64,23064,Ronco all'Adige,Ronco all'Adige,Nord-est,Veneto,Verona,Verona,VR,NORD
1,53,96053,Ronco Biellese,Ronco Biellese,Nord-ovest,Piemonte,Biella,Biella,BI,NORD
3,38,108038,Ronco Briantino,Ronco Briantino,Nord-ovest,Lombardia,Monza e della Brianza,Monza e della Brianza,MB,NORD
1,224,1224,Ronco Canavese,Ronco Canavese,Nord-ovest,Piemonte,Torino,Turin,TO,NORD
7,49,10049,Ronco Scrivia,Ronco Scrivia,Nord-ovest,Liguria,Genova,Genoa,GE,NORD
3,184,16184,Roncobello,Roncobello,Nord-ovest,Lombardia,Bergamo,Bergamo,BG,NORD
3,52,20052,Roncoferraro,Roncoferraro,Nord-ovest,Lombardia,Mantova,Mantova,MN,NORD
8,37,40037,Roncofreddo,Roncofreddo,Nord-est,Emilia Romagna,Forlç-Cesena,Forlç-Cesena,FC,NORD
3,185,16185,Roncola,Roncola,Nord-ovest,Lombardia,Bergamo,Bergamo,BG,NORD
7,50,10050,Rondanina,Rondanina,Nord-ovest,Liguria,Genova,Genoa,GE,NORD
1,225,1225,Rondissone,Rondissone,Nord-ovest,Piemonte,Torino,Turin,TO,NORD
1,118,2118,Ronsecco,Ronsecco,Nord-ovest,Piemonte,Vercelli,Vercelli,VC,NORD
4,135,22135,Ronzo-Chienis,Ronzo-Chienis,Nord-est,Trentino-Alto Adige,Trento,Trento,TN,NORD
4,159,22159,Ronzone,Ronzone,Nord-est,Trentino-Alto Adige,Trento,Trento,TN,NORD
1,54,96054,Roppolo,Roppolo,Nord-ovest,Piemonte,Biella,Biella,BI,NORD
1,226,1226,Ror?,Ror?,Nord-ovest,Piemonte,Torino,Turin,TO,NORD
5,87,24087,Ros?,Ros?,Nord-est,Veneto,Vicenza,Vicenza,VI,NORD
18,69,80069,Rosarno,Rosarno,Sud,Calabria,Reggio Calabria,Reggio Calabria,RC,CALA
3,130,18130,Rosasco,Rosasco,Nord-ovest,Lombardia,Pavia,Pavia,PV,NORD
3,188,15188,Rosate,Rosate,Nord-ovest,Lombardia,Milano,Milan,MI,NORD
1,55,96055,Rosazza,Rosazza,Nord-ovest,Piemonte,Biella,Biella,BI,NORD
13,35,68035,Rosciano,Rosciano,Sud,Abruzzo,Pescara,Pescara,PE,CSUD
15,111,65111,Roscigno,Roscigno,Sud,Campania,Salerno,Salerno,SA,CSUD
18,106,78106,Rose,Rose,Sud,Calabria,Cosenza,Cosenza,CS,CALA
13,78,69078,Rosello,Rosello,Sud,Abruzzo,Chieti,Chieti,CH,CSUD
18,107,78107,Roseto Capo Spulico,Roseto Capo Spulico,Sud,Calabria,Cosenza,Cosenza,CS,CALA
13,37,67037,Roseto degli Abruzzi,Roseto degli Abruzzi,Sud,Abruzzo,Teramo,Teramo,TE,CSUD
16,44,71044,Roseto Valfortore,Roseto Valfortore,Sud,Puglia,Foggia,Foggia,FG,SUD
9,17,49017,Rosignano Marittimo,Rosignano Marittimo,Centro,Toscana,Livorno,Livorno,LI,CNOR
1,149,6149,Rosignano Monferrato,Rosignano Monferrato,Nord-ovest,Piemonte,Alessandria,Alessandria,AL,NORD
5,40,29040,Rosolina,Rosolina,Nord-est,Veneto,Rovigo,Rovigo,RO,NORD
19,16,89016,Rosolini,Rosolini,Isole,Sicilia,Siracusa,Siracusa,SR,SICI
11,40,42040,Rosora,Rosora,Centro,Marche,Ancona,Ancona,AN,CNOR
1,121,2121,Rossa,Rossa,Nord-ovest,Piemonte,Vercelli,Vercelli,VC,NORD
1,197,4197,Rossana,Rossana,Nord-ovest,Piemonte,Cuneo,Cuneo,CN,NORD
5,88,24088,Rossano Veneto,Rossano Veneto,Nord-est,Veneto,Vicenza,Vicenza,VI,NORD
7,51,10051,Rossiglione,Rossiglione,Nord-ovest,Liguria,Genova,Genoa,GE,NORD
1,228,1228,Rosta,Rosta,Nord-ovest,Piemonte,Torino,Turin,TO,NORD
3,186,16186,Rota d'Imagna,Rota d'Imagna,Nord-ovest,Lombardia,Bergamo,Bergamo,BG,NORD
18,109,78109,Rota Greca,Rota Greca,Sud,Calabria,Cosenza,Cosenza,CS,CALA
11,65,44065,Rotella,Rotella,Centro,Marche,Ascoli Piceno,Ascoli Piceno,AP,CNOR
14,61,70061,Rotello,Rotello,Sud,Molise,Campobasso,Campobasso,CB,SUD
17,70,76070,Rotonda,Rotonda,Sud,Basilicata,Potenza,Potenza,PZ,SUD
17,23,77023,Rotondella,Rotondella,Sud,Basilicata,Matera,Matera,MT,SUD
15,80,64080,Rotondi,Rotondi,Sud,Campania,Avellino,Avellino,AV,CSUD
8,39,33039,Rottofreno,Rottofreno,Nord-est,Emilia Romagna,Piacenza,Piacenza,PC,NORD
5,89,24089,Rotzo,Rotzo,Nord-est,Veneto,Vicenza,Vicenza,VI,NORD
1,227,1227,Roure,Roure,Nord-ovest,Piemonte,Torino,Turin,TO,NORD
1,122,2122,Rovasenda,Rovasenda,Nord-ovest,Piemonte,Vercelli,Vercelli,VC,NORD
3,166,17166,Rovato,Rovato,Nord-ovest,Lombardia,Brescia,Brescia,BS,NORD
7,52,10052,Rovegno,Rovegno,Nord-ovest,Liguria,Genova,Genoa,GE,NORD
3,201,13201,Rovellasca,Rovellasca,Nord-ovest,Lombardia,Como,Como,CO,NORD
3,202,13202,Rovello Porro,Rovello Porro,Nord-ovest,Lombardia,Como,Como,CO,NORD
4,160,22160,Rover? della Luna,Rover? della Luna,Nord-est,Trentino-Alto Adige,Trento,Trento,TN,NORD
5,67,23067,Rover? Veronese,Rover? Veronese,Nord-est,Veneto,Verona,Verona,VR,NORD
3,53,20053,Roverbella,Roverbella,Nord-ovest,Lombardia,Mantova,Mantova,MN,NORD
5,65,23065,Roverchiara,Roverchiara,Nord-est,Veneto,Verona,Verona,VR,NORD
5,66,23066,Roveredo di Gu?,Roveredo di Gu?,Nord-est,Veneto,Verona,Verona,VR,NORD
6,36,93036,Roveredo in Piano,Roveredo in Piano,Nord-est,Friuli Venezia Giulia,Pordenone,Pordenone,PN,NORD
4,161,22161,Rovereto,Rovereto,Nord-est,Trentino-Alto Adige,Trento,Trento,TN,NORD
3,131,18131,Rovescala,Rovescala,Nord-ovest,Lombardia,Pavia,Pavia,PV,NORD
3,187,16187,Rovetta,Rovetta,Nord-ovest,Lombardia,Bergamo,Bergamo,BG,NORD
12,92,58092,Roviano,Roviano,Centro,Lazio,Roma,Rome,RM,CSUD
5,41,29041,Rovigo,Rovigo,Nord-est,Veneto,Rovigo,Rovigo,RO,NORD
18,110,78110,Rovito,Rovito,Sud,Calabria,Cosenza,Cosenza,CS,CALA
5,71,28071,Rovolon,Rovolon,Nord-est,Veneto,Padova,Padova,PD,NORD
3,189,15189,Rozzano,Rozzano,Nord-ovest,Lombardia,Milano,Milan,MI,NORD
5,72,28072,Rubano,Rubano,Nord-est,Veneto,Padova,Padova,PD,NORD
1,229,1229,Rubiana,Rubiana,Nord-ovest,Piemonte,Torino,Turin,TO,NORD
8,36,35036,Rubiera,Rubiera,Nord-est,Emilia Romagna,Reggio nell'Emilia,Reggio Emilia,RE,NORD
6,98,30098,Ruda,Ruda,Nord-est,Friuli Venezia Giulia,Udine,Udine,UD,NORD
3,167,17167,Rudiano,Rudiano,Nord-ovest,Lombardia,Brescia,Brescia,BS,NORD
1,230,1230,Rueglio,Rueglio,Nord-ovest,Piemonte,Torino,Turin,TO,NORD
16,64,75064,Ruffano,Ruffano,Sud,Puglia,Lecce,Lecce,LE,SUD
1,198,4198,Ruffia,Ruffia,Nord-ovest,Piemonte,Cuneo,Cuneo,CN,NORD
4,162,22162,Ruffr?-Mendola,Ruffr?-Mendola,Nord-est,Trentino-Alto Adige,Trento,Trento,TN,NORD
9,37,48037,Rufina,Rufina,Centro,Toscana,Firenze,Florence,FI,CNOR
20,44,95044,Ruinas,Ruinas,Isole,Sardegna,Oristano,Oristano,OR,SARD
4,163,22163,Rumo,Rumo,Nord-est,Trentino-Alto Adige,Trento,Trento,TN,NORD
17,71,76071,Ruoti,Ruoti,Sud,Basilicata,Potenza,Potenza,PZ,SUD
8,16,39016,Russi,Russi,Nord-est,Emilia Romagna,Ravenna,Ravenna,RA,NORD
16,37,72037,Rutigliano,Rutigliano,Sud,Puglia,Bari,Bari,BA,SUD
15,112,65112,Rutino,Rutino,Sud,Campania,Salerno,Salerno,SA,CSUD
15,73,61073,Ruviano,Ruviano,Sud,Campania,Caserta,Caserta,CE,CSUD
17,72,76072,Ruvo del Monte,Ruvo del Monte,Sud,Basilicata,Potenza,Potenza,PZ,SUD
16,38,72038,Ruvo di Puglia,Ruvo di Puglia,Sud,Puglia,Bari,Bari,BA,SUD
12,24,59024,Sabaudia,Sabaudia,Centro,Lazio,Latina,Latina,LT,CSUD
3,168,17168,Sabbio Chiese,Sabbio Chiese,Nord-ovest,Lombardia,Brescia,Brescia,BS,NORD
3,54,20054,Sabbioneta,Sabbioneta,Nord-ovest,Lombardia,Mantova,Mantova,MN,NORD
15,113,65113,Sacco,Sacco,Sud,Campania,Salerno,Salerno,SA,CSUD
5,73,28073,Saccolongo,Saccolongo,Nord-est,Veneto,Padova,Padova,PD,NORD
6,37,93037,Sacile,Sacile,Nord-est,Friuli Venezia Giulia,Pordenone,Pordenone,PN,NORD
12,93,58093,Sacrofano,Sacrofano,Centro,Lazio,Roma,Rome,RM,CSUD
20,58,111058,Sadali,Sadali,Isole,Sardegna,Sud Sardegna,#N/A,SU,SARD
20,86,95086,Sagama,Sagama,Isole,Sardegna,Oristano,Oristano,OR,SARD
1,56,96056,Sagliano Micca,Sagliano Micca,Nord-ovest,Piemonte,Biella,Biella,BI,NORD
6,17,31017,Sagrado,Sagrado,Nord-est,Friuli Venezia Giulia,Gorizia,Gorizia,GO,NORD
4,164,22164,Sagron Mis,Sagron Mis,Nord-est,Trentino-Alto Adige,Trento,Trento,TN,NORD
2,58,7058,Saint-Christophe,Saint-Christophe,Nord-ovest,Valle d'Aosta,Valle d'Aosta,Aosta,AO,NORD
2,59,7059,Saint-Denis,Saint-Denis,Nord-ovest,Valle d'Aosta,Valle d'Aosta,Aosta,AO,NORD
2,60,7060,Saint-Marcel,Saint-Marcel,Nord-ovest,Valle d'Aosta,Valle d'Aosta,Aosta,AO,NORD
2,61,7061,Saint-Nicolas,Saint-Nicolas,Nord-ovest,Valle d'Aosta,Valle d'Aosta,Aosta,AO,NORD
2,62,7062,Saint-Oyen,Saint-Oyen,Nord-ovest,Valle d'Aosta,Valle d'Aosta,Aosta,AO,NORD
2,63,7063,Saint-Pierre,Saint-Pierre,Nord-ovest,Valle d'Aosta,Valle d'Aosta,Aosta,AO,NORD
2,64,7064,Saint-Rh?my-en-Bosses,Saint-Rh?my-en-Bosses,Nord-ovest,Valle d'Aosta,Valle d'Aosta,Aosta,AO,NORD
2,65,7065,Saint-Vincent,Saint-Vincent,Nord-ovest,Valle d'Aosta,Valle d'Aosta,Aosta,AO,NORD
3,170,17170,Sal?,Sal?,Nord-ovest,Lombardia,Brescia,Brescia,BS,NORD
8,31,34031,Sala Baganza,Sala Baganza,Nord-est,Emilia Romagna,Parma,Parma,PR,NORD
1,57,96057,Sala Biellese,Sala Biellese,Nord-ovest,Piemonte,Biella,Biella,BI,NORD
8,50,37050,Sala Bolognese,Sala Bolognese,Nord-est,Emilia Romagna,Bologna,Bologna,BO,NORD
3,203,13203,Sala Comacina,Sala Comacina,Nord-ovest,Lombardia,Como,Como,CO,NORD
15,114,65114,Sala Consilina,Sala Consilina,Sud,Campania,Salerno,Salerno,SA,CSUD
1,150,6150,Sala Monferrato,Sala Monferrato,Nord-ovest,Piemonte,Alessandria,Alessandria,AL,NORD
17,24,77024,Salandra,Salandra,Sud,Basilicata,Matera,Matera,MT,SUD
19,17,81017,Salaparuta,Salaparuta,Isole,Sicilia,Trapani,Trapani,TP,SICI
5,42,29042,Salara,Salara,Nord-est,Veneto,Rovigo,Rovigo,RO,NORD
1,126,2126,Salasco,Salasco,Nord-ovest,Piemonte,Vercelli,Vercelli,VC,NORD
1,231,1231,Salassa,Salassa,Nord-ovest,Piemonte,Torino,Turin,TO,NORD
1,232,1232,Salbertrand,Salbertrand,Nord-ovest,Piemonte,Torino,Turin,TO,NORD
5,90,24090,Salcedo,Salcedo,Nord-est,Veneto,Vicenza,Vicenza,VI,NORD
14,62,70062,Salcito,Salcito,Sud,Molise,Campobasso,Campobasso,CB,SUD
1,151,6151,Sale,Sale,Nord-ovest,Piemonte,Alessandria,Alessandria,AL,NORD
1,199,4199,Sale delle Langhe,Sale delle Langhe,Nord-ovest,Piemonte,Cuneo,Cuneo,CN,NORD
3,169,17169,Sale Marasino,Sale Marasino,Nord-ovest,Lombardia,Brescia,Brescia,BS,NORD
1,200,4200,Sale San Giovanni,Sale San Giovanni,Nord-ovest,Piemonte,Cuneo,Cuneo,CN,NORD
19,18,81018,Salemi,Salemi,Isole,Sicilia,Trapani,Trapani,TP,SICI
15,115,65115,Salento,Salento,Sud,Campania,Salerno,Salerno,SA,CSUD
1,233,1233,Salerano Canavese,Salerano Canavese,Nord-ovest,Piemonte,Torino,Turin,TO,NORD
3,46,98046,Salerano sul Lambro,Salerano sul Lambro,Nord-ovest,Lombardia,Lodi,Lodi,LO,NORD
15,116,65116,Salerno,Salerno,Sud,Campania,Salerno,Salerno,SA,CSUD
5,70,26070,Salgareda,Salgareda,Nord-est,Veneto,Treviso,Treviso,TV,NORD
1,127,2127,Sali Vercellese,Sali Vercellese,Nord-ovest,Piemonte,Vercelli,Vercelli,VC,NORD
16,65,75065,Salice Salentino,Salice Salentino,Sud,Puglia,Lecce,Lecce,LE,SUD
1,201,4201,Saliceto,Saliceto,Nord-ovest,Piemonte,Cuneo,Cuneo,CN,NORD
12,63,57063,Salisano,Salisano,Centro,Lazio,Rieti,Rieti,RI,CSUD
5,68,23068,Salizzole,Salizzole,Nord-est,Veneto,Verona,Verona,VR,NORD
13,36,68036,Salle,Salle,Sud,Abruzzo,Pescara,Pescara,PE,CSUD
1,202,4202,Salmour,Salmour,Nord-ovest,Piemonte,Cuneo,Cuneo,CN,NORD
4,76,21076,Salorno sulla strada del vino/Salurn an der Weinstra†e,Salorno sulla strada del vino,Nord-est,Trentino-Alto Adige,Bolzano/Bozen,Bolzano,BZ,NORD
8,32,34032,Salsomaggiore Terme,Salsomaggiore Terme,Nord-est,Emilia Romagna,Parma,Parma,PR,NORD
3,117,12117,Saltrio,Saltrio,Nord-ovest,Lombardia,Varese,Varese,VA,NORD
8,15,99015,Saludecio,Saludecio,Nord-est,Emilia Romagna,Rimini,Rimini,RN,NORD
1,128,2128,Saluggia,Saluggia,Nord-ovest,Piemonte,Vercelli,Vercelli,VC,NORD
1,58,96058,Salussola,Salussola,Nord-ovest,Piemonte,Biella,Biella,BI,NORD
1,203,4203,Saluzzo,Saluzzo,Nord-ovest,Piemonte,Cuneo,Cuneo,CN,NORD
16,66,75066,Salve,Salve,Sud,Puglia,Lecce,Lecce,LE,SUD
3,87,19087,Salvirola,Salvirola,Nord-ovest,Lombardia,Cremona,Cremona,CR,NORD
15,117,65117,Salvitelle,Salvitelle,Sud,Campania,Salerno,Salerno,SA,CSUD
1,234,1234,Salza di Pinerolo,Salza di Pinerolo,Nord-ovest,Piemonte,Torino,Turin,TO,NORD
15,81,64081,Salza Irpina,Salza Irpina,Sud,Campania,Avellino,Avellino,AV,CSUD
5,32,27032,Salzano,Salzano,Nord-est,Veneto,Venezia,Venice,VE,NORD
3,118,12118,Samarate,Samarate,Nord-ovest,Lombardia,Varese,Varese,VA,NORD
20,59,111059,Samassi,Samassi,Isole,Sardegna,Sud Sardegna,#N/A,SU,SARD
20,60,111060,Samatzai,Samatzai,Isole,Sardegna,Sud Sardegna,#N/A,SU,SARD
19,34,84034,Sambuca di Sicilia,Sambuca di Sicilia,Isole,Sicilia,Agrigento,Agrigento,AG,SICI
9,18,47018,Sambuca Pistoiese,Sambuca Pistoiese,Centro,Toscana,Pistoia,Pistoia,PT,CNOR
12,94,58094,Sambuci,Sambuci,Centro,Lazio,Roma,Rome,RM,CSUD
1,204,4204,Sambuco,Sambuco,Nord-ovest,Piemonte,Cuneo,Cuneo,CN,NORD
16,39,72039,Sammichele di Bari,Sammichele di Bari,Sud,Puglia,Bari,Bari,BA,SUD
18,70,80070,Samo,Samo,Sud,Calabria,Reggio Calabria,Reggio Calabria,RC,CALA
3,57,14057,Samolaco,Samolaco,Nord-ovest,Lombardia,Sondrio,Sondrio,SO,NORD
1,235,1235,Samone,Samone,Nord-ovest,Piemonte,Torino,Turin,TO,NORD
4,165,22165,Samone,Samone,Nord-est,Trentino-Alto Adige,Trento,Trento,TN,NORD
1,205,4205,Sampeyre,Sampeyre,Nord-ovest,Piemonte,Cuneo,Cuneo,CN,NORD
20,45,95045,Samugheo,Samugheo,Isole,Sardegna,Oristano,Oristano,OR,SARD
7,52,8052,San Bartolomeo al Mare,San Bartolomeo al Mare,Nord-ovest,Liguria,Imperia,Imperia,IM,NORD
15,57,62057,San Bartolomeo in Galdo,San Bartolomeo in Galdo,Sud,Campania,Benevento,Benevento,BN,CSUD
3,204,13204,San Bartolomeo Val Cavargna,San Bartolomeo Val Cavargna,Nord-ovest,Lombardia,Como,Como,CO,NORD
18,111,78111,San Basile,San Basile,Sud,Calabria,Cosenza,Cosenza,CS,CALA
20,61,111061,San Basilio,San Basilio,Isole,Sardegna,Sud Sardegna,#N/A,SU,SARD
3,88,19088,San Bassano,San Bassano,Nord-ovest,Lombardia,Cremona,Cremona,CR,NORD
5,43,29043,San Bellino,San Bellino,Nord-est,Veneto,Rovigo,Rovigo,RO,NORD
1,206,4206,San Benedetto Belbo,San Benedetto Belbo,Nord-ovest,Piemonte,Cuneo,Cuneo,CN,NORD
13,85,66085,San Benedetto dei Marsi,San Benedetto dei Marsi,Sud,Abruzzo,L'Aquila,L'Aquila,AQ,CSUD
11,66,44066,San Benedetto del Tronto,San Benedetto del Tronto,Centro,Marche,Ascoli Piceno,Ascoli Piceno,AP,CNOR
13,86,66086,San Benedetto in Perillis,San Benedetto in Perillis,Sud,Abruzzo,L'Aquila,L'Aquila,AQ,CSUD
3,55,20055,San Benedetto Po,San Benedetto Po,Nord-ovest,Lombardia,Mantova,Mantova,MN,NORD
18,112,78112,San Benedetto Ullano,San Benedetto Ullano,Sud,Calabria,Cosenza,Cosenza,CS,CALA
8,51,37051,San Benedetto Val di Sambro,San Benedetto Val di Sambro,Nord-est,Emilia Romagna,Bologna,Bologna,BO,NORD
1,236,1236,San Benigno Canavese,San Benigno Canavese,Nord-ovest,Piemonte,Torino,Turin,TO,NORD
1,61,103061,San Bernardino Verbano,San Bernardino Verbano,Nord-ovest,Piemonte,Verbano-Cusio-Ossola,Verbano-Cusio-Ossola,VB,NORD
7,53,8053,San Biagio della Cima,San Biagio della Cima,Nord-ovest,Liguria,Imperia,Imperia,IM,NORD
5,71,26071,San Biagio di Callalta,San Biagio di Callalta,Nord-est,Veneto,Treviso,Treviso,TV,NORD
19,35,84035,San Biagio Platani,San Biagio Platani,Isole,Sicilia,Agrigento,Agrigento,AG,SICI
12,61,60061,San Biagio Saracinisco,San Biagio Saracinisco,Centro,Lazio,Frosinone,Frosinone,FR,CSUD
14,63,70063,San Biase,San Biase,Sud,Molise,Campobasso,Campobasso,CB,SUD
5,69,23069,San Bonifacio,San Bonifacio,Nord-est,Veneto,Verona,Verona,VR,NORD
13,79,69079,San Buono,San Buono,Sud,Abruzzo,Chieti,Chieti,CH,CSUD
18,32,102032,San Calogero,San Calogero,Sud,Calabria,Vibo Valentia,Vibo Valentia,VV,CALA
4,77,21077,San Candido/Innichen,San Candido,Nord-est,Trentino-Alto Adige,Bolzano/Bozen,Bolzano,BZ,NORD
6,18,31018,San Canzian d'Isonzo,San Canzian d'Isonzo,Nord-est,Friuli Venezia Giulia,Gorizia,Gorizia,GO,NORD
1,237,1237,San Carlo Canavese,San Carlo Canavese,Nord-ovest,Piemonte,Torino,Turin,TO,NORD
9,27,52027,San Casciano dei Bagni,San Casciano dei Bagni,Centro,Toscana,Siena,Siena,SI,CNOR
9,38,48038,San Casciano in Val di Pesa,San Casciano in Val di Pesa,Centro,Toscana,Firenze,Florence,FI,CNOR
16,95,75095,San Cassiano,San Cassiano,Sud,Puglia,Lecce,Lecce,LE,SUD
19,16,85016,San Cataldo,San Cataldo,Isole,Sicilia,Caltanissetta,Caltanissetta,CL,SICI
12,119,58119,San Cesareo,San Cesareo,Centro,Lazio,Roma,Rome,RM,CSUD
16,68,75068,San Cesario di Lecce,San Cesario di Lecce,Sud,Puglia,Lecce,Lecce,LE,SUD
8,36,36036,San Cesario sul Panaro,San Cesario sul Panaro,Nord-est,Emilia Romagna,Modena,Modena,MO,NORD
17,73,76073,San Chirico Nuovo,San Chirico Nuovo,Sud,Basilicata,Potenza,Potenza,PZ,SUD
17,74,76074,San Chirico Raparo,San Chirico Raparo,Sud,Basilicata,Potenza,Potenza,PZ,SUD
19,63,82063,San Cipirello,San Cipirello,Isole,Sicilia,Palermo,Palermo,PA,SICI
15,74,61074,San Cipriano d'Aversa,San Cipriano d'Aversa,Sud,Campania,Caserta,Caserta,CE,CSUD
15,118,65118,San Cipriano Picentino,San Cipriano Picentino,Sud,Campania,Salerno,Salerno,SA,CSUD
3,133,18133,San Cipriano Po,San Cipriano Po,Nord-ovest,Lombardia,Pavia,Pavia,PV,NORD
8,16,99016,San Clemente,San Clemente,Nord-est,Emilia Romagna,Rimini,Rimini,RN,NORD
3,191,15191,San Colombano al Lambro,San Colombano al Lambro,Nord-ovest,Lombardia,Milano,Milan,MI,NORD
1,238,1238,San Colombano Belmonte,San Colombano Belmonte,Nord-ovest,Piemonte,Torino,Turin,TO,NORD
7,53,10053,San Colombano Certenoli,San Colombano Certenoli,Nord-ovest,Liguria,Genova,Genoa,GE,NORD
19,40,87040,San Cono,San Cono,Isole,Sicilia,Catania,Catania,CT,SICI
18,113,78113,San Cosmo Albanese,San Cosmo Albanese,Sud,Calabria,Cosenza,Cosenza,CS,CALA
17,75,76075,San Costantino Albanese,San Costantino Albanese,Sud,Basilicata,Potenza,Potenza,PZ,SUD
18,33,102033,San Costantino Calabro,San Costantino Calabro,Sud,Calabria,Vibo Valentia,Vibo Valentia,VV,CALA
11,51,41051,San Costanzo,San Costanzo,Centro,Marche,Pesaro e Urbino,Pesaro e Urbino,PU,CNOR
1,152,6152,San Cristoforo,San Cristoforo,Nord-ovest,Piemonte,Alessandria,Alessandria,AL,NORD
3,134,18134,San Damiano al Colle,San Damiano al Colle,Nord-ovest,Lombardia,Pavia,Pavia,PV,NORD
1,97,5097,San Damiano d'Asti,San Damiano d'Asti,Nord-ovest,Piemonte,Asti,Asti,AT,NORD
1,207,4207,San Damiano Macra,San Damiano Macra,Nord-ovest,Piemonte,Cuneo,Cuneo,CN,NORD
6,99,30099,San Daniele del Friuli,San Daniele del Friuli,Nord-est,Friuli Venezia Giulia,Udine,Udine,UD,NORD
3,89,19089,San Daniele Po,San Daniele Po,Nord-ovest,Lombardia,Cremona,Cremona,CR,NORD
18,114,78114,San Demetrio Corone,San Demetrio Corone,Sud,Calabria,Cosenza,Cosenza,CS,CALA
13,87,66087,San Demetrio ne' Vestini,San Demetrio ne' Vestini,Sud,Abruzzo,L'Aquila,L'Aquila,AQ,CSUD
1,239,1239,San Didero,San Didero,Nord-ovest,Piemonte,Torino,Turin,TO,NORD
5,33,27033,San Don? di Piave,San Don? di Piave,Nord-est,Veneto,Venezia,Venice,VE,NORD
16,13,74013,San Donaci,San Donaci,Sud,Puglia,Brindisi,Brindisi,BR,SUD
16,69,75069,San Donato di Lecce,San Donato di Lecce,Sud,Puglia,Lecce,Lecce,LE,SUD
18,115,78115,San Donato di Ninea,San Donato di Ninea,Sud,Calabria,Cosenza,Cosenza,CS,CALA
3,192,15192,San Donato Milanese,San Donato Milanese,Nord-ovest,Lombardia,Milano,Milan,MI,NORD
12,62,60062,San Donato Val di Comino,San Donato Val di Comino,Centro,Lazio,Frosinone,Frosinone,FR,CSUD
6,4,32004,San Dorligo della Valle-Dolina,San Dorligo della Valle,Nord-est,Friuli Venezia Giulia,Trieste,Trieste,TS,NORD
17,76,76076,San Fele,San Fele,Sud,Basilicata,Potenza,Potenza,PZ,SUD
15,75,61075,San Felice a Cancello,San Felice a Cancello,Sud,Campania,Caserta,Caserta,CE,CSUD
12,25,59025,San Felice Circeo,San Felice Circeo,Centro,Lazio,Latina,Latina,LT,CSUD
3,171,17171,San Felice del Benaco,San Felice del Benaco,Nord-ovest,Lombardia,Brescia,Brescia,BS,NORD
14,64,70064,San Felice del Molise,San Felice del Molise,Sud,Molise,Campobasso,Campobasso,CB,SUD
8,37,36037,San Felice sul Panaro,San Felice sul Panaro,Nord-est,Emilia Romagna,Modena,Modena,MO,NORD
18,97,80097,San Ferdinando,San Ferdinando,Sud,Calabria,Reggio Calabria,Reggio Calabria,RC,CALA
16,7,110007,San Ferdinando di Puglia,San Ferdinando di Puglia,Sud,Puglia,Barletta-Andria-Trani,Barletta-Andria-Trani,BT,SUD
3,206,13206,San Fermo della Battaglia,San Fermo della Battaglia,Nord-ovest,Lombardia,Como,Como,CO,NORD
18,116,78116,San Fili,San Fili,Sud,Calabria,Cosenza,Cosenza,CS,CALA
19,77,83077,San Filippo del Mela,San Filippo del Mela,Isole,Sicilia,Messina,Messina,ME,SICI
5,72,26072,San Fior,San Fior,Nord-est,Veneto,Treviso,Treviso,TV,NORD
3,47,98047,San Fiorano,San Fiorano,Nord-ovest,Lombardia,Lodi,Lodi,LO,NORD
6,19,31019,San Floriano del Collio-?teverjan,San Floriano del Collio,Nord-est,Friuli Venezia Giulia,Gorizia,Gorizia,GO,NORD
18,108,79108,San Floro,San Floro,Sud,Calabria,Catanzaro,Catanzaro,CZ,CALA
1,240,1240,San Francesco al Campo,San Francesco al Campo,Nord-ovest,Piemonte,Torino,Turin,TO,NORD
19,78,83078,San Fratello,San Fratello,Isole,Sicilia,Messina,Messina,ME,SICI
20,62,111062,San Gavino Monreale,San Gavino Monreale,Isole,Sardegna,Sud Sardegna,#N/A,SU,SARD
10,29,55029,San Gemini,San Gemini,Centro,Umbria,Terni,Terni,TR,CSUD
4,79,21079,San Genesio Atesino/Jenesien,San Genesio Atesino,Nord-est,Trentino-Alto Adige,Bolzano/Bozen,Bolzano,BZ,NORD
3,135,18135,San Genesio ed Uniti,San Genesio ed Uniti,Nord-ovest,Lombardia,Pavia,Pavia,PV,NORD
15,66,63066,San Gennaro Vesuviano,San Gennaro Vesuviano,Sud,Campania,Napoli,Naples,NA,CSUD
1,242,1242,San Germano Chisone,San Germano Chisone,Nord-ovest,Piemonte,Torino,Turin,TO,NORD
1,131,2131,San Germano Vercellese,San Germano Vercellese,Nord-ovest,Piemonte,Vercelli,Vercelli,VC,NORD
3,172,17172,San Gervasio Bresciano,San Gervasio Bresciano,Nord-ovest,Lombardia,Brescia,Brescia,BS,NORD
14,65,70065,San Giacomo degli Schiavoni,San Giacomo degli Schiavoni,Sud,Molise,Campobasso,Campobasso,CB,SUD
3,56,20056,San Giacomo delle Segnate,San Giacomo delle Segnate,Nord-ovest,Lombardia,Mantova,Mantova,MN,NORD
3,58,14058,San Giacomo Filippo,San Giacomo Filippo,Nord-ovest,Lombardia,Sondrio,Sondrio,SO,NORD
1,35,2035,San Giacomo Vercellese,San Giacomo Vercellese,Nord-ovest,Piemonte,Vercelli,Vercelli,VC,NORD
1,243,1243,San Gillio,San Gillio,Nord-ovest,Piemonte,Torino,Turin,TO,NORD
9,28,52028,San Gimignano,San Gimignano,Centro,Toscana,Siena,Siena,SI,CNOR
11,46,43046,San Ginesio,San Ginesio,Centro,Marche,Macerata,Macerata,MC,CNOR
15,67,63067,San Giorgio a Cremano,San Giorgio a Cremano,Sud,Campania,Napoli,Naples,NA,CSUD
12,63,60063,San Giorgio a Liri,San Giorgio a Liri,Centro,Lazio,Frosinone,Frosinone,FR,CSUD
18,118,78118,San Giorgio Albanese,San Giorgio Albanese,Sud,Calabria,Cosenza,Cosenza,CS,CALA
3,57,20057,San Giorgio Bigarello,San Giorgio Bigarello,Nord-ovest,Lombardia,Mantova,Mantova,MN,NORD
1,244,1244,San Giorgio Canavese,San Giorgio Canavese,Nord-ovest,Piemonte,Torino,Turin,TO,NORD
15,58,62058,San Giorgio del Sannio,San Giorgio del Sannio,Sud,Campania,Benevento,Benevento,BN,CSUD
6,38,93038,San Giorgio della Richinvelda,San Giorgio della Richinvelda,Nord-est,Friuli Venezia Giulia,Pordenone,Pordenone,PN,NORD
5,75,28075,San Giorgio delle Pertiche,San Giorgio delle Pertiche,Nord-est,Veneto,Padova,Padova,PD,NORD
3,136,18136,San Giorgio di Lomellina,San Giorgio di Lomellina,Nord-ovest,Lombardia,Pavia,Pavia,PV,NORD
6,100,30100,San Giorgio di Nogaro,San Giorgio di Nogaro,Nord-est,Friuli Venezia Giulia,Udine,Udine,UD,NORD
8,52,37052,San Giorgio di Piano,San Giorgio di Piano,Nord-est,Emilia Romagna,Bologna,Bologna,BO,NORD
5,76,28076,San Giorgio in Bosco,San Giorgio in Bosco,Nord-est,Veneto,Padova,Padova,PD,NORD
16,24,73024,San Giorgio Ionico,San Giorgio Ionico,Sud,Puglia,Taranto,Taranto,TA,SUD
15,59,62059,San Giorgio La Molara,San Giorgio La Molara,Sud,Campania,Benevento,Benevento,BN,CSUD
17,25,77025,San Giorgio Lucano,San Giorgio Lucano,Sud,Basilicata,Matera,Matera,MT,SUD
1,153,6153,San Giorgio Monferrato,San Giorgio Monferrato,Nord-ovest,Piemonte,Alessandria,Alessandria,AL,NORD
18,71,80071,San Giorgio Morgeto,San Giorgio Morgeto,Sud,Calabria,Reggio Calabria,Reggio Calabria,RC,CALA
8,40,33040,San Giorgio Piacentino,San Giorgio Piacentino,Nord-est,Emilia Romagna,Piacenza,Piacenza,PC,NORD
1,98,5098,San Giorgio Scarampi,San Giorgio Scarampi,Nord-ovest,Piemonte,Asti,Asti,AT,NORD
3,194,15194,San Giorgio su Legnano,San Giorgio su Legnano,Nord-ovest,Lombardia,Milano,Milan,MI,NORD
1,245,1245,San Giorio di Susa,San Giorio di Susa,Nord-ovest,Piemonte,Torino,Turin,TO,NORD
15,119,65119,San Giovanni a Piro,San Giovanni a Piro,Sud,Campania,Salerno,Salerno,SA,CSUD
6,101,30101,San Giovanni al Natisone,San Giovanni al Natisone,Nord-est,Friuli Venezia Giulia,Udine,Udine,UD,NORD
3,188,16188,San Giovanni Bianco,San Giovanni Bianco,Nord-ovest,Lombardia,Bergamo,Bergamo,BG,NORD
3,58,20058,San Giovanni del Dosso,San Giovanni del Dosso,Nord-ovest,Lombardia,Mantova,Mantova,MN,NORD
4,250,22250,San Giovanni di Fassa-S?n Jan,San Giovanni di Fassa,Nord-est,Trentino-Alto Adige,Trento,Trento,TN,NORD
18,72,80072,San Giovanni di Gerace,San Giovanni di Gerace,Sud,Calabria,Reggio Calabria,Reggio Calabria,RC,CALA
19,36,84036,San Giovanni Gemini,San Giovanni Gemini,Isole,Sicilia,Agrigento,Agrigento,AG,SICI
5,70,23070,San Giovanni Ilarione,San Giovanni Ilarione,Nord-est,Veneto,Verona,Verona,VR,NORD
3,90,19090,San Giovanni in Croce,San Giovanni in Croce,Nord-ovest,Lombardia,Cremona,Cremona,CR,NORD
18,119,78119,San Giovanni in Fiore,San Giovanni in Fiore,Sud,Calabria,Cosenza,Cosenza,CS,CALA
14,66,70066,San Giovanni in Galdo,San Giovanni in Galdo,Sud,Molise,Campobasso,Campobasso,CB,SUD
8,17,99017,San Giovanni in Marignano,San Giovanni in Marignano,Nord-est,Emilia Romagna,Rimini,Rimini,RN,NORD
8,53,37053,San Giovanni in Persiceto,San Giovanni in Persiceto,Nord-est,Emilia Romagna,Bologna,Bologna,BO,NORD
12,64,60064,San Giovanni Incarico,San Giovanni Incarico,Centro,Lazio,Frosinone,Frosinone,FR,CSUD
19,41,87041,San Giovanni la Punta,San Giovanni la Punta,Isole,Sicilia,Catania,Catania,CT,SICI
13,80,69080,San Giovanni Lipioni,San Giovanni Lipioni,Sud,Abruzzo,Chieti,Chieti,CH,CSUD
5,71,23071,San Giovanni Lupatoto,San Giovanni Lupatoto,Nord-est,Veneto,Verona,Verona,VR,NORD
16,46,71046,San Giovanni Rotondo,San Giovanni Rotondo,Sud,Puglia,Foggia,Foggia,FG,SUD
20,63,111063,San Giovanni Suergiu,San Giovanni Suergiu,Isole,Sardegna,Sud Sardegna,#N/A,SU,SARD
13,81,69081,San Giovanni Teatino,San Giovanni Teatino,Sud,Abruzzo,Chieti,Chieti,CH,CSUD
9,33,51033,San Giovanni Valdarno,San Giovanni Valdarno,Centro,Toscana,Arezzo,Arezzo,AR,CNOR
14,67,70067,San Giuliano del Sannio,San Giuliano del Sannio,Sud,Molise,Campobasso,Campobasso,CB,SUD
14,68,70068,San Giuliano di Puglia,San Giuliano di Puglia,Sud,Molise,Campobasso,Campobasso,CB,SUD
3,195,15195,San Giuliano Milanese,San Giuliano Milanese,Nord-ovest,Lombardia,Milano,Milan,MI,NORD
9,31,50031,San Giuliano Terme,San Giuliano Terme,Centro,Toscana,Pisa,Pisa,PI,CNOR
19,64,82064,San Giuseppe Jato,San Giuseppe Jato,Isole,Sicilia,Palermo,Palermo,PA,SICI
15,68,63068,San Giuseppe Vesuviano,San Giuseppe Vesuviano,Sud,Campania,Napoli,Naples,NA,CSUD
10,44,54044,San Giustino,San Giustino,Centro,Umbria,Perugia,Perugia,PG,CSUD
1,246,1246,San Giusto Canavese,San Giusto Canavese,Nord-ovest,Piemonte,Torino,Turin,TO,NORD
9,39,48039,San Godenzo,San Godenzo,Centro,Toscana,Firenze,Florence,FI,CNOR
12,95,58095,San Gregorio da Sassola,San Gregorio da Sassola,Centro,Lazio,Roma,Rome,RM,CSUD
19,42,87042,San Gregorio di Catania,San Gregorio di Catania,Isole,Sicilia,Catania,Catania,CT,SICI
18,34,102034,San Gregorio d'Ippona,San Gregorio d'Ippona,Sud,Calabria,Vibo Valentia,Vibo Valentia,VV,CALA
15,120,65120,San Gregorio Magno,San Gregorio Magno,Sud,Campania,Salerno,Salerno,SA,CSUD
15,76,61076,San Gregorio Matese,San Gregorio Matese,Sud,Campania,Caserta,Caserta,CE,CSUD
5,45,25045,San Gregorio nelle Alpi,San Gregorio nelle Alpi,Nord-est,Veneto,Belluno,Belluno,BL,NORD
8,54,37054,San Lazzaro di Savena,San Lazzaro di Savena,Nord-est,Emilia Romagna,Bologna,Bologna,BO,NORD
8,25,99025,San Leo,San Leo,Nord-est,Emilia Romagna,Rimini,Rimini,RN,NORD
6,102,30102,San Leonardo,San Leonardo,Nord-est,Friuli Venezia Giulia,Udine,Udine,UD,NORD
4,80,21080,San Leonardo in Passiria/St. Leonhard in Passeier,San Leonardo in Passiria,Nord-est,Trentino-Alto Adige,Bolzano/Bozen,Bolzano,BZ,NORD
15,60,62060,San Leucio del Sannio,San Leucio del Sannio,Sud,Campania,Benevento,Benevento,BN,CSUD
15,61,62061,San Lorenzello,San Lorenzello,Sud,Campania,Benevento,Benevento,BN,CSUD
18,73,80073,San Lorenzo,San Lorenzo,Sud,Calabria,Reggio Calabria,Reggio Calabria,RC,CALA
7,54,8054,San Lorenzo al Mare,San Lorenzo al Mare,Nord-ovest,Liguria,Imperia,Imperia,IM,NORD
18,120,78120,San Lorenzo Bellizzi,San Lorenzo Bellizzi,Sud,Calabria,Cosenza,Cosenza,CS,CALA
18,121,78121,San Lorenzo del Vallo,San Lorenzo del Vallo,Sud,Calabria,Cosenza,Cosenza,CS,CALA
4,81,21081,San Lorenzo di Sebato/St. Lorenzen,San Lorenzo di Sebato,Nord-est,Trentino-Alto Adige,Bolzano/Bozen,Bolzano,BZ,NORD
4,231,22231,San Lorenzo Dorsino,San Lorenzo Dorsino,Nord-est,Trentino-Alto Adige,Trento,Trento,TN,NORD
11,54,41054,San Lorenzo in Campo,San Lorenzo in Campo,Centro,Marche,Pesaro e Urbino,Pesaro e Urbino,PU,CNOR
6,20,31020,San Lorenzo Isontino,San Lorenzo Isontino,Nord-est,Friuli Venezia Giulia,Gorizia,Gorizia,GO,NORD
15,62,62062,San Lorenzo Maggiore,San Lorenzo Maggiore,Sud,Campania,Benevento,Benevento,BN,CSUD
12,47,56047,San Lorenzo Nuovo,San Lorenzo Nuovo,Centro,Lazio,Viterbo,Viterbo,VT,CSUD
18,74,80074,San Luca,San Luca,Sud,Calabria,Reggio Calabria,Reggio Calabria,RC,CALA
18,122,78122,San Lucido,San Lucido,Sud,Calabria,Cosenza,Cosenza,CS,CALA
15,63,62063,San Lupo,San Lupo,Sud,Campania,Benevento,Benevento,BN,CSUD
18,110,79110,San Mango d'Aquino,San Mango d'Aquino,Sud,Calabria,Catanzaro,Catanzaro,CZ,CALA
15,121,65121,San Mango Piemonte,San Mango Piemonte,Sud,Campania,Salerno,Salerno,SA,CSUD
15,82,64082,San Mango sul Calore,San Mango sul Calore,Sud,Campania,Avellino,Avellino,AV,CSUD
15,77,61077,San Marcellino,San Marcellino,Sud,Campania,Caserta,Caserta,CE,CSUD
11,41,42041,San Marcello,San Marcello,Centro,Marche,Ancona,Ancona,AN,CNOR
9,24,47024,San Marcello Piteglio,San Marcello Piteglio,Centro,Toscana,Pistoia,Pistoia,PT,CNOR
18,123,78123,San Marco Argentano,San Marco Argentano,Sud,Calabria,Cosenza,Cosenza,CS,CALA
19,79,83079,San Marco d'Alunzio,San Marco d'Alunzio,Isole,Sicilia,Messina,Messina,ME,SICI
15,64,62064,San Marco dei Cavoti,San Marco dei Cavoti,Sud,Campania,Benevento,Benevento,BN,CSUD
15,104,61104,San Marco Evangelista,San Marco Evangelista,Sud,Campania,Caserta,Caserta,CE,CSUD
16,47,71047,San Marco in Lamis,San Marco in Lamis,Sud,Puglia,Foggia,Foggia,FG,SUD
16,48,71048,San Marco la Catola,San Marco la Catola,Sud,Puglia,Foggia,Foggia,FG,SUD
6,39,93039,San Martino al Tagliamento,San Martino al Tagliamento,Nord-est,Friuli Venezia Giulia,Pordenone,Pordenone,PN,NORD
1,99,5099,San Martino Alfieri,San Martino Alfieri,Nord-ovest,Piemonte,Asti,Asti,AT,NORD
5,73,23073,San Martino Buon Albergo,San Martino Buon Albergo,Nord-est,Veneto,Verona,Verona,VR,NORD
1,247,1247,San Martino Canavese,San Martino Canavese,Nord-ovest,Piemonte,Torino,Turin,TO,NORD
17,77,76077,San Martino d'Agri,San Martino d'Agri,Sud,Basilicata,Potenza,Potenza,PZ,SUD
3,59,20059,San Martino dall'Argine,San Martino dall'Argine,Nord-ovest,Lombardia,Mantova,Mantova,MN,NORD
3,91,19091,San Martino del Lago,San Martino del Lago,Nord-ovest,Lombardia,Cremona,Cremona,CR,NORD
18,124,78124,San Martino di Finita,San Martino di Finita,Sud,Calabria,Cosenza,Cosenza,CS,CALA
5,77,28077,San Martino di Lupari,San Martino di Lupari,Nord-est,Veneto,Padova,Padova,PD,NORD
5,44,29044,San Martino di Venezze,San Martino di Venezze,Nord-est,Veneto,Rovigo,Rovigo,RO,NORD
4,82,21082,San Martino in Badia/St. Martin in Thurn,San Martino in Badia,Nord-est,Trentino-Alto Adige,Bolzano/Bozen,Bolzano,BZ,NORD
4,83,21083,San Martino in Passiria/St. Martin in Passeier,San Martino in Passiria,Nord-est,Trentino-Alto Adige,Bolzano/Bozen,Bolzano,BZ,NORD
14,69,70069,San Martino in Pensilis,San Martino in Pensilis,Sud,Molise,Campobasso,Campobasso,CB,SUD
8,37,35037,San Martino in Rio,San Martino in Rio,Nord-est,Emilia Romagna,Reggio nell'Emilia,Reggio Emilia,RE,NORD
3,48,98048,San Martino in Strada,San Martino in Strada,Nord-ovest,Lombardia,Lodi,Lodi,LO,NORD
15,65,62065,San Martino Sannita,San Martino Sannita,Sud,Campania,Benevento,Benevento,BN,CSUD
3,137,18137,San Martino Siccomario,San Martino Siccomario,Nord-ovest,Lombardia,Pavia,Pavia,PV,NORD
13,82,69082,San Martino sulla Marrucina,San Martino sulla Marrucina,Sud,Abruzzo,Chieti,Chieti,CH,CSUD
15,83,64083,San Martino Valle Caudina,San Martino Valle Caudina,Sud,Campania,Avellino,Avellino,AV,CSUD
16,25,73025,San Marzano di San Giuseppe,San Marzano di San Giuseppe,Sud,Puglia,Taranto,Taranto,TA,SUD
1,100,5100,San Marzano Oliveto,San Marzano Oliveto,Nord-ovest,Piemonte,Asti,Asti,AT,NORD
15,122,65122,San Marzano sul Sarno,San Marzano sul Sarno,Sud,Campania,Salerno,Salerno,SA,CSUD
14,70,70070,San Massimo,San Massimo,Sud,Molise,Campobasso,Campobasso,CB,SUD
1,248,1248,San Maurizio Canavese,San Maurizio Canavese,Nord-ovest,Piemonte,Torino,Turin,TO,NORD
1,133,3133,San Maurizio d'Opaglio,San Maurizio d'Opaglio,Nord-ovest,Piemonte,Novara,Novara,NO,NORD
19,65,82065,San Mauro Castelverde,San Mauro Castelverde,Isole,Sicilia,Palermo,Palermo,PA,SICI
15,123,65123,San Mauro Cilento,San Mauro Cilento,Sud,Campania,Salerno,Salerno,SA,CSUD
5,74,23074,San Mauro di Saline,San Mauro di Saline,Nord-est,Veneto,Verona,Verona,VR,NORD
17,26,77026,San Mauro Forte,San Mauro Forte,Sud,Basilicata,Matera,Matera,MT,SUD
15,124,65124,San Mauro la Bruca,San Mauro la Bruca,Sud,Campania,Salerno,Salerno,SA,CSUD
18,20,101020,San Mauro Marchesato,San Mauro Marchesato,Sud,Calabria,Crotone,Crotone,KR,CALA
8,41,40041,San Mauro Pascoli,San Mauro Pascoli,Nord-est,Emilia Romagna,Forlç-Cesena,Forlç-Cesena,FC,NORD
1,249,1249,San Mauro Torinese,San Mauro Torinese,Nord-ovest,Piemonte,Torino,Turin,TO,NORD
5,34,27034,San Michele al Tagliamento,San Michele al Tagliamento,Nord-est,Veneto,Venezia,Venice,VE,NORD
4,167,22167,San Michele all'Adige,San Michele all'Adige,Nord-est,Trentino-Alto Adige,Trento,Trento,TN,NORD
19,43,87043,San Michele di Ganzaria,San Michele di Ganzaria,Isole,Sicilia,Catania,Catania,CT,SICI
15,84,64084,San Michele di Serino,San Michele di Serino,Sud,Campania,Avellino,Avellino,AV,CSUD
1,210,4210,San Michele Mondovç,San Michele Mondovç,Nord-ovest,Piemonte,Cuneo,Cuneo,CN,NORD
16,14,74014,San Michele Salentino,San Michele Salentino,Sud,Puglia,Brindisi,Brindisi,BR,SUD
9,32,50032,San Miniato,San Miniato,Centro,Toscana,Pisa,Pisa,PI,CNOR
15,66,62066,San Nazzaro,San Nazzaro,Sud,Campania,Benevento,Benevento,BN,CSUD
1,134,3134,San Nazzaro Sesia,San Nazzaro Sesia,Nord-ovest,Piemonte,Novara,Novara,NO,NORD
3,207,13207,San Nazzaro Val Cavargna,San Nazzaro Val Cavargna,Nord-ovest,Lombardia,Como,Como,CO,NORD
16,49,71049,San Nicandro Garganico,San Nicandro Garganico,Sud,Puglia,Foggia,Foggia,FG,SUD
20,46,95046,San Nicol? d'Arcidano,San Nicol? d'Arcidano,Isole,Sardegna,Oristano,Oristano,OR,SARD
5,46,25046,San Nicol? di Comelico,San Nicol? di Comelico,Nord-est,Veneto,Belluno,Belluno,BL,NORD
20,64,111064,San Nicol? Gerrei,San Nicol? Gerrei,Isole,Sardegna,Sud Sardegna,#N/A,SU,SARD
18,125,78125,San Nicola Arcella,San Nicola Arcella,Sud,Calabria,Cosenza,Cosenza,CS,CALA
15,85,64085,San Nicola Baronia,San Nicola Baronia,Sud,Campania,Avellino,Avellino,AV,CSUD
18,35,102035,San Nicola da Crissa,San Nicola da Crissa,Sud,Calabria,Vibo Valentia,Vibo Valentia,VV,CALA
18,21,101021,San Nicola dell'Alto,San Nicola dell'Alto,Sud,Calabria,Crotone,Crotone,KR,CALA
15,78,61078,San Nicola la Strada,San Nicola la Strada,Sud,Campania,Caserta,Caserta,CE,CSUD
15,67,62067,San Nicola Manfredi,San Nicola Manfredi,Sud,Campania,Benevento,Benevento,BN,CSUD
4,84,21084,San Pancrazio/St. Pankraz,San Pancrazio,Nord-est,Trentino-Alto Adige,Bolzano/Bozen,Bolzano,BZ,NORD
16,15,74015,San Pancrazio Salentino,San Pancrazio Salentino,Sud,Puglia,Brindisi,Brindisi,BR,SUD
3,138,17138,San Paolo,San Paolo,Nord-ovest,Lombardia,Brescia,Brescia,BS,NORD
17,20,76020,San Paolo Albanese,San Paolo Albanese,Sud,Basilicata,Potenza,Potenza,PZ,SUD
15,69,63069,San Paolo Bel Sito,San Paolo Bel Sito,Sud,Campania,Napoli,Naples,NA,CSUD
3,189,16189,San Paolo d'Argon,San Paolo d'Argon,Nord-ovest,Lombardia,Bergamo,Bergamo,BG,NORD
16,50,71050,San Paolo di Civitate,San Paolo di Civitate,Sud,Puglia,Foggia,Foggia,FG,SUD
11,42,42042,San Paolo di Jesi,San Paolo di Jesi,Centro,Marche,Ancona,Ancona,AN,CNOR
1,101,5101,San Paolo Solbrito,San Paolo Solbrito,Nord-ovest,Piemonte,Asti,Asti,AT,NORD
3,190,16190,San Pellegrino Terme,San Pellegrino Terme,Nord-ovest,Lombardia,Bergamo,Bergamo,BG,NORD
6,21,31021,San Pier d'Isonzo,San Pier d'Isonzo,Nord-est,Friuli Venezia Giulia,Gorizia,Gorizia,GO,NORD
19,80,83080,San Pier Niceto,San Pier Niceto,Isole,Sicilia,Messina,Messina,ME,SICI
19,81,83081,San Piero Patti,San Piero Patti,Isole,Sicilia,Messina,Messina,ME,SICI
18,114,79114,San Pietro a Maida,San Pietro a Maida,Sud,Calabria,Catanzaro,Catanzaro,CZ,CALA
6,103,30103,San Pietro al Natisone,San Pietro al Natisone,Nord-est,Friuli Venezia Giulia,Udine,Udine,UD,NORD
15,125,65125,San Pietro al Tanagro,San Pietro al Tanagro,Sud,Campania,Salerno,Salerno,SA,CSUD
18,115,79115,San Pietro Apostolo,San Pietro Apostolo,Sud,Calabria,Catanzaro,Catanzaro,CZ,CALA
14,43,94043,San Pietro Avellana,San Pietro Avellana,Sud,Molise,Isernia,Isernia,IS,SUD
19,44,87044,San Pietro Clarenza,San Pietro Clarenza,Isole,Sicilia,Catania,Catania,CT,SICI
5,47,25047,San Pietro di Cadore,San Pietro di Cadore,Nord-est,Veneto,Belluno,Belluno,BL,NORD
18,75,80075,San Pietro di Carid?,San Pietro di Carid?,Sud,Calabria,Reggio Calabria,Reggio Calabria,RC,CALA
5,73,26073,San Pietro di Feletto,San Pietro di Feletto,Nord-est,Veneto,Treviso,Treviso,TV,NORD
5,75,23075,San Pietro di Morubio,San Pietro di Morubio,Nord-est,Veneto,Verona,Verona,VR,NORD
18,126,78126,San Pietro in Amantea,San Pietro in Amantea,Sud,Calabria,Cosenza,Cosenza,CS,CALA
5,76,23076,San Pietro in Cariano,San Pietro in Cariano,Nord-est,Veneto,Verona,Verona,VR,NORD
8,55,37055,San Pietro in Casale,San Pietro in Casale,Nord-est,Emilia Romagna,Bologna,Bologna,BO,NORD
8,41,33041,San Pietro in Cerro,San Pietro in Cerro,Nord-est,Emilia Romagna,Piacenza,Piacenza,PC,NORD
5,78,28078,San Pietro in Gu,San Pietro in Gu,Nord-est,Veneto,Padova,Padova,PD,NORD
18,127,78127,San Pietro in Guarano,San Pietro in Guarano,Sud,Calabria,Cosenza,Cosenza,CS,CALA
16,71,75071,San Pietro in Lama,San Pietro in Lama,Sud,Puglia,Lecce,Lecce,LE,SUD
15,79,61079,San Pietro Infine,San Pietro Infine,Sud,Campania,Caserta,Caserta,CE,CSUD
1,135,3135,San Pietro Mosezzo,San Pietro Mosezzo,Nord-ovest,Piemonte,Novara,Novara,NO,NORD
5,94,24094,San Pietro Mussolino,San Pietro Mussolino,Nord-est,Veneto,Vicenza,Vicenza,VI,NORD
1,250,1250,San Pietro Val Lemina,San Pietro Val Lemina,Nord-ovest,Piemonte,Torino,Turin,TO,NORD
16,16,74016,San Pietro Vernotico,San Pietro Vernotico,Sud,Puglia,Brindisi,Brindisi,BR,SUD
5,79,28079,San Pietro Viminario,San Pietro Viminario,Nord-est,Veneto,Padova,Padova,PD,NORD
13,88,66088,San Pio delle Camere,San Pio delle Camere,Sud,Abruzzo,L'Aquila,L'Aquila,AQ,CSUD
12,96,58096,San Polo dei Cavalieri,San Polo dei Cavalieri,Centro,Lazio,Roma,Rome,RM,CSUD
8,38,35038,San Polo d'Enza,San Polo d'Enza,Nord-est,Emilia Romagna,Reggio nell'Emilia,Reggio Emilia,RE,NORD
5,74,26074,San Polo di Piave,San Polo di Piave,Nord-est,Veneto,Treviso,Treviso,TV,NORD
14,71,70071,San Polo Matese,San Polo Matese,Sud,Molise,Campobasso,Campobasso,CB,SUD
1,251,1251,San Ponso,San Ponso,Nord-ovest,Piemonte,Torino,Turin,TO,NORD
8,38,36038,San Possidonio,San Possidonio,Nord-est,Emilia Romagna,Modena,Modena,MO,NORD
15,80,61080,San Potito Sannitico,San Potito Sannitico,Sud,Campania,Caserta,Caserta,CE,CSUD
15,86,64086,San Potito Ultra,San Potito Ultra,Sud,Campania,Avellino,Avellino,AV,CSUD
15,81,61081,San Prisco,San Prisco,Sud,Campania,Caserta,Caserta,CE,CSUD
18,76,80076,San Procopio,San Procopio,Sud,Calabria,Reggio Calabria,Reggio Calabria,RC,CALA
8,39,36039,San Prospero,San Prospero,Nord-est,Emilia Romagna,Modena,Modena,MO,NORD
9,30,52030,San Quirico d'Orcia,San Quirico d'Orcia,Centro,Toscana,Siena,Siena,SI,CNOR
6,40,93040,San Quirino,San Quirino,Nord-est,Friuli Venezia Giulia,Pordenone,Pordenone,PN,NORD
1,252,1252,San Raffaele Cimena,San Raffaele Cimena,Nord-ovest,Piemonte,Torino,Turin,TO,NORD
18,77,80077,San Roberto,San Roberto,Sud,Calabria,Reggio Calabria,Reggio Calabria,RC,CALA
3,49,98049,San Rocco al Porto,San Rocco al Porto,Nord-ovest,Lombardia,Lodi,Lodi,LO,NORD
9,27,46027,San Romano in Garfagnana,San Romano in Garfagnana,Centro,Toscana,Lucca,Lucca,LU,CNOR
15,126,65126,San Rufo,San Rufo,Sud,Campania,Salerno,Salerno,SA,CSUD
19,82,83082,San Salvatore di Fitalia,San Salvatore di Fitalia,Isole,Sicilia,Messina,Messina,ME,SICI
1,154,6154,San Salvatore Monferrato,San Salvatore Monferrato,Nord-ovest,Piemonte,Alessandria,Alessandria,AL,NORD
15,68,62068,San Salvatore Telesino,San Salvatore Telesino,Sud,Campania,Benevento,Benevento,BN,CSUD
13,83,69083,San Salvo,San Salvo,Sud,Abruzzo,Chieti,Chieti,CH,CSUD
15,70,63070,San Sebastiano al Vesuvio,San Sebastiano al Vesuvio,Sud,Campania,Napoli,Naples,NA,CSUD
1,155,6155,San Sebastiano Curone,San Sebastiano Curone,Nord-ovest,Piemonte,Alessandria,Alessandria,AL,NORD
1,253,1253,San Sebastiano da Po,San Sebastiano da Po,Nord-ovest,Piemonte,Torino,Turin,TO,NORD
1,254,1254,San Secondo di Pinerolo,San Secondo di Pinerolo,Nord-ovest,Piemonte,Torino,Turin,TO,NORD
8,33,34033,San Secondo Parmense,San Secondo Parmense,Nord-est,Emilia Romagna,Parma,Parma,PR,NORD
17,78,76078,San Severino Lucano,San Severino Lucano,Sud,Basilicata,Potenza,Potenza,PZ,SUD
11,47,43047,San Severino Marche,San Severino Marche,Centro,Marche,Macerata,Macerata,MC,CNOR
16,51,71051,San Severo,San Severo,Sud,Puglia,Foggia,Foggia,FG,SUD
3,248,13248,San Siro,San Siro,Nord-ovest,Lombardia,Como,Como,CO,NORD
15,87,64087,San Sossio Baronia,San Sossio Baronia,Sud,Campania,Avellino,Avellino,AV,CSUD
18,116,79116,San Sostene,San Sostene,Sud,Calabria,Catanzaro,Catanzaro,CZ,CALA
18,128,78128,San Sosti,San Sosti,Sud,Calabria,Cosenza,Cosenza,CS,CALA
20,65,111065,San Sperate,San Sperate,Isole,Sardegna,Sud Sardegna,#N/A,SU,SARD
5,36,27036,San Stino di Livenza,San Stino di Livenza,Nord-est,Veneto,Venezia,Venice,VE,NORD
15,85,61085,San Tammaro,San Tammaro,Sud,Campania,Caserta,Caserta,CE,CSUD
19,90,83090,San Teodoro,San Teodoro,Isole,Sicilia,Messina,Messina,ME,SICI
20,92,90092,San Teodoro,San Teodoro,Isole,Sardegna,Sassari,Sassari,SS,SARD
5,49,25049,San Tomaso Agordino,San Tomaso Agordino,Nord-est,Veneto,Belluno,Belluno,BL,NORD
13,38,68038,San Valentino in Abruzzo Citeriore,San Valentino in Abruzzo Citeriore,Sud,Abruzzo,Pescara,Pescara,PE,CSUD
15,132,65132,San Valentino Torio,San Valentino Torio,Sud,Campania,Salerno,Salerno,SA,CSUD
10,30,55030,San Venanzo,San Venanzo,Centro,Umbria,Terni,Terni,TR,CSUD
5,76,26076,San Vendemiano,San Vendemiano,Nord-est,Veneto,Treviso,Treviso,TV,NORD
20,50,95050,San Vero Milis,San Vero Milis,Isole,Sardegna,Oristano,Oristano,OR,SARD
9,18,49018,San Vincenzo,San Vincenzo,Centro,Toscana,Livorno,Livorno,LI,CNOR
18,135,78135,San Vincenzo La Costa,San Vincenzo La Costa,Sud,Calabria,Cosenza,Cosenza,CS,CALA
13,92,66092,San Vincenzo Valle Roveto,San Vincenzo Valle Roveto,Sud,Abruzzo,L'Aquila,L'Aquila,AQ,CSUD
15,75,63075,San Vitaliano,San Vitaliano,Sud,Campania,Napoli,Naples,NA,CSUD
20,66,111066,San Vito,San Vito,Isole,Sardegna,Sud Sardegna,#N/A,SU,SARD
6,41,93041,San Vito al Tagliamento,San Vito al Tagliamento,Nord-est,Friuli Venezia Giulia,Pordenone,Pordenone,PN,NORD
6,105,30105,San Vito al Torre,San Vito al Torre,Nord-est,Friuli Venezia Giulia,Udine,Udine,UD,NORD
13,86,69086,San Vito Chietino,San Vito Chietino,Sud,Abruzzo,Chieti,Chieti,CH,CSUD
16,17,74017,San Vito dei Normanni,San Vito dei Normanni,Sud,Puglia,Brindisi,Brindisi,BR,SUD
5,51,25051,San Vito di Cadore,San Vito di Cadore,Nord-est,Veneto,Belluno,Belluno,BL,NORD
6,106,30106,San Vito di Fagagna,San Vito di Fagagna,Nord-est,Friuli Venezia Giulia,Udine,Udine,UD,NORD
5,96,24096,San Vito di Leguzzano,San Vito di Leguzzano,Nord-est,Veneto,Vicenza,Vicenza,VI,NORD
19,20,81020,San Vito Lo Capo,San Vito Lo Capo,Isole,Sicilia,Trapani,Trapani,TP,SICI
12,100,58100,San Vito Romano,San Vito Romano,Centro,Lazio,Roma,Rome,RM,CSUD
18,122,79122,San Vito sullo Ionio,San Vito sullo Ionio,Sud,Calabria,Catanzaro,Catanzaro,CZ,CALA
12,70,60070,San Vittore del Lazio,San Vittore del Lazio,Centro,Lazio,Frosinone,Frosinone,FR,CSUD
3,201,15201,San Vittore Olona,San Vittore Olona,Nord-ovest,Lombardia,Milano,Milan,MI,NORD
5,79,23079,San Zeno di Montagna,San Zeno di Montagna,Nord-est,Veneto,Verona,Verona,VR,NORD
3,173,17173,San Zeno Naviglio,San Zeno Naviglio,Nord-ovest,Lombardia,Brescia,Brescia,BS,NORD
3,202,15202,San Zenone al Lambro,San Zenone al Lambro,Nord-ovest,Lombardia,Milano,Milan,MI,NORD
3,145,18145,San Zenone al Po,San Zenone al Po,Nord-ovest,Lombardia,Pavia,Pavia,PV,NORD
5,77,26077,San Zenone degli Ezzelini,San Zenone degli Ezzelini,Nord-est,Veneto,Treviso,Treviso,TV,NORD
16,67,75067,Sanarica,Sanarica,Sud,Puglia,Lecce,Lecce,LE,SUD
1,59,96059,Sandigliano,Sandigliano,Nord-ovest,Piemonte,Biella,Biella,BI,NORD
5,91,24091,Sandrigo,Sandrigo,Nord-est,Veneto,Vicenza,Vicenza,VI,NORD
1,208,4208,Sanfr?,Sanfr?,Nord-ovest,Piemonte,Cuneo,Cuneo,CN,NORD
1,209,4209,Sanfront,Sanfront,Nord-ovest,Piemonte,Cuneo,Cuneo,CN,NORD
1,241,1241,Sangano,Sangano,Nord-ovest,Piemonte,Torino,Turin,TO,NORD
3,141,12141,Sangiano,Sangiano,Nord-ovest,Lombardia,Varese,Varese,VA,NORD
18,117,78117,Sangineto,Sangineto,Sud,Calabria,Cosenza,Cosenza,CS,CALA
5,72,23072,Sanguinetto,Sanguinetto,Nord-est,Veneto,Verona,Verona,VR,NORD
20,67,111067,Sanluri,Sanluri,Isole,Sardegna,Sud Sardegna,#N/A,SU,SARD
3,138,18138,Sannazzaro de' Burgondi,Sannazzaro de' Burgondi,Nord-ovest,Lombardia,Pavia,Pavia,PV,NORD
16,40,72040,Sannicandro di Bari,Sannicandro di Bari,Sud,Puglia,Bari,Bari,BA,SUD
16,70,75070,Sannicola,Sannicola,Sud,Puglia,Lecce,Lecce,LE,SUD
7,55,8055,Sanremo,Sanremo,Nord-ovest,Liguria,Imperia,Imperia,IM,NORD
9,34,51034,Sansepolcro,Sansepolcro,Centro,Toscana,Arezzo,Arezzo,AR,CNOR
3,191,16191,Santa Brigida,Santa Brigida,Nord-ovest,Lombardia,Bergamo,Bergamo,BG,NORD
18,129,78129,Santa Caterina Albanese,Santa Caterina Albanese,Sud,Calabria,Cosenza,Cosenza,CS,CALA
18,117,79117,Santa Caterina dello Ionio,Santa Caterina dello Ionio,Sud,Calabria,Catanzaro,Catanzaro,CZ,CALA
19,17,85017,Santa Caterina Villarmosa,Santa Caterina Villarmosa,Isole,Sicilia,Caltanissetta,Caltanissetta,CL,SICI
16,72,75072,Santa Cesarea Terme,Santa Cesarea Terme,Sud,Puglia,Lecce,Lecce,LE,SUD
18,78,80078,Santa Cristina d'Aspromonte,Santa Cristina d'Aspromonte,Sud,Calabria,Reggio Calabria,Reggio Calabria,RC,CALA
3,139,18139,Santa Cristina e Bissone,Santa Cristina e Bissone,Nord-ovest,Lombardia,Pavia,Pavia,PV,NORD
19,66,82066,Santa Cristina Gela,Santa Cristina Gela,Isole,Sicilia,Palermo,Palermo,PA,SICI
4,85,21085,Santa Cristina Valgardena/St. Christina in Gr?den,Santa Cristina Valgardena,Nord-est,Trentino-Alto Adige,Bolzano/Bozen,Bolzano,BZ,NORD
19,10,88010,Santa Croce Camerina,Santa Croce Camerina,Isole,Sicilia,Ragusa,Ragusa,RG,SICI
15,69,62069,Santa Croce del Sannio,Santa Croce del Sannio,Sud,Campania,Benevento,Benevento,BN,CSUD
14,72,70072,Santa Croce di Magliano,Santa Croce di Magliano,Sud,Molise,Campobasso,Campobasso,CB,SUD
9,33,50033,Santa Croce sull'Arno,Santa Croce sull'Arno,Centro,Toscana,Pisa,Pisa,PI,CNOR
18,130,78130,Santa Domenica Talao,Santa Domenica Talao,Sud,Calabria,Cosenza,Cosenza,CS,CALA
19,83,83083,Santa Domenica Vittoria,Santa Domenica Vittoria,Isole,Sicilia,Messina,Messina,ME,SICI
19,37,84037,Santa Elisabetta,Santa Elisabetta,Isole,Sicilia,Agrigento,Agrigento,AG,SICI
9,22,53022,Santa Fiora,Santa Fiora,Centro,Toscana,Grosseto,Grosseto,GR,CNOR
19,67,82067,Santa Flavia,Santa Flavia,Isole,Sicilia,Palermo,Palermo,PA,SICI
3,140,18140,Santa Giuletta,Santa Giuletta,Nord-ovest,Lombardia,Pavia,Pavia,PV,NORD
20,47,95047,Santa Giusta,Santa Giusta,Isole,Sardegna,Oristano,Oristano,OR,SARD
5,48,25048,Santa Giustina,Santa Giustina,Nord-est,Veneto,Belluno,Belluno,BL,NORD
5,80,28080,Santa Giustina in Colle,Santa Giustina in Colle,Nord-est,Veneto,Padova,Padova,PD,NORD
9,34,50034,Santa Luce,Santa Luce,Centro,Toscana,Pisa,Pisa,PI,CNOR
19,86,83086,Santa Lucia del Mela,Santa Lucia del Mela,Isole,Sicilia,Messina,Messina,ME,SICI
5,75,26075,Santa Lucia di Piave,Santa Lucia di Piave,Nord-est,Veneto,Treviso,Treviso,TV,NORD
15,88,64088,Santa Lucia di Serino,Santa Lucia di Serino,Sud,Campania,Avellino,Avellino,AV,CSUD
19,38,84038,Santa Margherita di Belice,Santa Margherita di Belice,Isole,Sicilia,Agrigento,Agrigento,AG,SICI
3,142,18142,Santa Margherita di Staffora,Santa Margherita di Staffora,Nord-ovest,Lombardia,Pavia,Pavia,PV,NORD
7,54,10054,Santa Margherita Ligure,Santa Margherita Ligure,Nord-ovest,Liguria,Genova,Genoa,GE,NORD
9,35,50035,Santa Maria a Monte,Santa Maria a Monte,Centro,Toscana,Pisa,Pisa,PI,CNOR
15,82,61082,Santa Maria a Vico,Santa Maria a Vico,Sud,Campania,Caserta,Caserta,CE,CSUD
15,83,61083,Santa Maria Capua Vetere,Santa Maria Capua Vetere,Sud,Campania,Caserta,Caserta,CE,CSUD
20,87,90087,Santa Maria Coghinas,Santa Maria Coghinas,Isole,Sardegna,Sassari,Sassari,SS,SARD
18,132,78132,Santa Maria del Cedro,Santa Maria del Cedro,Sud,Calabria,Cosenza,Cosenza,CS,CALA
14,45,94045,Santa Maria del Molise,Santa Maria del Molise,Sud,Molise,Isernia,Isernia,IS,SUD
3,143,18143,Santa Maria della Versa,Santa Maria della Versa,Nord-ovest,Lombardia,Pavia,Pavia,PV,NORD
19,47,87047,Santa Maria di Licodia,Santa Maria di Licodia,Isole,Sicilia,Catania,Catania,CT,SICI
5,35,27035,Santa Maria di Sala,Santa Maria di Sala,Nord-est,Veneto,Venezia,Venice,VE,NORD
3,74,97074,Santa Maria Ho?,Santa Maria Ho?,Nord-ovest,Lombardia,Lecco,Lecco,LC,NORD
13,84,69084,Santa Maria Imbaro,Santa Maria Imbaro,Sud,Abruzzo,Chieti,Chieti,CH,CSUD
15,90,63090,Santa Maria la Carit?,Santa Maria la Carit?,Sud,Campania,Napoli,Naples,NA,CSUD
15,84,61084,Santa Maria la Fossa,Santa Maria la Fossa,Sud,Campania,Caserta,Caserta,CE,CSUD
6,104,30104,Santa Maria la Longa,Santa Maria la Longa,Nord-est,Friuli Venezia Giulia,Udine,Udine,UD,NORD
1,62,103062,Santa Maria Maggiore,Santa Maria Maggiore,Nord-ovest,Piemonte,Verbano-Cusio-Ossola,Verbano-Cusio-Ossola,VB,NORD
11,43,42043,Santa Maria Nuova,Santa Maria Nuova,Centro,Marche,Ancona,Ancona,AN,CNOR
15,127,65127,Santa Marina,Santa Marina,Sud,Campania,Salerno,Salerno,SA,CSUD
19,87,83087,Santa Marina Salina,Santa Marina Salina,Isole,Sicilia,Messina,Messina,ME,SICI
12,97,58097,Santa Marinella,Santa Marinella,Centro,Lazio,Roma,Rome,RM,CSUD
19,19,81019,Santa Ninfa,Santa Ninfa,Isole,Sicilia,Trapani,Trapani,TP,SICI
15,93,64093,Santa Paolina,Santa Paolina,Sud,Campania,Avellino,Avellino,AV,CSUD
18,22,101022,Santa Severina,Santa Severina,Sud,Calabria,Crotone,Crotone,KR,CALA
8,43,40043,Santa Sofia,Santa Sofia,Nord-est,Emilia Romagna,Forlç-Cesena,Forlç-Cesena,FC,NORD
18,133,78133,Santa Sofia d'Epiro,Santa Sofia d'Epiro,Sud,Calabria,Cosenza,Cosenza,CS,CALA
19,89,83089,Santa Teresa di Riva,Santa Teresa di Riva,Isole,Sicilia,Messina,Messina,ME,SICI
20,63,90063,Santa Teresa Gallura,Santa Teresa Gallura,Isole,Sardegna,Sassari,Sassari,SS,SARD
19,48,87048,Santa Venerina,Santa Venerina,Isole,Sicilia,Catania,Catania,CT,SICI
1,212,4212,Santa Vittoria d'Alba,Santa Vittoria d'Alba,Nord-ovest,Piemonte,Cuneo,Cuneo,CN,NORD
11,36,109036,Santa Vittoria in Matenano,Santa Vittoria in Matenano,Centro,Marche,Fermo,Fermo,FM,CNOR
20,68,111068,Santadi,Santadi,Isole,Sardegna,Sud Sardegna,#N/A,SU,SARD
14,44,94044,Sant'Agapito,Sant'Agapito,Sud,Molise,Isernia,Isernia,IS,SUD
8,56,37056,Sant'Agata Bolognese,Sant'Agata Bolognese,Nord-est,Emilia Romagna,Bologna,Bologna,BO,NORD
15,70,62070,Sant'Agata de' Goti,Sant'Agata de' Goti,Sud,Campania,Benevento,Benevento,BN,CSUD
18,79,80079,Sant'Agata del Bianco,Sant'Agata del Bianco,Sud,Calabria,Reggio Calabria,Reggio Calabria,RC,CALA
18,131,78131,Sant'Agata di Esaro,Sant'Agata di Esaro,Sud,Calabria,Cosenza,Cosenza,CS,CALA
19,84,83084,Sant'Agata di Militello,Sant'Agata di Militello,Isole,Sicilia,Messina,Messina,ME,SICI
16,52,71052,Sant'Agata di Puglia,Sant'Agata di Puglia,Sud,Puglia,Foggia,Foggia,FG,SUD
8,26,99026,Sant'Agata Feltria,Sant'Agata Feltria,Nord-est,Emilia Romagna,Rimini,Rimini,RN,NORD
1,156,6156,Sant'Agata Fossili,Sant'Agata Fossili,Nord-ovest,Piemonte,Alessandria,Alessandria,AL,NORD
19,45,87045,Sant'Agata li Battiati,Sant'Agata li Battiati,Isole,Sicilia,Catania,Catania,CT,SICI
8,17,39017,Sant'Agata sul Santerno,Sant'Agata sul Santerno,Nord-est,Emilia Romagna,Ravenna,Ravenna,RA,NORD
15,71,63071,Sant'Agnello,Sant'Agnello,Sud,Campania,Napoli,Naples,NA,CSUD
1,211,4211,Sant'Albano Stura,Sant'Albano Stura,Nord-ovest,Piemonte,Cuneo,Cuneo,CN,NORD
3,141,18141,Sant'Alessio con Vialone,Sant'Alessio con Vialone,Nord-ovest,Lombardia,Pavia,Pavia,PV,NORD
18,80,80080,Sant'Alessio in Aspromonte,Sant'Alessio in Aspromonte,Sud,Calabria,Reggio Calabria,Reggio Calabria,RC,CALA
19,85,83085,Sant'Alessio Siculo,Sant'Alessio Siculo,Isole,Sicilia,Messina,Messina,ME,SICI
19,46,87046,Sant'Alfio,Sant'Alfio,Isole,Sicilia,Catania,Catania,CT,SICI
1,255,1255,Sant'Ambrogio di Torino,Sant'Ambrogio di Torino,Nord-ovest,Piemonte,Torino,Turin,TO,NORD
5,77,23077,Sant'Ambrogio di Valpolicella,Sant'Ambrogio di Valpolicella,Nord-est,Veneto,Verona,Verona,VR,NORD
12,65,60065,Sant'Ambrogio sul Garigliano,Sant'Ambrogio sul Garigliano,Centro,Lazio,Frosinone,Frosinone,FR,CSUD
15,72,63072,Sant'Anastasia,Sant'Anastasia,Sud,Campania,Napoli,Naples,NA,CSUD
10,45,54045,Sant'Anatolia di Narco,Sant'Anatolia di Narco,Centro,Umbria,Perugia,Perugia,PG,CSUD
18,118,79118,Sant'Andrea Apostolo dello Ionio,Sant'Andrea Apostolo dello Ionio,Sud,Calabria,Catanzaro,Catanzaro,CZ,CALA
12,66,60066,Sant'Andrea del Garigliano,Sant'Andrea del Garigliano,Centro,Lazio,Frosinone,Frosinone,FR,CSUD
15,89,64089,Sant'Andrea di Conza,Sant'Andrea di Conza,Sud,Campania,Avellino,Avellino,AV,CSUD
20,69,111069,Sant'Andrea Frius,Sant'Andrea Frius,Isole,Sardegna,Sud Sardegna,#N/A,SU,SARD
15,71,62071,Sant'Angelo a Cupolo,Sant'Angelo a Cupolo,Sud,Campania,Benevento,Benevento,BN,CSUD
15,128,65128,Sant'Angelo a Fasanella,Sant'Angelo a Fasanella,Sud,Campania,Salerno,Salerno,SA,CSUD
15,91,64091,Sant'Angelo a Scala,Sant'Angelo a Scala,Sud,Campania,Avellino,Avellino,AV,CSUD
15,90,64090,Sant'Angelo all'Esca,Sant'Angelo all'Esca,Sud,Campania,Avellino,Avellino,AV,CSUD
15,86,61086,Sant'Angelo d'Alife,Sant'Angelo d'Alife,Sud,Campania,Caserta,Caserta,CE,CSUD
15,92,64092,Sant'Angelo dei Lombardi,Sant'Angelo dei Lombardi,Sud,Campania,Avellino,Avellino,AV,CSUD
14,46,94046,Sant'Angelo del Pesco,Sant'Angelo del Pesco,Sud,Molise,Isernia,Isernia,IS,SUD
19,88,83088,Sant'Angelo di Brolo,Sant'Angelo di Brolo,Isole,Sicilia,Messina,Messina,ME,SICI
5,82,28082,Sant'Angelo di Piove di Sacco,Sant'Angelo di Piove di Sacco,Nord-est,Veneto,Padova,Padova,PD,NORD
11,48,43048,Sant'Angelo in Pontano,Sant'Angelo in Pontano,Centro,Marche,Macerata,Macerata,MC,CNOR
11,57,41057,Sant'Angelo in Vado,Sant'Angelo in Vado,Centro,Marche,Pesaro e Urbino,Pesaro e Urbino,PU,CNOR
17,79,76079,Sant'Angelo Le Fratte,Sant'Angelo Le Fratte,Sud,Basilicata,Potenza,Potenza,PZ,SUD
14,73,70073,Sant'Angelo Limosano,Sant'Angelo Limosano,Sud,Molise,Campobasso,Campobasso,CB,SUD
3,50,98050,Sant'Angelo Lodigiano,Sant'Angelo Lodigiano,Nord-ovest,Lombardia,Lodi,Lodi,LO,NORD
3,144,18144,Sant'Angelo Lomellina,Sant'Angelo Lomellina,Nord-ovest,Lombardia,Pavia,Pavia,PV,NORD
19,39,84039,Sant'Angelo Muxaro,Sant'Angelo Muxaro,Isole,Sicilia,Agrigento,Agrigento,AG,SICI
12,98,58098,Sant'Angelo Romano,Sant'Angelo Romano,Centro,Lazio,Roma,Rome,RM,CSUD
20,70,111070,Sant'Anna Arresi,Sant'Anna Arresi,Isole,Sardegna,Sud Sardegna,#N/A,SU,SARD
5,78,23078,Sant'Anna d'Alfaedo,Sant'Anna d'Alfaedo,Nord-est,Veneto,Verona,Verona,VR,NORD
15,73,63073,Sant'Antimo,Sant'Antimo,Sud,Campania,Napoli,Naples,NA,CSUD
20,71,111071,Sant'Antioco,Sant'Antioco,Isole,Sardegna,Sud Sardegna,#N/A,SU,SARD
1,256,1256,Sant'Antonino di Susa,Sant'Antonino di Susa,Nord-ovest,Piemonte,Torino,Turin,TO,NORD
15,74,63074,Sant'Antonio Abate,Sant'Antonio Abate,Sud,Campania,Napoli,Naples,NA,CSUD
20,85,90085,Sant'Antonio di Gallura,Sant'Antonio di Gallura,Isole,Sardegna,Sassari,Sassari,SS,SARD
12,67,60067,Sant'Apollinare,Sant'Apollinare,Centro,Lazio,Frosinone,Frosinone,FR,CSUD
17,80,76080,Sant'Arcangelo,Sant'Arcangelo,Sud,Basilicata,Potenza,Potenza,PZ,SUD
8,18,99018,Santarcangelo di Romagna,Santarcangelo di Romagna,Nord-est,Emilia Romagna,Rimini,Rimini,RN,NORD
15,78,62078,Sant'Arcangelo Trimonte,Sant'Arcangelo Trimonte,Sud,Campania,Benevento,Benevento,BN,CSUD
15,87,61087,Sant'Arpino,Sant'Arpino,Sud,Campania,Caserta,Caserta,CE,CSUD
15,129,65129,Sant'Arsenio,Sant'Arsenio,Sud,Campania,Salerno,Salerno,SA,CSUD
13,89,66089,Sante Marie,Sante Marie,Sud,Abruzzo,L'Aquila,L'Aquila,AQ,CSUD
13,38,67038,Sant'Egidio alla Vibrata,Sant'Egidio alla Vibrata,Sud,Abruzzo,Teramo,Teramo,TE,CSUD
15,130,65130,Sant'Egidio del Monte Albino,Sant'Egidio del Monte Albino,Sud,Campania,Salerno,Salerno,SA,CSUD
5,83,28083,Sant'Elena,Sant'Elena,Nord-est,Veneto,Padova,Padova,PD,NORD
14,47,94047,Sant'Elena Sannita,Sant'Elena Sannita,Sud,Molise,Isernia,Isernia,IS,SUD
14,74,70074,Sant'Elia a Pianisi,Sant'Elia a Pianisi,Sud,Molise,Campobasso,Campobasso,CB,SUD
12,68,60068,Sant'Elia Fiumerapido,Sant'Elia Fiumerapido,Centro,Lazio,Frosinone,Frosinone,FR,CSUD
11,37,109037,Sant'Elpidio a Mare,Sant'Elpidio a Mare,Centro,Marche,Fermo,Fermo,FM,CNOR
1,257,1257,Santena,Santena,Nord-ovest,Piemonte,Torino,Turin,TO,NORD
16,41,72041,Santeramo in Colle,Santeramo in Colle,Sud,Puglia,Bari,Bari,BA,SUD
13,37,68037,Sant'Eufemia a Maiella,Sant'Eufemia a Maiella,Sud,Abruzzo,Pescara,Pescara,PE,CSUD
18,81,80081,Sant'Eufemia d'Aspromonte,Sant'Eufemia d'Aspromonte,Sud,Calabria,Reggio Calabria,Reggio Calabria,RC,CALA
13,85,69085,Sant'Eusanio del Sangro,Sant'Eusanio del Sangro,Sud,Abruzzo,Chieti,Chieti,CH,CSUD
13,90,66090,Sant'Eusanio Forconese,Sant'Eusanio Forconese,Sud,Abruzzo,L'Aquila,L'Aquila,AQ,CSUD
1,133,2133,Santhi?,Santhi?,Nord-ovest,Piemonte,Vercelli,Vercelli,VC,NORD
12,26,59026,Santi Cosma e Damiano,Santi Cosma e Damiano,Centro,Lazio,Latina,Latina,LT,CSUD
18,82,80082,Sant'Ilario dello Ionio,Sant'Ilario dello Ionio,Sud,Calabria,Reggio Calabria,Reggio Calabria,RC,CALA
8,39,35039,Sant'Ilario d'Enza,Sant'Ilario d'Enza,Nord-est,Emilia Romagna,Reggio nell'Emilia,Reggio Emilia,RE,NORD
11,58,41058,Sant'Ippolito,Sant'Ippolito,Centro,Marche,Pesaro e Urbino,Pesaro e Urbino,PU,CNOR
7,56,8056,Santo Stefano al Mare,Santo Stefano al Mare,Nord-ovest,Liguria,Imperia,Imperia,IM,NORD
1,213,4213,Santo Stefano Belbo,Santo Stefano Belbo,Nord-ovest,Piemonte,Cuneo,Cuneo,CN,NORD
7,56,10056,Santo Stefano d'Aveto,Santo Stefano d'Aveto,Nord-ovest,Liguria,Genova,Genoa,GE,NORD
15,95,64095,Santo Stefano del Sole,Santo Stefano del Sole,Sud,Campania,Avellino,Avellino,AV,CSUD
5,50,25050,Santo Stefano di Cadore,Santo Stefano di Cadore,Nord-est,Veneto,Belluno,Belluno,BL,NORD
19,91,83091,Santo Stefano di Camastra,Santo Stefano di Camastra,Isole,Sicilia,Messina,Messina,ME,SICI
7,26,11026,Santo Stefano di Magra,Santo Stefano di Magra,Nord-ovest,Liguria,La Spezia,La Spezia,SP,NORD
18,134,78134,Santo Stefano di Rogliano,Santo Stefano di Rogliano,Sud,Calabria,Cosenza,Cosenza,CS,CALA
13,91,66091,Santo Stefano di Sessanio,Santo Stefano di Sessanio,Sud,Abruzzo,L'Aquila,L'Aquila,AQ,CSUD
18,83,80083,Santo Stefano in Aspromonte,Santo Stefano in Aspromonte,Sud,Calabria,Reggio Calabria,Reggio Calabria,RC,CALA
3,51,98051,Santo Stefano Lodigiano,Santo Stefano Lodigiano,Nord-ovest,Lombardia,Lodi,Lodi,LO,NORD
19,40,84040,Santo Stefano Quisquina,Santo Stefano Quisquina,Isole,Sicilia,Agrigento,Agrigento,AG,SICI
1,214,4214,Santo Stefano Roero,Santo Stefano Roero,Nord-ovest,Piemonte,Cuneo,Cuneo,CN,NORD
3,200,15200,Santo Stefano Ticino,Santo Stefano Ticino,Nord-ovest,Lombardia,Milano,Milan,MI,NORD
7,55,10055,Sant'Olcese,Sant'Olcese,Nord-ovest,Liguria,Genova,Genoa,GE,NORD
15,131,65131,Santomenna,Santomenna,Sud,Campania,Salerno,Salerno,SA,CSUD
13,39,67039,Sant'Omero,Sant'Omero,Sud,Abruzzo,Teramo,Teramo,TE,CSUD
3,252,16252,Sant'Omobono Terme,Sant'Omobono Terme,Nord-ovest,Lombardia,Bergamo,Bergamo,BG,NORD
18,36,102036,Sant'Onofrio,Sant'Onofrio,Sud,Calabria,Vibo Valentia,Vibo Valentia,VV,CALA
12,69,60069,Santopadre,Santopadre,Centro,Lazio,Frosinone,Frosinone,FR,CSUD
12,99,58099,Sant'Oreste,Sant'Oreste,Centro,Lazio,Roma,Rome,RM,CSUD
5,95,24095,Santorso,Santorso,Nord-est,Veneto,Vicenza,Vicenza,VI,NORD
4,168,22168,Sant'Orsola Terme,Sant'Orsola Terme,Nord-est,Trentino-Alto Adige,Trento,Trento,TN,NORD
20,49,95049,Santu Lussurgiu,Santu Lussurgiu,Isole,Sardegna,Oristano,Oristano,OR,SARD
5,84,28084,Sant'Urbano,Sant'Urbano,Nord-est,Veneto,Padova,Padova,PD,NORD
15,133,65133,Sanza,Sanza,Sud,Campania,Salerno,Salerno,SA,CSUD
4,169,22169,Sanzeno,Sanzeno,Nord-est,Trentino-Alto Adige,Trento,Trento,TN,NORD
5,85,28085,Saonara,Saonara,Nord-est,Veneto,Padova,Padova,PD,NORD
19,92,83092,Saponara,Saponara,Isole,Sicilia,Messina,Messina,ME,SICI
6,189,30189,Sappada,Sappada,Nord-est,Friuli Venezia Giulia,Udine,Udine,UD,NORD
15,134,65134,Sapri,Sapri,Sud,Campania,Salerno,Salerno,SA,CSUD
18,136,78136,Saracena,Saracena,Sud,Calabria,Cosenza,Cosenza,CS,CALA
12,101,58101,Saracinesco,Saracinesco,Centro,Lazio,Roma,Rome,RM,CSUD
5,97,24097,Sarcedo,Sarcedo,Nord-est,Veneto,Vicenza,Vicenza,VI,NORD
17,81,76081,Sarconi,Sarconi,Sud,Basilicata,Potenza,Potenza,PZ,SUD
20,72,111072,Sardara,Sardara,Isole,Sardegna,Sud Sardegna,#N/A,SU,SARD
1,157,6157,Sardigliano,Sardigliano,Nord-ovest,Piemonte,Alessandria,Alessandria,AL,NORD
5,98,24098,Sarego,Sarego,Nord-est,Veneto,Vicenza,Vicenza,VI,NORD
4,86,21086,Sarentino/Sarntal,Sarentino,Nord-est,Trentino-Alto Adige,Bolzano/Bozen,Bolzano,BZ,NORD
1,158,6158,Sarezzano,Sarezzano,Nord-ovest,Piemonte,Alessandria,Alessandria,AL,NORD
3,174,17174,Sarezzo,Sarezzo,Nord-ovest,Lombardia,Brescia,Brescia,BS,NORD
8,42,33042,Sarmato,Sarmato,Nord-est,Emilia Romagna,Piacenza,Piacenza,PC,NORD
5,78,26078,Sarmede,Sarmede,Nord-est,Veneto,Treviso,Treviso,TV,NORD
11,49,43049,Sarnano,Sarnano,Centro,Marche,Macerata,Macerata,MC,CNOR
3,193,16193,Sarnico,Sarnico,Nord-ovest,Lombardia,Bergamo,Bergamo,BG,NORD
15,135,65135,Sarno,Sarno,Sud,Campania,Salerno,Salerno,SA,CSUD
4,170,22170,Sarnonico,Sarnonico,Nord-est,Trentino-Alto Adige,Trento,Trento,TN,NORD
3,119,12119,Saronno,Saronno,Nord-ovest,Lombardia,Varese,Varese,VA,NORD
2,66,7066,Sarre,Sarre,Nord-ovest,Valle d'Aosta,Valle d'Aosta,Aosta,AO,NORD
20,66,92066,Sarroch,Sarroch,Isole,Sardegna,Cagliari,Cagliari,CA,SARD
8,44,40044,Sarsina,Sarsina,Nord-est,Emilia Romagna,Forlç-Cesena,Forlç-Cesena,FC,NORD
9,31,52031,Sarteano,Sarteano,Centro,Toscana,Siena,Siena,SI,CNOR
3,146,18146,Sartirana Lomellina,Sartirana Lomellina,Nord-ovest,Lombardia,Pavia,Pavia,PV,NORD
20,77,91077,Sarule,Sarule,Isole,Sardegna,Nuoro,Nuoro,NU,SARD
7,27,11027,Sarzana,Sarzana,Nord-ovest,Liguria,La Spezia,La Spezia,SP,NORD
15,136,65136,Sassano,Sassano,Sud,Campania,Salerno,Salerno,SA,CSUD
20,64,90064,Sassari,Sassari,Isole,Sardegna,Sassari,Sassari,SS,SARD
7,55,9055,Sassello,Sassello,Nord-ovest,Liguria,Savona,Savona,SV,NORD
9,19,49019,Sassetta,Sassetta,Centro,Toscana,Livorno,Livorno,LI,CNOR
15,72,62072,Sassinoro,Sassinoro,Sud,Campania,Benevento,Benevento,BN,CSUD
17,82,76082,Sasso di Castalda,Sasso di Castalda,Sud,Basilicata,Potenza,Potenza,PZ,SUD
8,57,37057,Sasso Marconi,Sasso Marconi,Nord-est,Emilia Romagna,Bologna,Bologna,BO,NORD
11,71,41071,Sassocorvaro Auditore,Sassocorvaro Auditore,Centro,Marche,Pesaro e Urbino,Pesaro e Urbino,PU,CNOR
8,31,99031,Sassofeltrio,Sassofeltrio,Nord-est,Emilia Romagna,Rimini,Rimini,RN,NORD
11,44,42044,Sassoferrato,Sassoferrato,Centro,Marche,Ancona,Ancona,AN,CNOR
8,40,36040,Sassuolo,Sassuolo,Nord-est,Emilia Romagna,Modena,Modena,MO,NORD
18,123,79123,Satriano,Satriano,Sud,Calabria,Catanzaro,Catanzaro,CZ,CALA
17,83,76083,Satriano di Lucania,Satriano di Lucania,Sud,Basilicata,Potenza,Potenza,PZ,SUD
6,107,30107,Sauris,Sauris,Nord-est,Friuli Venezia Giulia,Udine,Udine,UD,NORD
1,258,1258,Sauze di Cesana,Sauze di Cesana,Nord-ovest,Piemonte,Torino,Turin,TO,NORD
1,259,1259,Sauze d'Oulx,Sauze d'Oulx,Nord-ovest,Piemonte,Torino,Turin,TO,NORD
16,26,73026,Sava,Sava,Sud,Puglia,Taranto,Taranto,TA,SUD
18,23,101023,Savelli,Savelli,Sud,Calabria,Crotone,Crotone,KR,CALA
15,76,63076,Saviano,Saviano,Sud,Campania,Napoli,Naples,NA,CSUD
1,215,4215,Savigliano,Savigliano,Nord-ovest,Piemonte,Cuneo,Cuneo,CN,NORD
15,96,64096,Savignano Irpino,Savignano Irpino,Sud,Campania,Avellino,Avellino,AV,CSUD
8,41,36041,Savignano sul Panaro,Savignano sul Panaro,Nord-est,Emilia Romagna,Modena,Modena,MO,NORD
8,45,40045,Savignano sul Rubicone,Savignano sul Rubicone,Nord-est,Emilia Romagna,Forlç-Cesena,Forlç-Cesena,FC,NORD
7,57,10057,Savignone,Savignone,Nord-ovest,Liguria,Genova,Genoa,GE,NORD
3,175,17175,Saviore dell'Adamello,Saviore dell'Adamello,Nord-ovest,Lombardia,Brescia,Brescia,BS,NORD
19,93,83093,Savoca,Savoca,Isole,Sicilia,Messina,Messina,ME,SICI
6,108,30108,Savogna,Savogna,Nord-est,Friuli Venezia Giulia,Udine,Udine,UD,NORD
6,22,31022,Savogna d'Isonzo-Sovodnje ob So?i,Savogna d'Isonzo,Nord-est,Friuli Venezia Giulia,Gorizia,Gorizia,GO,NORD
17,84,76084,Savoia di Lucania,Savoia di Lucania,Sud,Basilicata,Potenza,Potenza,PZ,SUD
7,56,9056,Savona,Savona,Nord-ovest,Liguria,Savona,Savona,SV,NORD
13,39,68039,Scafa,Scafa,Sud,Abruzzo,Pescara,Pescara,PE,CSUD
15,137,65137,Scafati,Scafati,Sud,Campania,Salerno,Salerno,SA,CSUD
1,216,4216,Scagnello,Scagnello,Nord-ovest,Piemonte,Cuneo,Cuneo,CN,NORD
15,138,65138,Scala,Scala,Sud,Campania,Salerno,Salerno,SA,CSUD
18,137,78137,Scala Coeli,Scala Coeli,Sud,Calabria,Cosenza,Cosenza,CS,CALA
3,147,18147,Scaldasole,Scaldasole,Nord-ovest,Lombardia,Pavia,Pavia,PV,NORD
18,138,78138,Scalea,Scalea,Sud,Calabria,Cosenza,Cosenza,CS,CALA
1,260,1260,Scalenghe,Scalenghe,Nord-ovest,Piemonte,Torino,Turin,TO,NORD
19,94,83094,Scaletta Zanclea,Scaletta Zanclea,Isole,Sicilia,Messina,Messina,ME,SICI
15,97,64097,Scampitella,Scampitella,Sud,Campania,Avellino,Avellino,AV,CSUD
18,24,101024,Scandale,Scandale,Sud,Calabria,Crotone,Crotone,KR,CALA
8,40,35040,Scandiano,Scandiano,Nord-est,Emilia Romagna,Reggio nell'Emilia,Reggio Emilia,RE,NORD
9,41,48041,Scandicci,Scandicci,Centro,Toscana,Firenze,Florence,FI,CNOR
3,92,19092,Scandolara Ravara,Scandolara Ravara,Nord-ovest,Lombardia,Cremona,Cremona,CR,NORD
3,93,19093,Scandolara Ripa d'Oglio,Scandolara Ripa d'Oglio,Nord-ovest,Lombardia,Cremona,Cremona,CR,NORD
12,64,57064,Scandriglia,Scandriglia,Centro,Lazio,Rieti,Rieti,RI,CSUD
13,93,66093,Scanno,Scanno,Sud,Abruzzo,L'Aquila,L'Aquila,AQ,CSUD
20,51,95051,Scano di Montiferro,Scano di Montiferro,Isole,Sardegna,Oristano,Oristano,OR,SARD
9,23,53023,Scansano,Scansano,Centro,Toscana,Grosseto,Grosseto,GR,CNOR
17,31,77031,Scanzano Jonico,Scanzano Jonico,Sud,Basilicata,Matera,Matera,MT,SUD
3,194,16194,Scanzorosciate,Scanzorosciate,Nord-ovest,Lombardia,Bergamo,Bergamo,BG,NORD
14,48,94048,Scapoli,Scapoli,Sud,Molise,Isernia,Isernia,IS,SUD
9,24,53024,Scarlino,Scarlino,Centro,Toscana,Grosseto,Grosseto,GR,CNOR
1,261,1261,Scarmagno,Scarmagno,Nord-ovest,Piemonte,Torino,Turin,TO,NORD
1,217,4217,Scarnafigi,Scarnafigi,Nord-ovest,Piemonte,Cuneo,Cuneo,CN,NORD
9,53,48053,Scarperia e San Piero,Scarperia e San Piero,Centro,Toscana,Firenze,Florence,FI,CNOR
4,87,21087,Scena/Schenna,Scena,Nord-est,Trentino-Alto Adige,Bolzano/Bozen,Bolzano,BZ,NORD
13,87,69087,Scerni,Scerni,Sud,Abruzzo,Chieti,Chieti,CH,CSUD
10,46,54046,Scheggia e Pascelupo,Scheggia e Pascelupo,Centro,Umbria,Perugia,Perugia,PG,CSUD
10,47,54047,Scheggino,Scheggino,Centro,Umbria,Perugia,Perugia,PG,CSUD
13,88,69088,Schiavi di Abruzzo,Schiavi di Abruzzo,Sud,Abruzzo,Chieti,Chieti,CH,CSUD
5,99,24099,Schiavon,Schiavon,Nord-est,Veneto,Vicenza,Vicenza,VI,NORD
3,211,13211,Schignano,Schignano,Nord-ovest,Lombardia,Como,Como,CO,NORD
3,195,16195,Schilpario,Schilpario,Nord-ovest,Lombardia,Bergamo,Bergamo,BG,NORD
5,100,24100,Schio,Schio,Nord-est,Veneto,Vicenza,Vicenza,VI,NORD
3,60,20060,Schivenoglia,Schivenoglia,Nord-ovest,Lombardia,Mantova,Mantova,MN,NORD
19,41,84041,Sciacca,Sciacca,Isole,Sicilia,Agrigento,Agrigento,AG,SICI
19,68,82068,Sciara,Sciara,Isole,Sicilia,Palermo,Palermo,PA,SICI
19,11,88011,Scicli,Scicli,Isole,Sicilia,Ragusa,Ragusa,RG,SICI
18,84,80084,Scido,Scido,Sud,Calabria,Reggio Calabria,Reggio Calabria,RC,CALA
18,139,78139,Scigliano,Scigliano,Sud,Calabria,Cosenza,Cosenza,CS,CALA
18,85,80085,Scilla,Scilla,Sud,Calabria,Reggio Calabria,Reggio Calabria,RC,CALA
19,81,82081,Scillato,Scillato,Isole,Sicilia,Palermo,Palermo,PA,SICI
1,262,1262,Sciolze,Sciolze,Nord-ovest,Piemonte,Torino,Turin,TO,NORD
15,77,63077,Scisciano,Scisciano,Sud,Campania,Napoli,Naples,NA,CSUD
19,69,82069,Sclafani Bagni,Sclafani Bagni,Isole,Sicilia,Palermo,Palermo,PA,SICI
13,94,66094,Scontrone,Scontrone,Sud,Abruzzo,L'Aquila,L'Aquila,AQ,CSUD
1,134,2134,Scopa,Scopa,Nord-ovest,Piemonte,Vercelli,Vercelli,VC,NORD
1,135,2135,Scopello,Scopello,Nord-ovest,Piemonte,Vercelli,Vercelli,VC,NORD
13,95,66095,Scoppito,Scoppito,Sud,Abruzzo,L'Aquila,L'Aquila,AQ,CSUD
19,49,87049,Scordia,Scordia,Isole,Sicilia,Catania,Catania,CT,SICI
16,73,75073,Scorrano,Scorrano,Sud,Puglia,Lecce,Lecce,LE,SUD
5,37,27037,Scorz?,Scorz?,Nord-est,Veneto,Venezia,Venice,VE,NORD
13,96,66096,Scurcola Marsicana,Scurcola Marsicana,Sud,Abruzzo,L'Aquila,L'Aquila,AQ,CSUD
4,171,22171,Scurelle,Scurelle,Nord-est,Trentino-Alto Adige,Trento,Trento,TN,NORD
1,103,5103,Scurzolengo,Scurzolengo,Nord-ovest,Piemonte,Asti,Asti,AT,NORD
7,57,8057,Seborga,Seborga,Nord-ovest,Liguria,Imperia,Imperia,IM,NORD
13,97,66097,Secinaro,Secinaro,Sud,Abruzzo,L'Aquila,L'Aquila,AQ,CSUD
16,74,75074,Seclç,Seclç,Sud,Puglia,Lecce,Lecce,LE,SUD
3,52,98052,Secugnago,Secugnago,Nord-ovest,Lombardia,Lodi,Lodi,LO,NORD
6,109,30109,Sedegliano,Sedegliano,Nord-est,Friuli Venezia Giulia,Udine,Udine,UD,NORD
5,53,25053,Sedico,Sedico,Nord-est,Veneto,Belluno,Belluno,BL,NORD
20,52,95052,Sedilo,Sedilo,Isole,Sardegna,Oristano,Oristano,OR,SARD
20,65,90065,Sedini,Sedini,Isole,Sardegna,Sassari,Sassari,SS,SARD
3,204,15204,Sedriano,Sedriano,Nord-ovest,Lombardia,Milano,Milan,MI,NORD
3,196,16196,Sedrina,Sedrina,Nord-ovest,Lombardia,Bergamo,Bergamo,BG,NORD
11,50,43050,Sefro,Sefro,Centro,Marche,Macerata,Macerata,MC,CNOR
20,73,111073,Segariu,Segariu,Isole,Sardegna,Sud Sardegna,#N/A,SU,SARD
9,25,53025,Seggiano,Seggiano,Centro,Toscana,Grosseto,Grosseto,GR,CNOR
12,102,58102,Segni,Segni,Centro,Lazio,Roma,Rome,RM,CSUD
4,172,22172,Segonzano,Segonzano,Nord-est,Trentino-Alto Adige,Trento,Trento,TN,NORD
3,205,15205,Segrate,Segrate,Nord-ovest,Lombardia,Milano,Milan,MI,NORD
5,79,26079,Segusino,Segusino,Nord-est,Veneto,Treviso,Treviso,TV,NORD
20,68,92068,Selargius,Selargius,Isole,Sardegna,Cagliari,Cagliari,CA,SARD
12,65,57065,Selci,Selci,Centro,Lazio,Rieti,Rieti,RI,CSUD
20,74,111074,Selegas,Selegas,Isole,Sardegna,Sud Sardegna,#N/A,SU,SARD
4,246,22246,Sella Giudicarie,Sella Giudicarie,Nord-est,Trentino-Alto Adige,Trento,Trento,TN,NORD
10,48,54048,Sellano,Sellano,Centro,Umbria,Perugia,Perugia,PG,CSUD
3,176,17176,Sellero,Sellero,Nord-ovest,Lombardia,Brescia,Brescia,BS,NORD
18,126,79126,Sellia,Sellia,Sud,Calabria,Catanzaro,Catanzaro,CZ,CALA
18,127,79127,Sellia Marina,Sellia Marina,Sud,Calabria,Catanzaro,Catanzaro,CZ,CALA
4,88,21088,Selva dei Molini/MÅhlwald,Selva dei Molini,Nord-est,Trentino-Alto Adige,Bolzano/Bozen,Bolzano,BZ,NORD
5,54,25054,Selva di Cadore,Selva di Cadore,Nord-est,Veneto,Belluno,Belluno,BL,NORD
5,80,23080,Selva di Progno,Selva di Progno,Nord-est,Veneto,Verona,Verona,VR,NORD
4,89,21089,Selva di Val Gardena/Wolkenstein in Gr?den,Selva di Val Gardena,Nord-est,Trentino-Alto Adige,Bolzano/Bozen,Bolzano,BZ,NORD
5,86,28086,Selvazzano Dentro,Selvazzano Dentro,Nord-est,Veneto,Padova,Padova,PD,NORD
3,197,16197,Selvino,Selvino,Nord-ovest,Lombardia,Bergamo,Bergamo,BG,NORD
20,66,90066,Semestene,Semestene,Isole,Sardegna,Sassari,Sassari,SS,SARD
3,148,18148,Semiana,Semiana,Nord-ovest,Lombardia,Pavia,Pavia,PV,NORD
18,86,80086,Seminara,Seminara,Sud,Calabria,Reggio Calabria,Reggio Calabria,RC,CALA
9,28,53028,Semproniano,Semproniano,Centro,Toscana,Grosseto,Grosseto,GR,CNOR
3,206,15206,Senago,Senago,Nord-ovest,Lombardia,Milano,Milan,MI,NORD
4,91,21091,Senales/Schnals,Senales,Nord-est,Trentino-Alto Adige,Bolzano/Bozen,Bolzano,BZ,NORD
4,118,21118,Senale-San Felice/Unsere Liebe Frau im Walde-St. Felix,Senale-San Felice,Nord-est,Trentino-Alto Adige,Bolzano/Bozen,Bolzano,BZ,NORD
20,53,95053,Seneghe,Seneghe,Isole,Sardegna,Oristano,Oristano,OR,SARD
15,98,64098,Senerchia,Senerchia,Sud,Campania,Avellino,Avellino,AV,CSUD
3,177,17177,Seniga,Seniga,Nord-ovest,Lombardia,Brescia,Brescia,BS,NORD
11,45,42045,Senigallia,Senigallia,Centro,Marche,Ancona,Ancona,AN,CNOR
20,54,95054,Senis,Senis,Isole,Sardegna,Oristano,Oristano,OR,SARD
17,85,76085,Senise,Senise,Sud,Basilicata,Potenza,Potenza,PZ,SUD
3,212,13212,Senna Comasco,Senna Comasco,Nord-ovest,Lombardia,Como,Como,CO,NORD
3,53,98053,Senna Lodigiana,Senna Lodigiana,Nord-ovest,Lombardia,Lodi,Lodi,LO,NORD
20,55,95055,Sennariolo,Sennariolo,Isole,Sardegna,Oristano,Oristano,OR,SARD
20,67,90067,Sennori,Sennori,Isole,Sardegna,Sassari,Sassari,SS,SARD
20,75,111075,Senorbç,Senorbç,Isole,Sardegna,Sud Sardegna,#N/A,SU,SARD
14,75,70075,Sepino,Sepino,Sud,Molise,Campobasso,Campobasso,CB,SUD
6,42,93042,Sequals,Sequals,Nord-est,Friuli Venezia Giulia,Pordenone,Pordenone,PN,NORD
9,28,46028,Seravezza,Seravezza,Centro,Toscana,Lucca,Lucca,LU,CNOR
20,76,111076,Serdiana,Serdiana,Isole,Sardegna,Sud Sardegna,#N/A,SU,SARD
3,39,108039,Seregno,Seregno,Nord-ovest,Lombardia,Monza e della Brianza,Monza e della Brianza,MB,NORD
5,55,25055,Seren del Grappa,Seren del Grappa,Nord-est,Veneto,Belluno,Belluno,BL,NORD
3,94,19094,Sergnano,Sergnano,Nord-ovest,Lombardia,Cremona,Cremona,CR,NORD
3,198,16198,Seriate,Seriate,Nord-ovest,Lombardia,Bergamo,Bergamo,BG,NORD
3,199,16199,Serina,Serina,Nord-ovest,Lombardia,Bergamo,Bergamo,BG,NORD
15,99,64099,Serino,Serino,Sud,Campania,Avellino,Avellino,AV,CSUD
3,178,17178,Serle,Serle,Nord-ovest,Lombardia,Brescia,Brescia,BS,NORD
3,61,20061,Sermide e Felonica,Sermide e Felonica,Nord-ovest,Lombardia,Mantova,Mantova,MN,NORD
12,27,59027,Sermoneta,Sermoneta,Centro,Lazio,Latina,Latina,LT,CSUD
5,80,26080,Sernaglia della Battaglia,Sernaglia della Battaglia,Nord-est,Veneto,Treviso,Treviso,TV,NORD
3,59,14059,Sernio,Sernio,Nord-ovest,Lombardia,Sondrio,Sondrio,SO,NORD
1,104,5104,Serole,Serole,Nord-ovest,Piemonte,Asti,Asti,AT,NORD
18,140,78140,Serra d'Aiello,Serra d'Aiello,Sud,Calabria,Cosenza,Cosenza,CS,CALA
11,46,42046,Serra de' Conti,Serra de' Conti,Centro,Marche,Ancona,Ancona,AN,CNOR
7,58,10058,Serra Ricc?,Serra Ricc?,Nord-ovest,Liguria,Genova,Genoa,GE,NORD
18,37,102037,Serra San Bruno,Serra San Bruno,Sud,Calabria,Vibo Valentia,Vibo Valentia,VV,CALA
11,47,42047,Serra San Quirico,Serra San Quirico,Centro,Marche,Ancona,Ancona,AN,CNOR
11,61,41061,Serra Sant'Abbondio,Serra Sant'Abbondio,Centro,Marche,Pesaro e Urbino,Pesaro e Urbino,PU,CNOR
16,53,71053,Serracapriola,Serracapriola,Sud,Puglia,Foggia,Foggia,FG,SUD
19,18,85018,Serradifalco,Serradifalco,Isole,Sicilia,Caltanissetta,Caltanissetta,CL,SICI
1,218,4218,Serralunga d'Alba,Serralunga d'Alba,Nord-ovest,Piemonte,Cuneo,Cuneo,CN,NORD
1,159,6159,Serralunga di Crea,Serralunga di Crea,Nord-ovest,Piemonte,Alessandria,Alessandria,AL,NORD
20,77,111077,Serramanna,Serramanna,Isole,Sardegna,Sud Sardegna,#N/A,SU,SARD
8,42,36042,Serramazzoni,Serramazzoni,Nord-est,Emilia Romagna,Modena,Modena,MO,NORD
15,139,65139,Serramezzana,Serramezzana,Sud,Campania,Salerno,Salerno,SA,CSUD
13,40,68040,Serramonacesca,Serramonacesca,Sud,Abruzzo,Pescara,Pescara,PE,CSUD
11,51,43051,Serrapetrona,Serrapetrona,Centro,Marche,Macerata,Macerata,MC,CNOR
15,78,63078,Serrara Fontana,Serrara Fontana,Sud,Campania,Napoli,Naples,NA,CSUD
18,129,79129,Serrastretta,Serrastretta,Sud,Calabria,Catanzaro,Catanzaro,CZ,CALA
18,87,80087,Serrata,Serrata,Sud,Calabria,Reggio Calabria,Reggio Calabria,RC,CALA
3,62,20062,Serravalle a Po,Serravalle a Po,Nord-ovest,Lombardia,Mantova,Mantova,MN,NORD
11,52,43052,Serravalle di Chienti,Serravalle di Chienti,Centro,Marche,Macerata,Macerata,MC,CNOR
1,219,4219,Serravalle Langhe,Serravalle Langhe,Nord-ovest,Piemonte,Cuneo,Cuneo,CN,NORD
9,20,47020,Serravalle Pistoiese,Serravalle Pistoiese,Centro,Toscana,Pistoia,Pistoia,PT,CNOR
1,160,6160,Serravalle Scrivia,Serravalle Scrivia,Nord-ovest,Piemonte,Alessandria,Alessandria,AL,NORD
1,137,2137,Serravalle Sesia,Serravalle Sesia,Nord-ovest,Piemonte,Vercelli,Vercelli,VC,NORD
15,140,65140,Serre,Serre,Sud,Campania,Salerno,Salerno,SA,CSUD
20,78,111078,Serrenti,Serrenti,Isole,Sardegna,Sud Sardegna,#N/A,SU,SARD
20,79,111079,Serri,Serri,Isole,Sardegna,Sud Sardegna,#N/A,SU,SARD
12,71,60071,Serrone,Serrone,Centro,Lazio,Frosinone,Frosinone,FR,CSUD
18,130,79130,Sersale,Sersale,Sud,Calabria,Catanzaro,Catanzaro,CZ,CALA
11,38,109038,Servigliano,Servigliano,Centro,Marche,Fermo,Fermo,FM,CNOR
15,88,61088,Sessa Aurunca,Sessa Aurunca,Sud,Campania,Caserta,Caserta,CE,CSUD
15,141,65141,Sessa Cilento,Sessa Cilento,Sud,Campania,Salerno,Salerno,SA,CSUD
1,105,5105,Sessame,Sessame,Nord-ovest,Piemonte,Asti,Asti,AT,NORD
14,49,94049,Sessano del Molise,Sessano del Molise,Sud,Molise,Isernia,Isernia,IS,SUD
7,28,11028,Sesta Godano,Sesta Godano,Nord-ovest,Liguria,La Spezia,La Spezia,SP,NORD
9,35,51035,Sestino,Sestino,Centro,Toscana,Arezzo,Arezzo,AR,CNOR
4,92,21092,Sesto/Sexten,Sesto,Nord-est,Trentino-Alto Adige,Bolzano/Bozen,Bolzano,BZ,NORD
6,43,93043,Sesto al Reghena,Sesto al Reghena,Nord-est,Friuli Venezia Giulia,Pordenone,Pordenone,PN,NORD
3,120,12120,Sesto Calende,Sesto Calende,Nord-ovest,Lombardia,Varese,Varese,VA,NORD
14,50,94050,Sesto Campano,Sesto Campano,Sud,Molise,Isernia,Isernia,IS,SUD
3,95,19095,Sesto ed Uniti,Sesto ed Uniti,Nord-ovest,Lombardia,Cremona,Cremona,CR,NORD
9,43,48043,Sesto Fiorentino,Sesto Fiorentino,Centro,Toscana,Firenze,Florence,FI,CNOR
3,209,15209,Sesto San Giovanni,Sesto San Giovanni,Nord-ovest,Lombardia,Milano,Milan,MI,NORD
8,43,36043,Sestola,Sestola,Nord-est,Emilia Romagna,Modena,Modena,MO,NORD
7,59,10059,Sestri Levante,Sestri Levante,Nord-ovest,Liguria,Genova,Genoa,GE,NORD
1,263,1263,Sestriere,Sestriere,Nord-ovest,Piemonte,Torino,Turin,TO,NORD
20,74,92074,Sestu,Sestu,Isole,Sardegna,Cagliari,Cagliari,CA,SARD
3,210,15210,Settala,Settala,Nord-ovest,Lombardia,Milano,Milan,MI,NORD
12,72,60072,Settefrati,Settefrati,Centro,Lazio,Frosinone,Frosinone,FR,CSUD
1,106,5106,Settime,Settime,Nord-ovest,Piemonte,Asti,Asti,AT,NORD
3,211,15211,Settimo Milanese,Settimo Milanese,Nord-ovest,Lombardia,Milano,Milan,MI,NORD
1,264,1264,Settimo Rottaro,Settimo Rottaro,Nord-ovest,Piemonte,Torino,Turin,TO,NORD
20,75,92075,Settimo San Pietro,Settimo San Pietro,Isole,Sardegna,Cagliari,Cagliari,CA,SARD
1,265,1265,Settimo Torinese,Settimo Torinese,Nord-ovest,Piemonte,Torino,Turin,TO,NORD
1,266,1266,Settimo Vittone,Settimo Vittone,Nord-ovest,Piemonte,Torino,Turin,TO,NORD
18,131,79131,Settingiano,Settingiano,Sud,Calabria,Catanzaro,Catanzaro,CZ,CALA
20,80,111080,Setzu,Setzu,Isole,Sardegna,Sud Sardegna,#N/A,SU,SARD
20,81,111081,Seui,Seui,Isole,Sardegna,Sud Sardegna,#N/A,SU,SARD
20,82,111082,Seulo,Seulo,Isole,Sardegna,Sud Sardegna,#N/A,SU,SARD
3,40,108040,Seveso,Seveso,Nord-ovest,Lombardia,Monza e della Brianza,Monza e della Brianza,MB,NORD
1,161,6161,Sezzadio,Sezzadio,Nord-ovest,Piemonte,Alessandria,Alessandria,AL,NORD
12,28,59028,Sezze,Sezze,Centro,Lazio,Latina,Latina,LT,CSUD
4,173,22173,Sfruz,Sfruz,Nord-est,Trentino-Alto Adige,Trento,Trento,TN,NORD
6,5,32005,Sgonico-Zgonik,Sgonico,Nord-est,Friuli Venezia Giulia,Trieste,Trieste,TS,NORD
12,73,60073,Sgurgola,Sgurgola,Centro,Lazio,Frosinone,Frosinone,FR,CSUD
20,56,95056,Siamaggiore,Siamaggiore,Isole,Sardegna,Oristano,Oristano,OR,SARD
20,57,95057,Siamanna,Siamanna,Isole,Sardegna,Oristano,Oristano,OR,SARD
15,142,65142,Siano,Siano,Sud,Campania,Salerno,Salerno,SA,CSUD
20,76,95076,Siapiccia,Siapiccia,Isole,Sardegna,Oristano,Oristano,OR,SARD
15,143,65143,Sicignano degli Alburni,Sicignano degli Alburni,Sud,Campania,Salerno,Salerno,SA,CSUD
19,42,84042,Siculiana,Siculiana,Isole,Sicilia,Agrigento,Agrigento,AG,SICI
20,83,111083,Siddi,Siddi,Isole,Sardegna,Sud Sardegna,#N/A,SU,SARD
18,88,80088,Siderno,Siderno,Sud,Calabria,Reggio Calabria,Reggio Calabria,RC,CALA
9,32,52032,Siena,Siena,Centro,Toscana,Siena,Siena,SI,CNOR
10,49,54049,Sigillo,Sigillo,Centro,Umbria,Perugia,Perugia,PG,CSUD
9,44,48044,Signa,Signa,Centro,Toscana,Firenze,Florence,FI,CNOR
4,93,21093,Silandro/Schlanders,Silandro,Nord-est,Trentino-Alto Adige,Bolzano/Bozen,Bolzano,BZ,NORD
20,83,91083,Silanus,Silanus,Isole,Sardegna,Nuoro,Nuoro,NU,SARD
5,81,26081,Silea,Silea,Nord-est,Veneto,Treviso,Treviso,TV,NORD
20,68,90068,Siligo,Siligo,Isole,Sardegna,Sassari,Sassari,SS,SARD
20,84,111084,Siliqua,Siliqua,Isole,Sardegna,Sud Sardegna,#N/A,SU,SARD
20,85,111085,Silius,Silius,Isole,Sardegna,Sud Sardegna,#N/A,SU,SARD
9,37,46037,Sillano Giuncugnano,Sillano Giuncugnano,Centro,Toscana,Lucca,Lucca,LU,CNOR
1,138,3138,Sillavengo,Sillavengo,Nord-ovest,Piemonte,Novara,Novara,NO,NORD
1,162,6162,Silvano d'Orba,Silvano d'Orba,Nord-ovest,Piemonte,Alessandria,Alessandria,AL,NORD
3,149,18149,Silvano Pietra,Silvano Pietra,Nord-ovest,Lombardia,Pavia,Pavia,PV,NORD
13,40,67040,Silvi,Silvi,Sud,Abruzzo,Teramo,Teramo,TE,CSUD
20,58,95058,Simala,Simala,Isole,Sardegna,Oristano,Oristano,OR,SARD
20,59,95059,Simaxis,Simaxis,Isole,Sardegna,Oristano,Oristano,OR,SARD
18,38,102038,Simbario,Simbario,Sud,Calabria,Vibo Valentia,Vibo Valentia,VV,CALA
18,133,79133,Simeri Crichi,Simeri Crichi,Sud,Calabria,Catanzaro,Catanzaro,CZ,CALA
19,95,83095,Sinagra,Sinagra,Isole,Sicilia,Messina,Messina,ME,SICI
9,33,52033,Sinalunga,Sinalunga,Centro,Toscana,Siena,Siena,SI,CNOR
20,84,91084,Sindia,Sindia,Isole,Sardegna,Nuoro,Nuoro,NU,SARD
20,60,95060,Sini,Sini,Isole,Sardegna,Oristano,Oristano,OR,SARD
1,220,4220,Sinio,Sinio,Nord-ovest,Piemonte,Cuneo,Cuneo,CN,NORD
20,85,91085,Siniscola,Siniscola,Isole,Sardegna,Nuoro,Nuoro,NU,SARD
20,80,92080,Sinnai,Sinnai,Isole,Sardegna,Cagliari,Cagliari,CA,SARD
18,89,80089,Sinopoli,Sinopoli,Sud,Calabria,Reggio Calabria,Reggio Calabria,RC,CALA
19,17,89017,Siracusa,Siracusa,Isole,Sicilia,Siracusa,Siracusa,SR,SICI
15,100,64100,Sirignano,Sirignano,Sud,Campania,Avellino,Avellino,AV,CSUD
20,61,95061,Siris,Siris,Isole,Sardegna,Oristano,Oristano,OR,SARD
3,179,17179,Sirmione,Sirmione,Nord-ovest,Lombardia,Brescia,Brescia,BS,NORD
11,48,42048,Sirolo,Sirolo,Centro,Marche,Ancona,Ancona,AN,CNOR
3,75,97075,Sirone,Sirone,Nord-ovest,Lombardia,Lecco,Lecco,LC,NORD
3,76,97076,Sirtori,Sirtori,Nord-ovest,Lombardia,Lecco,Lecco,LC,NORD
8,49,34049,Sissa Trecasali,Sissa Trecasali,Nord-est,Emilia Romagna,Parma,Parma,PR,NORD
20,86,111086,Siurgus Donigala,Siurgus Donigala,Isole,Sardegna,Sud Sardegna,#N/A,SU,SARD
3,150,18150,Siziano,Siziano,Nord-ovest,Lombardia,Pavia,Pavia,PV,NORD
1,139,3139,Sizzano,Sizzano,Nord-ovest,Piemonte,Novara,Novara,NO,NORD
4,94,21094,Sluderno/Schluderns,Sluderno,Nord-est,Trentino-Alto Adige,Bolzano/Bozen,Bolzano,BZ,NORD
11,39,109039,Smerillo,Smerillo,Centro,Marche,Fermo,Fermo,FM,CNOR
5,81,23081,Soave,Soave,Nord-est,Veneto,Verona,Verona,VR,NORD
6,110,30110,Socchieve,Socchieve,Nord-est,Friuli Venezia Giulia,Udine,Udine,UD,NORD
20,78,95078,Soddç,Soddç,Isole,Sardegna,Oristano,Oristano,OR,SARD
8,46,40046,Sogliano al Rubicone,Sogliano al Rubicone,Nord-est,Emilia Romagna,Forlç-Cesena,Forlç-Cesena,FC,NORD
16,75,75075,Sogliano Cavour,Sogliano Cavour,Sud,Puglia,Lecce,Lecce,LE,SUD
1,107,5107,Soglio,Soglio,Nord-ovest,Piemonte,Asti,Asti,AT,NORD
3,180,17180,Soiano del Lago,Soiano del Lago,Nord-ovest,Lombardia,Brescia,Brescia,BS,NORD
5,101,24101,Solagna,Solagna,Nord-est,Veneto,Vicenza,Vicenza,VI,NORD
19,18,89018,Solarino,Solarino,Isole,Sicilia,Siracusa,Siracusa,SR,SICI
3,213,15213,Solaro,Solaro,Nord-ovest,Lombardia,Milano,Milan,MI,NORD
8,18,39018,Solarolo,Solarolo,Nord-est,Emilia Romagna,Ravenna,Ravenna,RA,NORD
3,96,19096,Solarolo Rainerio,Solarolo Rainerio,Nord-ovest,Lombardia,Cremona,Cremona,CR,NORD
20,62,95062,Solarussa,Solarussa,Isole,Sardegna,Oristano,Oristano,OR,SARD
3,121,12121,Solbiate Arno,Solbiate Arno,Nord-ovest,Lombardia,Varese,Varese,VA,NORD
3,255,13255,Solbiate con Cagno,Solbiate con Cagno,Nord-ovest,Lombardia,Como,Como,CO,NORD
3,122,12122,Solbiate Olona,Solbiate Olona,Nord-ovest,Lombardia,Varese,Varese,VA,NORD
7,58,8058,Soldano,Soldano,Nord-ovest,Liguria,Imperia,Imperia,IM,NORD
20,87,111087,Soleminis,Soleminis,Isole,Sardegna,Sud Sardegna,#N/A,SU,SARD
1,163,6163,Solero,Solero,Nord-ovest,Piemonte,Alessandria,Alessandria,AL,NORD
5,87,28087,Solesino,Solesino,Nord-est,Veneto,Padova,Padova,PD,NORD
16,76,75076,Soleto,Soleto,Sud,Puglia,Lecce,Lecce,LE,SUD
3,63,20063,Solferino,Solferino,Nord-ovest,Lombardia,Mantova,Mantova,MN,NORD
8,44,36044,Soliera,Soliera,Nord-est,Emilia Romagna,Modena,Modena,MO,NORD
8,35,34035,Solignano,Solignano,Nord-est,Emilia Romagna,Parma,Parma,PR,NORD
15,101,64101,Solofra,Solofra,Sud,Campania,Avellino,Avellino,AV,CSUD
1,164,6164,Solonghello,Solonghello,Nord-ovest,Piemonte,Alessandria,Alessandria,AL,NORD
15,73,62073,Solopaca,Solopaca,Sud,Campania,Benevento,Benevento,BN,CSUD
3,200,16200,Solto Collina,Solto Collina,Nord-ovest,Lombardia,Bergamo,Bergamo,BG,NORD
3,251,16251,Solza,Solza,Nord-ovest,Lombardia,Bergamo,Bergamo,BG,NORD
3,54,98054,Somaglia,Somaglia,Nord-ovest,Lombardia,Lodi,Lodi,LO,NORD
1,221,4221,Somano,Somano,Nord-ovest,Piemonte,Cuneo,Cuneo,CN,NORD
3,123,12123,Somma Lombardo,Somma Lombardo,Nord-ovest,Lombardia,Varese,Varese,VA,NORD
15,79,63079,Somma Vesuviana,Somma Vesuviana,Sud,Campania,Napoli,Naples,NA,CSUD
5,82,23082,Sommacampagna,Sommacampagna,Nord-est,Veneto,Verona,Verona,VR,NORD
1,222,4222,Sommariva del Bosco,Sommariva del Bosco,Nord-ovest,Piemonte,Cuneo,Cuneo,CN,NORD
1,223,4223,Sommariva Perno,Sommariva Perno,Nord-ovest,Piemonte,Cuneo,Cuneo,CN,NORD
19,19,85019,Sommatino,Sommatino,Isole,Sicilia,Caltanissetta,Caltanissetta,CL,SICI
3,151,18151,Sommo,Sommo,Nord-ovest,Lombardia,Pavia,Pavia,PV,NORD
5,83,23083,Sona,Sona,Nord-est,Veneto,Verona,Verona,VR,NORD
3,97,19097,Soncino,Soncino,Nord-ovest,Lombardia,Cremona,Cremona,CR,NORD
3,60,14060,Sondalo,Sondalo,Nord-ovest,Lombardia,Sondrio,Sondrio,SO,NORD
3,61,14061,Sondrio,Sondrio,Nord-ovest,Lombardia,Sondrio,Sondrio,SO,NORD
3,201,16201,Songavazzo,Songavazzo,Nord-ovest,Lombardia,Bergamo,Bergamo,BG,NORD
3,181,17181,Sonico,Sonico,Nord-ovest,Lombardia,Brescia,Brescia,BS,NORD
12,29,59029,Sonnino,Sonnino,Centro,Lazio,Latina,Latina,LT,CSUD
12,74,60074,Sora,Sora,Centro,Lazio,Frosinone,Frosinone,FR,CSUD
4,176,22176,Soraga di Fassa,Soraga di Fassa,Nord-est,Trentino-Alto Adige,Trento,Trento,TN,NORD
8,36,34036,Soragna,Soragna,Nord-est,Emilia Romagna,Parma,Parma,PR,NORD
9,26,53026,Sorano,Sorano,Centro,Toscana,Grosseto,Grosseto,GR,CNOR
18,134,79134,Sorbo San Basile,Sorbo San Basile,Sud,Calabria,Catanzaro,Catanzaro,CZ,CALA
15,102,64102,Sorbo Serpico,Sorbo Serpico,Sud,Campania,Avellino,Avellino,AV,CSUD
8,51,34051,Sorbolo Mezzani,Sorbolo Mezzani,Nord-est,Emilia Romagna,Parma,Parma,PR,NORD
1,63,96063,Sordevolo,Sordevolo,Nord-ovest,Piemonte,Biella,Biella,BI,NORD
3,55,98055,Sordio,Sordio,Nord-ovest,Lombardia,Lodi,Lodi,LO,NORD
3,98,19098,Soresina,Soresina,Nord-ovest,Lombardia,Cremona,Cremona,CR,NORD
5,84,23084,Sorg?,Sorg?,Nord-est,Veneto,Verona,Verona,VR,NORD
20,86,91086,Sorgono,Sorgono,Isole,Sardegna,Nuoro,Nuoro,NU,SARD
7,60,10060,Sori,Sori,Nord-ovest,Liguria,Genova,Genoa,GE,NORD
18,39,102039,Sorianello,Sorianello,Sud,Calabria,Vibo Valentia,Vibo Valentia,VV,CALA
18,40,102040,Soriano Calabro,Soriano Calabro,Sud,Calabria,Vibo Valentia,Vibo Valentia,VV,CALA
12,48,56048,Soriano nel Cimino,Soriano nel Cimino,Centro,Lazio,Viterbo,Viterbo,VT,CSUD
3,216,13216,Sorico,Sorico,Nord-ovest,Lombardia,Como,Como,CO,NORD
1,140,3140,Soriso,Soriso,Nord-ovest,Piemonte,Novara,Novara,NO,NORD
3,202,16202,Sorisole,Sorisole,Nord-ovest,Lombardia,Bergamo,Bergamo,BG,NORD
3,217,13217,Sormano,Sormano,Nord-ovest,Lombardia,Como,Como,CO,NORD
20,63,95063,Sorradile,Sorradile,Isole,Sardegna,Oristano,Oristano,OR,SARD
15,80,63080,Sorrento,Sorrento,Sud,Campania,Napoli,Naples,NA,CSUD
20,69,90069,Sorso,Sorso,Isole,Sardegna,Sassari,Sassari,SS,SARD
19,19,89019,Sortino,Sortino,Isole,Sicilia,Siracusa,Siracusa,SR,SICI
3,99,19099,Sospiro,Sospiro,Nord-ovest,Lombardia,Cremona,Cremona,CR,NORD
5,56,25056,Sospirolo,Sospirolo,Nord-est,Veneto,Belluno,Belluno,BL,NORD
5,102,24102,Sossano,Sossano,Nord-est,Veneto,Vicenza,Vicenza,VI,NORD
1,64,96064,Sostegno,Sostegno,Nord-ovest,Piemonte,Biella,Biella,BI,NORD
3,203,16203,Sotto il Monte Giovanni XXIII,Sotto il Monte Giovanni XXIII,Nord-ovest,Lombardia,Bergamo,Bergamo,BG,NORD
4,177,22177,Sover,Sover,Nord-est,Trentino-Alto Adige,Trento,Trento,TN,NORD
18,137,79137,Soverato,Soverato,Sud,Calabria,Catanzaro,Catanzaro,CZ,CALA
3,204,16204,Sovere,Sovere,Nord-ovest,Lombardia,Bergamo,Bergamo,BG,NORD
18,138,79138,Soveria Mannelli,Soveria Mannelli,Sud,Calabria,Catanzaro,Catanzaro,CZ,CALA
18,139,79139,Soveria Simeri,Soveria Simeri,Sud,Calabria,Catanzaro,Catanzaro,CZ,CALA
5,57,25057,Soverzene,Soverzene,Nord-est,Veneto,Belluno,Belluno,BL,NORD
9,34,52034,Sovicille,Sovicille,Centro,Toscana,Siena,Siena,SI,CNOR
3,41,108041,Sovico,Sovico,Nord-ovest,Lombardia,Monza e della Brianza,Monza e della Brianza,MB,NORD
5,103,24103,Sovizzo,Sovizzo,Nord-est,Veneto,Vicenza,Vicenza,VI,NORD
5,58,25058,Sovramonte,Sovramonte,Nord-est,Veneto,Belluno,Belluno,BL,NORD
1,141,3141,Sozzago,Sozzago,Nord-ovest,Piemonte,Novara,Novara,NO,NORD
19,96,83096,Spadafora,Spadafora,Isole,Sicilia,Messina,Messina,ME,SICI
18,41,102041,Spadola,Spadola,Sud,Calabria,Vibo Valentia,Vibo Valentia,VV,CALA
15,89,61089,Sparanise,Sparanise,Sud,Campania,Caserta,Caserta,CE,CSUD
1,267,1267,Sparone,Sparone,Nord-ovest,Piemonte,Torino,Turin,TO,NORD
16,77,75077,Specchia,Specchia,Sud,Puglia,Lecce,Lecce,LE,SUD
10,50,54050,Spello,Spello,Centro,Umbria,Perugia,Perugia,PG,CSUD
19,17,86017,Sperlinga,Sperlinga,Isole,Sicilia,Enna,Enna,EN,SICI
12,30,59030,Sperlonga,Sperlonga,Centro,Lazio,Latina,Latina,LT,CSUD
15,103,64103,Sperone,Sperone,Sud,Campania,Avellino,Avellino,AV,CSUD
3,152,18152,Spessa,Spessa,Nord-ovest,Lombardia,Pavia,Pavia,PV,NORD
18,142,78142,Spezzano Albanese,Spezzano Albanese,Sud,Calabria,Cosenza,Cosenza,CS,CALA
18,143,78143,Spezzano della Sila,Spezzano della Sila,Sud,Calabria,Cosenza,Cosenza,CS,CALA
4,179,22179,Spiazzo,Spiazzo,Nord-est,Trentino-Alto Adige,Trento,Trento,TN,NORD
1,165,6165,Spigno Monferrato,Spigno Monferrato,Nord-ovest,Piemonte,Alessandria,Alessandria,AL,NORD
12,31,59031,Spigno Saturnia,Spigno Saturnia,Centro,Lazio,Latina,Latina,LT,CSUD
8,45,36045,Spilamberto,Spilamberto,Nord-est,Emilia Romagna,Modena,Modena,MO,NORD
6,44,93044,Spilimbergo,Spilimbergo,Nord-est,Friuli Venezia Giulia,Pordenone,Pordenone,PN,NORD
18,42,102042,Spilinga,Spilinga,Sud,Calabria,Vibo Valentia,Vibo Valentia,VV,CALA
3,100,19100,Spinadesco,Spinadesco,Nord-ovest,Lombardia,Cremona,Cremona,CR,NORD
16,8,110008,Spinazzola,Spinazzola,Sud,Puglia,Barletta-Andria-Trani,Barletta-Andria-Trani,BT,SUD
5,38,27038,Spinea,Spinea,Nord-est,Veneto,Venezia,Venice,VE,NORD
3,101,19101,Spineda,Spineda,Nord-ovest,Lombardia,Cremona,Cremona,CR,NORD
14,76,70076,Spinete,Spinete,Sud,Molise,Campobasso,Campobasso,CB,SUD
1,166,6166,Spineto Scrivia,Spineto Scrivia,Nord-ovest,Piemonte,Alessandria,Alessandria,AL,NORD
11,71,44071,Spinetoli,Spinetoli,Centro,Marche,Ascoli Piceno,Ascoli Piceno,AP,CNOR
3,102,19102,Spino d'Adda,Spino d'Adda,Nord-ovest,Lombardia,Cremona,Cremona,CR,NORD
3,205,16205,Spinone al Lago,Spinone al Lago,Nord-ovest,Lombardia,Bergamo,Bergamo,BG,NORD
17,86,76086,Spinoso,Spinoso,Sud,Basilicata,Potenza,Potenza,PZ,SUD
3,206,16206,Spirano,Spirano,Nord-ovest,Lombardia,Bergamo,Bergamo,BG,NORD
10,51,54051,Spoleto,Spoleto,Centro,Umbria,Perugia,Perugia,PG,CSUD
13,41,68041,Spoltore,Spoltore,Sud,Abruzzo,Pescara,Pescara,PE,CSUD
16,78,75078,Spongano,Spongano,Sud,Puglia,Lecce,Lecce,LE,SUD
4,180,22180,Spormaggiore,Spormaggiore,Nord-est,Trentino-Alto Adige,Trento,Trento,TN,NORD
4,181,22181,Sporminore,Sporminore,Nord-est,Trentino-Alto Adige,Trento,Trento,TN,NORD
7,57,9057,Spotorno,Spotorno,Nord-ovest,Liguria,Savona,Savona,SV,NORD
5,82,26082,Spresiano,Spresiano,Nord-est,Veneto,Treviso,Treviso,TV,NORD
3,62,14062,Spriana,Spriana,Nord-ovest,Lombardia,Sondrio,Sondrio,SO,NORD
18,142,79142,Squillace,Squillace,Sud,Calabria,Catanzaro,Catanzaro,CZ,CALA
16,79,75079,Squinzano,Squinzano,Sud,Puglia,Lecce,Lecce,LE,SUD
11,49,42049,Staffolo,Staffolo,Centro,Marche,Ancona,Ancona,AN,CNOR
3,103,19103,Stagno Lombardo,Stagno Lombardo,Nord-ovest,Lombardia,Cremona,Cremona,CR,NORD
18,90,80090,Staiti,Staiti,Sud,Calabria,Reggio Calabria,Reggio Calabria,RC,CALA
18,143,79143,Stalettç,Stalettç,Sud,Calabria,Catanzaro,Catanzaro,CZ,CALA
5,88,28088,Stanghella,Stanghella,Nord-est,Veneto,Padova,Padova,PD,NORD
6,23,31023,Staranzano,Staranzano,Nord-est,Friuli Venezia Giulia,Gorizia,Gorizia,GO,NORD
16,29,73029,Statte,Statte,Sud,Puglia,Taranto,Taranto,TA,SUD
1,167,6167,Stazzano,Stazzano,Nord-ovest,Piemonte,Alessandria,Alessandria,AL,NORD
9,30,46030,Stazzema,Stazzema,Centro,Toscana,Lucca,Lucca,LU,CNOR
3,218,13218,Stazzona,Stazzona,Nord-ovest,Lombardia,Como,Como,CO,NORD
18,43,102043,Stefanaconi,Stefanaconi,Sud,Calabria,Vibo Valentia,Vibo Valentia,VV,CALA
7,58,9058,Stella,Stella,Nord-ovest,Liguria,Savona,Savona,SV,NORD
15,144,65144,Stella Cilento,Stella Cilento,Sud,Campania,Salerno,Salerno,SA,CSUD
7,59,9059,Stellanello,Stellanello,Nord-ovest,Liguria,Savona,Savona,SV,NORD
4,95,21095,Stelvio/Stilfs,Stelvio,Nord-est,Trentino-Alto Adige,Bolzano/Bozen,Bolzano,BZ,NORD
4,182,22182,Stenico,Stenico,Nord-est,Trentino-Alto Adige,Trento,Trento,TN,NORD
16,80,75080,Sternatia,Sternatia,Sud,Puglia,Lecce,Lecce,LE,SUD
3,207,16207,Stezzano,Stezzano,Nord-ovest,Lombardia,Bergamo,Bergamo,BG,NORD
5,45,29045,Stienta,Stienta,Nord-est,Veneto,Rovigo,Rovigo,RO,NORD
17,27,77027,Stigliano,Stigliano,Sud,Basilicata,Matera,Matera,MT,SUD
18,91,80091,Stignano,Stignano,Sud,Calabria,Reggio Calabria,Reggio Calabria,RC,CALA
18,92,80092,Stilo,Stilo,Sud,Calabria,Reggio Calabria,Reggio Calabria,RC,CALA
12,66,57066,Stimigliano,Stimigliano,Centro,Lazio,Rieti,Rieti,RI,CSUD
20,89,90089,Stintino,Stintino,Isole,Sardegna,Sassari,Sassari,SS,SARD
15,145,65145,Stio,Stio,Sud,Campania,Salerno,Salerno,SA,CSUD
16,54,71054,Stornara,Stornara,Sud,Puglia,Foggia,Foggia,FG,SUD
16,55,71055,Stornarella,Stornarella,Sud,Puglia,Foggia,Foggia,FG,SUD
4,183,22183,Storo,Storo,Nord-est,Trentino-Alto Adige,Trento,Trento,TN,NORD
5,39,27039,Stra,Stra,Nord-est,Veneto,Venezia,Venice,VE,NORD
3,153,18153,Stradella,Stradella,Nord-ovest,Lombardia,Pavia,Pavia,PV,NORD
1,268,1268,Strambinello,Strambinello,Nord-ovest,Piemonte,Torino,Turin,TO,NORD
1,269,1269,Strambino,Strambino,Nord-ovest,Piemonte,Torino,Turin,TO,NORD
12,75,60075,Strangolagalli,Strangolagalli,Centro,Lazio,Frosinone,Frosinone,FR,CSUD
6,111,30111,Stregna,Stregna,Nord-est,Friuli Venezia Giulia,Udine,Udine,UD,NORD
4,184,22184,Strembo,Strembo,Nord-est,Trentino-Alto Adige,Trento,Trento,TN,NORD
1,64,103064,Stresa,Stresa,Nord-ovest,Piemonte,Verbano-Cusio-Ossola,Verbano-Cusio-Ossola,VB,NORD
1,168,6168,Strevi,Strevi,Nord-ovest,Piemonte,Alessandria,Alessandria,AL,NORD
15,81,63081,Striano,Striano,Sud,Campania,Napoli,Naples,NA,CSUD
1,65,96065,Strona,Strona,Nord-ovest,Piemonte,Biella,Biella,BI,NORD
10,31,55031,Stroncone,Stroncone,Centro,Umbria,Terni,Terni,TR,CSUD
18,25,101025,Strongoli,Strongoli,Sud,Calabria,Crotone,Crotone,KR,CALA
1,142,2142,Stroppiana,Stroppiana,Nord-ovest,Piemonte,Vercelli,Vercelli,VC,NORD
1,224,4224,Stroppo,Stroppo,Nord-ovest,Piemonte,Cuneo,Cuneo,CN,NORD
3,208,16208,Strozza,Strozza,Nord-ovest,Lombardia,Bergamo,Bergamo,BG,NORD
15,104,64104,Sturno,Sturno,Sud,Campania,Avellino,Avellino,AV,CSUD
3,154,18154,Suardi,Suardi,Nord-ovest,Lombardia,Pavia,Pavia,PV,NORD
9,37,51037,Subbiano,Subbiano,Centro,Toscana,Arezzo,Arezzo,AR,CNOR
12,103,58103,Subiaco,Subiaco,Centro,Lazio,Roma,Rome,RM,CSUD
15,90,61090,Succivo,Succivo,Sud,Campania,Caserta,Caserta,CE,CSUD
3,77,97077,Sueglio,Sueglio,Nord-ovest,Lombardia,Lecco,Lecco,LC,NORD
20,88,111088,Suelli,Suelli,Isole,Sardegna,Sud Sardegna,#N/A,SU,SARD
3,78,97078,Suello,Suello,Nord-ovest,Lombardia,Lecco,Lecco,LC,NORD
3,209,16209,Suisio,Suisio,Nord-ovest,Lombardia,Bergamo,Bergamo,BG,NORD
3,42,108042,Sulbiate,Sulbiate,Nord-ovest,Lombardia,Monza e della Brianza,Monza e della Brianza,MB,NORD
13,98,66098,Sulmona,Sulmona,Sud,Abruzzo,L'Aquila,L'Aquila,AQ,CSUD
3,182,17182,Sulzano,Sulzano,Nord-ovest,Lombardia,Brescia,Brescia,BS,NORD
3,124,12124,Sumirago,Sumirago,Nord-ovest,Lombardia,Varese,Varese,VA,NORD
15,105,64105,Summonte,Summonte,Sud,Campania,Avellino,Avellino,AV,CSUD
20,87,95087,Suni,Suni,Isole,Sardegna,Oristano,Oristano,OR,SARD
1,143,3143,Suno,Suno,Nord-ovest,Piemonte,Novara,Novara,NO,NORD
16,81,75081,Supersano,Supersano,Sud,Puglia,Lecce,Lecce,LE,SUD
12,76,60076,Supino,Supino,Centro,Lazio,Frosinone,Frosinone,FR,CSUD
16,82,75082,Surano,Surano,Sud,Puglia,Lecce,Lecce,LE,SUD
16,83,75083,Surbo,Surbo,Sud,Puglia,Lecce,Lecce,LE,SUD
1,270,1270,Susa,Susa,Nord-ovest,Piemonte,Torino,Turin,TO,NORD
5,83,26083,Susegana,Susegana,Nord-est,Veneto,Treviso,Treviso,TV,NORD
3,64,20064,Sustinente,Sustinente,Nord-ovest,Lombardia,Mantova,Mantova,MN,NORD
19,20,85020,Sutera,Sutera,Isole,Sicilia,Caltanissetta,Caltanissetta,CL,SICI
12,49,56049,Sutri,Sutri,Centro,Lazio,Viterbo,Viterbo,VT,CSUD
6,112,30112,Sutrio,Sutrio,Nord-est,Friuli Venezia Giulia,Udine,Udine,UD,NORD
9,20,49020,Suvereto,Suvereto,Centro,Toscana,Livorno,Livorno,LI,CNOR
3,65,20065,Suzzara,Suzzara,Nord-ovest,Lombardia,Mantova,Mantova,MN,NORD
3,79,97079,Taceno,Taceno,Nord-ovest,Lombardia,Lecco,Lecco,LC,NORD
20,64,95064,Tadasuni,Tadasuni,Isole,Sardegna,Oristano,Oristano,OR,SARD
7,59,8059,Taggia,Taggia,Nord-ovest,Liguria,Imperia,Imperia,IM,NORD
13,99,66099,Tagliacozzo,Tagliacozzo,Sud,Abruzzo,L'Aquila,L'Aquila,AQ,CSUD
5,46,29046,Taglio di Po,Taglio di Po,Nord-est,Veneto,Rovigo,Rovigo,RO,NORD
1,169,6169,Tagliolo Monferrato,Tagliolo Monferrato,Nord-ovest,Piemonte,Alessandria,Alessandria,AL,NORD
5,59,25059,Taibon Agordino,Taibon Agordino,Nord-est,Veneto,Belluno,Belluno,BL,NORD
3,125,12125,Taino,Taino,Nord-ovest,Lombardia,Varese,Varese,VA,NORD
6,113,30113,Taipana,Taipana,Nord-est,Friuli Venezia Giulia,Udine,Udine,UD,NORD
8,27,99027,Talamello,Talamello,Nord-est,Emilia Romagna,Rimini,Rimini,RN,NORD
3,63,14063,Talamona,Talamona,Nord-ovest,Lombardia,Sondrio,Sondrio,SO,NORD
20,88,91088,Talana,Talana,Isole,Sardegna,Nuoro,Nuoro,NU,SARD
3,210,16210,Taleggio,Taleggio,Nord-ovest,Lombardia,Bergamo,Bergamo,BG,NORD
9,38,51038,Talla,Talla,Centro,Toscana,Arezzo,Arezzo,AR,CNOR
6,114,30114,Talmassons,Talmassons,Nord-est,Friuli Venezia Giulia,Udine,Udine,UD,NORD
5,60,25060,Tambre,Tambre,Nord-est,Veneto,Belluno,Belluno,BL,NORD
19,97,83097,Taormina,Taormina,Isole,Sicilia,Messina,Messina,ME,SICI
12,67,57067,Tarano,Tarano,Centro,Lazio,Rieti,Rieti,RI,CSUD
13,89,69089,Taranta Peligna,Taranta Peligna,Sud,Abruzzo,Chieti,Chieti,CH,CSUD
1,225,4225,Tarantasca,Tarantasca,Nord-ovest,Piemonte,Cuneo,Cuneo,CN,NORD
16,27,73027,Taranto,Taranto,Sud,Puglia,Taranto,Taranto,TA,SUD
6,116,30116,Tarcento,Tarcento,Nord-est,Friuli Venezia Giulia,Udine,Udine,UD,NORD
12,50,56050,Tarquinia,Tarquinia,Centro,Lazio,Viterbo,Viterbo,VT,CSUD
18,145,78145,Tarsia,Tarsia,Sud,Calabria,Cosenza,Cosenza,CS,CALA
3,64,14064,Tartano,Tartano,Nord-ovest,Lombardia,Sondrio,Sondrio,SO,NORD
6,117,30117,Tarvisio,Tarvisio,Nord-est,Friuli Venezia Giulia,Udine,Udine,UD,NORD
5,84,26084,Tarzo,Tarzo,Nord-est,Veneto,Treviso,Treviso,TV,NORD
1,170,6170,Tassarolo,Tassarolo,Nord-ovest,Piemonte,Alessandria,Alessandria,AL,NORD
15,106,64106,Taurano,Taurano,Sud,Campania,Avellino,Avellino,AV,CSUD
15,107,64107,Taurasi,Taurasi,Sud,Campania,Avellino,Avellino,AV,CSUD
18,93,80093,Taurianova,Taurianova,Sud,Calabria,Reggio Calabria,Reggio Calabria,RC,CALA
16,84,75084,Taurisano,Taurisano,Sud,Puglia,Lecce,Lecce,LE,SUD
6,118,30118,Tavagnacco,Tavagnacco,Nord-est,Friuli Venezia Giulia,Udine,Udine,UD,NORD
1,271,1271,Tavagnasco,Tavagnasco,Nord-ovest,Piemonte,Torino,Turin,TO,NORD
3,56,98056,Tavazzano con Villavesco,Tavazzano con Villavesco,Nord-ovest,Lombardia,Lodi,Lodi,LO,NORD
14,77,70077,Tavenna,Tavenna,Sud,Molise,Campobasso,Campobasso,CB,SUD
18,146,79146,Taverna,Taverna,Sud,Calabria,Catanzaro,Catanzaro,CZ,CALA
3,222,13222,Tavernerio,Tavernerio,Nord-ovest,Lombardia,Como,Como,CO,NORD
3,211,16211,Tavernola Bergamasca,Tavernola Bergamasca,Nord-ovest,Lombardia,Bergamo,Bergamo,BG,NORD
3,183,17183,Tavernole sul Mella,Tavernole sul Mella,Nord-ovest,Lombardia,Brescia,Brescia,BS,NORD
16,85,75085,Taviano,Taviano,Sud,Puglia,Lecce,Lecce,LE,SUD
1,66,96066,Tavigliano,Tavigliano,Nord-ovest,Piemonte,Biella,Biella,BI,NORD
11,64,41064,Tavoleto,Tavoleto,Centro,Marche,Pesaro e Urbino,Pesaro e Urbino,PU,CNOR
11,65,41065,Tavullia,Tavullia,Centro,Marche,Pesaro e Urbino,Pesaro e Urbino,PU,CNOR
17,87,76087,Teana,Teana,Sud,Basilicata,Potenza,Potenza,PZ,SUD
15,91,61091,Teano,Teano,Sud,Campania,Caserta,Caserta,CE,CSUD
15,146,65146,Teggiano,Teggiano,Sud,Campania,Salerno,Salerno,SA,CSUD
3,65,14065,Teglio,Teglio,Nord-ovest,Lombardia,Sondrio,Sondrio,SO,NORD
5,40,27040,Teglio Veneto,Teglio Veneto,Nord-est,Veneto,Venezia,Venice,VE,NORD
15,74,62074,Telese Terme,Telese Terme,Sud,Campania,Benevento,Benevento,BN,CSUD
3,212,16212,Telgate,Telgate,Nord-ovest,Lombardia,Bergamo,Bergamo,BG,NORD
20,80,90080,Telti,Telti,Isole,Sardegna,Sassari,Sassari,SS,SARD
4,188,22188,Telve,Telve,Nord-est,Trentino-Alto Adige,Trento,Trento,TN,NORD
4,189,22189,Telve di Sopra,Telve di Sopra,Nord-est,Trentino-Alto Adige,Trento,Trento,TN,NORD
3,184,17184,Tem?,Tem?,Nord-ovest,Lombardia,Brescia,Brescia,BS,NORD
20,70,90070,Tempio Pausania,Tempio Pausania,Isole,Sardegna,Sassari,Sassari,SS,SARD
4,190,22190,Tenna,Tenna,Nord-est,Trentino-Alto Adige,Trento,Trento,TN,NORD
4,191,22191,Tenno,Tenno,Nord-est,Trentino-Alto Adige,Trento,Trento,TN,NORD
5,89,28089,Teolo,Teolo,Nord-est,Veneto,Padova,Padova,PD,NORD
15,108,64108,Teora,Teora,Sud,Campania,Avellino,Avellino,AV,CSUD
13,41,67041,Teramo,Teramo,Sud,Abruzzo,Teramo,Teramo,TE,CSUD
1,144,3144,Terdobbiate,Terdobbiate,Nord-ovest,Piemonte,Novara,Novara,NO,NORD
12,77,60077,Terelle,Terelle,Centro,Lazio,Frosinone,Frosinone,FR,CSUD
4,96,21096,Terento/Terenten,Terento,Nord-est,Trentino-Alto Adige,Bolzano/Bozen,Bolzano,BZ,NORD
8,38,34038,Terenzo,Terenzo,Nord-est,Emilia Romagna,Parma,Parma,PR,NORD
20,86,90086,Tergu,Tergu,Isole,Sardegna,Sassari,Sassari,SS,SARD
4,97,21097,Terlano/Terlan,Terlano,Nord-est,Trentino-Alto Adige,Bolzano/Bozen,Bolzano,BZ,NORD
16,43,72043,Terlizzi,Terlizzi,Sud,Puglia,Bari,Bari,BA,SUD
19,106,83106,Terme Vigliatore,Terme Vigliatore,Isole,Sicilia,Messina,Messina,ME,SICI
4,98,21098,Termeno sulla strada del vino/Tramin an der Weinstra†e,Termeno sulla strada del vino,Nord-est,Trentino-Alto Adige,Bolzano/Bozen,Bolzano,BZ,NORD
19,70,82070,Termini Imerese,Termini Imerese,Isole,Sicilia,Palermo,Palermo,PA,SICI
14,78,70078,Termoli,Termoli,Sud,Molise,Campobasso,Campobasso,CB,SUD
3,126,12126,Ternate,Ternate,Nord-ovest,Lombardia,Varese,Varese,VA,NORD
1,67,96067,Ternengo,Ternengo,Nord-ovest,Piemonte,Biella,Biella,BI,NORD
10,32,55032,Terni,Terni,Centro,Umbria,Terni,Terni,TR,CSUD
3,213,16213,Terno d'Isola,Terno d'Isola,Nord-ovest,Lombardia,Bergamo,Bergamo,BG,NORD
12,32,59032,Terracina,Terracina,Centro,Lazio,Latina,Latina,LT,CSUD
4,193,22193,Terragnolo,Terragnolo,Nord-est,Trentino-Alto Adige,Trento,Trento,TN,NORD
20,65,95065,Terralba,Terralba,Isole,Sardegna,Oristano,Oristano,OR,SARD
18,146,78146,Terranova da Sibari,Terranova da Sibari,Sud,Calabria,Cosenza,Cosenza,CS,CALA
3,57,98057,Terranova dei Passerini,Terranova dei Passerini,Nord-ovest,Lombardia,Lodi,Lodi,LO,NORD
17,88,76088,Terranova di Pollino,Terranova di Pollino,Sud,Basilicata,Potenza,Potenza,PZ,SUD
18,94,80094,Terranova Sappo Minulio,Terranova Sappo Minulio,Sud,Calabria,Reggio Calabria,Reggio Calabria,RC,CALA
9,39,51039,Terranuova Bracciolini,Terranuova Bracciolini,Centro,Toscana,Arezzo,Arezzo,AR,CNOR
19,71,82071,Terrasini,Terrasini,Isole,Sicilia,Palermo,Palermo,PA,SICI
5,90,28090,Terrassa Padovana,Terrassa Padovana,Nord-est,Veneto,Padova,Padova,PD,NORD
18,147,78147,Terravecchia,Terravecchia,Sud,Calabria,Cosenza,Cosenza,CS,CALA
5,85,23085,Terrazzo,Terrazzo,Nord-est,Veneto,Verona,Verona,VR,NORD
4,251,22251,Terre d'Adige,Terre d'Adige,Nord-est,Trentino-Alto Adige,Trento,Trento,TN,NORD
8,28,38028,Terre del Reno,Terre del Reno,Nord-est,Emilia Romagna,Ferrara,Ferrara,FE,NORD
11,70,41070,Terre Roveresche,Terre Roveresche,Centro,Marche,Pesaro e Urbino,Pesaro e Urbino,PU,CNOR
9,36,50036,Terricciola,Terricciola,Centro,Toscana,Pisa,Pisa,PI,CNOR
1,171,6171,Terruggia,Terruggia,Nord-ovest,Piemonte,Alessandria,Alessandria,AL,NORD
20,89,91089,Tertenia,Tertenia,Isole,Sardegna,Nuoro,Nuoro,NU,SARD
15,82,63082,Terzigno,Terzigno,Sud,Campania,Napoli,Naples,NA,CSUD
1,172,6172,Terzo,Terzo,Nord-ovest,Piemonte,Alessandria,Alessandria,AL,NORD
6,120,30120,Terzo d'Aquileia,Terzo d'Aquileia,Nord-est,Friuli Venezia Giulia,Udine,Udine,UD,NORD
4,195,22195,Terzolas,Terzolas,Nord-est,Trentino-Alto Adige,Trento,Trento,TN,NORD
7,60,8060,Terzorio,Terzorio,Nord-ovest,Liguria,Imperia,Imperia,IM,NORD
4,196,22196,Tesero,Tesero,Nord-est,Trentino-Alto Adige,Trento,Trento,TN,NORD
4,99,21099,Tesimo/Tisens,Tesimo,Nord-est,Trentino-Alto Adige,Bolzano/Bozen,Bolzano,BZ,NORD
12,51,56051,Tessennano,Tessennano,Centro,Lazio,Viterbo,Viterbo,VT,CSUD
7,60,9060,Testico,Testico,Nord-ovest,Liguria,Savona,Savona,SV,NORD
20,90,91090,Teti,Teti,Isole,Sardegna,Nuoro,Nuoro,NU,SARD
20,89,111089,Teulada,Teulada,Isole,Sardegna,Sud Sardegna,#N/A,SU,SARD
15,92,61092,Teverola,Teverola,Sud,Campania,Caserta,Caserta,CE,CSUD
5,104,24104,Tezze sul Brenta,Tezze sul Brenta,Nord-est,Veneto,Vicenza,Vicenza,VI,NORD
5,105,24105,Thiene,Thiene,Nord-est,Veneto,Vicenza,Vicenza,VI,NORD
20,71,90071,Thiesi,Thiesi,Isole,Sardegna,Sassari,Sassari,SS,SARD
20,91,91091,Tiana,Tiana,Isole,Sardegna,Nuoro,Nuoro,NU,SARD
3,104,19104,Ticengo,Ticengo,Nord-ovest,Lombardia,Cremona,Cremona,CR,NORD
1,173,6173,Ticineto,Ticineto,Nord-ovest,Piemonte,Alessandria,Alessandria,AL,NORD
16,86,75086,Tiggiano,Tiggiano,Sud,Puglia,Lecce,Lecce,LE,SUD
7,61,10061,Tiglieto,Tiglieto,Nord-ovest,Liguria,Genova,Genoa,GE,NORD
1,108,5108,Tigliole,Tigliole,Nord-ovest,Piemonte,Asti,Asti,AT,NORD
3,185,17185,Tignale,Tignale,Nord-ovest,Lombardia,Brescia,Brescia,BS,NORD
20,88,95088,Tinnura,Tinnura,Isole,Sardegna,Oristano,Oristano,OR,SARD
13,100,66100,Tione degli Abruzzi,Tione degli Abruzzi,Sud,Abruzzo,L'Aquila,L'Aquila,AQ,CSUD
4,199,22199,Tione di Trento,Tione di Trento,Nord-est,Trentino-Alto Adige,Trento,Trento,TN,NORD
3,66,14066,Tirano,Tirano,Nord-ovest,Lombardia,Sondrio,Sondrio,SO,NORD
4,100,21100,Tires/Tiers,Tires,Nord-est,Trentino-Alto Adige,Bolzano/Bozen,Bolzano,BZ,NORD
18,147,79147,Tiriolo,Tiriolo,Sud,Calabria,Catanzaro,Catanzaro,CZ,CALA
4,101,21101,Tirolo/Tirol,Tirolo,Nord-est,Trentino-Alto Adige,Bolzano/Bozen,Bolzano,BZ,NORD
20,72,90072,Tissi,Tissi,Isole,Sardegna,Sassari,Sassari,SS,SARD
17,89,76089,Tito,Tito,Sud,Basilicata,Potenza,Potenza,PZ,SUD
12,104,58104,Tivoli,Tivoli,Centro,Lazio,Roma,Rome,RM,CSUD
8,39,34039,Tizzano Val Parma,Tizzano Val Parma,Nord-est,Emilia Romagna,Parma,Parma,PR,NORD
8,41,35041,Toano,Toano,Nord-est,Emilia Romagna,Reggio nell'Emilia,Reggio Emilia,RE,NORD
15,75,62075,Tocco Caudio,Tocco Caudio,Sud,Campania,Benevento,Benevento,BN,CSUD
13,42,68042,Tocco da Casauria,Tocco da Casauria,Sud,Abruzzo,Pescara,Pescara,PE,CSUD
1,65,103065,Toceno,Toceno,Nord-ovest,Piemonte,Verbano-Cusio-Ossola,Verbano-Cusio-Ossola,VB,NORD
10,52,54052,Todi,Todi,Centro,Umbria,Perugia,Perugia,PG,CSUD
12,68,57068,Toffia,Toffia,Centro,Lazio,Rieti,Rieti,RI,CSUD
7,61,9061,Toirano,Toirano,Nord-ovest,Liguria,Savona,Savona,SV,NORD
11,53,43053,Tolentino,Tolentino,Centro,Marche,Macerata,Macerata,MC,CNOR
12,105,58105,Tolfa,Tolfa,Centro,Lazio,Roma,Rome,RM,CSUD
1,68,96068,Tollegno,Tollegno,Nord-ovest,Piemonte,Biella,Biella,BI,NORD
13,90,69090,Tollo,Tollo,Sud,Abruzzo,Chieti,Chieti,CH,CSUD
6,121,30121,Tolmezzo,Tolmezzo,Nord-est,Friuli Venezia Giulia,Udine,Udine,UD,NORD
17,90,76090,Tolve,Tolve,Sud,Basilicata,Potenza,Potenza,PZ,SUD
5,91,28091,Tombolo,Tombolo,Nord-est,Veneto,Padova,Padova,PD,NORD
4,200,22200,Ton,Ton,Nord-est,Trentino-Alto Adige,Trento,Trento,TN,NORD
20,93,91093,Tonara,Tonara,Isole,Sardegna,Nuoro,Nuoro,NU,SARD
1,109,5109,Tonco,Tonco,Nord-ovest,Piemonte,Asti,Asti,AT,NORD
5,106,24106,Tonezza del Cimone,Tonezza del Cimone,Nord-est,Veneto,Vicenza,Vicenza,VI,NORD
15,93,61093,Tora e Piccilli,Tora e Piccilli,Sud,Campania,Caserta,Caserta,CE,CSUD
18,148,78148,Torano Castello,Torano Castello,Sud,Calabria,Cosenza,Cosenza,CS,CALA
13,42,67042,Torano Nuovo,Torano Nuovo,Sud,Abruzzo,Teramo,Teramo,TE,CSUD
3,186,17186,Torbole Casaglia,Torbole Casaglia,Nord-ovest,Lombardia,Brescia,Brescia,BS,NORD
4,202,22202,Torcegno,Torcegno,Nord-est,Trentino-Alto Adige,Trento,Trento,TN,NORD
15,147,65147,Torchiara,Torchiara,Sud,Campania,Salerno,Salerno,SA,CSUD
16,18,74018,Torchiarolo,Torchiarolo,Sud,Puglia,Brindisi,Brindisi,BR,SUD
15,109,64109,Torella dei Lombardi,Torella dei Lombardi,Sud,Campania,Avellino,Avellino,AV,CSUD
14,79,70079,Torella del Sannio,Torella del Sannio,Sud,Molise,Campobasso,Campobasso,CB,SUD
10,53,54053,Torgiano,Torgiano,Centro,Umbria,Perugia,Perugia,PG,CSUD
2,67,7067,Torgnon,Torgnon,Nord-ovest,Valle d'Aosta,Valle d'Aosta,Aosta,AO,NORD
1,272,1272,Torino,Torino,Nord-ovest,Piemonte,Torino,Turin,TO,NORD
13,91,69091,Torino di Sangro,Torino di Sangro,Sud,Abruzzo,Chieti,Chieti,CH,CSUD
16,44,72044,Toritto,Toritto,Sud,Puglia,Bari,Bari,BA,SUD
3,105,19105,Torlino Vimercati,Torlino Vimercati,Nord-ovest,Lombardia,Cremona,Cremona,CR,NORD
1,146,3146,Tornaco,Tornaco,Nord-ovest,Piemonte,Novara,Novara,NO,NORD
13,92,69092,Tornareccio,Tornareccio,Sud,Abruzzo,Chieti,Chieti,CH,CSUD
3,106,19106,Tornata,Tornata,Nord-ovest,Lombardia,Cremona,Cremona,CR,NORD
13,101,66101,Tornimparte,Tornimparte,Sud,Abruzzo,L'Aquila,L'Aquila,AQ,CSUD
3,223,13223,Torno,Torno,Nord-ovest,Lombardia,Como,Como,CO,NORD
8,40,34040,Tornolo,Tornolo,Nord-est,Emilia Romagna,Parma,Parma,PR,NORD
14,80,70080,Toro,Toro,Sud,Molise,Campobasso,Campobasso,CB,SUD
20,94,91094,Torp?,Torp?,Isole,Sardegna,Nuoro,Nuoro,NU,SARD
15,148,65148,Torraca,Torraca,Sud,Campania,Salerno,Salerno,SA,CSUD
20,73,90073,Torralba,Torralba,Isole,Sardegna,Sassari,Sassari,SS,SARD
3,155,18155,Torrazza Coste,Torrazza Coste,Nord-ovest,Lombardia,Pavia,Pavia,PV,NORD
1,273,1273,Torrazza Piemonte,Torrazza Piemonte,Nord-ovest,Piemonte,Torino,Turin,TO,NORD
1,69,96069,Torrazzo,Torrazzo,Nord-ovest,Piemonte,Biella,Biella,BI,NORD
15,83,63083,Torre Annunziata,Torre Annunziata,Sud,Campania,Napoli,Naples,NA,CSUD
3,156,18156,Torre Beretti e Castellaro,Torre Beretti e Castellaro,Nord-ovest,Lombardia,Pavia,Pavia,PV,NORD
3,214,16214,Torre Boldone,Torre Boldone,Nord-ovest,Lombardia,Bergamo,Bergamo,BG,NORD
1,226,4226,Torre Bormida,Torre Bormida,Nord-ovest,Piemonte,Cuneo,Cuneo,CN,NORD
12,78,60078,Torre Cajetani,Torre Cajetani,Centro,Lazio,Frosinone,Frosinone,FR,CSUD
1,274,1274,Torre Canavese,Torre Canavese,Nord-ovest,Piemonte,Torino,Turin,TO,NORD
3,157,18157,Torre d'Arese,Torre d'Arese,Nord-ovest,Lombardia,Pavia,Pavia,PV,NORD
3,215,16215,Torre de' Busi,Torre de' Busi,Nord-ovest,Lombardia,Bergamo,Bergamo,BG,NORD
3,158,18158,Torre de' Negri,Torre de' Negri,Nord-ovest,Lombardia,Pavia,Pavia,PV,NORD
13,43,68043,Torre de' Passeri,Torre de' Passeri,Sud,Abruzzo,Pescara,Pescara,PE,CSUD
3,107,19107,Torre de' Picenardi,Torre de' Picenardi,Nord-ovest,Lombardia,Cremona,Cremona,CR,NORD
3,216,16216,Torre de' Roveri,Torre de' Roveri,Nord-ovest,Lombardia,Bergamo,Bergamo,BG,NORD
15,84,63084,Torre del Greco,Torre del Greco,Sud,Campania,Napoli,Naples,NA,CSUD
5,41,27041,Torre di Mosto,Torre di Mosto,Nord-est,Veneto,Venezia,Venice,VE,NORD
18,148,79148,Torre di Ruggiero,Torre di Ruggiero,Sud,Calabria,Catanzaro,Catanzaro,CZ,CALA
3,67,14067,Torre di Santa Maria,Torre di Santa Maria,Nord-ovest,Lombardia,Sondrio,Sondrio,SO,NORD
3,159,18159,Torre d'Isola,Torre d'Isola,Nord-ovest,Lombardia,Pavia,Pavia,PV,NORD
15,110,64110,Torre Le Nocelle,Torre Le Nocelle,Sud,Campania,Avellino,Avellino,AV,CSUD
1,227,4227,Torre Mondovç,Torre Mondovç,Nord-ovest,Piemonte,Cuneo,Cuneo,CN,NORD
15,149,65149,Torre Orsaia,Torre Orsaia,Sud,Campania,Salerno,Salerno,SA,CSUD
3,217,16217,Torre Pallavicina,Torre Pallavicina,Nord-ovest,Lombardia,Bergamo,Bergamo,BG,NORD
1,275,1275,Torre Pellice,Torre Pellice,Nord-ovest,Piemonte,Torino,Turin,TO,NORD
1,228,4228,Torre San Giorgio,Torre San Giorgio,Nord-ovest,Piemonte,Cuneo,Cuneo,CN,NORD
11,40,109040,Torre San Patrizio,Torre San Patrizio,Centro,Marche,Fermo,Fermo,FM,CNOR
16,19,74019,Torre Santa Susanna,Torre Santa Susanna,Sud,Puglia,Brindisi,Brindisi,BR,SUD
6,122,30122,Torreano,Torreano,Nord-est,Friuli Venezia Giulia,Udine,Udine,UD,NORD
5,107,24107,Torrebelvicino,Torrebelvicino,Nord-est,Veneto,Vicenza,Vicenza,VI,NORD
13,93,69093,Torrebruna,Torrebruna,Sud,Abruzzo,Chieti,Chieti,CH,CSUD
15,76,62076,Torrecuso,Torrecuso,Sud,Campania,Benevento,Benevento,BN,CSUD
5,92,28092,Torreglia,Torreglia,Nord-est,Veneto,Padova,Padova,PD,NORD
19,98,83098,Torregrotta,Torregrotta,Isole,Sicilia,Messina,Messina,ME,SICI
16,56,71056,Torremaggiore,Torremaggiore,Sud,Puglia,Foggia,Foggia,FG,SUD
19,108,83108,Torrenova,Torrenova,Isole,Sicilia,Messina,Messina,ME,SICI
1,229,4229,Torresina,Torresina,Nord-ovest,Piemonte,Cuneo,Cuneo,CN,NORD
19,72,82072,Torretta,Torretta,Isole,Sicilia,Palermo,Palermo,PA,SICI
3,160,18160,Torrevecchia Pia,Torrevecchia Pia,Nord-ovest,Lombardia,Pavia,Pavia,PV,NORD
13,94,69094,Torrevecchia Teatina,Torrevecchia Teatina,Sud,Abruzzo,Chieti,Chieti,CH,CSUD
5,86,23086,Torri del Benaco,Torri del Benaco,Nord-est,Veneto,Verona,Verona,VR,NORD
5,108,24108,Torri di Quartesolo,Torri di Quartesolo,Nord-est,Veneto,Vicenza,Vicenza,VI,NORD
12,70,57070,Torri in Sabina,Torri in Sabina,Centro,Lazio,Rieti,Rieti,RI,CSUD
12,79,60079,Torrice,Torrice,Centro,Lazio,Frosinone,Frosinone,FR,CSUD
16,28,73028,Torricella,Torricella,Sud,Puglia,Taranto,Taranto,TA,SUD
3,108,19108,Torricella del Pizzo,Torricella del Pizzo,Nord-ovest,Lombardia,Cremona,Cremona,CR,NORD
12,69,57069,Torricella in Sabina,Torricella in Sabina,Centro,Lazio,Rieti,Rieti,RI,CSUD
13,95,69095,Torricella Peligna,Torricella Peligna,Sud,Abruzzo,Chieti,Chieti,CH,CSUD
13,43,67043,Torricella Sicura,Torricella Sicura,Sud,Abruzzo,Teramo,Teramo,TE,CSUD
3,161,18161,Torricella Verzate,Torricella Verzate,Nord-ovest,Lombardia,Pavia,Pavia,PV,NORD
7,62,10062,Torriglia,Torriglia,Nord-ovest,Liguria,Genova,Genoa,GE,NORD
8,41,34041,Torrile,Torrile,Nord-est,Emilia Romagna,Parma,Parma,PR,NORD
15,111,64111,Torrioni,Torrioni,Sud,Campania,Avellino,Avellino,AV,CSUD
9,35,52035,Torrita di Siena,Torrita di Siena,Centro,Toscana,Siena,Siena,SI,CNOR
12,106,58106,Torrita Tiberina,Torrita Tiberina,Centro,Lazio,Roma,Rome,RM,CSUD
20,95,91095,Tortolç,Tortolç,Isole,Sardegna,Nuoro,Nuoro,NU,SARD
1,174,6174,Tortona,Tortona,Nord-ovest,Piemonte,Alessandria,Alessandria,AL,NORD
18,149,78149,Tortora,Tortora,Sud,Calabria,Cosenza,Cosenza,CS,CALA
15,150,65150,Tortorella,Tortorella,Sud,Campania,Salerno,Salerno,SA,CSUD
13,44,67044,Tortoreto,Tortoreto,Sud,Abruzzo,Teramo,Teramo,TE,CSUD
19,99,83099,Tortorici,Tortorici,Isole,Sicilia,Messina,Messina,ME,SICI
6,123,30123,Torviscosa,Torviscosa,Nord-est,Friuli Venezia Giulia,Udine,Udine,UD,NORD
3,187,17187,Toscolano-Maderno,Toscolano-Maderno,Nord-ovest,Lombardia,Brescia,Brescia,BS,NORD
13,45,67045,Tossicia,Tossicia,Sud,Abruzzo,Teramo,Teramo,TE,CSUD
3,68,14068,Tovo di Sant'Agata,Tovo di Sant'Agata,Nord-ovest,Lombardia,Sondrio,Sondrio,SO,NORD
7,62,9062,Tovo San Giacomo,Tovo San Giacomo,Nord-ovest,Liguria,Savona,Savona,SV,NORD
19,73,82073,Trabia,Trabia,Isole,Sicilia,Palermo,Palermo,PA,SICI
3,127,12127,Tradate,Tradate,Nord-ovest,Lombardia,Varese,Varese,VA,NORD
20,66,95066,Tramatza,Tramatza,Isole,Sardegna,Oristano,Oristano,OR,SARD
4,203,22203,Trambileno,Trambileno,Nord-est,Trentino-Alto Adige,Trento,Trento,TN,NORD
15,151,65151,Tramonti,Tramonti,Sud,Campania,Salerno,Salerno,SA,CSUD
6,45,93045,Tramonti di Sopra,Tramonti di Sopra,Nord-est,Friuli Venezia Giulia,Pordenone,Pordenone,PN,NORD
6,46,93046,Tramonti di Sotto,Tramonti di Sotto,Nord-est,Friuli Venezia Giulia,Pordenone,Pordenone,PN,NORD
17,91,76091,Tramutola,Tramutola,Sud,Basilicata,Potenza,Potenza,PZ,SUD
1,276,1276,Trana,Trana,Nord-ovest,Piemonte,Torino,Turin,TO,NORD
16,9,110009,Trani,Trani,Sud,Puglia,Barletta-Andria-Trani,Barletta-Andria-Trani,BT,SUD
3,69,14069,Traona,Traona,Nord-ovest,Lombardia,Sondrio,Sondrio,SO,NORD
19,21,81021,Trapani,Trapani,Isole,Sicilia,Trapani,Trapani,TP,SICI
19,74,82074,Trappeto,Trappeto,Isole,Sicilia,Palermo,Palermo,PA,SICI
1,66,103066,Trarego Viggiona,Trarego Viggiona,Nord-ovest,Piemonte,Verbano-Cusio-Ossola,Verbano-Cusio-Ossola,VB,NORD
13,102,66102,Trasacco,Trasacco,Sud,Abruzzo,L'Aquila,L'Aquila,AQ,CSUD
6,124,30124,Trasaghis,Trasaghis,Nord-est,Friuli Venezia Giulia,Udine,Udine,UD,NORD
1,67,103067,Trasquera,Trasquera,Nord-ovest,Piemonte,Verbano-Cusio-Ossola,Verbano-Cusio-Ossola,VB,NORD
20,90,111090,Tratalias,Tratalias,Isole,Sardegna,Sud Sardegna,#N/A,SU,SARD
3,162,18162,Travac? Siccomario,Travac? Siccomario,Nord-ovest,Lombardia,Pavia,Pavia,PV,NORD
3,188,17188,Travagliato,Travagliato,Nord-ovest,Lombardia,Brescia,Brescia,BS,NORD
3,128,12128,Travedona-Monate,Travedona-Monate,Nord-ovest,Lombardia,Varese,Varese,VA,NORD
1,278,1278,Traversella,Traversella,Nord-ovest,Piemonte,Torino,Turin,TO,NORD
8,42,34042,Traversetolo,Traversetolo,Nord-est,Emilia Romagna,Parma,Parma,PR,NORD
1,279,1279,Traves,Traves,Nord-ovest,Piemonte,Torino,Turin,TO,NORD
6,47,93047,Travesio,Travesio,Nord-est,Friuli Venezia Giulia,Pordenone,Pordenone,PN,NORD
8,43,33043,Travo,Travo,Nord-est,Emilia Romagna,Piacenza,Piacenza,PC,NORD
4,247,22247,Tre Ville,Tre Ville,Nord-est,Trentino-Alto Adige,Trento,Trento,TN,NORD
5,93,28093,Trebaseleghe,Trebaseleghe,Nord-est,Veneto,Padova,Padova,PD,NORD
18,150,78150,Trebisacce,Trebisacce,Sud,Calabria,Cosenza,Cosenza,CS,CALA
15,91,63091,Trecase,Trecase,Sud,Campania,Napoli,Naples,NA,CSUD
19,50,87050,Trecastagni,Trecastagni,Isole,Sicilia,Catania,Catania,CT,SICI
11,50,42050,Trecastelli,Trecastelli,Centro,Marche,Ancona,Ancona,AN,CNOR
1,149,3149,Trecate,Trecate,Nord-ovest,Piemonte,Novara,Novara,NO,NORD
17,92,76092,Trecchina,Trecchina,Sud,Basilicata,Potenza,Potenza,PZ,SUD
5,47,29047,Trecenta,Trecenta,Nord-est,Veneto,Rovigo,Rovigo,RO,NORD
8,49,40049,Tredozio,Tredozio,Nord-est,Emilia Romagna,Forlç-Cesena,Forlç-Cesena,FC,NORD
13,96,69096,Treglio,Treglio,Sud,Abruzzo,Chieti,Chieti,CH,CSUD
5,87,23087,Tregnago,Tregnago,Nord-est,Veneto,Verona,Verona,VR,NORD
11,54,43054,Treia,Treia,Centro,Marche,Macerata,Macerata,MC,CNOR
1,230,4230,Treiso,Treiso,Nord-ovest,Piemonte,Cuneo,Cuneo,CN,NORD
19,51,87051,Tremestieri Etneo,Tremestieri Etneo,Isole,Sicilia,Catania,Catania,CT,SICI
3,252,13252,Tremezzina,Tremezzina,Nord-ovest,Lombardia,Como,Como,CO,NORD
3,189,17189,Tremosine sul Garda,Tremosine sul Garda,Nord-ovest,Lombardia,Brescia,Brescia,BS,NORD
15,152,65152,Trentinara,Trentinara,Sud,Campania,Salerno,Salerno,SA,CSUD
4,205,22205,Trento,Trento,Nord-est,Trentino-Alto Adige,Trento,Trento,TN,NORD
15,94,61094,Trentola Ducenta,Trentola Ducenta,Sud,Campania,Caserta,Caserta,CE,CSUD
3,190,17190,Trenzano,Trenzano,Nord-ovest,Lombardia,Brescia,Brescia,BS,NORD
6,126,30126,Treppo Grande,Treppo Grande,Nord-est,Friuli Venezia Giulia,Udine,Udine,UD,NORD
6,191,30191,Treppo Ligosullo,Treppo Ligosullo,Nord-est,Friuli Venezia Giulia,Udine,Udine,UD,NORD
16,87,75087,Trepuzzi,Trepuzzi,Sud,Puglia,Lecce,Lecce,LE,SUD
9,36,52036,Trequanda,Trequanda,Centro,Toscana,Siena,Siena,SI,CNOR
9,15,45015,Tresana,Tresana,Centro,Toscana,Massa-Carrara,Massa-Carrara,MS,CNOR
3,218,16218,Trescore Balneario,Trescore Balneario,Nord-ovest,Lombardia,Bergamo,Bergamo,BG,NORD
3,109,19109,Trescore Cremasco,Trescore Cremasco,Nord-ovest,Lombardia,Cremona,Cremona,CR,NORD
8,30,38030,Tresignana,Tresignana,Nord-est,Emilia Romagna,Ferrara,Ferrara,FE,NORD
3,70,14070,Tresivio,Tresivio,Nord-ovest,Lombardia,Sondrio,Sondrio,SO,NORD
20,67,95067,Tresnuraghes,Tresnuraghes,Isole,Sardegna,Oristano,Oristano,OR,SARD
5,88,23088,Trevenzuolo,Trevenzuolo,Nord-est,Veneto,Verona,Verona,VR,NORD
10,54,54054,Trevi,Trevi,Centro,Umbria,Perugia,Perugia,PG,CSUD
12,80,60080,Trevi nel Lazio,Trevi nel Lazio,Centro,Lazio,Frosinone,Frosinone,FR,CSUD
15,112,64112,Trevico,Trevico,Sud,Campania,Avellino,Avellino,AV,CSUD
3,219,16219,Treviglio,Treviglio,Nord-ovest,Lombardia,Bergamo,Bergamo,BG,NORD
5,85,26085,Trevignano,Trevignano,Nord-est,Veneto,Treviso,Treviso,TV,NORD
12,107,58107,Trevignano Romano,Trevignano Romano,Centro,Lazio,Roma,Rome,RM,CSUD
1,175,6175,Treville,Treville,Nord-ovest,Piemonte,Alessandria,Alessandria,AL,NORD
3,220,16220,Treviolo,Treviolo,Nord-ovest,Lombardia,Bergamo,Bergamo,BG,NORD
5,86,26086,Treviso,Treviso,Nord-est,Veneto,Treviso,Treviso,TV,NORD
3,191,17191,Treviso Bresciano,Treviso Bresciano,Nord-ovest,Lombardia,Brescia,Brescia,BS,NORD
3,219,15219,Trezzano Rosa,Trezzano Rosa,Nord-ovest,Lombardia,Milano,Milan,MI,NORD
3,220,15220,Trezzano sul Naviglio,Trezzano sul Naviglio,Nord-ovest,Lombardia,Milano,Milan,MI,NORD
3,221,15221,Trezzo sull'Adda,Trezzo sull'Adda,Nord-ovest,Lombardia,Milano,Milan,MI,NORD
1,231,4231,Trezzo Tinella,Trezzo Tinella,Nord-ovest,Piemonte,Cuneo,Cuneo,CN,NORD
3,226,13226,Trezzone,Trezzone,Nord-ovest,Lombardia,Como,Como,CO,NORD
5,94,28094,Tribano,Tribano,Nord-est,Veneto,Padova,Padova,PD,NORD
3,222,15222,Tribiano,Tribiano,Nord-ovest,Lombardia,Milano,Milan,MI,NORD
7,63,10063,Tribogna,Tribogna,Nord-ovest,Liguria,Genova,Genoa,GE,NORD
17,28,77028,Tricarico,Tricarico,Sud,Basilicata,Matera,Matera,MT,SUD
16,88,75088,Tricase,Tricase,Sud,Puglia,Lecce,Lecce,LE,SUD
1,147,2147,Tricerro,Tricerro,Nord-ovest,Piemonte,Vercelli,Vercelli,VC,NORD
6,127,30127,Tricesimo,Tricesimo,Nord-est,Friuli Venezia Giulia,Udine,Udine,UD,NORD
20,97,91097,Triei,Triei,Isole,Sardegna,Nuoro,Nuoro,NU,SARD
6,6,32006,Trieste,Trieste,Nord-est,Friuli Venezia Giulia,Trieste,Trieste,TS,NORD
16,46,72046,Triggiano,Triggiano,Sud,Puglia,Bari,Bari,BA,SUD
3,110,19110,Trigolo,Trigolo,Nord-ovest,Lombardia,Cremona,Cremona,CR,NORD
1,232,4232,Trinit?,Trinit?,Nord-ovest,Piemonte,Cuneo,Cuneo,CN,NORD
20,74,90074,Trinit? d'Agultu e Vignola,Trinit? d'Agultu e Vignola,Isole,Sardegna,Sassari,Sassari,SS,SARD
16,10,110010,Trinitapoli,Trinitapoli,Sud,Puglia,Barletta-Andria-Trani,Barletta-Andria-Trani,BT,SUD
1,148,2148,Trino,Trino,Nord-ovest,Piemonte,Vercelli,Vercelli,VC,NORD
7,61,8061,Triora,Triora,Nord-ovest,Liguria,Imperia,Imperia,IM,NORD
19,100,83100,Tripi,Tripi,Isole,Sicilia,Messina,Messina,ME,SICI
1,176,6176,Trisobbio,Trisobbio,Nord-ovest,Piemonte,Alessandria,Alessandria,AL,NORD
5,110,24110,Trissino,Trissino,Nord-est,Veneto,Vicenza,Vicenza,VI,NORD
3,43,108043,Triuggio,Triuggio,Nord-ovest,Lombardia,Monza e della Brianza,Monza e della Brianza,MB,NORD
14,81,70081,Trivento,Trivento,Sud,Molise,Campobasso,Campobasso,CB,SUD
12,81,60081,Trivigliano,Trivigliano,Centro,Lazio,Frosinone,Frosinone,FR,CSUD
6,128,30128,Trivignano Udinese,Trivignano Udinese,Nord-est,Friuli Venezia Giulia,Udine,Udine,UD,NORD
17,93,76093,Trivigno,Trivigno,Sud,Basilicata,Potenza,Potenza,PZ,SUD
3,163,18163,Trivolzio,Trivolzio,Nord-ovest,Lombardia,Pavia,Pavia,PV,NORD
4,102,21102,Trodena nel parco naturale/Truden im Naturpark,Trodena nel parco naturale,Nord-est,Trentino-Alto Adige,Bolzano/Bozen,Bolzano,BZ,NORD
1,280,1280,Trofarello,Trofarello,Nord-ovest,Piemonte,Torino,Turin,TO,NORD
16,58,71058,Troia,Troia,Sud,Puglia,Foggia,Foggia,FG,SUD
19,18,86018,Troina,Troina,Isole,Sicilia,Enna,Enna,EN,SICI
3,164,18164,Tromello,Tromello,Nord-ovest,Lombardia,Pavia,Pavia,PV,NORD
1,68,103068,Trontano,Trontano,Nord-ovest,Piemonte,Verbano-Cusio-Ossola,Verbano-Cusio-Ossola,VB,NORD
3,129,12129,Tronzano Lago Maggiore,Tronzano Lago Maggiore,Nord-ovest,Lombardia,Varese,Varese,VA,NORD
1,150,2150,Tronzano Vercellese,Tronzano Vercellese,Nord-ovest,Piemonte,Vercelli,Vercelli,VC,NORD
18,44,102044,Tropea,Tropea,Sud,Calabria,Vibo Valentia,Vibo Valentia,VV,CALA
3,165,18165,Trovo,Trovo,Nord-ovest,Lombardia,Pavia,Pavia,PV,NORD
3,224,15224,Truccazzano,Truccazzano,Nord-ovest,Lombardia,Milano,Milan,MI,NORD
4,103,21103,Tubre/Taufers im MÅnstertal,Tubre,Nord-est,Trentino-Alto Adige,Bolzano/Bozen,Bolzano,BZ,NORD
14,82,70082,Tufara,Tufara,Sud,Molise,Campobasso,Campobasso,CB,SUD
13,97,69097,Tufillo,Tufillo,Sud,Abruzzo,Chieti,Chieti,CH,CSUD
15,85,63085,Tufino,Tufino,Sud,Campania,Napoli,Naples,NA,CSUD
15,113,64113,Tufo,Tufo,Sud,Campania,Avellino,Avellino,AV,CSUD
16,89,75089,Tuglie,Tuglie,Sud,Puglia,Lecce,Lecce,LE,SUD
20,91,111091,Tuili,Tuili,Isole,Sardegna,Sud Sardegna,#N/A,SU,SARD
20,75,90075,Tula,Tula,Isole,Sardegna,Sassari,Sassari,SS,SARD
10,55,54055,Tuoro sul Trasimeno,Tuoro sul Trasimeno,Centro,Umbria,Perugia,Perugia,PG,CSUD
12,71,57071,Turania,Turania,Centro,Lazio,Rieti,Rieti,RI,CSUD
3,58,98058,Turano Lodigiano,Turano Lodigiano,Nord-ovest,Lombardia,Lodi,Lodi,LO,NORD
3,227,13227,Turate,Turate,Nord-ovest,Lombardia,Como,Como,CO,NORD
3,226,15226,Turbigo,Turbigo,Nord-ovest,Lombardia,Milano,Milan,MI,NORD
16,47,72047,Turi,Turi,Sud,Puglia,Bari,Bari,BA,SUD
20,92,111092,Turri,Turri,Isole,Sardegna,Sud Sardegna,#N/A,SU,SARD
6,24,31024,Turriaco,Turriaco,Nord-est,Friuli Venezia Giulia,Gorizia,Gorizia,GO,NORD
13,44,68044,Turrivalignani,Turrivalignani,Sud,Abruzzo,Pescara,Pescara,PE,CSUD
17,29,77029,Tursi,Tursi,Sud,Basilicata,Matera,Matera,MT,SUD
19,101,83101,Tusa,Tusa,Isole,Sicilia,Messina,Messina,ME,SICI
12,52,56052,Tuscania,Tuscania,Centro,Lazio,Viterbo,Viterbo,VT,CSUD
3,221,16221,Ubiale Clanezzo,Ubiale Clanezzo,Nord-ovest,Lombardia,Bergamo,Bergamo,BG,NORD
3,130,12130,Uboldo,Uboldo,Nord-ovest,Lombardia,Varese,Varese,VA,NORD
19,102,83102,Ucria,Ucria,Isole,Sicilia,Messina,Messina,ME,SICI
6,129,30129,Udine,Udine,Nord-est,Friuli Venezia Giulia,Udine,Udine,UD,NORD
16,90,75090,Ugento,Ugento,Sud,Puglia,Lecce,Lecce,LE,SUD
16,91,75091,Uggiano la Chiesa,Uggiano la Chiesa,Sud,Puglia,Lecce,Lecce,LE,SUD
3,228,13228,Uggiate-Trevano,Uggiate-Trevano,Nord-ovest,Lombardia,Como,Como,CO,NORD
20,68,95068,Ul? Tirso,Ul? Tirso,Isole,Sardegna,Oristano,Oristano,OR,SARD
20,98,91098,Ulassai,Ulassai,Isole,Sardegna,Nuoro,Nuoro,NU,SARD
4,104,21104,Ultimo/Ulten,Ultimo,Nord-est,Trentino-Alto Adige,Bolzano/Bozen,Bolzano,BZ,NORD
10,56,54056,Umbertide,Umbertide,Centro,Umbria,Perugia,Perugia,PG,CSUD
18,26,101026,Umbriatico,Umbriatico,Sud,Calabria,Crotone,Crotone,KR,CALA
3,192,17192,Urago d'Oglio,Urago d'Oglio,Nord-ovest,Lombardia,Brescia,Brescia,BS,NORD
20,69,95069,Uras,Uras,Isole,Sardegna,Oristano,Oristano,OR,SARD
5,95,28095,Urbana,Urbana,Nord-est,Veneto,Padova,Padova,PD,NORD
11,66,41066,Urbania,Urbania,Centro,Marche,Pesaro e Urbino,Pesaro e Urbino,PU,CNOR
7,63,9063,Urbe,Urbe,Nord-ovest,Liguria,Savona,Savona,SV,NORD
11,67,41067,Urbino,Urbino,Centro,Marche,Pesaro e Urbino,Pesaro e Urbino,PU,CNOR
11,55,43055,Urbisaglia,Urbisaglia,Centro,Marche,Macerata,Macerata,MC,CNOR
3,222,16222,Urgnano,Urgnano,Nord-ovest,Lombardia,Bergamo,Bergamo,BG,NORD
20,76,90076,Uri,Uri,Isole,Sardegna,Sassari,Sassari,SS,SARD
14,83,70083,Ururi,Ururi,Sud,Molise,Campobasso,Campobasso,CB,SUD
20,99,91099,Urzulei,Urzulei,Isole,Sardegna,Nuoro,Nuoro,NU,SARD
7,64,10064,Uscio,Uscio,Nord-ovest,Liguria,Genova,Genoa,GE,NORD
20,70,95070,Usellus,Usellus,Isole,Sardegna,Oristano,Oristano,OR,SARD
20,77,90077,Usini,Usini,Isole,Sardegna,Sassari,Sassari,SS,SARD
3,44,108044,Usmate Velate,Usmate Velate,Nord-ovest,Lombardia,Monza e della Brianza,Monza e della Brianza,MB,NORD
20,93,111093,Ussana,Ussana,Isole,Sardegna,Sud Sardegna,#N/A,SU,SARD
20,94,111094,Ussaramanna,Ussaramanna,Isole,Sardegna,Sud Sardegna,#N/A,SU,SARD
20,100,91100,Ussassai,Ussassai,Isole,Sardegna,Nuoro,Nuoro,NU,SARD
1,281,1281,Usseaux,Usseaux,Nord-ovest,Piemonte,Torino,Turin,TO,NORD
1,282,1282,Usseglio,Usseglio,Nord-ovest,Piemonte,Torino,Turin,TO,NORD
11,56,43056,Ussita,Ussita,Centro,Marche,Macerata,Macerata,MC,CNOR
19,75,82075,Ustica,Ustica,Isole,Sicilia,Palermo,Palermo,PA,SICI
20,90,92090,Uta,Uta,Isole,Sardegna,Cagliari,Cagliari,CA,SARD
9,21,47021,Uzzano,Uzzano,Centro,Toscana,Pistoia,Pistoia,PT,CNOR
18,152,78152,Vaccarizzo Albanese,Vaccarizzo Albanese,Sud,Calabria,Cosenza,Cosenza,CS,CALA
12,72,57072,Vacone,Vacone,Centro,Lazio,Rieti,Rieti,RI,CSUD
13,98,69098,Vacri,Vacri,Sud,Abruzzo,Chieti,Chieti,CH,CSUD
4,105,21105,Vadena/Pfatten,Vadena,Nord-est,Trentino-Alto Adige,Bolzano/Bozen,Bolzano,BZ,NORD
7,64,9064,Vado Ligure,Vado Ligure,Nord-ovest,Liguria,Savona,Savona,SV,NORD
9,31,46031,Vagli Sotto,Vagli Sotto,Centro,Toscana,Lucca,Lucca,LU,CNOR
9,46,48046,Vaglia,Vaglia,Centro,Toscana,Firenze,Florence,FI,CNOR
17,94,76094,Vaglio Basilicata,Vaglio Basilicata,Sud,Basilicata,Potenza,Potenza,PZ,SUD
1,111,5111,Vaglio Serra,Vaglio Serra,Nord-ovest,Piemonte,Asti,Asti,AT,NORD
9,6,100006,Vaiano,Vaiano,Centro,Toscana,Prato,Prato,PO,CNOR
3,111,19111,Vaiano Cremasco,Vaiano Cremasco,Nord-ovest,Lombardia,Cremona,Cremona,CR,NORD
1,283,1283,Vaie,Vaie,Nord-ovest,Piemonte,Torino,Turin,TO,NORD
3,112,19112,Vailate,Vailate,Nord-ovest,Lombardia,Cremona,Cremona,CR,NORD
15,95,61095,Vairano Patenora,Vairano Patenora,Sud,Campania,Caserta,Caserta,CE,CSUD
6,52,93052,Vajont,Vajont,Nord-est,Friuli Venezia Giulia,Pordenone,Pordenone,PN,NORD
3,253,16253,Val Brembilla,Val Brembilla,Nord-ovest,Lombardia,Bergamo,Bergamo,BG,NORD
1,284,1284,Val della Torre,Val della Torre,Nord-ovest,Piemonte,Torino,Turin,TO,NORD
1,317,1317,Val di Chy,Val di Chy,Nord-ovest,Piemonte,Torino,Turin,TO,NORD
3,166,18166,Val di Nizza,Val di Nizza,Nord-ovest,Lombardia,Pavia,Pavia,PV,NORD
4,107,21107,Val di Vizze/Pfitsch,Val di Vizze,Nord-est,Trentino-Alto Adige,Bolzano/Bozen,Bolzano,BZ,NORD
5,73,25073,Val di Zoldo,Val di Zoldo,Nord-est,Veneto,Belluno,Belluno,BL,NORD
5,123,24123,Val Liona,Val Liona,Nord-est,Veneto,Vicenza,Vicenza,VI,NORD
3,74,14074,Val Masino,Val Masino,Nord-ovest,Lombardia,Sondrio,Sondrio,SO,NORD
3,233,13233,Val Rezzo,Val Rezzo,Nord-ovest,Lombardia,Como,Como,CO,NORD
3,223,16223,Valbondione,Valbondione,Nord-ovest,Lombardia,Bergamo,Bergamo,BG,NORD
3,224,16224,Valbrembo,Valbrembo,Nord-ovest,Lombardia,Bergamo,Bergamo,BG,NORD
5,125,24125,Valbrenta,Valbrenta,Nord-est,Veneto,Vicenza,Vicenza,VI,NORD
7,65,10065,Valbrevenna,Valbrevenna,Nord-ovest,Liguria,Genova,Genoa,GE,NORD
3,229,13229,Valbrona,Valbrona,Nord-ovest,Lombardia,Como,Como,CO,NORD
1,318,1318,Valchiusa,Valchiusa,Nord-ovest,Piemonte,Torino,Turin,TO,NORD
5,111,24111,Valdagno,Valdagno,Nord-est,Veneto,Vicenza,Vicenza,VI,NORD
4,232,22232,Valdaone,Valdaone,Nord-est,Trentino-Alto Adige,Trento,Trento,TN,NORD
4,106,21106,Valdaora/Olang,Valdaora,Nord-est,Trentino-Alto Adige,Bolzano/Bozen,Bolzano,BZ,NORD
5,112,24112,Valdastico,Valdastico,Nord-est,Veneto,Vicenza,Vicenza,VI,NORD
1,71,96071,Valdengo,Valdengo,Nord-ovest,Piemonte,Biella,Biella,BI,NORD
19,22,81022,Valderice,Valderice,Isole,Sicilia,Trapani,Trapani,TP,SICI
3,71,14071,Valdidentro,Valdidentro,Nord-ovest,Lombardia,Sondrio,Sondrio,SO,NORD
1,233,4233,Valdieri,Valdieri,Nord-ovest,Piemonte,Cuneo,Cuneo,CN,NORD
1,88,96088,Valdilana,Valdilana,Nord-ovest,Piemonte,Biella,Biella,BI,NORD
19,103,83103,Valdina,Valdina,Isole,Sicilia,Messina,Messina,ME,SICI
3,72,14072,Valdisotto,Valdisotto,Nord-ovest,Lombardia,Sondrio,Sondrio,SO,NORD
5,87,26087,Valdobbiadene,Valdobbiadene,Nord-est,Veneto,Treviso,Treviso,TV,NORD
1,152,2152,Valduggia,Valduggia,Nord-ovest,Piemonte,Vercelli,Vercelli,VC,NORD
3,167,18167,Valeggio,Valeggio,Nord-ovest,Lombardia,Pavia,Pavia,PV,NORD
5,89,23089,Valeggio sul Mincio,Valeggio sul Mincio,Nord-est,Veneto,Verona,Verona,VR,NORD
12,53,56053,Valentano,Valentano,Centro,Lazio,Viterbo,Viterbo,VT,CSUD
1,177,6177,Valenza,Valenza,Nord-ovest,Piemonte,Alessandria,Alessandria,AL,NORD
16,48,72048,Valenzano,Valenzano,Sud,Puglia,Bari,Bari,BA,SUD
3,59,98059,Valera Fratta,Valera Fratta,Nord-ovest,Lombardia,Lodi,Lodi,LO,NORD
10,57,54057,Valfabbrica,Valfabbrica,Centro,Umbria,Perugia,Perugia,PG,CSUD
1,112,5112,Valfenera,Valfenera,Nord-ovest,Piemonte,Asti,Asti,AT,NORD
4,209,22209,Valfloriana,Valfloriana,Nord-est,Trentino-Alto Adige,Trento,Trento,TN,NORD
11,58,43058,Valfornace,Valfornace,Centro,Marche,Macerata,Macerata,MC,CNOR
3,73,14073,Valfurva,Valfurva,Nord-ovest,Lombardia,Sondrio,Sondrio,SO,NORD
3,131,12131,Valganna,Valganna,Nord-ovest,Lombardia,Varese,Varese,VA,NORD
1,285,1285,Valgioie,Valgioie,Nord-ovest,Piemonte,Torino,Turin,TO,NORD
3,225,16225,Valgoglio,Valgoglio,Nord-ovest,Lombardia,Bergamo,Bergamo,BG,NORD
1,234,4234,Valgrana,Valgrana,Nord-ovest,Piemonte,Cuneo,Cuneo,CN,NORD
3,82,97082,Valgreghentino,Valgreghentino,Nord-ovest,Lombardia,Lecco,Lecco,LC,NORD
2,68,7068,Valgrisenche,Valgrisenche,Nord-ovest,Valle d'Aosta,Valle d'Aosta,Aosta,AO,NORD
19,19,86019,Valguarnera Caropepe,Valguarnera Caropepe,Isole,Sicilia,Enna,Enna,EN,SICI
5,62,25062,Vallada Agordina,Vallada Agordina,Nord-est,Veneto,Belluno,Belluno,BL,NORD
1,72,96072,Vallanzengo,Vallanzengo,Nord-ovest,Piemonte,Biella,Biella,BI,NORD
4,210,22210,Vallarsa,Vallarsa,Nord-est,Trentino-Alto Adige,Trento,Trento,TN,NORD
15,114,64114,Vallata,Vallata,Sud,Campania,Avellino,Avellino,AV,CSUD
15,96,61096,Valle Agricola,Valle Agricola,Sud,Campania,Caserta,Caserta,CE,CSUD
4,108,21108,Valle Aurina/Ahrntal,Valle Aurina,Nord-est,Trentino-Alto Adige,Bolzano/Bozen,Bolzano,BZ,NORD
1,79,103079,Valle Cannobina,Valle Cannobina,Nord-ovest,Piemonte,Verbano-Cusio-Ossola,Verbano-Cusio-Ossola,VB,NORD
13,46,67046,Valle Castellana,Valle Castellana,Sud,Abruzzo,Teramo,Teramo,TE,CSUD
15,153,65153,Valle dell'Angelo,Valle dell'Angelo,Sud,Campania,Salerno,Salerno,SA,CSUD
5,63,25063,Valle di Cadore,Valle di Cadore,Nord-est,Veneto,Belluno,Belluno,BL,NORD
4,109,21109,Valle di Casies/Gsies,Valle di Casies,Nord-est,Trentino-Alto Adige,Bolzano/Bozen,Bolzano,BZ,NORD
15,97,61097,Valle di Maddaloni,Valle di Maddaloni,Sud,Campania,Caserta,Caserta,CE,CSUD
3,168,18168,Valle Lomellina,Valle Lomellina,Nord-ovest,Lombardia,Pavia,Pavia,PV,NORD
3,169,18169,Valle Salimbene,Valle Salimbene,Nord-ovest,Lombardia,Pavia,Pavia,PV,NORD
1,74,96074,Valle San Nicolao,Valle San Nicolao,Nord-ovest,Piemonte,Biella,Biella,BI,NORD
7,62,8062,Vallebona,Vallebona,Nord-ovest,Liguria,Imperia,Imperia,IM,NORD
12,82,60082,Vallecorsa,Vallecorsa,Centro,Lazio,Frosinone,Frosinone,FR,CSUD
7,63,8063,Vallecrosia,Vallecrosia,Nord-ovest,Liguria,Imperia,Imperia,IM,NORD
19,76,82076,Valledolmo,Valledolmo,Isole,Sicilia,Palermo,Palermo,PA,SICI
20,79,90079,Valledoria,Valledoria,Isole,Sardegna,Sassari,Sassari,SS,SARD
18,151,79151,Vallefiorita,Vallefiorita,Sud,Calabria,Catanzaro,Catanzaro,CZ,CALA
11,68,41068,Vallefoglia,Vallefoglia,Centro,Marche,Pesaro e Urbino,Pesaro e Urbino,PU,CNOR
4,248,22248,Vallelaghi,Vallelaghi,Nord-est,Trentino-Alto Adige,Trento,Trento,TN,NORD
18,45,102045,Vallelonga,Vallelonga,Sud,Calabria,Vibo Valentia,Vibo Valentia,VV,CALA
19,21,85021,Vallelunga Pratameno,Vallelunga Pratameno,Isole,Sicilia,Caltanissetta,Caltanissetta,CL,SICI
12,83,60083,Vallemaio,Vallemaio,Centro,Lazio,Frosinone,Frosinone,FR,CSUD
12,108,58108,Vallepietra,Vallepietra,Centro,Lazio,Roma,Rome,RM,CSUD
12,54,56054,Vallerano,Vallerano,Centro,Lazio,Viterbo,Viterbo,VT,CSUD
20,95,111095,Vallermosa,Vallermosa,Isole,Sardegna,Sud Sardegna,#N/A,SU,SARD
12,84,60084,Vallerotonda,Vallerotonda,Centro,Lazio,Frosinone,Frosinone,FR,CSUD
15,115,64115,Vallesaccarda,Vallesaccarda,Sud,Campania,Avellino,Avellino,AV,CSUD
3,226,16226,Valleve,Valleve,Nord-ovest,Lombardia,Bergamo,Bergamo,BG,NORD
5,113,24113,Valli del Pasubio,Valli del Pasubio,Nord-est,Veneto,Vicenza,Vicenza,VI,NORD
12,109,58109,Vallinfreda,Vallinfreda,Centro,Lazio,Roma,Rome,RM,CSUD
3,193,17193,Vallio Terme,Vallio Terme,Nord-ovest,Lombardia,Brescia,Brescia,BS,NORD
15,154,65154,Vallo della Lucania,Vallo della Lucania,Sud,Campania,Salerno,Salerno,SA,CSUD
10,58,54058,Vallo di Nera,Vallo di Nera,Centro,Umbria,Perugia,Perugia,PG,CSUD
1,286,1286,Vallo Torinese,Vallo Torinese,Nord-ovest,Piemonte,Torino,Turin,TO,NORD
1,235,4235,Valloriate,Valloriate,Nord-ovest,Piemonte,Cuneo,Cuneo,CN,NORD
1,178,6178,Valmacca,Valmacca,Nord-ovest,Piemonte,Alessandria,Alessandria,AL,NORD
3,83,97083,Valmadrera,Valmadrera,Nord-ovest,Lombardia,Lecco,Lecco,LC,NORD
12,110,58110,Valmontone,Valmontone,Centro,Lazio,Roma,Rome,RM,CSUD
3,232,13232,Valmorea,Valmorea,Nord-ovest,Lombardia,Como,Como,CO,NORD
8,44,34044,Valmozzola,Valmozzola,Nord-est,Emilia Romagna,Parma,Parma,PR,NORD
3,227,16227,Valnegra,Valnegra,Nord-ovest,Lombardia,Bergamo,Bergamo,BG,NORD
2,69,7069,Valpelline,Valpelline,Nord-ovest,Valle d'Aosta,Valle d'Aosta,Aosta,AO,NORD
1,287,1287,Valperga,Valperga,Nord-ovest,Piemonte,Torino,Turin,TO,NORD
1,288,1288,Valprato Soana,Valprato Soana,Nord-ovest,Piemonte,Torino,Turin,TO,NORD
8,61,37061,Valsamoggia,Valsamoggia,Nord-est,Emilia Romagna,Bologna,Bologna,BO,NORD
2,70,7070,Valsavarenche,Valsavarenche,Nord-ovest,Valle d'Aosta,Valle d'Aosta,Aosta,AO,NORD
17,30,77030,Valsinni,Valsinni,Sud,Basilicata,Matera,Matera,MT,SUD
3,234,13234,Valsolda,Valsolda,Nord-ovest,Lombardia,Como,Como,CO,NORD
1,69,103069,Valstrona,Valstrona,Nord-ovest,Piemonte,Verbano-Cusio-Ossola,Verbano-Cusio-Ossola,VB,NORD
10,59,54059,Valtopina,Valtopina,Centro,Umbria,Perugia,Perugia,PG,CSUD
3,229,16229,Valtorta,Valtorta,Nord-ovest,Lombardia,Bergamo,Bergamo,BG,NORD
2,71,7071,Valtournenche,Valtournenche,Nord-ovest,Valle d'Aosta,Valle d'Aosta,Aosta,AO,NORD
15,155,65155,Valva,Valva,Sud,Campania,Salerno,Salerno,SA,CSUD
3,93,97093,Valvarrone,Valvarrone,Nord-ovest,Lombardia,Lecco,Lecco,LC,NORD
6,53,93053,Valvasone Arzene,Valvasone Arzene,Nord-est,Friuli Venezia Giulia,Pordenone,Pordenone,PN,NORD
19,52,87052,Valverde,Valverde,Isole,Sicilia,Catania,Catania,CT,SICI
3,194,17194,Valvestino,Valvestino,Nord-ovest,Lombardia,Brescia,Brescia,BS,NORD
4,110,21110,Vandoies/Vintl,Vandoies,Nord-est,Trentino-Alto Adige,Bolzano/Bozen,Bolzano,BZ,NORD
3,249,15249,Vanzaghello,Vanzaghello,Nord-ovest,Lombardia,Milano,Milan,MI,NORD
3,229,15229,Vanzago,Vanzago,Nord-ovest,Lombardia,Milano,Milan,MI,NORD
1,70,103070,Vanzone con San Carlo,Vanzone con San Carlo,Nord-ovest,Piemonte,Verbano-Cusio-Ossola,Verbano-Cusio-Ossola,VB,NORD
3,230,15230,Vaprio d'Adda,Vaprio d'Adda,Nord-ovest,Lombardia,Milano,Milan,MI,NORD
1,153,3153,Vaprio d'Agogna,Vaprio d'Agogna,Nord-ovest,Piemonte,Novara,Novara,NO,NORD
1,156,2156,Varallo,Varallo,Nord-ovest,Piemonte,Vercelli,Vercelli,VC,NORD
1,154,3154,Varallo Pombia,Varallo Pombia,Nord-ovest,Piemonte,Novara,Novara,NO,NORD
3,132,12132,Varano Borghi,Varano Borghi,Nord-ovest,Lombardia,Varese,Varese,VA,NORD
8,45,34045,Varano de' Melegari,Varano de' Melegari,Nord-est,Emilia Romagna,Parma,Parma,PR,NORD
18,95,80095,Varapodio,Varapodio,Sud,Calabria,Reggio Calabria,Reggio Calabria,RC,CALA
7,65,9065,Varazze,Varazze,Nord-ovest,Liguria,Savona,Savona,SV,NORD
12,73,57073,Varco Sabino,Varco Sabino,Centro,Lazio,Rieti,Rieti,RI,CSUD
3,45,108045,Varedo,Varedo,Nord-ovest,Lombardia,Monza e della Brianza,Monza e della Brianza,MB,NORD
3,84,97084,Varenna,Varenna,Nord-ovest,Lombardia,Lecco,Lecco,LC,NORD
3,133,12133,Varese,Varese,Nord-ovest,Lombardia,Varese,Varese,VA,NORD
7,29,11029,Varese Ligure,Varese Ligure,Nord-ovest,Liguria,La Spezia,La Spezia,SP,NORD
1,289,1289,Varisella,Varisella,Nord-ovest,Piemonte,Torino,Turin,TO,NORD
6,130,30130,Varmo,Varmo,Nord-est,Friuli Venezia Giulia,Udine,Udine,UD,NORD
4,111,21111,Varna/Vahrn,Varna,Nord-est,Trentino-Alto Adige,Bolzano/Bozen,Bolzano,BZ,NORD
8,46,34046,Varsi,Varsi,Nord-est,Emilia Romagna,Parma,Parma,PR,NORD
3,171,18171,Varzi,Varzi,Nord-ovest,Lombardia,Pavia,Pavia,PV,NORD
1,71,103071,Varzo,Varzo,Nord-ovest,Piemonte,Verbano-Cusio-Ossola,Verbano-Cusio-Ossola,VB,NORD
12,55,56055,Vasanello,Vasanello,Centro,Lazio,Viterbo,Viterbo,VT,CSUD
7,64,8064,Vasia,Vasia,Nord-ovest,Liguria,Imperia,Imperia,IM,NORD
13,99,69099,Vasto,Vasto,Sud,Abruzzo,Chieti,Chieti,CH,CSUD
14,51,94051,Vastogirardi,Vastogirardi,Sud,Molise,Isernia,Isernia,IS,SUD
1,290,1290,Vauda Canavese,Vauda Canavese,Nord-ovest,Piemonte,Torino,Turin,TO,NORD
18,46,102046,Vazzano,Vazzano,Sud,Calabria,Vibo Valentia,Vibo Valentia,VV,CALA
5,88,26088,Vazzola,Vazzola,Nord-est,Veneto,Treviso,Treviso,TV,NORD
9,37,50037,Vecchiano,Vecchiano,Centro,Toscana,Pisa,Pisa,PI,CNOR
3,46,108046,Vedano al Lambro,Vedano al Lambro,Nord-ovest,Lombardia,Monza e della Brianza,Monza e della Brianza,MB,NORD
3,134,12134,Vedano Olona,Vedano Olona,Nord-ovest,Lombardia,Varese,Varese,VA,NORD
5,89,26089,Vedelago,Vedelago,Nord-est,Veneto,Treviso,Treviso,TV,NORD
3,230,16230,Vedeseta,Vedeseta,Nord-ovest,Lombardia,Bergamo,Bergamo,BG,NORD
3,47,108047,Veduggio con Colzano,Veduggio con Colzano,Nord-ovest,Lombardia,Monza e della Brianza,Monza e della Brianza,MB,NORD
5,96,28096,Veggiano,Veggiano,Nord-est,Veneto,Padova,Padova,PD,NORD
16,92,75092,Veglie,Veglie,Sud,Puglia,Lecce,Lecce,LE,SUD
1,75,96075,Veglio,Veglio,Nord-ovest,Piemonte,Biella,Biella,BI,NORD
12,56,56056,Vejano,Vejano,Centro,Lazio,Viterbo,Viterbo,VT,CSUD
3,236,13236,Veleso,Veleso,Nord-ovest,Lombardia,Como,Como,CO,NORD
3,172,18172,Velezzo Lomellina,Velezzo Lomellina,Nord-ovest,Lombardia,Pavia,Pavia,PV,NORD
12,111,58111,Velletri,Velletri,Centro,Lazio,Roma,Rome,RM,CSUD
3,173,18173,Vellezzo Bellini,Vellezzo Bellini,Nord-ovest,Lombardia,Pavia,Pavia,PV,NORD
5,115,24115,Velo d'Astico,Velo d'Astico,Nord-est,Veneto,Vicenza,Vicenza,VI,NORD
5,90,23090,Velo Veronese,Velo Veronese,Nord-est,Veneto,Verona,Verona,VR,NORD
4,116,21116,Velturno/Feldthurns,Velturno,Nord-est,Trentino-Alto Adige,Bolzano/Bozen,Bolzano,BZ,NORD
14,52,94052,Venafro,Venafro,Sud,Molise,Isernia,Isernia,IS,SUD
1,292,1292,Venaria Reale,Venaria Reale,Nord-ovest,Piemonte,Torino,Turin,TO,NORD
11,73,44073,Venarotta,Venarotta,Centro,Marche,Ascoli Piceno,Ascoli Piceno,AP,CNOR
1,237,4237,Venasca,Venasca,Nord-ovest,Piemonte,Cuneo,Cuneo,CN,NORD
1,291,1291,Venaus,Venaus,Nord-ovest,Piemonte,Torino,Turin,TO,NORD
7,66,9066,Vendone,Vendone,Nord-ovest,Liguria,Savona,Savona,SV,NORD
3,136,12136,Venegono Inferiore,Venegono Inferiore,Nord-ovest,Lombardia,Varese,Varese,VA,NORD
3,137,12137,Venegono Superiore,Venegono Superiore,Nord-ovest,Lombardia,Varese,Varese,VA,NORD
19,104,83104,Venetico,Venetico,Isole,Sicilia,Messina,Messina,ME,SICI
5,42,27042,Venezia,Venezia,Nord-est,Veneto,Venezia,Venice,VE,NORD
3,238,13238,Veniano,Veniano,Nord-ovest,Lombardia,Como,Como,CO,NORD
17,95,76095,Venosa,Venosa,Sud,Basilicata,Potenza,Potenza,PZ,SUD
8,46,35046,Ventasso,Ventasso,Nord-est,Emilia Romagna,Reggio nell'Emilia,Reggio Emilia,RE,NORD
15,116,64116,Venticano,Venticano,Sud,Campania,Avellino,Avellino,AV,CSUD
7,65,8065,Ventimiglia,Ventimiglia,Nord-ovest,Liguria,Imperia,Imperia,IM,NORD
19,77,82077,Ventimiglia di Sicilia,Ventimiglia di Sicilia,Isole,Sicilia,Palermo,Palermo,PA,SICI
12,33,59033,Ventotene,Ventotene,Centro,Lazio,Latina,Latina,LT,CSUD
6,131,30131,Venzone,Venzone,Nord-est,Friuli Venezia Giulia,Udine,Udine,UD,NORD
4,112,21112,Verano/V?ran,Verano,Nord-est,Trentino-Alto Adige,Bolzano/Bozen,Bolzano,BZ,NORD
3,48,108048,Verano Brianza,Verano Brianza,Nord-ovest,Lombardia,Monza e della Brianza,Monza e della Brianza,MB,NORD
1,72,103072,Verbania,Verbania,Nord-ovest,Piemonte,Verbano-Cusio-Ossola,Verbano-Cusio-Ossola,VB,NORD
18,153,78153,Verbicaro,Verbicaro,Sud,Calabria,Cosenza,Cosenza,CS,CALA
3,239,13239,Vercana,Vercana,Nord-ovest,Lombardia,Como,Como,CO,NORD
3,75,14075,Verceia,Verceia,Nord-ovest,Lombardia,Sondrio,Sondrio,SO,NORD
1,158,2158,Vercelli,Vercelli,Nord-ovest,Piemonte,Vercelli,Vercelli,VC,NORD
3,86,97086,Vercurago,Vercurago,Nord-ovest,Lombardia,Lecco,Lecco,LC,NORD
3,232,16232,Verdellino,Verdellino,Nord-ovest,Lombardia,Bergamo,Bergamo,BG,NORD
3,233,16233,Verdello,Verdello,Nord-ovest,Lombardia,Bergamo,Bergamo,BG,NORD
3,91,97091,Verderio,Verderio,Nord-ovest,Lombardia,Lecco,Lecco,LC,NORD
1,238,4238,Verduno,Verduno,Nord-ovest,Piemonte,Cuneo,Cuneo,CN,NORD
8,59,37059,Vergato,Vergato,Nord-est,Emilia Romagna,Bologna,Bologna,BO,NORD
8,50,40050,Verghereto,Verghereto,Nord-est,Emilia Romagna,Forlç-Cesena,Forlç-Cesena,FC,NORD
3,138,12138,Vergiate,Vergiate,Nord-ovest,Lombardia,Varese,Varese,VA,NORD
3,251,15251,Vermezzo con Zelo,Vermezzo con Zelo,Nord-ovest,Lombardia,Milano,Milan,MI,NORD
4,213,22213,Vermiglio,Vermiglio,Nord-est,Trentino-Alto Adige,Trento,Trento,TN,NORD
1,239,4239,Vernante,Vernante,Nord-ovest,Piemonte,Cuneo,Cuneo,CN,NORD
8,44,33044,Vernasca,Vernasca,Nord-est,Emilia Romagna,Piacenza,Piacenza,PC,NORD
3,236,15236,Vernate,Vernate,Nord-ovest,Lombardia,Milano,Milan,MI,NORD
7,30,11030,Vernazza,Vernazza,Nord-ovest,Liguria,La Spezia,La Spezia,SP,NORD
9,7,100007,Vernio,Vernio,Centro,Toscana,Prato,Prato,PO,CNOR
16,93,75093,Vernole,Vernole,Sud,Puglia,Lecce,Lecce,LE,SUD
3,195,17195,Verolanuova,Verolanuova,Nord-ovest,Lombardia,Brescia,Brescia,BS,NORD
3,196,17196,Verolavecchia,Verolavecchia,Nord-ovest,Lombardia,Brescia,Brescia,BS,NORD
1,293,1293,Verolengo,Verolengo,Nord-ovest,Piemonte,Torino,Turin,TO,NORD
12,85,60085,Veroli,Veroli,Centro,Lazio,Frosinone,Frosinone,FR,CSUD
5,91,23091,Verona,Verona,Nord-est,Veneto,Verona,Verona,VR,NORD
5,92,23092,Veronella,Veronella,Nord-est,Veneto,Verona,Verona,VR,NORD
2,73,7073,Verr?s,Verr?s,Nord-ovest,Valle d'Aosta,Valle d'Aosta,Aosta,AO,NORD
2,72,7072,Verrayes,Verrayes,Nord-ovest,Valle d'Aosta,Valle d'Aosta,Aosta,AO,NORD
3,174,18174,Verretto,Verretto,Nord-ovest,Lombardia,Pavia,Pavia,PV,NORD
1,76,96076,Verrone,Verrone,Nord-ovest,Piemonte,Biella,Biella,BI,NORD
3,175,18175,Verrua Po,Verrua Po,Nord-ovest,Lombardia,Pavia,Pavia,PV,NORD
1,294,1294,Verrua Savoia,Verrua Savoia,Nord-ovest,Piemonte,Torino,Turin,TO,NORD
3,242,13242,Vertemate con Minoprio,Vertemate con Minoprio,Nord-ovest,Lombardia,Como,Como,CO,NORD
3,234,16234,Vertova,Vertova,Nord-ovest,Lombardia,Bergamo,Bergamo,BG,NORD
8,20,99020,Verucchio,Verucchio,Nord-est,Emilia Romagna,Rimini,Rimini,RN,NORD
3,76,14076,Vervio,Vervio,Nord-ovest,Lombardia,Sondrio,Sondrio,SO,NORD
6,132,30132,Verzegnis,Verzegnis,Nord-est,Friuli Venezia Giulia,Udine,Udine,UD,NORD
18,27,101027,Verzino,Verzino,Sud,Calabria,Crotone,Crotone,KR,CALA
1,240,4240,Verzuolo,Verzuolo,Nord-ovest,Piemonte,Cuneo,Cuneo,CN,NORD
5,97,28097,Vescovana,Vescovana,Nord-est,Veneto,Padova,Padova,PD,NORD
3,113,19113,Vescovato,Vescovato,Nord-ovest,Lombardia,Cremona,Cremona,CR,NORD
1,113,5113,Vesime,Vesime,Nord-ovest,Piemonte,Asti,Asti,AT,NORD
1,158,3158,Vespolate,Vespolate,Nord-ovest,Piemonte,Novara,Novara,NO,NORD
7,66,8066,Vessalico,Vessalico,Nord-ovest,Liguria,Imperia,Imperia,IM,NORD
5,93,23093,Vestenanova,Vestenanova,Nord-est,Veneto,Verona,Verona,VR,NORD
1,295,1295,Vestign?,Vestign?,Nord-ovest,Piemonte,Torino,Turin,TO,NORD
3,197,17197,Vestone,Vestone,Nord-ovest,Lombardia,Brescia,Brescia,BS,NORD
12,57,56057,Vetralla,Vetralla,Centro,Lazio,Viterbo,Viterbo,VT,CSUD
8,42,35042,Vetto,Vetto,Nord-est,Emilia Romagna,Reggio nell'Emilia,Reggio Emilia,RE,NORD
1,241,4241,Vezza d'Alba,Vezza d'Alba,Nord-ovest,Piemonte,Cuneo,Cuneo,CN,NORD
3,198,17198,Vezza d'Oglio,Vezza d'Oglio,Nord-ovest,Lombardia,Brescia,Brescia,BS,NORD
7,31,11031,Vezzano Ligure,Vezzano Ligure,Nord-ovest,Liguria,La Spezia,La Spezia,SP,NORD
8,43,35043,Vezzano sul Crostolo,Vezzano sul Crostolo,Nord-est,Emilia Romagna,Reggio nell'Emilia,Reggio Emilia,RE,NORD
7,67,9067,Vezzi Portio,Vezzi Portio,Nord-ovest,Liguria,Savona,Savona,SV,NORD
1,313,1313,Vi?,Vi?,Nord-ovest,Piemonte,Torino,Turin,TO,NORD
3,66,20066,Viadana,Viadana,Nord-ovest,Lombardia,Mantova,Mantova,MN,NORD
3,235,16235,Viadanica,Viadanica,Nord-ovest,Lombardia,Bergamo,Bergamo,BG,NORD
19,53,87053,Viagrande,Viagrande,Isole,Sicilia,Catania,Catania,CT,SICI
1,114,5114,Viale,Viale,Nord-ovest,Piemonte,Asti,Asti,AT,NORD
1,296,1296,Vialfr?,Vialfr?,Nord-ovest,Piemonte,Torino,Turin,TO,NORD
8,44,35044,Viano,Viano,Nord-est,Emilia Romagna,Reggio nell'Emilia,Reggio Emilia,RE,NORD
9,33,46033,Viareggio,Viareggio,Centro,Toscana,Lucca,Lucca,LU,CNOR
1,115,5115,Viarigi,Viarigi,Nord-ovest,Piemonte,Asti,Asti,AT,NORD
18,47,102047,Vibo Valentia,Vibo Valentia,Sud,Calabria,Vibo Valentia,Vibo Valentia,VV,CALA
15,156,65156,Vibonati,Vibonati,Sud,Campania,Salerno,Salerno,SA,CSUD
12,86,60086,Vicalvi,Vicalvi,Centro,Lazio,Frosinone,Frosinone,FR,CSUD
19,78,82078,Vicari,Vicari,Isole,Sicilia,Palermo,Palermo,PA,SICI
9,49,48049,Vicchio,Vicchio,Centro,Toscana,Firenze,Florence,FI,CNOR
5,116,24116,Vicenza,Vicenza,Nord-est,Veneto,Vicenza,Vicenza,VI,NORD
16,59,71059,Vico del Gargano,Vico del Gargano,Sud,Puglia,Foggia,Foggia,FG,SUD
15,86,63086,Vico Equense,Vico Equense,Sud,Campania,Napoli,Naples,NA,CSUD
12,87,60087,Vico nel Lazio,Vico nel Lazio,Centro,Lazio,Frosinone,Frosinone,FR,CSUD
1,242,4242,Vicoforte,Vicoforte,Nord-ovest,Piemonte,Cuneo,Cuneo,CN,NORD
13,45,68045,Vicoli,Vicoli,Sud,Abruzzo,Pescara,Pescara,PE,CSUD
1,159,3159,Vicolungo,Vicolungo,Nord-ovest,Piemonte,Novara,Novara,NO,NORD
9,38,50038,Vicopisano,Vicopisano,Centro,Toscana,Pisa,Pisa,PI,CNOR
12,112,58112,Vicovaro,Vicovaro,Centro,Lazio,Roma,Rome,RM,CSUD
20,82,90082,Viddalba,Viddalba,Isole,Sardegna,Sassari,Sassari,SS,SARD
3,176,18176,Vidigulfo,Vidigulfo,Nord-ovest,Lombardia,Pavia,Pavia,PV,NORD
5,90,26090,Vidor,Vidor,Nord-est,Veneto,Treviso,Treviso,TV,NORD
1,298,1298,Vidracco,Vidracco,Nord-ovest,Piemonte,Torino,Turin,TO,NORD
16,60,71060,Vieste,Vieste,Sud,Puglia,Foggia,Foggia,FG,SUD
17,96,76096,Vietri di Potenza,Vietri di Potenza,Sud,Basilicata,Potenza,Potenza,PZ,SUD
15,157,65157,Vietri sul Mare,Vietri sul Mare,Sud,Campania,Salerno,Salerno,SA,CSUD
3,90,97090,Vigan?,Vigan?,Nord-ovest,Lombardia,Lecco,Lecco,LC,NORD
3,236,16236,Vigano San Martino,Vigano San Martino,Nord-ovest,Lombardia,Bergamo,Bergamo,BG,NORD
8,22,38022,Vigarano Mainarda,Vigarano Mainarda,Nord-est,Emilia Romagna,Ferrara,Ferrara,FE,NORD
5,94,23094,Vigasio,Vigasio,Nord-est,Veneto,Verona,Verona,VR,NORD
3,177,18177,Vigevano,Vigevano,Nord-ovest,Lombardia,Pavia,Pavia,PV,NORD
3,139,12139,Viggi?,Viggi?,Nord-ovest,Lombardia,Varese,Varese,VA,NORD
17,97,76097,Viggianello,Viggianello,Sud,Basilicata,Potenza,Potenza,PZ,SUD
17,98,76098,Viggiano,Viggiano,Sud,Basilicata,Potenza,Potenza,PZ,SUD
5,98,28098,Vighizzolo d'Este,Vighizzolo d'Este,Nord-est,Veneto,Padova,Padova,PD,NORD
1,77,96077,Vigliano Biellese,Vigliano Biellese,Nord-ovest,Piemonte,Biella,Biella,BI,NORD
1,116,5116,Vigliano d'Asti,Vigliano d'Asti,Nord-ovest,Piemonte,Asti,Asti,AT,NORD
1,179,6179,Vignale Monferrato,Vignale Monferrato,Nord-ovest,Piemonte,Alessandria,Alessandria,AL,NORD
12,58,56058,Vignanello,Vignanello,Centro,Lazio,Viterbo,Viterbo,VT,CSUD
3,237,15237,Vignate,Vignate,Nord-ovest,Lombardia,Milano,Milan,MI,NORD
8,46,36046,Vignola,Vignola,Nord-est,Emilia Romagna,Modena,Modena,MO,NORD
4,216,22216,Vignola-Falesina,Vignola-Falesina,Nord-est,Trentino-Alto Adige,Trento,Trento,TN,NORD
1,180,6180,Vignole Borbera,Vignole Borbera,Nord-ovest,Piemonte,Alessandria,Alessandria,AL,NORD
1,243,4243,Vignolo,Vignolo,Nord-ovest,Piemonte,Cuneo,Cuneo,CN,NORD
1,74,103074,Vignone,Vignone,Nord-ovest,Piemonte,Verbano-Cusio-Ossola,Verbano-Cusio-Ossola,VB,NORD
5,65,25065,Vigo di Cadore,Vigo di Cadore,Nord-est,Veneto,Belluno,Belluno,BL,NORD
5,99,28099,Vigodarzere,Vigodarzere,Nord-est,Veneto,Padova,Padova,PD,NORD
3,237,16237,Vigolo,Vigolo,Nord-ovest,Lombardia,Bergamo,Bergamo,BG,NORD
8,45,33045,Vigolzone,Vigolzone,Nord-est,Emilia Romagna,Piacenza,Piacenza,PC,NORD
1,299,1299,Vigone,Vigone,Nord-ovest,Piemonte,Torino,Turin,TO,NORD
5,43,27043,Vigonovo,Vigonovo,Nord-est,Veneto,Venezia,Venice,VE,NORD
5,100,28100,Vigonza,Vigonza,Nord-est,Veneto,Padova,Padova,PD,NORD
1,181,6181,Viguzzolo,Viguzzolo,Nord-ovest,Piemonte,Alessandria,Alessandria,AL,NORD
5,95,23095,Villa Bartolomea,Villa Bartolomea,Nord-est,Veneto,Verona,Verona,VR,NORD
9,34,46034,Villa Basilica,Villa Basilica,Centro,Toscana,Lucca,Lucca,LU,CNOR
3,178,18178,Villa Biscossi,Villa Biscossi,Nord-ovest,Lombardia,Pavia,Pavia,PV,NORD
3,199,17199,Villa Carcina,Villa Carcina,Nord-ovest,Lombardia,Brescia,Brescia,BS,NORD
16,20,74020,Villa Castelli,Villa Castelli,Sud,Puglia,Brindisi,Brindisi,BR,SUD
13,46,68046,Villa Celiera,Villa Celiera,Sud,Abruzzo,Pescara,Pescara,PE,CSUD
9,35,46035,Villa Collemandina,Villa Collemandina,Centro,Toscana,Lucca,Lucca,LU,CNOR
3,248,15248,Villa Cortese,Villa Cortese,Nord-ovest,Lombardia,Milano,Milan,MI,NORD
3,238,16238,Villa d'Adda,Villa d'Adda,Nord-ovest,Lombardia,Bergamo,Bergamo,BG,NORD
3,239,16239,Villa d'Alm?,Villa d'Alm?,Nord-ovest,Lombardia,Bergamo,Bergamo,BG,NORD
1,78,96078,Villa del Bosco,Villa del Bosco,Nord-ovest,Piemonte,Biella,Biella,BI,NORD
5,101,28101,Villa del Conte,Villa del Conte,Nord-est,Veneto,Padova,Padova,PD,NORD
15,98,61098,Villa di Briano,Villa di Briano,Sud,Campania,Caserta,Caserta,CE,CSUD
3,77,14077,Villa di Chiavenna,Villa di Chiavenna,Nord-ovest,Lombardia,Sondrio,Sondrio,SO,NORD
3,240,16240,Villa di Serio,Villa di Serio,Nord-ovest,Lombardia,Bergamo,Bergamo,BG,NORD
3,78,14078,Villa di Tirano,Villa di Tirano,Nord-ovest,Lombardia,Sondrio,Sondrio,SO,NORD
3,241,16241,Villa d'Ogna,Villa d'Ogna,Nord-ovest,Lombardia,Bergamo,Bergamo,BG,NORD
5,102,28102,Villa Estense,Villa Estense,Nord-est,Veneto,Padova,Padova,PD,NORD
7,67,8067,Villa Faraldi,Villa Faraldi,Nord-ovest,Liguria,Imperia,Imperia,IM,NORD
3,245,13245,Villa Guardia,Villa Guardia,Nord-ovest,Lombardia,Como,Como,CO,NORD
4,222,22222,Villa Lagarina,Villa Lagarina,Nord-est,Trentino-Alto Adige,Trento,Trento,TN,NORD
12,88,60088,Villa Latina,Villa Latina,Centro,Lazio,Frosinone,Frosinone,FR,CSUD
15,99,61099,Villa Literno,Villa Literno,Sud,Campania,Caserta,Caserta,CE,CSUD
8,45,35045,Villa Minozzo,Villa Minozzo,Nord-est,Emilia Romagna,Reggio nell'Emilia,Reggio Emilia,RE,NORD
18,96,80096,Villa San Giovanni,Villa San Giovanni,Sud,Calabria,Reggio Calabria,Reggio Calabria,RC,CALA
12,46,56046,Villa San Giovanni in Tuscia,Villa San Giovanni in Tuscia,Centro,Lazio,Viterbo,Viterbo,VT,CSUD
20,99,92099,Villa San Pietro,Villa San Pietro,Isole,Sardegna,Cagliari,Cagliari,CA,SARD
1,119,5119,Villa San Secondo,Villa San Secondo,Nord-ovest,Piemonte,Asti,Asti,AT,NORD
12,89,60089,Villa Santa Lucia,Villa Santa Lucia,Centro,Lazio,Frosinone,Frosinone,FR,CSUD
13,104,66104,Villa Santa Lucia degli Abruzzi,Villa Santa Lucia degli Abruzzi,Sud,Abruzzo,L'Aquila,L'Aquila,AQ,CSUD
13,102,69102,Villa Santa Maria,Villa Santa Maria,Sud,Abruzzo,Chieti,Chieti,CH,CSUD
13,105,66105,Villa Sant'Angelo,Villa Sant'Angelo,Sud,Abruzzo,L'Aquila,L'Aquila,AQ,CSUD
20,48,95048,Villa Sant'Antonio,Villa Sant'Antonio,Isole,Sardegna,Oristano,Oristano,OR,SARD
6,133,30133,Villa Santina,Villa Santina,Nord-est,Friuli Venezia Giulia,Udine,Udine,UD,NORD
12,90,60090,Villa Santo Stefano,Villa Santo Stefano,Centro,Lazio,Frosinone,Frosinone,FR,CSUD
20,73,95073,Villa Verde,Villa Verde,Isole,Sardegna,Oristano,Oristano,OR,SARD
4,113,21113,Villabassa/Niederdorf,Villabassa,Nord-est,Trentino-Alto Adige,Bolzano/Bozen,Bolzano,BZ,NORD
19,79,82079,Villabate,Villabate,Isole,Sicilia,Palermo,Palermo,PA,SICI
3,200,17200,Villachiara,Villachiara,Nord-ovest,Lombardia,Brescia,Brescia,BS,NORD
20,96,111096,Villacidro,Villacidro,Isole,Sardegna,Sud Sardegna,#N/A,SU,SARD
1,182,6182,Villadeati,Villadeati,Nord-ovest,Piemonte,Alessandria,Alessandria,AL,NORD
5,48,29048,Villadose,Villadose,Nord-est,Veneto,Rovigo,Rovigo,RO,NORD
1,75,103075,Villadossola,Villadossola,Nord-ovest,Piemonte,Verbano-Cusio-Ossola,Verbano-Cusio-Ossola,VB,NORD
1,244,4244,Villafalletto,Villafalletto,Nord-ovest,Piemonte,Cuneo,Cuneo,CN,NORD
1,117,5117,Villafranca d'Asti,Villafranca d'Asti,Nord-ovest,Piemonte,Asti,Asti,AT,NORD
5,96,23096,Villafranca di Verona,Villafranca di Verona,Nord-est,Veneto,Verona,Verona,VR,NORD
9,16,45016,Villafranca in Lunigiana,Villafranca in Lunigiana,Centro,Toscana,Massa-Carrara,Massa-Carrara,MS,CNOR
5,103,28103,Villafranca Padovana,Villafranca Padovana,Nord-est,Veneto,Padova,Padova,PD,NORD
1,300,1300,Villafranca Piemonte,Villafranca Piemonte,Nord-ovest,Piemonte,Torino,Turin,TO,NORD
19,43,84043,Villafranca Sicula,Villafranca Sicula,Isole,Sicilia,Agrigento,Agrigento,AG,SICI
19,105,83105,Villafranca Tirrena,Villafranca Tirrena,Isole,Sicilia,Messina,Messina,ME,SICI
19,80,82080,Villafrati,Villafrati,Isole,Sicilia,Palermo,Palermo,PA,SICI
5,117,24117,Villaga,Villaga,Nord-est,Veneto,Vicenza,Vicenza,VI,NORD
20,101,91101,Villagrande Strisaili,Villagrande Strisaili,Isole,Sardegna,Nuoro,Nuoro,NU,SARD
13,103,66103,Villalago,Villalago,Sud,Abruzzo,L'Aquila,L'Aquila,AQ,CSUD
19,22,85022,Villalba,Villalba,Isole,Sicilia,Caltanissetta,Caltanissetta,CL,SICI
13,100,69100,Villalfonsina,Villalfonsina,Sud,Abruzzo,Chieti,Chieti,CH,CSUD
1,183,6183,Villalvernia,Villalvernia,Nord-ovest,Piemonte,Alessandria,Alessandria,AL,NORD
13,101,69101,Villamagna,Villamagna,Sud,Abruzzo,Chieti,Chieti,CH,CSUD
15,117,64117,Villamaina,Villamaina,Sud,Campania,Avellino,Avellino,AV,CSUD
20,97,111097,Villamar,Villamar,Isole,Sardegna,Sud Sardegna,#N/A,SU,SARD
5,49,29049,Villamarzana,Villamarzana,Nord-est,Veneto,Rovigo,Rovigo,RO,NORD
20,98,111098,Villamassargia,Villamassargia,Isole,Sardegna,Sud Sardegna,#N/A,SU,SARD
1,184,6184,Villamiroglio,Villamiroglio,Nord-ovest,Piemonte,Alessandria,Alessandria,AL,NORD
4,114,21114,Villandro/Villanders,Villandro,Nord-est,Trentino-Alto Adige,Bolzano/Bozen,Bolzano,BZ,NORD
1,79,96079,Villanova Biellese,Villanova Biellese,Nord-ovest,Piemonte,Biella,Biella,BI,NORD
1,301,1301,Villanova Canavese,Villanova Canavese,Nord-ovest,Piemonte,Torino,Turin,TO,NORD
7,68,9068,Villanova d'Albenga,Villanova d'Albenga,Nord-ovest,Liguria,Savona,Savona,SV,NORD
3,179,18179,Villanova d'Ardenghi,Villanova d'Ardenghi,Nord-ovest,Lombardia,Pavia,Pavia,PV,NORD
1,118,5118,Villanova d'Asti,Villanova d'Asti,Nord-ovest,Piemonte,Asti,Asti,AT,NORD
15,118,64118,Villanova del Battista,Villanova del Battista,Sud,Campania,Avellino,Avellino,AV,CSUD
5,50,29050,Villanova del Ghebbo,Villanova del Ghebbo,Nord-est,Veneto,Rovigo,Rovigo,RO,NORD
3,60,98060,Villanova del Sillaro,Villanova del Sillaro,Nord-ovest,Lombardia,Lodi,Lodi,LO,NORD
5,104,28104,Villanova di Camposampiero,Villanova di Camposampiero,Nord-est,Veneto,Padova,Padova,PD,NORD
5,51,29051,Villanova Marchesana,Villanova Marchesana,Nord-est,Veneto,Rovigo,Rovigo,RO,NORD
1,245,4245,Villanova Mondovç,Villanova Mondovç,Nord-ovest,Piemonte,Cuneo,Cuneo,CN,NORD
1,185,6185,Villanova Monferrato,Villanova Monferrato,Nord-ovest,Piemonte,Alessandria,Alessandria,AL,NORD
20,78,90078,Villanova Monteleone,Villanova Monteleone,Isole,Sardegna,Sassari,Sassari,SS,SARD
1,246,4246,Villanova Solaro,Villanova Solaro,Nord-ovest,Piemonte,Cuneo,Cuneo,CN,NORD
8,46,33046,Villanova sull'Arda,Villanova sull'Arda,Nord-est,Emilia Romagna,Piacenza,Piacenza,PC,NORD
20,71,95071,Villanova Truschedu,Villanova Truschedu,Isole,Sardegna,Oristano,Oristano,OR,SARD
20,99,111099,Villanova Tulo,Villanova Tulo,Isole,Sardegna,Sud Sardegna,#N/A,SU,SARD
20,100,111100,Villanovaforru,Villanovaforru,Isole,Sardegna,Sud Sardegna,#N/A,SU,SARD
20,101,111101,Villanovafranca,Villanovafranca,Isole,Sardegna,Sud Sardegna,#N/A,SU,SARD
3,180,18180,Villanterio,Villanterio,Nord-ovest,Lombardia,Pavia,Pavia,PV,NORD
3,201,17201,Villanuova sul Clisi,Villanuova sul Clisi,Nord-ovest,Lombardia,Brescia,Brescia,BS,NORD
20,102,111102,Villaperuccio,Villaperuccio,Isole,Sardegna,Sud Sardegna,#N/A,SU,SARD
18,154,78154,Villapiana,Villapiana,Sud,Calabria,Cosenza,Cosenza,CS,CALA
20,103,111103,Villaputzu,Villaputzu,Isole,Sardegna,Sud Sardegna,#N/A,SU,SARD
1,303,1303,Villar Dora,Villar Dora,Nord-ovest,Piemonte,Torino,Turin,TO,NORD
1,305,1305,Villar Focchiardo,Villar Focchiardo,Nord-ovest,Piemonte,Torino,Turin,TO,NORD
1,306,1306,Villar Pellice,Villar Pellice,Nord-ovest,Piemonte,Torino,Turin,TO,NORD
1,307,1307,Villar Perosa,Villar Perosa,Nord-ovest,Piemonte,Torino,Turin,TO,NORD
1,247,4247,Villar San Costanzo,Villar San Costanzo,Nord-ovest,Piemonte,Cuneo,Cuneo,CN,NORD
1,302,1302,Villarbasse,Villarbasse,Nord-ovest,Piemonte,Torino,Turin,TO,NORD
1,163,2163,Villarboit,Villarboit,Nord-ovest,Piemonte,Vercelli,Vercelli,VC,NORD
1,304,1304,Villareggia,Villareggia,Nord-ovest,Piemonte,Torino,Turin,TO,NORD
15,87,63087,Villaricca,Villaricca,Sud,Campania,Napoli,Naples,NA,CSUD
1,186,6186,Villaromagnano,Villaromagnano,Nord-ovest,Piemonte,Alessandria,Alessandria,AL,NORD
19,20,86020,Villarosa,Villarosa,Isole,Sicilia,Enna,Enna,EN,SICI
20,104,111104,Villasalto,Villasalto,Isole,Sardegna,Sud Sardegna,#N/A,SU,SARD
3,49,108049,Villasanta,Villasanta,Nord-ovest,Lombardia,Monza e della Brianza,Monza e della Brianza,MB,NORD
20,105,111105,Villasimius,Villasimius,Isole,Sardegna,Sud Sardegna,#N/A,SU,SARD
20,106,111106,Villasor,Villasor,Isole,Sardegna,Sud Sardegna,#N/A,SU,SARD
20,107,111107,Villaspeciosa,Villaspeciosa,Isole,Sardegna,Sud Sardegna,#N/A,SU,SARD
1,308,1308,Villastellone,Villastellone,Nord-ovest,Piemonte,Torino,Turin,TO,NORD
1,164,2164,Villata,Villata,Nord-ovest,Piemonte,Vercelli,Vercelli,VC,NORD
20,72,95072,Villaurbana,Villaurbana,Isole,Sardegna,Oristano,Oristano,OR,SARD
13,106,66106,Villavallelonga,Villavallelonga,Sud,Abruzzo,L'Aquila,L'Aquila,AQ,CSUD
5,118,24118,Villaverla,Villaverla,Nord-est,Veneto,Vicenza,Vicenza,VI,NORD
4,249,22249,Ville d'Anaunia,Ville d'Anaunia,Nord-est,Trentino-Alto Adige,Trento,Trento,TN,NORD
4,254,22254,Ville di Fiemme,Ville di Fiemme,Nord-est,Trentino-Alto Adige,Trento,Trento,TN,NORD
2,74,7074,Villeneuve,Villeneuve,Nord-ovest,Valle d'Aosta,Valle d'Aosta,Aosta,AO,NORD
6,25,31025,Villesse,Villesse,Nord-est,Friuli Venezia Giulia,Gorizia,Gorizia,GO,NORD
13,107,66107,Villetta Barrea,Villetta Barrea,Sud,Abruzzo,L'Aquila,L'Aquila,AQ,CSUD
1,76,103076,Villette,Villette,Nord-ovest,Piemonte,Verbano-Cusio-Ossola,Verbano-Cusio-Ossola,VB,NORD
3,68,20068,Villimpenta,Villimpenta,Nord-ovest,Lombardia,Mantova,Mantova,MN,NORD
3,242,16242,Villongo,Villongo,Nord-ovest,Lombardia,Bergamo,Bergamo,BG,NORD
5,91,26091,Villorba,Villorba,Nord-est,Veneto,Treviso,Treviso,TV,NORD
3,243,16243,Vilminore di Scalve,Vilminore di Scalve,Nord-ovest,Lombardia,Bergamo,Bergamo,BG,NORD
3,50,108050,Vimercate,Vimercate,Nord-ovest,Lombardia,Monza e della Brianza,Monza e della Brianza,MB,NORD
3,242,15242,Vimodrone,Vimodrone,Nord-ovest,Lombardia,Milano,Milan,MI,NORD
1,248,4248,Vinadio,Vinadio,Nord-ovest,Piemonte,Cuneo,Cuneo,CN,NORD
14,84,70084,Vinchiaturo,Vinchiaturo,Sud,Molise,Campobasso,Campobasso,CB,SUD
1,120,5120,Vinchio,Vinchio,Nord-ovest,Piemonte,Asti,Asti,AT,NORD
9,50,48050,Vinci,Vinci,Centro,Toscana,Firenze,Florence,FI,CNOR
1,309,1309,Vinovo,Vinovo,Nord-ovest,Piemonte,Torino,Turin,TO,NORD
1,164,3164,Vinzaglio,Vinzaglio,Nord-ovest,Piemonte,Novara,Novara,NO,NORD
1,249,4249,Viola,Viola,Nord-ovest,Piemonte,Cuneo,Cuneo,CN,NORD
3,202,17202,Vione,Vione,Nord-ovest,Lombardia,Brescia,Brescia,BS,NORD
4,115,21115,Vipiteno/Sterzing,Vipiteno,Nord-est,Trentino-Alto Adige,Bolzano/Bozen,Bolzano,BZ,NORD
1,310,1310,Virle Piemonte,Virle Piemonte,Nord-ovest,Piemonte,Torino,Turin,TO,NORD
3,203,17203,Visano,Visano,Nord-ovest,Lombardia,Brescia,Brescia,BS,NORD
1,311,1311,Vische,Vische,Nord-ovest,Piemonte,Torino,Turin,TO,NORD
15,88,63088,Visciano,Visciano,Sud,Campania,Napoli,Naples,NA,CSUD
6,135,30135,Visco,Visco,Nord-est,Friuli Venezia Giulia,Udine,Udine,UD,NORD
1,187,6187,Visone,Visone,Nord-ovest,Piemonte,Alessandria,Alessandria,AL,NORD
11,57,43057,Visso,Visso,Centro,Marche,Macerata,Macerata,MC,CNOR
3,181,18181,Vistarino,Vistarino,Nord-ovest,Lombardia,Pavia,Pavia,PV,NORD
1,312,1312,Vistrorio,Vistrorio,Nord-ovest,Piemonte,Torino,Turin,TO,NORD
19,23,81023,Vita,Vita,Isole,Sicilia,Trapani,Trapani,TP,SICI
12,59,56059,Viterbo,Viterbo,Centro,Lazio,Viterbo,Viterbo,VT,CSUD
12,91,60091,Viticuso,Viticuso,Centro,Lazio,Frosinone,Frosinone,FR,CSUD
6,49,93049,Vito d'Asio,Vito d'Asio,Nord-est,Friuli Venezia Giulia,Pordenone,Pordenone,PN,NORD
12,60,56060,Vitorchiano,Vitorchiano,Centro,Lazio,Viterbo,Viterbo,VT,CSUD
19,12,88012,Vittoria,Vittoria,Isole,Sicilia,Ragusa,Ragusa,RG,SICI
5,92,26092,Vittorio Veneto,Vittorio Veneto,Nord-est,Veneto,Treviso,Treviso,TV,NORD
13,108,66108,Vittorito,Vittorito,Sud,Abruzzo,L'Aquila,L'Aquila,AQ,CSUD
3,243,15243,Vittuone,Vittuone,Nord-ovest,Lombardia,Milano,Milan,MI,NORD
15,77,62077,Vitulano,Vitulano,Sud,Campania,Benevento,Benevento,BN,CSUD
15,100,61100,Vitulazio,Vitulazio,Sud,Campania,Caserta,Caserta,CE,CSUD
6,50,93050,Vivaro,Vivaro,Nord-est,Friuli Venezia Giulia,Pordenone,Pordenone,PN,NORD
12,113,58113,Vivaro Romano,Vivaro Romano,Centro,Lazio,Roma,Rome,RM,CSUD
1,80,96080,Viverone,Viverone,Nord-ovest,Piemonte,Biella,Biella,BI,NORD
19,54,87054,Vizzini,Vizzini,Isole,Sicilia,Catania,Catania,CT,SICI
3,140,12140,Vizzola Ticino,Vizzola Ticino,Nord-ovest,Lombardia,Varese,Varese,VA,NORD
3,244,15244,Vizzolo Predabissi,Vizzolo Predabissi,Nord-ovest,Lombardia,Milano,Milan,MI,NORD
5,105,28105,Vo',Vo',Nord-est,Veneto,Padova,Padova,PD,NORD
3,204,17204,Vobarno,Vobarno,Nord-ovest,Lombardia,Brescia,Brescia,BS,NORD
7,66,10066,Vobbia,Vobbia,Nord-ovest,Liguria,Genova,Genoa,GE,NORD
1,166,2166,Vocca,Vocca,Nord-ovest,Piemonte,Vercelli,Vercelli,VC,NORD
5,66,25066,Vodo Cadore,Vodo Cadore,Nord-est,Veneto,Belluno,Belluno,BL,NORD
3,182,18182,Voghera,Voghera,Nord-ovest,Lombardia,Pavia,Pavia,PV,NORD
8,23,38023,Voghiera,Voghiera,Nord-est,Emilia Romagna,Ferrara,Ferrara,FE,NORD
1,77,103077,Vogogna,Vogogna,Nord-ovest,Piemonte,Verbano-Cusio-Ossola,Verbano-Cusio-Ossola,VB,NORD
4,224,22224,Volano,Volano,Nord-est,Trentino-Alto Adige,Trento,Trento,TN,NORD
15,89,63089,Volla,Volla,Sud,Campania,Napoli,Naples,NA,CSUD
3,114,19114,Volongo,Volongo,Nord-ovest,Lombardia,Cremona,Cremona,CR,NORD
5,93,26093,Volpago del Montello,Volpago del Montello,Nord-est,Veneto,Treviso,Treviso,TV,NORD
3,183,18183,Volpara,Volpara,Nord-ovest,Lombardia,Pavia,Pavia,PV,NORD
1,188,6188,Volpedo,Volpedo,Nord-ovest,Piemonte,Alessandria,Alessandria,AL,NORD
1,189,6189,Volpeglino,Volpeglino,Nord-ovest,Piemonte,Alessandria,Alessandria,AL,NORD
1,314,1314,Volpiano,Volpiano,Nord-ovest,Piemonte,Torino,Turin,TO,NORD
3,70,20070,Volta Mantovana,Volta Mantovana,Nord-ovest,Lombardia,Mantova,Mantova,MN,NORD
1,190,6190,Voltaggio,Voltaggio,Nord-ovest,Piemonte,Alessandria,Alessandria,AL,NORD
5,67,25067,Voltago Agordino,Voltago Agordino,Nord-est,Veneto,Belluno,Belluno,BL,NORD
9,39,50039,Volterra,Volterra,Centro,Toscana,Pisa,Pisa,PI,CNOR
3,115,19115,Voltido,Voltido,Nord-ovest,Lombardia,Cremona,Cremona,CR,NORD
16,61,71061,Volturara Appula,Volturara Appula,Sud,Puglia,Foggia,Foggia,FG,SUD
15,119,64119,Volturara Irpina,Volturara Irpina,Sud,Campania,Avellino,Avellino,AV,CSUD
16,62,71062,Volturino,Volturino,Sud,Puglia,Foggia,Foggia,FG,SUD
1,315,1315,Volvera,Volvera,Nord-ovest,Piemonte,Torino,Turin,TO,NORD
1,250,4250,Vottignasco,Vottignasco,Nord-ovest,Piemonte,Cuneo,Cuneo,CN,NORD
18,48,102048,Zaccanopoli,Zaccanopoli,Sud,Calabria,Vibo Valentia,Vibo Valentia,VV,CALA
19,55,87055,Zafferana Etnea,Zafferana Etnea,Isole,Sicilia,Catania,Catania,CT,SICI
18,157,79157,Zagarise,Zagarise,Sud,Calabria,Catanzaro,Catanzaro,CZ,CALA
12,114,58114,Zagarolo,Zagarolo,Centro,Lazio,Roma,Rome,RM,CSUD
18,49,102049,Zambrone,Zambrone,Sud,Calabria,Vibo Valentia,Vibo Valentia,VV,CALA
5,119,24119,Zan?,Zan?,Nord-est,Veneto,Vicenza,Vicenza,VI,NORD
3,244,16244,Zandobbio,Zandobbio,Nord-ovest,Lombardia,Bergamo,Bergamo,BG,NORD
3,245,16245,Zanica,Zanica,Nord-ovest,Lombardia,Bergamo,Bergamo,BG,NORD
16,64,71064,Zapponeta,Zapponeta,Sud,Puglia,Foggia,Foggia,FG,SUD
3,184,18184,Zavattarello,Zavattarello,Nord-ovest,Lombardia,Pavia,Pavia,PV,NORD
3,185,18185,Zeccone,Zeccone,Nord-ovest,Lombardia,Pavia,Pavia,PV,NORD
20,74,95074,Zeddiani,Zeddiani,Isole,Sardegna,Oristano,Oristano,OR,SARD
3,246,13246,Zelbio,Zelbio,Nord-ovest,Lombardia,Como,Como,CO,NORD
3,61,98061,Zelo Buon Persico,Zelo Buon Persico,Nord-ovest,Lombardia,Lodi,Lodi,LO,NORD
3,186,18186,Zeme,Zeme,Nord-ovest,Lombardia,Pavia,Pavia,PV,NORD
3,187,18187,Zenevredo,Zenevredo,Nord-ovest,Lombardia,Pavia,Pavia,PV,NORD
5,94,26094,Zenson di Piave,Zenson di Piave,Nord-est,Veneto,Treviso,Treviso,TV,NORD
8,47,33047,Zerba,Zerba,Nord-est,Emilia Romagna,Piacenza,Piacenza,PC,NORD
3,188,18188,Zerbo,Zerbo,Nord-ovest,Lombardia,Pavia,Pavia,PV,NORD
3,189,18189,Zerbol?,Zerbol?,Nord-ovest,Lombardia,Pavia,Pavia,PV,NORD
20,75,95075,Zerfaliu,Zerfaliu,Isole,Sardegna,Oristano,Oristano,OR,SARD
9,17,45017,Zeri,Zeri,Centro,Toscana,Massa-Carrara,Massa-Carrara,MS,CNOR
5,120,24120,Zermeghedo,Zermeghedo,Nord-est,Veneto,Vicenza,Vicenza,VI,NORD
5,95,26095,Zero Branco,Zero Branco,Nord-est,Veneto,Treviso,Treviso,TV,NORD
5,97,23097,Zevio,Zevio,Nord-est,Veneto,Verona,Verona,VR,NORD
4,226,22226,Ziano di Fiemme,Ziano di Fiemme,Nord-est,Trentino-Alto Adige,Trento,Trento,TN,NORD
8,48,33048,Ziano Piacentino,Ziano Piacentino,Nord-est,Emilia Romagna,Piacenza,Piacenza,PC,NORD
3,247,15247,Zibido San Giacomo,Zibido San Giacomo,Nord-ovest,Lombardia,Milano,Milan,MI,NORD
7,32,11032,Zignago,Zignago,Nord-ovest,Liguria,La Spezia,La Spezia,SP,NORD
5,98,23098,Zimella,Zimella,Nord-est,Veneto,Verona,Verona,VR,NORD
1,81,96081,Zimone,Zimone,Nord-ovest,Piemonte,Biella,Biella,BI,NORD
3,190,18190,Zinasco,Zinasco,Nord-ovest,Lombardia,Pavia,Pavia,PV,NORD
7,67,10067,Zoagli,Zoagli,Nord-ovest,Liguria,Genova,Genoa,GE,NORD
8,47,36047,Zocca,Zocca,Nord-est,Emilia Romagna,Modena,Modena,MO,NORD
3,246,16246,Zogno,Zogno,Nord-ovest,Lombardia,Bergamo,Bergamo,BG,NORD
8,60,37060,Zola Predosa,Zola Predosa,Nord-est,Emilia Romagna,Bologna,Bologna,BO,NORD
16,94,75094,Zollino,Zollino,Sud,Puglia,Lecce,Lecce,LE,SUD
3,205,17205,Zone,Zone,Nord-ovest,Lombardia,Brescia,Brescia,BS,NORD
5,69,25069,Zopp? di Cadore,Zopp? di Cadore,Nord-est,Veneto,Belluno,Belluno,BL,NORD
6,51,93051,Zoppola,Zoppola,Nord-est,Friuli Venezia Giulia,Pordenone,Pordenone,PN,NORD
5,121,24121,Zovencedo,Zovencedo,Nord-est,Veneto,Vicenza,Vicenza,VI,NORD
1,82,96082,Zubiena,Zubiena,Nord-ovest,Piemonte,Biella,Biella,BI,NORD
7,69,9069,Zuccarello,Zuccarello,Nord-ovest,Liguria,Savona,Savona,SV,NORD
5,122,24122,Zugliano,Zugliano,Nord-est,Veneto,Vicenza,Vicenza,VI,NORD
6,136,30136,Zuglio,Zuglio,Nord-est,Friuli Venezia Giulia,Udine,Udine,UD,NORD
1,83,96083,Zumaglia,Zumaglia,Nord-ovest,Piemonte,Biella,Biella,BI,NORD
18,155,78155,Zumpano,Zumpano,Sud,Calabria,Cosenza,Cosenza,CS,CALA
15,120,64120,Zungoli,Zungoli,Sud,Campania,Avellino,Avellino,AV,CSUD
18,50,102050,Zungri,Zungri,Sud,Calabria,Vibo Valentia,Vibo Valentia,VV,CALA
