# Blender 4.4.0
# www.blender.org
mtllib inverter.mtl
o Inverter2501221272
v 0.653368 0.130785 -0.051974
v 0.653368 0.130785 -0.060334
v 0.644737 0.130785 -0.051974
v 0.644737 0.130785 -0.065132
v 0.657895 0.130785 -0.065132
v 0.657895 0.130785 -0.060334
v 0.653368 0.125958 -0.051974
v 0.653368 0.067627 0.053289
v 0.653368 0.067627 0.055354
v 0.653368 0.069459 0.056412
v 0.653368 0.065185 0.053289
v 0.653368 0.136565 -0.059818
v 0.653368 0.132007 -0.062449
v 0.657895 0.064901 0.053780
v 0.660526 0.064901 0.053780
v 0.657895 0.067627 0.055354
v 0.660526 0.069459 0.056412
v 0.657895 0.065185 0.053289
v 0.657895 -0.142899 0.053289
v 0.657895 -0.142899 0.066447
v 0.657895 0.067627 0.066447
v 0.644737 0.067627 0.066447
v 0.644737 0.067627 0.053289
v 0.644737 -0.142899 0.066447
v 0.644737 -0.142899 0.053289
v 0.660526 0.132007 -0.062449
v 0.660526 0.136565 -0.059818
v 0.657895 0.125958 -0.051974
v 0.657895 -0.142899 -0.065132
v 0.644737 -0.142899 -0.065132
v 0.657895 -0.142899 -0.051974
v 0.644737 -0.142899 -0.051974
v 0.990210 0.130785 -0.051974
v 0.990210 0.130785 -0.060334
v 0.986842 0.130785 -0.051974
v 0.986842 0.130785 -0.065132
v 1.000000 0.130785 -0.065132
v 0.997369 0.130785 -0.060334
v 1.000000 0.130785 -0.051974
v 0.997369 0.130785 -0.051974
v 0.997369 0.132007 -0.062449
v 0.997369 0.136565 -0.059818
v 0.997369 0.069459 0.056412
v 0.997369 0.067627 0.055354
v 0.997369 0.067627 0.053289
v 0.997369 0.125958 -0.051974
v 0.997369 0.065185 0.053289
v 0.990210 0.067627 0.055354
v 0.990210 0.069459 0.056412
v 0.990210 0.067627 0.053289
v 0.990210 0.065185 0.053289
v 0.986842 0.067627 0.053289
v 0.986842 -0.142899 0.053289
v 1.000000 -0.142899 0.053289
v 1.000000 0.067627 0.053289
v 0.986842 0.067627 0.066447
v 1.000000 0.067627 0.066447
v 1.000000 -0.142899 0.066447
v 0.986842 -0.142899 0.066447
v 0.990210 0.125958 -0.051974
v 0.990210 0.132007 -0.062449
v 0.990210 0.136565 -0.059818
v 1.000000 -0.142899 -0.065132
v 0.986842 -0.142899 -0.065132
v 1.000000 -0.142899 -0.051974
v 0.986842 -0.142899 -0.051974
v 0.660526 0.131838 -0.059868
v 0.660526 0.138417 -0.066447
v 0.660526 0.136193 -0.059868
v 0.660526 0.138417 -0.062492
v 0.660526 0.142899 -0.059904
v 0.660526 0.131838 -0.066447
v 0.660526 0.119873 -0.020022
v 0.660526 0.114859 -0.022916
v 0.594973 0.138417 -0.062492
v 0.594973 0.142899 -0.059904
v 0.594973 0.136193 -0.059868
v 0.328529 0.131838 -0.059868
v 0.328529 0.138417 -0.059868
v 0.594973 0.138417 -0.059868
v 0.328529 0.131838 -0.066447
v 0.328529 0.138417 -0.066447
v 0.594973 0.119873 -0.020022
v 0.594973 0.114859 -0.022916
v 0.924315 0.091220 0.017564
v 0.989868 0.091220 0.017564
v 0.924315 0.096234 0.020458
v 0.989868 0.096234 0.020458
v 0.924315 0.114246 -0.022319
v 0.924315 0.119260 -0.019425
v 0.989868 0.114246 -0.022319
v 0.989868 0.119260 -0.019425
v 0.924273 0.067301 0.058542
v 0.989826 0.067301 0.058542
v 0.924273 0.072315 0.061437
v 0.989826 0.072315 0.061437
v 0.924273 0.090328 0.018659
v 0.924273 0.095342 0.021554
v 0.989826 0.090328 0.018659
v 0.989826 0.095342 0.021554
v 0.657477 0.060785 0.066447
v 0.657477 0.067364 0.066447
v 0.657477 0.060785 0.059868
v 0.657477 0.067364 0.059868
v 0.986842 0.060785 0.066447
v 0.986842 0.060785 0.059868
v 0.986842 0.067364 0.066447
v 0.986842 0.067364 0.059868
v 0.858131 0.114859 -0.022916
v 0.923684 0.114859 -0.022916
v 0.858131 0.119873 -0.020022
v 0.923684 0.119873 -0.020022
v 0.858131 0.137885 -0.062799
v 0.858131 0.142899 -0.059904
v 0.923684 0.137885 -0.062799
v 0.923684 0.142899 -0.059904
v 0.858526 0.091220 0.017564
v 0.924078 0.091220 0.017564
v 0.858526 0.096234 0.020458
v 0.924078 0.096234 0.020458
v 0.858526 0.114246 -0.022319
v 0.858526 0.119260 -0.019425
v 0.924078 0.114246 -0.022319
v 0.924078 0.119260 -0.019425
v 0.858484 0.067301 0.058542
v 0.924037 0.067301 0.058542
v 0.858484 0.072315 0.061437
v 0.924037 0.072315 0.061437
v 0.858484 0.090328 0.018659
v 0.858484 0.095342 0.021554
v 0.924037 0.090328 0.018659
v 0.924037 0.095342 0.021554
v 0.792342 0.114859 -0.022916
v 0.857895 0.114859 -0.022916
v 0.792342 0.119873 -0.020022
v 0.857895 0.119873 -0.020022
v 0.792342 0.137885 -0.062799
v 0.792342 0.142899 -0.059904
v 0.857895 0.137885 -0.062799
v 0.857895 0.142899 -0.059904
v 0.792736 0.091220 0.017564
v 0.858289 0.091220 0.017564
v 0.792736 0.096234 0.020458
v 0.858289 0.096234 0.020458
v 0.792736 0.114246 -0.022319
v 0.792736 0.119260 -0.019425
v 0.858289 0.114246 -0.022319
v 0.858289 0.119260 -0.019425
v 0.792694 0.067301 0.058542
v 0.858247 0.067301 0.058542
v 0.792694 0.072315 0.061437
v 0.858247 0.072315 0.061437
v 0.792694 0.090328 0.018659
v 0.792694 0.095342 0.021554
v 0.858247 0.090328 0.018659
v 0.858247 0.095342 0.021554
v 0.726552 0.114859 -0.022916
v 0.792105 0.114859 -0.022916
v 0.726552 0.119873 -0.020022
v 0.792105 0.119873 -0.020022
v 0.726552 0.137885 -0.062799
v 0.726552 0.142899 -0.059904
v 0.792105 0.137885 -0.062799
v 0.792105 0.142899 -0.059904
v 0.726947 0.091220 0.017564
v 0.792500 0.091220 0.017564
v 0.726947 0.096234 0.020458
v 0.792500 0.096234 0.020458
v 0.726947 0.114246 -0.022319
v 0.726947 0.119260 -0.019425
v 0.792500 0.114246 -0.022319
v 0.792500 0.119260 -0.019425
v 0.726905 0.067301 0.058542
v 0.792458 0.067301 0.058542
v 0.726905 0.072315 0.061437
v 0.792458 0.072315 0.061437
v 0.726905 0.090328 0.018659
v 0.726905 0.095342 0.021554
v 0.792458 0.090328 0.018659
v 0.792458 0.095342 0.021554
v 0.660763 0.114859 -0.022916
v 0.726316 0.114859 -0.022916
v 0.660763 0.119873 -0.020022
v 0.726316 0.119873 -0.020022
v 0.660763 0.137885 -0.062799
v 0.660763 0.142899 -0.059904
v 0.726316 0.137885 -0.062799
v 0.726316 0.142899 -0.059904
v 0.661157 0.091220 0.017564
v 0.726710 0.091220 0.017564
v 0.661157 0.096234 0.020458
v 0.726710 0.096234 0.020458
v 0.661157 0.114246 -0.022319
v 0.661157 0.119260 -0.019425
v 0.726710 0.114246 -0.022319
v 0.726710 0.119260 -0.019425
v 0.661115 0.067301 0.058542
v 0.726668 0.067301 0.058542
v 0.661115 0.072315 0.061437
v 0.726668 0.072315 0.061437
v 0.661115 0.090328 0.018659
v 0.661115 0.095342 0.021554
v 0.726668 0.090328 0.018659
v 0.726668 0.095342 0.021554
v 0.989474 0.131838 -0.059868
v 0.989474 0.138417 -0.066447
v 0.989474 0.136193 -0.059868
v 0.989474 0.138417 -0.062492
v 0.989474 0.142899 -0.059904
v 0.989474 0.131838 -0.066447
v 0.989474 0.119873 -0.020022
v 0.989474 0.114859 -0.022916
v 0.923921 0.138417 -0.062492
v 0.923921 0.142899 -0.059904
v 0.923921 0.136193 -0.059868
v 0.657477 0.131838 -0.059868
v 0.657477 0.138417 -0.059868
v 0.923921 0.138417 -0.059868
v 0.657477 0.131838 -0.066447
v 0.657477 0.138417 -0.066447
v 0.923921 0.119873 -0.020022
v 0.923921 0.114859 -0.022916
v 0.595326 0.067301 0.058542
v 0.660879 0.067301 0.058542
v 0.595326 0.072315 0.061437
v 0.660879 0.072315 0.061437
v 0.595326 0.090328 0.018659
v 0.595326 0.095342 0.021554
v 0.660879 0.090328 0.018659
v 0.660879 0.095342 0.021554
v 0.595368 0.091220 0.017564
v 0.660921 0.091220 0.017564
v 0.595368 0.096234 0.020458
v 0.660921 0.096234 0.020458
v 0.595368 0.114246 -0.022319
v 0.595368 0.119260 -0.019425
v 0.660921 0.114246 -0.022319
v 0.660921 0.119260 -0.019425
v 0.594973 0.137885 -0.062799
v 0.660526 0.137885 -0.062799
v 0.529578 0.091220 0.017564
v 0.595131 0.091220 0.017564
v 0.529578 0.096234 0.020458
v 0.595131 0.096234 0.020458
v 0.529578 0.114246 -0.022319
v 0.529578 0.119260 -0.019425
v 0.595131 0.114246 -0.022319
v 0.595131 0.119260 -0.019425
v 0.529184 0.114859 -0.022916
v 0.594737 0.114859 -0.022916
v 0.529184 0.119873 -0.020022
v 0.594737 0.119873 -0.020022
v 0.529184 0.137885 -0.062799
v 0.529184 0.142899 -0.059904
v 0.594737 0.137885 -0.062799
v 0.594737 0.142899 -0.059904
v 0.529536 0.067301 0.058542
v 0.595089 0.067301 0.058542
v 0.529536 0.072315 0.061437
v 0.595089 0.072315 0.061437
v 0.529536 0.090328 0.018659
v 0.529536 0.095342 0.021554
v 0.595089 0.090328 0.018659
v 0.595089 0.095342 0.021554
v 0.463394 0.114859 -0.022916
v 0.528947 0.114859 -0.022916
v 0.463394 0.119873 -0.020022
v 0.528947 0.119873 -0.020022
v 0.463394 0.137885 -0.062799
v 0.463394 0.142899 -0.059904
v 0.528947 0.137885 -0.062799
v 0.528947 0.142899 -0.059904
v 0.463747 0.067301 0.058542
v 0.529300 0.067301 0.058542
v 0.463747 0.072315 0.061437
v 0.529300 0.072315 0.061437
v 0.463747 0.090328 0.018659
v 0.463747 0.095342 0.021554
v 0.529300 0.090328 0.018659
v 0.529300 0.095342 0.021554
v 0.463789 0.091220 0.017564
v 0.529342 0.091220 0.017564
v 0.463789 0.096234 0.020458
v 0.529342 0.096234 0.020458
v 0.463789 0.114246 -0.022319
v 0.463789 0.119260 -0.019425
v 0.529342 0.114246 -0.022319
v 0.529342 0.119260 -0.019425
v 0.397605 0.114859 -0.022916
v 0.463158 0.114859 -0.022916
v 0.397605 0.119873 -0.020022
v 0.463158 0.119873 -0.020022
v 0.397605 0.137885 -0.062799
v 0.397605 0.142899 -0.059904
v 0.463158 0.137885 -0.062799
v 0.463158 0.142899 -0.059904
v 0.397999 0.091220 0.017564
v 0.463552 0.091220 0.017564
v 0.397999 0.096234 0.020458
v 0.463552 0.096234 0.020458
v 0.397999 0.114246 -0.022319
v 0.397999 0.119260 -0.019425
v 0.463552 0.114246 -0.022319
v 0.463552 0.119260 -0.019425
v 0.397957 0.067301 0.058542
v 0.463510 0.067301 0.058542
v 0.397957 0.072315 0.061437
v 0.463510 0.072315 0.061437
v 0.397957 0.090328 0.018659
v 0.397957 0.095342 0.021554
v 0.463510 0.090328 0.018659
v 0.463510 0.095342 0.021554
v 0.331816 0.114859 -0.022916
v 0.397368 0.114859 -0.022916
v 0.331816 0.119873 -0.020022
v 0.397368 0.119873 -0.020022
v 0.331816 0.137885 -0.062799
v 0.331816 0.142899 -0.059904
v 0.397368 0.137885 -0.062799
v 0.397368 0.142899 -0.059904
v 0.332210 0.091220 0.017564
v 0.397763 0.091220 0.017564
v 0.332210 0.096234 0.020458
v 0.397763 0.096234 0.020458
v 0.332210 0.114246 -0.022319
v 0.332210 0.119260 -0.019425
v 0.397763 0.114246 -0.022319
v 0.397763 0.119260 -0.019425
v 0.332168 0.067301 0.058542
v 0.397721 0.067301 0.058542
v 0.332168 0.072315 0.061437
v 0.397721 0.072315 0.061437
v 0.332168 0.090328 0.018659
v 0.332168 0.095342 0.021554
v 0.397721 0.090328 0.018659
v 0.397721 0.095342 0.021554
v 0.324421 0.130785 -0.051974
v 0.324421 0.130785 -0.060334
v 0.315790 0.130785 -0.051974
v 0.315790 0.130785 -0.065132
v 0.328947 0.130785 -0.065132
v 0.328947 0.130785 -0.060334
v 0.324421 0.125958 -0.051974
v 0.324421 0.067627 0.053289
v 0.324421 0.067627 0.055354
v 0.324421 0.069459 0.056412
v 0.324421 0.065185 0.053289
v 0.324421 0.136565 -0.059818
v 0.324421 0.132007 -0.062449
v 0.328947 0.064901 0.053780
v 0.331579 0.064901 0.053780
v 0.328947 0.067627 0.055354
v 0.331579 0.069459 0.056412
v 0.328947 0.065185 0.053289
v 0.328947 -0.142899 0.053289
v 0.328947 -0.142899 0.066447
v 0.328947 0.067627 0.066447
v 0.315790 0.067627 0.066447
v 0.315790 0.067627 0.053289
v 0.315790 -0.142899 0.066447
v 0.315790 -0.142899 0.053289
v 0.331579 0.132007 -0.062449
v 0.331579 0.136565 -0.059818
v 0.328947 0.125958 -0.051974
v 0.328947 -0.142899 -0.065132
v 0.315790 -0.142899 -0.065132
v 0.328947 -0.142899 -0.051974
v 0.315790 -0.142899 -0.051974
v 0.328529 0.060785 0.066447
v 0.328529 0.067364 0.066447
v 0.328529 0.060785 0.059868
v 0.328529 0.067364 0.059868
v 0.657895 0.060785 0.066447
v 0.657895 0.060785 0.059868
v 0.657895 0.067364 0.066447
v 0.657895 0.067364 0.059868
v 0.266420 0.091220 0.017564
v 0.331973 0.091220 0.017564
v 0.266420 0.096234 0.020458
v 0.331973 0.096234 0.020458
v 0.266420 0.114246 -0.022319
v 0.266420 0.119260 -0.019425
v 0.331973 0.114246 -0.022319
v 0.331973 0.119260 -0.019425
v 0.266026 0.114859 -0.022916
v 0.331579 0.114859 -0.022916
v 0.266026 0.119873 -0.020022
v 0.331579 0.119873 -0.020022
v 0.266026 0.137885 -0.062799
v 0.266026 0.142899 -0.059904
v 0.331579 0.137885 -0.062799
v 0.331579 0.142899 -0.059904
v 0.266378 0.067301 0.058542
v 0.331931 0.067301 0.058542
v 0.266378 0.072315 0.061437
v 0.331931 0.072315 0.061437
v 0.266378 0.090328 0.018659
v 0.266378 0.095342 0.021554
v 0.331931 0.090328 0.018659
v 0.331931 0.095342 0.021554
v 0.200237 0.114859 -0.022916
v 0.265789 0.114859 -0.022916
v 0.200237 0.119873 -0.020022
v 0.265789 0.119873 -0.020022
v 0.200237 0.137885 -0.062799
v 0.200237 0.142899 -0.059904
v 0.265789 0.137885 -0.062799
v 0.265789 0.142899 -0.059904
v 0.200631 0.091220 0.017564
v 0.266184 0.091220 0.017564
v 0.200631 0.096234 0.020458
v 0.266184 0.096234 0.020458
v 0.200631 0.114246 -0.022319
v 0.200631 0.119260 -0.019425
v 0.266184 0.114246 -0.022319
v 0.266184 0.119260 -0.019425
v 0.200589 0.067301 0.058542
v 0.266142 0.067301 0.058542
v 0.200589 0.072315 0.061437
v 0.266142 0.072315 0.061437
v 0.200589 0.090328 0.018659
v 0.200589 0.095342 0.021554
v 0.266142 0.090328 0.018659
v 0.266142 0.095342 0.021554
v 0.134447 0.114859 -0.022916
v 0.200000 0.114859 -0.022916
v 0.134447 0.119873 -0.020022
v 0.200000 0.119873 -0.020022
v 0.134447 0.137885 -0.062799
v 0.134447 0.142899 -0.059904
v 0.200000 0.137885 -0.062799
v 0.200000 0.142899 -0.059904
v 0.134841 0.091220 0.017564
v 0.200394 0.091220 0.017564
v 0.134841 0.096234 0.020458
v 0.200394 0.096234 0.020458
v 0.134841 0.114246 -0.022319
v 0.134841 0.119260 -0.019425
v 0.200394 0.114246 -0.022319
v 0.200394 0.119260 -0.019425
v 0.134800 0.067301 0.058542
v 0.200352 0.067301 0.058542
v 0.134800 0.072315 0.061437
v 0.200352 0.072315 0.061437
v 0.134800 0.090328 0.018659
v 0.134800 0.095342 0.021554
v 0.200352 0.090328 0.018659
v 0.200352 0.095342 0.021554
v 0.068658 0.114859 -0.022916
v 0.134211 0.114859 -0.022916
v 0.068658 0.119873 -0.020022
v 0.134211 0.119873 -0.020022
v 0.068658 0.137885 -0.062799
v 0.068658 0.142899 -0.059904
v 0.134211 0.137885 -0.062799
v 0.134211 0.142899 -0.059904
v 0.069052 0.091220 0.017564
v 0.134605 0.091220 0.017564
v 0.069052 0.096234 0.020458
v 0.134605 0.096234 0.020458
v 0.069052 0.114246 -0.022319
v 0.069052 0.119260 -0.019425
v 0.134605 0.114246 -0.022319
v 0.134605 0.119260 -0.019425
v 0.069010 0.067301 0.058542
v 0.134563 0.067301 0.058542
v 0.069010 0.072315 0.061437
v 0.134563 0.072315 0.061437
v 0.069010 0.090328 0.018659
v 0.069010 0.095342 0.021554
v 0.134563 0.090328 0.018659
v 0.134563 0.095342 0.021554
v 0.002868 0.114859 -0.022916
v 0.068421 0.114859 -0.022916
v 0.002868 0.119873 -0.020022
v 0.068421 0.119873 -0.020022
v 0.002868 0.137885 -0.062799
v 0.002868 0.142899 -0.059904
v 0.068421 0.137885 -0.062799
v 0.068421 0.142899 -0.059904
v 0.003262 0.091220 0.017564
v 0.068815 0.091220 0.017564
v 0.003262 0.096234 0.020458
v 0.068815 0.096234 0.020458
v 0.003262 0.114246 -0.022319
v 0.003262 0.119260 -0.019425
v 0.068815 0.114246 -0.022319
v 0.068815 0.119260 -0.019425
v 0.003221 0.067301 0.058542
v 0.068774 0.067301 0.058542
v 0.003221 0.072315 0.061437
v 0.068774 0.072315 0.061437
v 0.003221 0.090328 0.018659
v 0.003221 0.095342 0.021554
v 0.068774 0.090328 0.018659
v 0.068774 0.095342 0.021554
v -0.004527 0.130785 -0.051974
v -0.004527 0.130785 -0.060334
v -0.013158 0.130785 -0.051974
v -0.013158 0.130785 -0.065132
v 0.000000 0.130785 -0.065132
v 0.000000 0.130785 -0.060334
v -0.004527 0.125958 -0.051974
v -0.004527 0.067627 0.053289
v -0.004527 0.067627 0.055354
v -0.004527 0.069459 0.056412
v -0.004527 0.065185 0.053289
v -0.004527 0.136565 -0.059818
v -0.004527 0.132007 -0.062449
v 0.000000 0.064901 0.053780
v 0.002632 0.064901 0.053780
v 0.000000 0.067627 0.055354
v 0.002632 0.069459 0.056412
v 0.000000 0.065185 0.053289
v 0.000000 -0.142899 0.053289
v 0.000000 -0.142899 0.066447
v 0.000000 0.067627 0.066447
v -0.013158 0.067627 0.066447
v -0.013158 0.067627 0.053289
v -0.013158 -0.142899 0.066447
v -0.013158 -0.142899 0.053289
v 0.002632 0.132007 -0.062449
v 0.002632 0.136565 -0.059818
v 0.000000 0.125958 -0.051974
v 0.000000 -0.142899 -0.065132
v -0.013158 -0.142899 -0.065132
v 0.000000 -0.142899 -0.051974
v -0.013158 -0.142899 -0.051974
v -0.000418 0.060785 0.066447
v -0.000418 0.067364 0.066447
v -0.000418 0.060785 0.059868
v -0.000418 0.067364 0.059868
v 0.328947 0.060785 0.066447
v 0.328947 0.060785 0.059868
v 0.328947 0.067364 0.066447
v 0.328947 0.067364 0.059868
v 0.331579 0.131838 -0.059868
v 0.331579 0.138417 -0.066447
v 0.331579 0.136193 -0.059868
v 0.331579 0.138417 -0.062492
v 0.331579 0.131838 -0.066447
v 0.266026 0.138417 -0.062492
v 0.266026 0.136193 -0.059868
v -0.000418 0.131838 -0.059868
v -0.000418 0.138417 -0.059868
v 0.266026 0.138417 -0.059868
v -0.000418 0.131838 -0.066447
v -0.000418 0.138417 -0.066447
v -0.996632 0.130785 -0.051974
v -0.996632 0.130785 -0.060334
v -1.000000 0.130785 -0.051974
v -1.000000 0.130785 -0.065132
v -0.986842 0.130785 -0.065132
v -0.989474 0.130785 -0.060334
v -0.986842 0.130785 -0.051974
v -0.989474 0.130785 -0.051974
v -0.989474 0.132007 -0.062449
v -0.989474 0.136565 -0.059818
v -0.989474 0.069459 0.056412
v -0.989474 0.067627 0.055354
v -0.989474 0.067627 0.053289
v -0.989474 0.125958 -0.051974
v -0.989474 0.065185 0.053289
v -0.996632 0.067627 0.055354
v -0.996632 0.069459 0.056412
v -0.996632 0.067627 0.053289
v -0.996632 0.065185 0.053289
v -1.000000 0.067627 0.053289
v -1.000000 -0.142899 0.053289
v -0.986842 -0.142899 0.053289
v -0.986842 0.067627 0.053289
v -1.000000 0.067627 0.066447
v -0.986842 0.067627 0.066447
v -0.986842 -0.142899 0.066447
v -1.000000 -0.142899 0.066447
v -0.996632 0.125958 -0.051974
v -0.996632 0.132007 -0.062449
v -0.996632 0.136565 -0.059818
v -0.986842 -0.142899 -0.065132
v -1.000000 -0.142899 -0.065132
v -0.986842 -0.142899 -0.051974
v -1.000000 -0.142899 -0.051974
v -0.325685 0.091220 0.017564
v -0.260132 0.091220 0.017564
v -0.325685 0.096234 0.020458
v -0.260132 0.096234 0.020458
v -0.325685 0.114246 -0.022319
v -0.325685 0.119260 -0.019425
v -0.260132 0.114246 -0.022319
v -0.260132 0.119260 -0.019425
v -0.329365 0.060785 0.066447
v -0.329365 0.067364 0.066447
v -0.329365 0.060785 0.059868
v -0.329365 0.067364 0.059868
v 0.000000 0.060785 0.066447
v 0.000000 0.060785 0.059868
v 0.000000 0.067364 0.066447
v 0.000000 0.067364 0.059868
v -0.325727 0.067301 0.058542
v -0.260174 0.067301 0.058542
v -0.325727 0.072315 0.061437
v -0.260174 0.072315 0.061437
v -0.325727 0.090328 0.018659
v -0.325727 0.095342 0.021554
v -0.260174 0.090328 0.018659
v -0.260174 0.095342 0.021554
v -0.194106 0.091220 0.017564
v -0.128553 0.091220 0.017564
v -0.194106 0.096234 0.020458
v -0.128553 0.096234 0.020458
v -0.194106 0.114246 -0.022319
v -0.194106 0.119260 -0.019425
v -0.128553 0.114246 -0.022319
v -0.128553 0.119260 -0.019425
v -0.259896 0.091220 0.017564
v -0.194343 0.091220 0.017564
v -0.259896 0.096234 0.020458
v -0.194343 0.096234 0.020458
v -0.259896 0.114246 -0.022319
v -0.259896 0.119260 -0.019425
v -0.194343 0.114246 -0.022319
v -0.194343 0.119260 -0.019425
v -0.391475 0.091220 0.017564
v -0.325922 0.091220 0.017564
v -0.391475 0.096234 0.020458
v -0.325922 0.096234 0.020458
v -0.391475 0.114246 -0.022319
v -0.391475 0.119260 -0.019425
v -0.325922 0.114246 -0.022319
v -0.325922 0.119260 -0.019425
v 0.002632 0.131838 -0.059868
v 0.002632 0.138417 -0.066447
v 0.002632 0.136193 -0.059868
v 0.002632 0.138417 -0.062492
v 0.002632 0.142899 -0.059904
v 0.002632 0.131838 -0.066447
v 0.002632 0.119873 -0.020022
v 0.002632 0.114859 -0.022916
v -0.062921 0.138417 -0.062492
v -0.062921 0.142899 -0.059904
v -0.062921 0.136193 -0.059868
v -0.329365 0.131838 -0.059868
v -0.329365 0.138417 -0.059868
v -0.062921 0.138417 -0.059868
v -0.329365 0.131838 -0.066447
v -0.329365 0.138417 -0.066447
v -0.062921 0.119873 -0.020022
v -0.062921 0.114859 -0.022916
v -0.991369 0.130785 -0.051974
v -0.991369 0.130785 -0.060334
v -0.986842 0.130785 -0.060334
v -0.991369 0.125958 -0.051974
v -0.991369 0.067627 0.053289
v -0.991369 0.067627 0.055354
v -0.991369 0.069459 0.056412
v -0.991369 0.065185 0.053289
v -0.991369 0.136565 -0.059818
v -0.991369 0.132007 -0.062449
v -0.986842 0.064901 0.053780
v -0.984211 0.064901 0.053780
v -0.986842 0.067627 0.055354
v -0.984211 0.069459 0.056412
v -0.986842 0.065185 0.053289
v -0.984211 0.132007 -0.062449
v -0.984211 0.136565 -0.059818
v -0.986842 0.125958 -0.051974
v -0.457306 0.067301 0.058542
v -0.391753 0.067301 0.058542
v -0.457306 0.072315 0.061437
v -0.391753 0.072315 0.061437
v -0.457306 0.090328 0.018659
v -0.457306 0.095342 0.021554
v -0.391753 0.090328 0.018659
v -0.391753 0.095342 0.021554
v -0.128711 0.114859 -0.022916
v -0.063158 0.114859 -0.022916
v -0.128711 0.119873 -0.020022
v -0.063158 0.119873 -0.020022
v -0.128711 0.137885 -0.062799
v -0.128711 0.142899 -0.059904
v -0.063158 0.137885 -0.062799
v -0.063158 0.142899 -0.059904
v -0.259937 0.067301 0.058542
v -0.194384 0.067301 0.058542
v -0.259937 0.072315 0.061437
v -0.194384 0.072315 0.061437
v -0.259937 0.090328 0.018659
v -0.259937 0.095342 0.021554
v -0.194384 0.090328 0.018659
v -0.194384 0.095342 0.021554
v -0.062569 0.067301 0.058542
v 0.002984 0.067301 0.058542
v -0.062569 0.072315 0.061437
v 0.002984 0.072315 0.061437
v -0.062569 0.090328 0.018659
v -0.062569 0.095342 0.021554
v 0.002984 0.090328 0.018659
v 0.002984 0.095342 0.021554
v -0.128317 0.091220 0.017564
v -0.062764 0.091220 0.017564
v -0.128317 0.096234 0.020458
v -0.062764 0.096234 0.020458
v -0.128317 0.114246 -0.022319
v -0.128317 0.119260 -0.019425
v -0.062764 0.114246 -0.022319
v -0.062764 0.119260 -0.019425
v -0.391869 0.114859 -0.022916
v -0.326316 0.114859 -0.022916
v -0.391869 0.119873 -0.020022
v -0.326316 0.119873 -0.020022
v -0.391869 0.137885 -0.062799
v -0.391869 0.142899 -0.059904
v -0.326316 0.137885 -0.062799
v -0.326316 0.142899 -0.059904
v -0.128358 0.067301 0.058542
v -0.062805 0.067301 0.058542
v -0.128358 0.072315 0.061437
v -0.062805 0.072315 0.061437
v -0.128358 0.090328 0.018659
v -0.128358 0.095342 0.021554
v -0.062805 0.090328 0.018659
v -0.062805 0.095342 0.021554
v -0.662422 0.130785 -0.051974
v -0.662422 0.130785 -0.060334
v -0.671053 0.130785 -0.051974
v -0.671053 0.130785 -0.065132
v -0.657895 0.130785 -0.065132
v -0.657895 0.130785 -0.060334
v -0.662422 0.125958 -0.051974
v -0.662422 0.067627 0.053289
v -0.662422 0.067627 0.055354
v -0.662422 0.069459 0.056412
v -0.662422 0.065185 0.053289
v -0.662422 0.136565 -0.059818
v -0.662422 0.132007 -0.062449
v -0.657895 0.064901 0.053780
v -0.655263 0.064901 0.053780
v -0.657895 0.067627 0.055354
v -0.655263 0.069459 0.056412
v -0.657895 0.065185 0.053289
v -0.657895 -0.142899 0.053289
v -0.657895 -0.142899 0.066447
v -0.657895 0.067627 0.066447
v -0.671053 0.067627 0.066447
v -0.671053 0.067627 0.053289
v -0.671053 -0.142899 0.066447
v -0.671053 -0.142899 0.053289
v -0.655263 0.132007 -0.062449
v -0.655263 0.136565 -0.059818
v -0.657895 0.125958 -0.051974
v -0.657895 -0.142899 -0.065132
v -0.671053 -0.142899 -0.065132
v -0.657895 -0.142899 -0.051974
v -0.671053 -0.142899 -0.051974
v -0.062527 0.091220 0.017564
v 0.003026 0.091220 0.017564
v -0.062527 0.096234 0.020458
v 0.003026 0.096234 0.020458
v -0.062527 0.114246 -0.022319
v -0.062527 0.119260 -0.019425
v 0.003026 0.114246 -0.022319
v 0.003026 0.119260 -0.019425
v -0.194148 0.067301 0.058542
v -0.128595 0.067301 0.058542
v -0.194148 0.072315 0.061437
v -0.128595 0.072315 0.061437
v -0.194148 0.090328 0.018659
v -0.194148 0.095342 0.021554
v -0.128595 0.090328 0.018659
v -0.128595 0.095342 0.021554
v -0.194500 0.114859 -0.022916
v -0.128947 0.114859 -0.022916
v -0.194500 0.119873 -0.020022
v -0.128947 0.119873 -0.020022
v -0.194500 0.137885 -0.062799
v -0.194500 0.142899 -0.059904
v -0.128947 0.137885 -0.062799
v -0.128947 0.142899 -0.059904
v -0.457264 0.091220 0.017564
v -0.391711 0.091220 0.017564
v -0.457264 0.096234 0.020458
v -0.391711 0.096234 0.020458
v -0.457264 0.114246 -0.022319
v -0.457264 0.119260 -0.019425
v -0.391711 0.114246 -0.022319
v -0.391711 0.119260 -0.019425
v -0.523054 0.091220 0.017564
v -0.457500 0.091220 0.017564
v -0.523054 0.096234 0.020458
v -0.457500 0.096234 0.020458
v -0.523054 0.114246 -0.022319
v -0.523054 0.119260 -0.019425
v -0.457500 0.114246 -0.022319
v -0.457500 0.119260 -0.019425
v -0.523095 0.067301 0.058542
v -0.457542 0.067301 0.058542
v -0.523095 0.072315 0.061437
v -0.457542 0.072315 0.061437
v -0.523095 0.090328 0.018659
v -0.523095 0.095342 0.021554
v -0.457542 0.090328 0.018659
v -0.457542 0.095342 0.021554
v -0.326079 0.114859 -0.022916
v -0.260526 0.114859 -0.022916
v -0.326079 0.119873 -0.020022
v -0.260526 0.119873 -0.020022
v -0.326079 0.137885 -0.062799
v -0.326079 0.142899 -0.059904
v -0.260526 0.137885 -0.062799
v -0.260526 0.142899 -0.059904
v -0.658313 0.060785 0.066447
v -0.658313 0.067364 0.066447
v -0.658313 0.060785 0.059868
v -0.658313 0.067364 0.059868
v -0.328947 0.060785 0.066447
v -0.328947 0.060785 0.059868
v -0.328947 0.067364 0.066447
v -0.328947 0.067364 0.059868
v -0.457658 0.114859 -0.022916
v -0.392105 0.114859 -0.022916
v -0.457658 0.119873 -0.020022
v -0.392105 0.119873 -0.020022
v -0.457658 0.137885 -0.062799
v -0.457658 0.142899 -0.059904
v -0.392105 0.137885 -0.062799
v -0.392105 0.142899 -0.059904
v -0.654632 0.091220 0.017564
v -0.589079 0.091220 0.017564
v -0.654632 0.096234 0.020458
v -0.589079 0.096234 0.020458
v -0.654632 0.114246 -0.022319
v -0.654632 0.119260 -0.019425
v -0.589079 0.114246 -0.022319
v -0.589079 0.119260 -0.019425
v -0.523448 0.114859 -0.022916
v -0.457895 0.114859 -0.022916
v -0.523448 0.119873 -0.020022
v -0.457895 0.119873 -0.020022
v -0.523448 0.137885 -0.062799
v -0.523448 0.142899 -0.059904
v -0.457895 0.137885 -0.062799
v -0.457895 0.142899 -0.059904
v -0.654674 0.067301 0.058542
v -0.589121 0.067301 0.058542
v -0.654674 0.072315 0.061437
v -0.589121 0.072315 0.061437
v -0.654674 0.090328 0.018659
v -0.654674 0.095342 0.021554
v -0.589121 0.090328 0.018659
v -0.589121 0.095342 0.021554
v -0.391516 0.067301 0.058542
v -0.325963 0.067301 0.058542
v -0.391516 0.072315 0.061437
v -0.325963 0.072315 0.061437
v -0.391516 0.090328 0.018659
v -0.391516 0.095342 0.021554
v -0.325963 0.090328 0.018659
v -0.325963 0.095342 0.021554
v -0.260290 0.114859 -0.022916
v -0.194737 0.114859 -0.022916
v -0.260290 0.119873 -0.020022
v -0.194737 0.119873 -0.020022
v -0.260290 0.137885 -0.062799
v -0.260290 0.142899 -0.059904
v -0.194737 0.137885 -0.062799
v -0.194737 0.142899 -0.059904
v -0.588885 0.067301 0.058542
v -0.523332 0.067301 0.058542
v -0.588885 0.072315 0.061437
v -0.523332 0.072315 0.061437
v -0.588885 0.090328 0.018659
v -0.588885 0.095342 0.021554
v -0.523332 0.090328 0.018659
v -0.523332 0.095342 0.021554
v -0.983580 0.091220 0.017564
v -0.918027 0.091220 0.017564
v -0.983580 0.096234 0.020458
v -0.918027 0.096234 0.020458
v -0.983580 0.114246 -0.022319
v -0.983580 0.119260 -0.019425
v -0.918027 0.114246 -0.022319
v -0.918027 0.119260 -0.019425
v -0.786211 0.091220 0.017564
v -0.720658 0.091220 0.017564
v -0.786211 0.096234 0.020458
v -0.720658 0.096234 0.020458
v -0.786211 0.114246 -0.022319
v -0.786211 0.119260 -0.019425
v -0.720658 0.114246 -0.022319
v -0.720658 0.119260 -0.019425
v -0.918185 0.114859 -0.022916
v -0.852632 0.114859 -0.022916
v -0.918185 0.119873 -0.020022
v -0.852632 0.119873 -0.020022
v -0.918185 0.137885 -0.062799
v -0.918185 0.142899 -0.059904
v -0.852632 0.137885 -0.062799
v -0.852632 0.142899 -0.059904
v -0.852001 0.091220 0.017564
v -0.786448 0.091220 0.017564
v -0.852001 0.096234 0.020458
v -0.786448 0.096234 0.020458
v -0.852001 0.114246 -0.022319
v -0.852001 0.119260 -0.019425
v -0.786448 0.114246 -0.022319
v -0.786448 0.119260 -0.019425
v -0.983622 0.067301 0.058542
v -0.918069 0.067301 0.058542
v -0.983622 0.072315 0.061437
v -0.918069 0.072315 0.061437
v -0.983622 0.090328 0.018659
v -0.983622 0.095342 0.021554
v -0.918069 0.090328 0.018659
v -0.918069 0.095342 0.021554
v -0.852043 0.067301 0.058542
v -0.786490 0.067301 0.058542
v -0.852043 0.072315 0.061437
v -0.786490 0.072315 0.061437
v -0.852043 0.090328 0.018659
v -0.852043 0.095342 0.021554
v -0.786490 0.090328 0.018659
v -0.786490 0.095342 0.021554
v -0.720422 0.091220 0.017564
v -0.654869 0.091220 0.017564
v -0.720422 0.096234 0.020458
v -0.654869 0.096234 0.020458
v -0.720422 0.114246 -0.022319
v -0.720422 0.119260 -0.019425
v -0.654869 0.114246 -0.022319
v -0.654869 0.119260 -0.019425
v -0.987260 0.060785 0.066447
v -0.987260 0.067364 0.066447
v -0.987260 0.060785 0.059868
v -0.987260 0.067364 0.059868
v -0.657895 0.060785 0.066447
v -0.657895 0.060785 0.059868
v -0.657895 0.067364 0.066447
v -0.657895 0.067364 0.059868
v -0.983974 0.114859 -0.022916
v -0.918421 0.114859 -0.022916
v -0.983974 0.119873 -0.020022
v -0.918421 0.119873 -0.020022
v -0.983974 0.137885 -0.062799
v -0.983974 0.142899 -0.059904
v -0.918421 0.137885 -0.062799
v -0.918421 0.142899 -0.059904
v -0.852395 0.114859 -0.022916
v -0.786842 0.114859 -0.022916
v -0.852395 0.119873 -0.020022
v -0.786842 0.119873 -0.020022
v -0.852395 0.137885 -0.062799
v -0.852395 0.142899 -0.059904
v -0.786842 0.137885 -0.062799
v -0.786842 0.142899 -0.059904
v -0.720816 0.114859 -0.022916
v -0.655263 0.114859 -0.022916
v -0.720816 0.119873 -0.020022
v -0.655263 0.119873 -0.020022
v -0.720816 0.137885 -0.062799
v -0.720816 0.142899 -0.059904
v -0.655263 0.137885 -0.062799
v -0.655263 0.142899 -0.059904
v -0.917832 0.067301 0.058542
v -0.852279 0.067301 0.058542
v -0.917832 0.072315 0.061437
v -0.852279 0.072315 0.061437
v -0.917832 0.090328 0.018659
v -0.917832 0.095342 0.021554
v -0.852279 0.090328 0.018659
v -0.852279 0.095342 0.021554
v -0.655263 0.131838 -0.059868
v -0.655263 0.138417 -0.066447
v -0.655263 0.136193 -0.059868
v -0.655263 0.138417 -0.062492
v -0.655263 0.131838 -0.066447
v -0.720816 0.138417 -0.062492
v -0.720816 0.136193 -0.059868
v -0.987260 0.131838 -0.059868
v -0.987260 0.138417 -0.059868
v -0.720816 0.138417 -0.059868
v -0.987260 0.131838 -0.066447
v -0.987260 0.138417 -0.066447
v -0.333474 0.130785 -0.051974
v -0.333474 0.130785 -0.060334
v -0.342105 0.130785 -0.051974
v -0.342105 0.130785 -0.065132
v -0.328947 0.130785 -0.065132
v -0.328947 0.130785 -0.060334
v -0.333474 0.125958 -0.051974
v -0.333474 0.067627 0.053289
v -0.333474 0.067627 0.055354
v -0.333474 0.069459 0.056412
v -0.333474 0.065185 0.053289
v -0.333474 0.136565 -0.059818
v -0.333474 0.132007 -0.062449
v -0.328947 0.064901 0.053780
v -0.326316 0.064901 0.053780
v -0.328947 0.067627 0.055354
v -0.326316 0.069459 0.056412
v -0.328947 0.065185 0.053289
v -0.328947 -0.142899 0.053289
v -0.328947 -0.142899 0.066447
v -0.328947 0.067627 0.066447
v -0.342105 0.067627 0.066447
v -0.342105 0.067627 0.053289
v -0.342105 -0.142899 0.066447
v -0.342105 -0.142899 0.053289
v -0.326316 0.132007 -0.062449
v -0.326316 0.136565 -0.059818
v -0.328947 0.125958 -0.051974
v -0.328947 -0.142899 -0.065132
v -0.342105 -0.142899 -0.065132
v -0.328947 -0.142899 -0.051974
v -0.342105 -0.142899 -0.051974
v -0.655027 0.114859 -0.022916
v -0.589474 0.114859 -0.022916
v -0.655027 0.119873 -0.020022
v -0.589474 0.119873 -0.020022
v -0.655027 0.137885 -0.062799
v -0.655027 0.142899 -0.059904
v -0.589474 0.137885 -0.062799
v -0.589474 0.142899 -0.059904
v -0.589237 0.114859 -0.022916
v -0.523684 0.114859 -0.022916
v -0.589237 0.119873 -0.020022
v -0.523684 0.119873 -0.020022
v -0.589237 0.137885 -0.062799
v -0.589237 0.142899 -0.059904
v -0.523684 0.137885 -0.062799
v -0.523684 0.142899 -0.059904
v -0.588843 0.091220 0.017564
v -0.523290 0.091220 0.017564
v -0.588843 0.096234 0.020458
v -0.523290 0.096234 0.020458
v -0.588843 0.114246 -0.022319
v -0.588843 0.119260 -0.019425
v -0.523290 0.114246 -0.022319
v -0.523290 0.119260 -0.019425
v -0.786253 0.067301 0.058542
v -0.720700 0.067301 0.058542
v -0.786253 0.072315 0.061437
v -0.720700 0.072315 0.061437
v -0.786253 0.090328 0.018659
v -0.786253 0.095342 0.021554
v -0.720700 0.090328 0.018659
v -0.720700 0.095342 0.021554
v -0.917790 0.091220 0.017564
v -0.852237 0.091220 0.017564
v -0.917790 0.096234 0.020458
v -0.852237 0.096234 0.020458
v -0.917790 0.114246 -0.022319
v -0.917790 0.119260 -0.019425
v -0.852237 0.114246 -0.022319
v -0.852237 0.119260 -0.019425
v -0.786606 0.114859 -0.022916
v -0.721053 0.114859 -0.022916
v -0.786606 0.119873 -0.020022
v -0.721053 0.119873 -0.020022
v -0.786606 0.137885 -0.062799
v -0.786606 0.142899 -0.059904
v -0.721053 0.137885 -0.062799
v -0.721053 0.142899 -0.059904
v -0.720464 0.067301 0.058542
v -0.654911 0.067301 0.058542
v -0.720464 0.072315 0.061437
v -0.654911 0.072315 0.061437
v -0.720464 0.090328 0.018659
v -0.720464 0.095342 0.021554
v -0.654911 0.090328 0.018659
v -0.654911 0.095342 0.021554
v -0.326316 0.131838 -0.059868
v -0.326316 0.138417 -0.066447
v -0.326316 0.136193 -0.059868
v -0.326316 0.138417 -0.062492
v -0.326316 0.131838 -0.066447
v -0.391869 0.138417 -0.062492
v -0.391869 0.136193 -0.059868
v -0.658313 0.131838 -0.059868
v -0.658313 0.138417 -0.059868
v -0.391869 0.138417 -0.059868
v -0.658313 0.131838 -0.066447
v -0.658313 0.138417 -0.066447
vn -0.0000 1.0000 -0.0000
vn -1.0000 -0.0000 -0.0000
vn -0.0000 -0.5000 0.8660
vn -0.0000 -0.5001 0.8660
vn 1.0000 -0.0000 -0.0000
vn -0.0000 -0.0000 1.0000
vn -0.0000 -0.0000 -1.0000
vn -0.0000 -1.0000 -0.0000
vn -0.0000 0.4999 -0.8661
vn -0.0000 0.8660 0.5000
vn -0.0000 -0.8660 -0.5000
vn -0.0000 -0.8659 -0.5003
vn 0.0001 -0.8659 -0.5002
vn 0.0002 -0.8659 -0.5001
vn 0.0002 -0.8660 -0.5000
vn -0.0001 -0.8660 -0.5001
vn -0.0001 -0.8659 -0.5002
vn -0.0000 -0.8658 -0.5004
vn -1.0000 0.0001 -0.0000
vn -0.0000 0.5000 -0.8660
vn -0.0000 -0.4999 0.8661
vn -0.0000 0.5003 -0.8658
vn -0.0000 0.5002 -0.8659
vn 0.0001 -0.8659 -0.5001
vn -0.0000 -0.8660 -0.5001
vn -0.0000 -0.5002 0.8659
vn -0.0000 -0.5003 0.8658
vn 1.0000 -0.0002 -0.0000
vn 1.0000 -0.0001 -0.0000
vn 1.0000 0.0001 -0.0000
vn -1.0000 -0.0001 -0.0000
vn -1.0000 -0.0004 -0.0000
vn -0.0000 -0.8661 -0.4999
vn 0.0002 -0.8659 -0.5002
vn -0.0000 -0.8659 -0.5002
vt 0.608613 0.257469
vt 0.608240 0.250603
vt 0.615343 0.257178
vt 0.615343 0.247090
vt 0.605385 0.246252
vt 0.604541 0.249720
vt 0.055586 0.395740
vt 0.055133 0.491713
vt 0.051614 0.393756
vt 0.052924 0.494190
vt 0.049766 0.493293
vt 0.057698 0.492735
vt 0.049766 0.386155
vt 0.053876 0.385417
vt 0.054290 0.387304
vt 0.548771 0.237919
vt 0.549397 0.236030
vt 0.551298 0.238725
vt 0.553154 0.236786
vt 0.553154 0.242158
vt 0.551561 0.242405
vt 0.398336 0.434879
vt 0.395414 0.434652
vt 0.398336 0.268741
vt 0.570881 0.170026
vt 0.569563 0.005233
vt 0.572527 0.001923
vt 0.581385 0.170018
vt 0.581385 0.001947
vt 0.694086 0.256923
vt 0.693919 0.253265
vt 0.702883 0.256786
vt 0.702883 0.246433
vt 0.692526 0.246252
vt 0.692257 0.253110
vt 0.615256 0.001923
vt 0.625762 0.001923
vt 0.615256 0.170011
vt 0.625762 0.170011
vt 0.633179 0.440675
vt 0.643684 0.440675
vt 0.633179 0.608763
vt 0.643684 0.608763
vt 0.604472 0.434872
vt 0.604477 0.268741
vt 0.608086 0.434897
vt 0.614980 0.268753
vt 0.614980 0.436808
vt 0.608167 0.436865
vt 0.817501 0.241383
vt 0.806995 0.241383
vt 0.817501 0.230878
vt 0.806995 0.230878
vt 0.171258 0.489002
vt 0.171258 0.381845
vt 0.175460 0.489002
vt 0.175460 0.381845
vt 0.453203 0.554003
vt 0.453203 0.548288
vt 0.457405 0.554003
vt 0.457405 0.548288
vt 0.151592 0.600361
vt 0.145877 0.600361
vt 0.151592 0.493205
vt 0.145877 0.493205
vt 0.068080 0.271034
vt 0.069785 0.271354
vt 0.068029 0.274861
vt 0.070302 0.274913
vt 0.068171 0.284501
vt 0.070302 0.381530
vt 0.068203 0.381114
vt 0.068227 0.381570
vt 0.064590 0.381146
vt 0.064553 0.284577
vt 0.510549 0.487255
vt 0.500044 0.487255
vt 0.510549 0.268741
vt 0.500044 0.268741
vt 0.189813 0.274717
vt 0.189812 0.489366
vt 0.183138 0.270843
vt 0.179307 0.489369
vt 0.179307 0.270859
vt 0.414284 0.268853
vt 0.414284 0.487314
vt 0.407389 0.272656
vt 0.403780 0.487328
vt 0.402183 0.272665
vt 0.407529 0.268741
vt 0.084654 0.489548
vt 0.074149 0.489548
vt 0.084654 0.271034
vt 0.074149 0.271034
vt 0.807315 0.246417
vt 0.817821 0.246417
vt 0.807315 0.256923
vt 0.817821 0.256923
vt 0.548771 0.263319
vt 0.553640 0.258738
vt 0.550771 0.264794
vt 0.558195 0.259589
vt 0.557077 0.251230
vt 0.553253 0.251657
vt 0.550449 0.246252
vt 0.548771 0.247239
vt 0.346768 0.544753
vt 0.346349 0.546639
vt 0.344108 0.538297
vt 0.342240 0.545893
vt 0.340847 0.439223
vt 0.343704 0.438726
vt 0.345494 0.440287
vt 0.348036 0.536226
vt 0.348036 0.439209
vt 0.295444 0.274457
vt 0.293755 0.274457
vt 0.295444 0.268742
vt 0.293755 0.268742
vt 0.545640 0.268741
vt 0.546905 0.273456
vt 0.543101 0.268937
vt 0.543119 0.436943
vt 0.553617 0.436952
vt 0.550403 0.273462
vt 0.553617 0.268927
vt 0.551615 0.268777
vt 0.600694 0.255185
vt 0.600090 0.257489
vt 0.599012 0.254601
vt 0.589926 0.257052
vt 0.589926 0.247030
vt 0.598724 0.248583
vt 0.599725 0.246252
vt 0.600388 0.247870
vt 0.279402 0.491115
vt 0.289907 0.491115
vt 0.279402 0.659203
vt 0.289907 0.659203
vt 0.643961 0.001923
vt 0.654467 0.001923
vt 0.643961 0.170011
vt 0.654467 0.170011
vt 0.658037 0.436829
vt 0.647531 0.436829
vt 0.658037 0.268741
vt 0.647531 0.268741
vt 0.275555 0.659136
vt 0.265050 0.659136
vt 0.275555 0.648630
vt 0.265050 0.648630
vt 0.261665 0.590260
vt 0.255949 0.590260
vt 0.261665 0.493215
vt 0.255949 0.493215
vt 0.195555 0.286120
vt 0.195555 0.280405
vt 0.197505 0.286120
vt 0.197505 0.280405
vt 0.354449 0.588634
vt 0.356260 0.492581
vt 0.358373 0.590713
vt 0.358438 0.491591
vt 0.360222 0.491175
vt 0.354572 0.491617
vt 0.360222 0.598314
vt 0.356110 0.599050
vt 0.355697 0.597163
vt 0.453203 0.573128
vt 0.453203 0.567412
vt 0.457405 0.573128
vt 0.457405 0.567412
vt 0.136315 0.493205
vt 0.142030 0.493205
vt 0.136315 0.600361
vt 0.142030 0.600361
vt 0.512143 0.001923
vt 0.522648 0.001923
vt 0.512143 0.220438
vt 0.522648 0.220438
vt 0.110308 0.489512
vt 0.099803 0.489512
vt 0.110308 0.270998
vt 0.099803 0.270998
vt 0.434078 0.487229
vt 0.434078 0.268741
vt 0.438201 0.486880
vt 0.444581 0.268748
vt 0.442346 0.486143
vt 0.448446 0.487186
vt 0.446705 0.488255
vt 0.436745 0.487258
vt 0.141087 0.270844
vt 0.151592 0.270844
vt 0.141087 0.489359
vt 0.151592 0.489359
vt 0.731707 0.246417
vt 0.731707 0.256923
vt 0.721202 0.246417
vt 0.721202 0.256923
vt 0.184560 0.595285
vt 0.179307 0.590033
vt 0.184561 0.591808
vt 0.182463 0.590032
vt 0.175463 0.583106
vt 0.174949 0.585817
vt 0.170838 0.585797
vt 0.179307 0.595285
vt 0.170838 0.549043
vt 0.175459 0.549034
vt 0.305814 0.655236
vt 0.305814 0.602897
vt 0.309947 0.655236
vt 0.309947 0.602897
vt 0.105532 0.267151
vt 0.103918 0.214705
vt 0.109006 0.267024
vt 0.109006 0.001966
vt 0.103754 0.001923
vt 0.099803 0.214605
vt 0.616859 0.241744
vt 0.616859 0.236492
vt 0.622112 0.241744
vt 0.622112 0.236492
vt 0.252103 0.266995
vt 0.252103 0.001923
vt 0.257356 0.266995
vt 0.257356 0.001923
vt 0.064698 0.267187
vt 0.061544 0.267037
vt 0.065390 0.214719
vt 0.061544 0.001975
vt 0.066796 0.001923
vt 0.070302 0.214609
vt 0.243004 0.266995
vt 0.243004 0.001923
vt 0.248257 0.266995
vt 0.248257 0.001923
vt 0.001923 0.546828
vt 0.003941 0.547403
vt 0.002375 0.550538
vt 0.038907 0.550257
vt 0.038858 0.545663
vt 0.004828 0.545851
vt 0.610358 0.833578
vt 0.610358 0.781240
vt 0.614980 0.833578
vt 0.614980 0.781240
vt 0.698969 0.115123
vt 0.698969 0.062784
vt 0.735739 0.115123
vt 0.735739 0.062784
vt 0.004794 0.493393
vt 0.038907 0.493446
vt 0.117277 0.959554
vt 0.117277 0.907215
vt 0.121900 0.959554
vt 0.121900 0.907215
vt 0.865144 0.608763
vt 0.865144 0.571994
vt 0.869767 0.608763
vt 0.869767 0.571994
vt 0.968073 0.110447
vt 0.968073 0.058109
vt 0.972695 0.110447
vt 0.972695 0.058109
vt 0.873613 0.608763
vt 0.873613 0.571994
vt 0.878236 0.608763
vt 0.878236 0.571994
vt 0.044514 0.903241
vt 0.044514 0.850902
vt 0.081284 0.903241
vt 0.081284 0.850902
vt 0.902049 0.166633
vt 0.902049 0.114294
vt 0.938818 0.166633
vt 0.938819 0.114294
vt 0.610358 0.665022
vt 0.610357 0.612683
vt 0.614980 0.665022
vt 0.614980 0.612683
vt 0.920117 0.991204
vt 0.920117 0.954435
vt 0.924740 0.991204
vt 0.924740 0.954435
vt 0.297081 0.715158
vt 0.297081 0.662819
vt 0.301704 0.715158
vt 0.301704 0.662819
vt 0.732246 0.991204
vt 0.732246 0.954435
vt 0.736868 0.991204
vt 0.736868 0.954435
vt 0.743092 0.493014
vt 0.743092 0.440675
vt 0.779861 0.493014
vt 0.779861 0.440675
vt 0.488132 0.771560
vt 0.488132 0.719222
vt 0.524902 0.771560
vt 0.524902 0.719222
vt 0.631211 0.236492
vt 0.631211 0.241744
vt 0.625959 0.236492
vt 0.625959 0.241744
vt 0.635058 0.241744
vt 0.635058 0.236492
vt 0.640311 0.241744
vt 0.640311 0.236492
vt 0.479592 0.264894
vt 0.479592 0.001923
vt 0.484844 0.264894
vt 0.484844 0.001923
vt 0.488691 0.264894
vt 0.488691 0.001923
vt 0.493944 0.264894
vt 0.493944 0.001923
vt 0.388596 0.264894
vt 0.388596 0.001923
vt 0.393849 0.264894
vt 0.393849 0.001923
vt 0.397696 0.264894
vt 0.397696 0.001923
vt 0.402948 0.264894
vt 0.402948 0.001923
vt 0.601888 0.889764
vt 0.601888 0.837425
vt 0.606511 0.889764
vt 0.606511 0.837425
vt 0.340847 0.587255
vt 0.340847 0.550486
vt 0.345470 0.587255
vt 0.345470 0.550486
vt 0.297081 0.602787
vt 0.297081 0.550448
vt 0.301704 0.602787
vt 0.301704 0.550448
vt 0.391218 0.659911
vt 0.354449 0.659867
vt 0.391259 0.655285
vt 0.354464 0.655249
vt 0.354449 0.602959
vt 0.391191 0.602897
vt 0.253139 0.827759
vt 0.253139 0.775420
vt 0.289908 0.827759
vt 0.289908 0.775420
vt 0.952304 0.664985
vt 0.952304 0.612647
vt 0.956926 0.664985
vt 0.956926 0.612647
vt 0.882083 0.608763
vt 0.882083 0.571994
vt 0.886705 0.608763
vt 0.886705 0.571994
vt 0.942665 0.166633
vt 0.942665 0.114294
vt 0.947288 0.166633
vt 0.947288 0.114294
vt 0.890552 0.608763
vt 0.890552 0.571994
vt 0.895174 0.608763
vt 0.895174 0.571994
vt 0.821947 0.950588
vt 0.821947 0.898249
vt 0.858716 0.950588
vt 0.858716 0.898249
vt 0.903179 0.950588
vt 0.903179 0.898249
vt 0.939948 0.950588
vt 0.939948 0.898249
vt 0.601888 0.665022
vt 0.601888 0.612683
vt 0.606511 0.665022
vt 0.606511 0.612683
vt 0.886240 0.991204
vt 0.886240 0.954435
vt 0.890863 0.991204
vt 0.890863 0.954435
vt 0.528748 0.715375
vt 0.528748 0.663036
vt 0.533371 0.715375
vt 0.533371 0.663036
vt 0.642504 0.991204
vt 0.642504 0.954435
vt 0.647127 0.991204
vt 0.647127 0.954435
vt 0.700099 0.725847
vt 0.700099 0.673508
vt 0.736868 0.725847
vt 0.736868 0.673508
vt 0.354449 0.828468
vt 0.354449 0.776129
vt 0.391219 0.828468
vt 0.391219 0.776129
vt 0.986141 0.725847
vt 0.986141 0.673508
vt 0.990763 0.725847
vt 0.990763 0.673508
vt 0.658313 0.160415
vt 0.658313 0.123646
vt 0.662936 0.160415
vt 0.662936 0.123646
vt 0.968073 0.166633
vt 0.968073 0.114294
vt 0.972695 0.166633
vt 0.972695 0.114294
vt 0.704229 0.608763
vt 0.704229 0.571994
vt 0.708852 0.608763
vt 0.708852 0.571994
vt 0.902049 0.054262
vt 0.902049 0.001923
vt 0.938819 0.054262
vt 0.938819 0.001923
vt 0.821947 0.894403
vt 0.821947 0.842064
vt 0.858716 0.894403
vt 0.858716 0.842064
vt 0.943795 0.725847
vt 0.943795 0.673508
vt 0.948417 0.725847
vt 0.948417 0.673508
vt 0.899021 0.608763
vt 0.899021 0.571994
vt 0.903643 0.608763
vt 0.903643 0.571994
vt 0.528748 0.940116
vt 0.528748 0.887778
vt 0.533371 0.940116
vt 0.533371 0.887778
vt 0.788921 0.608763
vt 0.788921 0.571994
vt 0.793544 0.608763
vt 0.793544 0.571994
vt 0.903219 0.664985
vt 0.903219 0.612647
vt 0.939988 0.664985
vt 0.939988 0.612647
vt 0.903179 0.894403
vt 0.903179 0.842064
vt 0.939948 0.894403
vt 0.939948 0.842064
vt 0.126752 0.656547
vt 0.126752 0.604208
vt 0.131375 0.656547
vt 0.131375 0.604208
vt 0.238147 0.563321
vt 0.201352 0.563285
vt 0.238162 0.558703
vt 0.201393 0.558658
vt 0.135222 0.656547
vt 0.135222 0.604208
vt 0.139844 0.656547
vt 0.139844 0.604208
vt 0.783061 0.991204
vt 0.783061 0.954435
vt 0.787683 0.991204
vt 0.787683 0.954435
vt 0.698969 0.054262
vt 0.698969 0.001923
vt 0.735739 0.054262
vt 0.735739 0.001923
vt 0.201420 0.615673
vt 0.238162 0.615611
vt 0.528748 0.883931
vt 0.528748 0.831592
vt 0.533371 0.883931
vt 0.533371 0.831592
vt 0.661884 0.427232
vt 0.661883 0.390463
vt 0.666506 0.427232
vt 0.666506 0.390463
vt 0.170838 0.545187
vt 0.170838 0.492848
vt 0.175460 0.545187
vt 0.175460 0.492848
vt 0.001923 0.993803
vt 0.001923 0.957034
vt 0.006546 0.993803
vt 0.006546 0.957034
vt 0.313833 0.828468
vt 0.313833 0.776129
vt 0.350603 0.828468
vt 0.350603 0.776129
vt 0.160645 0.717408
vt 0.160645 0.665069
vt 0.197415 0.717408
vt 0.197415 0.665069
vt 0.963174 0.321079
vt 0.963174 0.268741
vt 0.967796 0.321079
vt 0.967796 0.268741
vt 0.797391 0.608763
vt 0.797391 0.571994
vt 0.802013 0.608763
vt 0.802013 0.571994
vt 0.551570 0.777480
vt 0.551570 0.725141
vt 0.556192 0.777480
vt 0.556192 0.725141
vt 0.907490 0.608763
vt 0.907490 0.571994
vt 0.912113 0.608763
vt 0.912113 0.571994
vt 0.395065 0.828468
vt 0.395065 0.776129
vt 0.431835 0.828468
vt 0.431835 0.776129
vt 0.743156 0.321079
vt 0.743156 0.268741
vt 0.779925 0.321079
vt 0.779925 0.268741
vt 0.543101 0.665109
vt 0.543101 0.612770
vt 0.547723 0.665109
vt 0.547723 0.612770
vt 0.838885 0.991204
vt 0.838885 0.954435
vt 0.843508 0.991204
vt 0.843508 0.954435
vt 0.244670 0.715388
vt 0.244670 0.663050
vt 0.249292 0.715388
vt 0.249292 0.663050
vt 0.813478 0.991204
vt 0.813478 0.954435
vt 0.818100 0.991204
vt 0.818100 0.954435
vt 0.739585 0.054262
vt 0.739585 0.001923
vt 0.776355 0.054262
vt 0.776355 0.001923
vt 0.439861 0.829459
vt 0.439861 0.777120
vt 0.476630 0.829459
vt 0.476630 0.777120
vt 0.943795 0.782032
vt 0.943795 0.729693
vt 0.948417 0.782032
vt 0.948417 0.729693
vt 0.661883 0.608763
vt 0.661883 0.571994
vt 0.666506 0.608763
vt 0.666506 0.571994
vt 0.952264 0.894403
vt 0.952264 0.842064
vt 0.956886 0.894403
vt 0.956886 0.842064
vt 0.692190 0.160415
vt 0.692190 0.123646
vt 0.696812 0.160415
vt 0.696812 0.123646
vt 0.085131 0.734812
vt 0.085131 0.682474
vt 0.121900 0.734812
vt 0.121900 0.682474
vt 0.781371 0.664985
vt 0.781371 0.612647
vt 0.818140 0.664985
vt 0.818140 0.612647
vt 0.963174 0.377265
vt 0.963174 0.324926
vt 0.967796 0.377265
vt 0.967796 0.324926
vt 0.915959 0.608763
vt 0.915959 0.571994
vt 0.920582 0.608763
vt 0.920582 0.571994
vt 0.244670 0.883944
vt 0.244670 0.831606
vt 0.249292 0.883944
vt 0.249292 0.831606
vt 0.924428 0.608763
vt 0.924428 0.571994
vt 0.929051 0.608763
vt 0.929051 0.571994
vt 0.160645 0.829778
vt 0.160645 0.777440
vt 0.197415 0.829778
vt 0.197415 0.777440
vt 0.001923 0.728446
vt 0.001923 0.676107
vt 0.038693 0.728446
vt 0.038693 0.676107
vt 0.969202 0.782032
vt 0.969202 0.729693
vt 0.973825 0.782032
vt 0.973825 0.729693
vt 0.932898 0.608763
vt 0.932898 0.571994
vt 0.937520 0.608763
vt 0.937520 0.571994
vt 0.963174 0.433450
vt 0.963174 0.381112
vt 0.967796 0.433450
vt 0.967796 0.381112
vt 0.673306 0.178644
vt 0.636512 0.178608
vt 0.673321 0.174026
vt 0.636553 0.173981
vt 0.799016 0.226320
vt 0.799016 0.173981
vt 0.835785 0.226320
vt 0.835785 0.173981
vt 0.673321 0.230934
vt 0.636580 0.230996
vt 0.197504 0.554812
vt 0.192252 0.549559
vt 0.197505 0.551335
vt 0.195408 0.549558
vt 0.536453 0.262082
vt 0.535938 0.264794
vt 0.531828 0.264773
vt 0.192251 0.554812
vt 0.531828 0.228020
vt 0.536449 0.228010
vt 0.305814 0.767606
vt 0.305814 0.715268
vt 0.309947 0.767606
vt 0.309947 0.715268
vt 0.036741 0.001923
vt 0.037268 0.054394
vt 0.033268 0.002079
vt 0.033268 0.267139
vt 0.038520 0.267184
vt 0.045094 0.054547
vt 0.663566 0.169514
vt 0.658313 0.169514
vt 0.663566 0.164262
vt 0.658313 0.164262
vt 0.224805 0.266995
vt 0.224805 0.001923
vt 0.230058 0.266995
vt 0.230058 0.001923
vt 0.077302 0.267187
vt 0.074149 0.267037
vt 0.077994 0.214719
vt 0.074149 0.001975
vt 0.079400 0.001923
vt 0.082906 0.214609
vt 0.197506 0.266996
vt 0.197506 0.001923
vt 0.202759 0.266996
vt 0.202759 0.001923
vt 0.506965 0.264894
vt 0.507846 0.262992
vt 0.510942 0.264741
vt 0.510980 0.228053
vt 0.506365 0.228010
vt 0.506309 0.262076
vt 0.986141 0.782032
vt 0.986141 0.729693
vt 0.990763 0.782032
vt 0.990763 0.729693
vt 0.903179 0.782032
vt 0.903179 0.729693
vt 0.939948 0.782032
vt 0.939948 0.729693
vt 0.920864 0.226320
vt 0.920864 0.173981
vt 0.954931 0.226320
vt 0.954931 0.173981
vt 0.601888 0.721208
vt 0.601888 0.668869
vt 0.606511 0.721208
vt 0.606511 0.668869
vt 0.877771 0.991204
vt 0.877771 0.954435
vt 0.882394 0.991204
vt 0.882394 0.954435
vt 0.610358 0.721207
vt 0.610358 0.668869
vt 0.614980 0.721207
vt 0.614980 0.668869
vt 0.941367 0.608763
vt 0.941367 0.571994
vt 0.945989 0.608763
vt 0.945989 0.571994
vt 0.783708 0.493014
vt 0.783708 0.440675
vt 0.820477 0.493014
vt 0.820477 0.440675
vt 0.253139 0.771574
vt 0.253139 0.719235
vt 0.289908 0.771574
vt 0.289908 0.719235
vt 0.969202 0.725846
vt 0.969202 0.673508
vt 0.973825 0.725847
vt 0.973825 0.673508
vt 0.949836 0.608763
vt 0.949836 0.571994
vt 0.954458 0.608763
vt 0.954458 0.571994
vt 0.543101 0.721294
vt 0.543101 0.668956
vt 0.547723 0.721294
vt 0.547723 0.668956
vt 0.780452 0.608763
vt 0.780452 0.571994
vt 0.785074 0.608763
vt 0.785074 0.571994
vt 0.618827 0.725847
vt 0.618827 0.673508
vt 0.655596 0.725847
vt 0.655596 0.673508
vt 0.313833 0.772282
vt 0.313833 0.719944
vt 0.350603 0.772282
vt 0.350603 0.719944
vt 0.839737 0.608763
vt 0.839737 0.571994
vt 0.844359 0.608763
vt 0.844359 0.571994
vt 0.610358 0.889764
vt 0.610358 0.837425
vt 0.614980 0.889764
vt 0.614980 0.837425
vt 0.031368 0.993803
vt 0.031368 0.957034
vt 0.035991 0.993803
vt 0.035991 0.957034
vt 0.739585 0.166633
vt 0.739585 0.114294
vt 0.776355 0.166633
vt 0.776355 0.114294
vt 0.980112 0.377265
vt 0.980112 0.324926
vt 0.984735 0.377265
vt 0.984735 0.324926
vt 0.958305 0.608763
vt 0.958305 0.571994
vt 0.962928 0.608763
vt 0.962928 0.571994
vt 0.551570 0.721294
vt 0.551570 0.668956
vt 0.556192 0.721294
vt 0.556192 0.668956
vt 0.966774 0.608763
vt 0.966774 0.571994
vt 0.971397 0.608763
vt 0.971397 0.571994
vt 0.743156 0.377265
vt 0.743156 0.324926
vt 0.779925 0.377265
vt 0.779925 0.324926
vt 0.618827 0.838217
vt 0.618827 0.785879
vt 0.655596 0.838217
vt 0.655596 0.785879
vt 0.244670 0.940130
vt 0.244670 0.887791
vt 0.249292 0.940130
vt 0.249292 0.887791
vt 0.197414 0.661222
vt 0.160645 0.661178
vt 0.197455 0.656596
vt 0.160660 0.656560
vt 0.943795 0.894403
vt 0.943795 0.842064
vt 0.948417 0.894403
vt 0.948417 0.842064
vt 0.709128 0.160415
vt 0.709128 0.123646
vt 0.713751 0.160415
vt 0.713751 0.123646
vt 0.197387 0.604208
vt 0.160645 0.604270
vt 0.354449 0.772282
vt 0.354449 0.719944
vt 0.391219 0.772282
vt 0.391219 0.719944
vt 0.126752 0.768918
vt 0.126752 0.716579
vt 0.131375 0.768918
vt 0.131375 0.716579
vt 0.975244 0.608763
vt 0.975244 0.571994
vt 0.979866 0.608763
vt 0.979866 0.571994
vt 0.143691 0.768918
vt 0.143691 0.716579
vt 0.148313 0.768918
vt 0.148313 0.716579
vt 0.928587 0.991204
vt 0.928587 0.954435
vt 0.933209 0.991204
vt 0.933209 0.954435
vt 0.740715 0.725847
vt 0.740715 0.673508
vt 0.777484 0.725847
vt 0.777484 0.673508
vt 0.160646 0.773593
vt 0.160645 0.721254
vt 0.197415 0.773593
vt 0.197415 0.721254
vt 0.601888 0.833578
vt 0.601888 0.781240
vt 0.606511 0.833578
vt 0.606511 0.781240
vt 0.712699 0.427232
vt 0.712699 0.390463
vt 0.717321 0.427232
vt 0.717321 0.390463
vt 0.954705 0.377265
vt 0.954705 0.324926
vt 0.959327 0.377265
vt 0.959327 0.324926
vt 0.218291 0.998077
vt 0.218291 0.961307
vt 0.222913 0.998077
vt 0.222913 0.961307
vt 0.395105 0.772282
vt 0.395105 0.719944
vt 0.431875 0.772282
vt 0.431875 0.719944
vt 0.743156 0.433450
vt 0.743156 0.381112
vt 0.779925 0.433450
vt 0.779925 0.381112
vt 0.551570 0.665109
vt 0.551570 0.612770
vt 0.556192 0.665109
vt 0.556192 0.612770
vt 0.001964 0.615246
vt 0.038733 0.615291
vt 0.001923 0.619873
vt 0.038718 0.619909
vt 0.135222 0.768918
vt 0.135222 0.716579
vt 0.139844 0.768918
vt 0.139844 0.716579
vt 0.847354 0.991204
vt 0.847354 0.954435
vt 0.851977 0.991204
vt 0.851977 0.954435
vt 0.001991 0.672261
vt 0.038733 0.672198
vt 0.700139 0.664985
vt 0.700139 0.612647
vt 0.736908 0.664985
vt 0.736908 0.612647
vt 0.984723 0.553832
vt 0.984723 0.501494
vt 0.989346 0.553832
vt 0.989346 0.501494
vt 0.488132 0.980732
vt 0.488132 0.943963
vt 0.492755 0.980732
vt 0.492755 0.943963
vt 0.543101 0.777480
vt 0.543101 0.725141
vt 0.547723 0.777480
vt 0.547723 0.725141
vt 0.496602 0.980732
vt 0.496602 0.943963
vt 0.501224 0.980732
vt 0.501224 0.943963
vt 0.780201 0.110447
vt 0.780201 0.058109
vt 0.816971 0.110447
vt 0.816971 0.058109
vt 0.560092 0.725862
vt 0.560092 0.673523
vt 0.596861 0.725862
vt 0.596861 0.673523
vt 0.960733 0.894403
vt 0.960733 0.842064
vt 0.965356 0.894403
vt 0.965356 0.842064
vt 0.560133 0.612662
vt 0.596901 0.612707
vt 0.560092 0.617289
vt 0.596887 0.617325
vt 0.551570 0.889851
vt 0.551570 0.837512
vt 0.556192 0.889851
vt 0.556192 0.837512
vt 0.476655 0.608551
vt 0.439861 0.608515
vt 0.476670 0.603933
vt 0.439901 0.603888
vt 0.560160 0.669676
vt 0.596901 0.669614
vt 0.476670 0.660841
vt 0.439928 0.660903
vt 0.969202 0.838217
vt 0.969202 0.785879
vt 0.973825 0.838217
vt 0.973825 0.785879
vt 0.505071 0.980732
vt 0.505071 0.943963
vt 0.509693 0.980732
vt 0.509693 0.943963
vt 0.551570 0.833665
vt 0.551570 0.781327
vt 0.556192 0.833665
vt 0.556192 0.781327
vt 0.805860 0.608763
vt 0.805860 0.571994
vt 0.810482 0.608763
vt 0.810482 0.571994
vt 0.201352 0.788905
vt 0.201352 0.736566
vt 0.238121 0.788905
vt 0.238121 0.736566
vt 0.659443 0.838217
vt 0.659443 0.785879
vt 0.696212 0.838217
vt 0.696212 0.785879
vt 0.135222 0.712732
vt 0.135222 0.660394
vt 0.139844 0.712732
vt 0.139844 0.660394
vt 0.313834 0.602897
vt 0.350603 0.602942
vt 0.313793 0.607524
vt 0.350588 0.607560
vt 0.152160 0.768918
vt 0.152160 0.716579
vt 0.156782 0.768918
vt 0.156782 0.716579
vt 0.869302 0.991204
vt 0.869302 0.954435
vt 0.873924 0.991204
vt 0.873924 0.954435
vt 0.313861 0.659911
vt 0.350603 0.659849
vt 0.700099 0.838217
vt 0.700099 0.785879
vt 0.736868 0.838217
vt 0.736868 0.785879
vt 0.986141 0.838217
vt 0.986141 0.785879
vt 0.990763 0.838217
vt 0.990763 0.785879
vt 0.192883 0.595428
vt 0.192883 0.558658
vt 0.197505 0.595428
vt 0.197505 0.558658
vt 0.969202 0.950588
vt 0.969202 0.898249
vt 0.973825 0.950588
vt 0.973825 0.898249
vt 0.712699 0.608763
vt 0.712699 0.571994
vt 0.717321 0.608763
vt 0.717321 0.571994
vt 0.488132 0.940116
vt 0.488132 0.887778
vt 0.524902 0.940116
vt 0.524902 0.887778
vt 0.740715 0.894403
vt 0.740715 0.842064
vt 0.777484 0.894403
vt 0.777484 0.842064
vt 0.969202 0.894403
vt 0.969202 0.842064
vt 0.973825 0.894403
vt 0.973825 0.842064
vt 0.717598 0.160415
vt 0.717598 0.123646
vt 0.722220 0.160415
vt 0.722220 0.123646
vt 0.969242 0.664985
vt 0.969242 0.612647
vt 0.973865 0.664985
vt 0.973865 0.612647
vt 0.513540 0.980732
vt 0.513540 0.943963
vt 0.518162 0.980732
vt 0.518162 0.943963
vt 0.781331 0.894403
vt 0.781331 0.842064
vt 0.818100 0.894403
vt 0.818100 0.842064
vt 0.781331 0.838217
vt 0.781331 0.785879
vt 0.818100 0.838217
vt 0.818100 0.785879
vt 0.143691 0.712732
vt 0.143691 0.660394
vt 0.148313 0.712732
vt 0.148313 0.660394
vt 0.627296 0.991204
vt 0.627296 0.954435
vt 0.631918 0.991204
vt 0.631918 0.954435
vt 0.126752 0.712732
vt 0.126752 0.660394
vt 0.131375 0.712732
vt 0.131375 0.660394
vt 0.860833 0.991204
vt 0.860833 0.954435
vt 0.865455 0.991204
vt 0.865455 0.954435
vt 0.740715 0.838217
vt 0.740715 0.785879
vt 0.777484 0.838217
vt 0.777484 0.785879
vt 0.044514 0.790870
vt 0.044514 0.738531
vt 0.081284 0.790870
vt 0.081284 0.738531
vt 0.625920 0.246252
vt 0.626293 0.253118
vt 0.619190 0.246543
vt 0.619190 0.256631
vt 0.629148 0.257469
vt 0.629992 0.254001
vt 0.321609 0.588634
vt 0.323420 0.492581
vt 0.325533 0.590713
vt 0.325598 0.491591
vt 0.327382 0.491175
vt 0.321732 0.491617
vt 0.327382 0.598314
vt 0.323270 0.599050
vt 0.322857 0.597163
vt 0.561384 0.240516
vt 0.560759 0.242405
vt 0.558857 0.239710
vt 0.557001 0.241649
vt 0.557001 0.236277
vt 0.558595 0.236030
vt 0.391567 0.434879
vt 0.388645 0.434652
vt 0.391567 0.268741
vt 0.599306 0.440691
vt 0.600625 0.605483
vt 0.597661 0.608794
vt 0.588802 0.440699
vt 0.588802 0.608770
vt 0.715085 0.230712
vt 0.715252 0.234371
vt 0.706289 0.230849
vt 0.706289 0.241202
vt 0.716645 0.241383
vt 0.716915 0.234525
vt 0.415879 0.659262
vt 0.405374 0.659262
vt 0.415879 0.491174
vt 0.405374 0.491174
vt 0.514396 0.491102
vt 0.524902 0.491102
vt 0.514396 0.659190
vt 0.524902 0.659190
vt 0.574447 0.606822
vt 0.574452 0.440691
vt 0.578062 0.606847
vt 0.584956 0.440703
vt 0.584956 0.608758
vt 0.578142 0.608815
vt 0.774764 0.256923
vt 0.764259 0.256923
vt 0.774764 0.246417
vt 0.764259 0.246417
vt 0.271353 0.547982
vt 0.271353 0.440826
vt 0.275555 0.547982
vt 0.275555 0.440826
vt 0.453203 0.582690
vt 0.453203 0.576974
vt 0.457405 0.582690
vt 0.457405 0.576974
vt 0.470955 0.492885
vt 0.476670 0.492885
vt 0.470955 0.600041
vt 0.476670 0.600041
vt 0.092429 0.381533
vt 0.090723 0.381213
vt 0.092480 0.377707
vt 0.090207 0.377654
vt 0.092338 0.368066
vt 0.090207 0.271038
vt 0.092306 0.271453
vt 0.092281 0.270998
vt 0.095919 0.271421
vt 0.095956 0.367991
vt 0.528748 0.268741
vt 0.539254 0.268741
vt 0.528748 0.487255
vt 0.539254 0.487255
vt 0.266456 0.274716
vt 0.266454 0.489365
vt 0.259780 0.270842
vt 0.255949 0.489368
vt 0.255949 0.270858
vt 0.324900 0.487216
vt 0.324900 0.268755
vt 0.331795 0.483413
vt 0.335403 0.268741
vt 0.337001 0.483404
vt 0.331655 0.487328
vt 0.045093 0.489545
vt 0.034588 0.489545
vt 0.045093 0.271031
vt 0.034588 0.271031
vt 0.788796 0.241383
vt 0.778291 0.241383
vt 0.788796 0.230878
vt 0.778291 0.230878
vt 0.667136 0.436829
vt 0.661884 0.436829
vt 0.667136 0.431576
vt 0.661884 0.431576
vt 0.667136 0.562895
vt 0.667136 0.568147
vt 0.661883 0.562895
vt 0.661883 0.568147
vt 0.461392 0.264894
vt 0.461392 0.001923
vt 0.466645 0.264894
vt 0.466645 0.001923
vt 0.470492 0.264894
vt 0.470492 0.001923
vt 0.475745 0.264894
vt 0.475745 0.001923
vt 0.370397 0.264894
vt 0.370397 0.001923
vt 0.375650 0.264894
vt 0.375650 0.001923
vt 0.379497 0.264894
vt 0.379497 0.001923
vt 0.384749 0.264894
vt 0.384749 0.001923
vt 0.985011 0.054262
vt 0.985011 0.001923
vt 0.989634 0.054262
vt 0.989634 0.001923
vt 0.522009 0.980732
vt 0.522009 0.943963
vt 0.526631 0.980732
vt 0.526631 0.943963
vt 0.152160 0.825103
vt 0.152160 0.772764
vt 0.156782 0.825103
vt 0.156782 0.772764
vt 0.952264 0.991204
vt 0.952264 0.954435
vt 0.956886 0.991204
vt 0.956886 0.954435
vt 0.783772 0.321079
vt 0.783772 0.268741
vt 0.820541 0.321079
vt 0.820541 0.268741
vt 0.560092 0.838233
vt 0.560092 0.785894
vt 0.596862 0.838233
vt 0.596862 0.785894
vt 0.297082 0.827529
vt 0.297082 0.775190
vt 0.301704 0.827529
vt 0.301704 0.775190
vt 0.848206 0.608763
vt 0.848206 0.571994
vt 0.852828 0.608763
vt 0.852828 0.571994
vt 0.954705 0.433450
vt 0.954705 0.381112
vt 0.959327 0.433450
vt 0.959327 0.381112
vt 0.721168 0.427232
vt 0.721168 0.390463
vt 0.725790 0.427232
vt 0.725790 0.390463
vt 0.783772 0.433450
vt 0.783772 0.381112
vt 0.820541 0.433450
vt 0.820541 0.381112
vt 0.001923 0.840817
vt 0.001923 0.788478
vt 0.038693 0.840817
vt 0.038693 0.788478
vt 0.297082 0.771343
vt 0.297082 0.719005
vt 0.301704 0.771343
vt 0.301704 0.719005
vt 0.791530 0.991204
vt 0.791530 0.954435
vt 0.796153 0.991204
vt 0.796153 0.954435
vt 0.152160 0.656547
vt 0.152160 0.604208
vt 0.156782 0.656547
vt 0.156782 0.604208
vt 0.678822 0.427232
vt 0.678822 0.390463
vt 0.683444 0.427232
vt 0.683444 0.390463
vt 0.702476 0.493014
vt 0.702476 0.440675
vt 0.739245 0.493014
vt 0.739245 0.440675
vt 0.201352 0.845090
vt 0.201352 0.792751
vt 0.238121 0.845090
vt 0.238121 0.792751
vt 0.943795 0.838217
vt 0.943795 0.785879
vt 0.948417 0.838217
vt 0.948417 0.785879
vt 0.856675 0.608763
vt 0.856675 0.571994
vt 0.861297 0.608763
vt 0.861297 0.571994
vt 0.201352 0.957461
vt 0.201352 0.905122
vt 0.205975 0.957461
vt 0.205975 0.905122
vt 0.022899 0.993803
vt 0.022899 0.957034
vt 0.027521 0.993803
vt 0.027521 0.957034
vt 0.044514 0.847055
vt 0.044514 0.794717
vt 0.081284 0.847055
vt 0.081284 0.794717
vt 0.085131 0.847183
vt 0.085131 0.794844
vt 0.121900 0.847183
vt 0.121900 0.794844
vt 0.235229 0.957461
vt 0.235229 0.905122
vt 0.239851 0.957461
vt 0.239851 0.905122
vt 0.081269 0.626148
vt 0.044474 0.626111
vt 0.081284 0.621530
vt 0.044515 0.621485
vt 0.971580 0.493014
vt 0.971580 0.440675
vt 0.976202 0.493014
vt 0.976202 0.440675
vt 0.530478 0.980732
vt 0.530478 0.943963
vt 0.535101 0.980732
vt 0.535101 0.943963
vt 0.313834 0.884653
vt 0.313834 0.832314
vt 0.350603 0.884653
vt 0.350603 0.832314
vt 0.044542 0.678499
vt 0.081284 0.678437
vt 0.297082 0.658973
vt 0.297081 0.606634
vt 0.301704 0.658973
vt 0.301704 0.606634
vt 0.977672 0.991204
vt 0.977672 0.954435
vt 0.982294 0.991204
vt 0.982294 0.954435
vt 0.528748 0.771560
vt 0.528748 0.719222
vt 0.533371 0.771560
vt 0.533371 0.719222
vt 0.253139 0.980746
vt 0.253139 0.943976
vt 0.257761 0.980746
vt 0.257761 0.943976
vt 0.820817 0.054262
vt 0.820817 0.001923
vt 0.857586 0.054262
vt 0.857586 0.001923
vt 0.820817 0.110447
vt 0.820817 0.058109
vt 0.857586 0.110447
vt 0.857586 0.058109
vt 0.543101 0.833665
vt 0.543101 0.781327
vt 0.547723 0.833665
vt 0.547723 0.781327
vt 0.666782 0.160415
vt 0.666782 0.123646
vt 0.671405 0.160415
vt 0.671405 0.123646
vt 0.601888 0.945949
vt 0.601888 0.893611
vt 0.606511 0.945949
vt 0.606511 0.893611
vt 0.695760 0.427232
vt 0.695760 0.390463
vt 0.700383 0.427232
vt 0.700383 0.390463
vt 0.780201 0.166633
vt 0.780201 0.114294
vt 0.816970 0.166633
vt 0.816971 0.114294
vt 0.747766 0.553833
vt 0.747766 0.501494
vt 0.784536 0.553833
vt 0.784536 0.501494
vt 0.954641 0.493014
vt 0.954641 0.440675
vt 0.959264 0.493014
vt 0.959264 0.440675
vt 0.911648 0.991204
vt 0.911648 0.954435
vt 0.916270 0.991204
vt 0.916270 0.954435
vt 0.209821 0.957461
vt 0.209821 0.905122
vt 0.214444 0.957461
vt 0.214444 0.905122
vt 0.085145 0.673964
vt 0.121940 0.674000
vt 0.085131 0.678582
vt 0.121899 0.678627
vt 0.560092 0.894418
vt 0.560092 0.842079
vt 0.596861 0.894418
vt 0.596861 0.842079
vt 0.085131 0.621675
vt 0.121872 0.621613
vt 0.152160 0.937474
vt 0.152160 0.885135
vt 0.156782 0.937474
vt 0.156782 0.885135
vt 0.723776 0.991204
vt 0.723776 0.954435
vt 0.728399 0.991204
vt 0.728399 0.954435
vt 0.943835 0.664985
vt 0.943835 0.612647
vt 0.948457 0.664985
vt 0.948457 0.612647
vt 0.830416 0.991204
vt 0.830416 0.954435
vt 0.835038 0.991204
vt 0.835038 0.954435
vt 0.781331 0.725847
vt 0.781331 0.673508
vt 0.818100 0.725847
vt 0.818100 0.673508
vt 0.820817 0.166633
vt 0.820817 0.114294
vt 0.857587 0.166633
vt 0.857587 0.114294
vt 0.943795 0.950588
vt 0.943795 0.898249
vt 0.948417 0.950588
vt 0.948417 0.898249
vt 0.670353 0.427232
vt 0.670353 0.390463
vt 0.674975 0.427232
vt 0.674975 0.390463
vt 0.152160 0.881288
vt 0.152160 0.828950
vt 0.156782 0.881288
vt 0.156782 0.828950
vt 0.201352 0.998076
vt 0.201352 0.961307
vt 0.205975 0.998076
vt 0.205975 0.961307
vt 0.201352 0.732719
vt 0.201352 0.680381
vt 0.238121 0.732719
vt 0.238121 0.680381
vt 0.788382 0.553833
vt 0.788382 0.501494
vt 0.825152 0.553833
vt 0.825152 0.501494
vt 0.044515 0.959426
vt 0.044515 0.907087
vt 0.049137 0.959426
vt 0.049137 0.907087
vt 0.678822 0.608763
vt 0.678822 0.571994
vt 0.683444 0.608763
vt 0.683444 0.571994
vt 0.980049 0.493014
vt 0.980049 0.440675
vt 0.984671 0.493014
vt 0.984671 0.440675
vt 0.960733 0.991204
vt 0.960733 0.954435
vt 0.965356 0.991204
vt 0.965356 0.954435
vt 0.821947 0.782032
vt 0.821947 0.729693
vt 0.858716 0.782032
vt 0.858716 0.729693
vt 0.085131 0.790998
vt 0.085131 0.738659
vt 0.121900 0.790998
vt 0.121900 0.738659
vt 0.610358 0.945949
vt 0.610358 0.893611
vt 0.614980 0.945949
vt 0.614980 0.893611
vt 0.681431 0.991204
vt 0.681431 0.954435
vt 0.686053 0.991204
vt 0.686053 0.954435
vt 0.946172 0.493014
vt 0.946172 0.440675
vt 0.950794 0.493014
vt 0.950794 0.440675
vt 0.943795 0.991204
vt 0.943795 0.954435
vt 0.948417 0.991204
vt 0.948417 0.954435
vt 0.821947 0.725847
vt 0.821947 0.673508
vt 0.858716 0.725847
vt 0.858716 0.673508
vt 0.821947 0.838217
vt 0.821947 0.785879
vt 0.858716 0.838217
vt 0.858716 0.785879
vt 0.543101 0.889851
vt 0.543101 0.837512
vt 0.547723 0.889851
vt 0.547723 0.837512
vt 0.085145 0.613103
vt 0.121940 0.613139
vt 0.085131 0.617721
vt 0.121899 0.617766
vt 0.946235 0.321079
vt 0.946235 0.268741
vt 0.950858 0.321079
vt 0.950858 0.268741
vt 0.721168 0.608763
vt 0.721168 0.571994
vt 0.725790 0.608763
vt 0.725790 0.571994
vt 0.659443 0.782032
vt 0.659443 0.729693
vt 0.696212 0.782032
vt 0.696212 0.729693
vt 0.121872 0.560751
vt 0.085131 0.560814
vt 0.085131 0.959554
vt 0.085131 0.907215
vt 0.089753 0.959554
vt 0.089753 0.907215
vt 0.261608 0.980746
vt 0.261608 0.943976
vt 0.266231 0.980746
vt 0.266231 0.943976
vt 0.967247 0.226320
vt 0.967247 0.173981
vt 0.971870 0.226320
vt 0.971870 0.173981
vt 0.683721 0.160415
vt 0.683721 0.123646
vt 0.688343 0.160415
vt 0.688343 0.123646
vt 0.001923 0.897002
vt 0.001923 0.844663
vt 0.038693 0.897002
vt 0.038693 0.844663
vt 0.700099 0.894403
vt 0.700099 0.842064
vt 0.736868 0.894403
vt 0.736868 0.842064
vt 0.068192 0.959426
vt 0.068192 0.907087
vt 0.072814 0.959426
vt 0.072814 0.907087
vt 0.715307 0.991204
vt 0.715307 0.954435
vt 0.719930 0.991204
vt 0.719930 0.954435
vt 0.946235 0.433450
vt 0.946235 0.381111
vt 0.950858 0.433450
vt 0.950858 0.381111
vt 0.270077 0.980746
vt 0.270077 0.943976
vt 0.274700 0.980746
vt 0.274700 0.943976
vt 0.659483 0.725847
vt 0.659483 0.673508
vt 0.696252 0.725847
vt 0.696252 0.673508
vt 0.821987 0.664985
vt 0.821987 0.612647
vt 0.858756 0.664985
vt 0.858756 0.612647
vt 0.683898 0.230167
vt 0.684271 0.237032
vt 0.677168 0.230457
vt 0.677168 0.240546
vt 0.687126 0.241383
vt 0.687970 0.237915
vt 0.388645 0.536225
vt 0.391202 0.440261
vt 0.392573 0.538296
vt 0.392987 0.438725
vt 0.395844 0.439223
vt 0.388645 0.439209
vt 0.394441 0.545892
vt 0.390331 0.546638
vt 0.389912 0.544752
vt 0.397117 0.572819
vt 0.397743 0.570930
vt 0.399644 0.573624
vt 0.401500 0.571686
vt 0.401500 0.577058
vt 0.399906 0.577305
vt 0.275555 0.436979
vt 0.272633 0.436753
vt 0.275555 0.270842
vt 0.586551 0.170026
vt 0.585232 0.005233
vt 0.588196 0.001923
vt 0.597055 0.170018
vt 0.597055 0.001947
vt 0.715526 0.246252
vt 0.715692 0.249910
vt 0.706729 0.246389
vt 0.706729 0.256742
vt 0.717086 0.256923
vt 0.717355 0.250065
vt 0.539254 0.659190
vt 0.528748 0.659190
vt 0.539254 0.491102
vt 0.528748 0.491102
vt 0.629332 0.436829
vt 0.618827 0.436829
vt 0.629332 0.268741
vt 0.618827 0.268741
vt 0.611410 0.003917
vt 0.611405 0.170048
vt 0.607795 0.003891
vt 0.600901 0.170036
vt 0.600901 0.001981
vt 0.607715 0.001923
vt 0.745740 0.230878
vt 0.745739 0.241383
vt 0.735234 0.230878
vt 0.735234 0.241383
vt 0.171258 0.377999
vt 0.171258 0.270843
vt 0.175460 0.377999
vt 0.175460 0.270843
vt 0.581510 0.241745
vt 0.581510 0.236030
vt 0.585712 0.241745
vt 0.585712 0.236030
vt 0.160645 0.493205
vt 0.166361 0.493205
vt 0.160645 0.600361
vt 0.166361 0.600361
vt 0.054171 0.381570
vt 0.052465 0.381250
vt 0.054222 0.377744
vt 0.051949 0.377691
vt 0.054080 0.368103
vt 0.051949 0.271074
vt 0.054048 0.271490
vt 0.054023 0.271034
vt 0.057661 0.271458
vt 0.057698 0.368027
vt 0.497791 0.001923
vt 0.508296 0.001923
vt 0.497791 0.220438
vt 0.508296 0.220438
vt 0.248257 0.274716
vt 0.248255 0.489365
vt 0.241581 0.270842
vt 0.237750 0.489368
vt 0.237750 0.270859
vt 0.430231 0.268853
vt 0.430231 0.487314
vt 0.423336 0.272656
vt 0.419728 0.487328
vt 0.418130 0.272665
vt 0.423476 0.268741
vt 0.029421 0.489546
vt 0.018916 0.489546
vt 0.029421 0.271032
vt 0.018916 0.271032
vt 0.789116 0.256923
vt 0.778611 0.256923
vt 0.789116 0.246417
vt 0.778611 0.246417
vt 0.667609 0.236492
vt 0.667609 0.241744
vt 0.662356 0.236492
vt 0.662356 0.241744
vt 0.672665 0.164262
vt 0.672665 0.169514
vt 0.667413 0.164262
vt 0.667413 0.169514
vt 0.279402 0.264895
vt 0.279402 0.001923
vt 0.284655 0.264895
vt 0.284655 0.001923
vt 0.288501 0.264895
vt 0.288501 0.001923
vt 0.293754 0.264895
vt 0.293754 0.001923
vt 0.443193 0.264894
vt 0.443193 0.001923
vt 0.448446 0.264894
vt 0.448446 0.001923
vt 0.452293 0.264894
vt 0.452293 0.001923
vt 0.457546 0.264894
vt 0.457546 0.001923
vt 0.594811 0.241745
vt 0.589559 0.236493
vt 0.594812 0.238268
vt 0.592714 0.236492
vt 0.087882 0.504429
vt 0.085131 0.503712
vt 0.085355 0.499762
vt 0.589559 0.241745
vt 0.122056 0.499950
vt 0.122008 0.504552
vt 0.305814 0.711421
vt 0.305814 0.659082
vt 0.309947 0.711421
vt 0.309947 0.659082
vt 0.005396 0.001923
vt 0.005924 0.054394
vt 0.001923 0.002079
vt 0.001923 0.267140
vt 0.007175 0.267185
vt 0.013749 0.054548
vt 0.644158 0.241744
vt 0.644158 0.236492
vt 0.649410 0.241744
vt 0.649410 0.236492
vt 0.270302 0.266995
vt 0.270302 0.001923
vt 0.275555 0.266995
vt 0.275555 0.001923
vt 0.054544 0.001923
vt 0.057698 0.002074
vt 0.053852 0.054392
vt 0.057698 0.267136
vt 0.052446 0.267188
vt 0.048940 0.054502
vt 0.261203 0.266995
vt 0.261203 0.001923
vt 0.266456 0.266995
vt 0.266456 0.001923
vt 0.524005 0.264893
vt 0.524883 0.262990
vt 0.527981 0.264737
vt 0.527981 0.228048
vt 0.523365 0.228010
vt 0.523345 0.262076
vt 0.088053 0.556905
vt 0.122056 0.556754
vt 0.571465 0.247727
vt 0.566596 0.252308
vt 0.569465 0.246252
vt 0.562041 0.251457
vt 0.563159 0.259816
vt 0.566983 0.259389
vt 0.569787 0.264794
vt 0.571465 0.263807
vt 0.298329 0.440613
vt 0.298742 0.438726
vt 0.301005 0.447063
vt 0.302854 0.439462
vt 0.302854 0.546602
vt 0.301070 0.546186
vt 0.298892 0.545195
vt 0.297081 0.449143
vt 0.297204 0.546159
vt 0.293755 0.278304
vt 0.295444 0.278304
vt 0.293755 0.284020
vt 0.295444 0.284020
vt 0.563177 0.170135
vt 0.561912 0.165419
vt 0.565716 0.169938
vt 0.565697 0.001933
vt 0.555200 0.001923
vt 0.558414 0.165414
vt 0.555200 0.169949
vt 0.557202 0.170099
vt 0.575312 0.248556
vt 0.575916 0.246252
vt 0.576994 0.249140
vt 0.586080 0.246689
vt 0.586080 0.256711
vt 0.577282 0.255158
vt 0.576281 0.257489
vt 0.575617 0.255871
vt 0.496197 0.659190
vt 0.485692 0.659190
vt 0.496197 0.491102
vt 0.485692 0.491102
vt 0.658037 0.608763
vt 0.647531 0.608763
vt 0.658037 0.440675
vt 0.647531 0.440675
vt 0.629332 0.608800
vt 0.618827 0.608800
vt 0.629332 0.440712
vt 0.618827 0.440712
vt 0.735554 0.256923
vt 0.735554 0.246417
vt 0.746059 0.256923
vt 0.746060 0.246417
vt 0.246387 0.493215
vt 0.252103 0.493215
vt 0.246387 0.590260
vt 0.252103 0.590260
vt 0.195555 0.276558
vt 0.195555 0.270842
vt 0.197505 0.276558
vt 0.197505 0.270842
vt 0.331228 0.588634
vt 0.333039 0.492581
vt 0.335152 0.590713
vt 0.335217 0.491591
vt 0.337001 0.491175
vt 0.331351 0.491617
vt 0.337001 0.598314
vt 0.332889 0.599050
vt 0.332476 0.597163
vt 0.453202 0.563565
vt 0.453202 0.557850
vt 0.457405 0.563565
vt 0.457405 0.557850
vt 0.126752 0.493205
vt 0.132468 0.493205
vt 0.126752 0.600361
vt 0.132468 0.600361
vt 0.514396 0.268741
vt 0.524902 0.268741
vt 0.514396 0.487255
vt 0.524902 0.487255
vt 0.126319 0.270845
vt 0.136824 0.270845
vt 0.126319 0.489359
vt 0.136824 0.489359
vt 0.481845 0.270570
vt 0.481845 0.489039
vt 0.477721 0.270920
vt 0.471341 0.489036
vt 0.466515 0.277246
vt 0.461392 0.270799
vt 0.461937 0.268741
vt 0.479178 0.270541
vt 0.485692 0.268741
vt 0.496197 0.268741
vt 0.485692 0.487255
vt 0.496197 0.487255
vt 0.792643 0.230878
vt 0.803148 0.230878
vt 0.792643 0.241383
vt 0.803148 0.241383
vt 0.946236 0.377265
vt 0.946235 0.324926
vt 0.950858 0.377265
vt 0.950858 0.324926
vt 0.244670 0.980746
vt 0.244670 0.943976
vt 0.249292 0.980746
vt 0.249292 0.943976
vt 0.971643 0.377265
vt 0.971643 0.324926
vt 0.976266 0.377265
vt 0.976266 0.324926
vt 0.986141 0.991204
vt 0.986141 0.954435
vt 0.990763 0.991204
vt 0.990763 0.954435
vt 0.160645 0.885964
vt 0.160645 0.833625
vt 0.197415 0.885964
vt 0.197415 0.833625
vt 0.253139 0.940130
vt 0.253139 0.887791
vt 0.289908 0.940130
vt 0.289908 0.887791
vt 0.175460 0.594917
vt 0.170208 0.594917
vt 0.175460 0.589664
vt 0.170208 0.589664
vt 0.607759 0.241744
vt 0.607759 0.236492
vt 0.613012 0.241744
vt 0.613012 0.236492
vt 0.343099 0.264894
vt 0.343099 0.001923
vt 0.348351 0.264894
vt 0.348351 0.001923
vt 0.315800 0.264894
vt 0.315800 0.001923
vt 0.321053 0.264894
vt 0.321053 0.001923
vt 0.406795 0.264894
vt 0.406795 0.001923
vt 0.412048 0.264894
vt 0.412048 0.001923
vt 0.415895 0.264894
vt 0.415895 0.001923
vt 0.421147 0.264894
vt 0.421147 0.001923
vt 0.152160 0.712732
vt 0.152160 0.660394
vt 0.156782 0.712732
vt 0.156782 0.660394
vt 0.667912 0.991204
vt 0.667912 0.954435
vt 0.672534 0.991204
vt 0.672534 0.954435
vt 0.244670 0.771574
vt 0.244670 0.719235
vt 0.249292 0.771574
vt 0.249292 0.719235
vt 0.969202 0.991204
vt 0.969202 0.954435
vt 0.973825 0.991204
vt 0.973825 0.954435
vt 0.781331 0.782032
vt 0.781331 0.729693
vt 0.818100 0.782032
vt 0.818100 0.729693
vt 0.740755 0.664985
vt 0.740755 0.612647
vt 0.777524 0.664985
vt 0.777524 0.612647
vt 0.960733 0.950588
vt 0.960733 0.898249
vt 0.965356 0.950588
vt 0.965356 0.898249
vt 0.285286 0.980746
vt 0.285286 0.943976
vt 0.289908 0.980746
vt 0.289908 0.943976
vt 0.967785 0.553833
vt 0.967785 0.501494
vt 0.972407 0.553833
vt 0.972407 0.501494
vt 0.313834 0.981454
vt 0.313834 0.944685
vt 0.318456 0.981454
vt 0.318456 0.944685
vt 0.861433 0.054262
vt 0.861433 0.001923
vt 0.898202 0.054262
vt 0.898202 0.001923
vt 0.313833 0.940838
vt 0.313833 0.888500
vt 0.350603 0.940838
vt 0.350603 0.888500
vt 0.108808 0.959554
vt 0.108808 0.907215
vt 0.113431 0.959554
vt 0.113431 0.907215
vt 0.354449 0.981454
vt 0.354449 0.944685
vt 0.359072 0.981454
vt 0.359072 0.944685
vt 0.980112 0.433450
vt 0.980112 0.381112
vt 0.984735 0.433450
vt 0.984735 0.381112
vt 0.562794 0.991219
vt 0.562794 0.954450
vt 0.567417 0.991219
vt 0.567417 0.954450
vt 0.865004 0.433450
vt 0.865004 0.381112
vt 0.901773 0.433450
vt 0.901773 0.381112
vt 0.395065 0.940838
vt 0.395065 0.888500
vt 0.431835 0.940838
vt 0.431835 0.888500
vt 0.985011 0.166632
vt 0.985011 0.114294
vt 0.989634 0.166632
vt 0.989634 0.114294
vt 0.814329 0.608763
vt 0.814329 0.571994
vt 0.818951 0.608763
vt 0.818951 0.571994
vt 0.143691 0.825103
vt 0.143691 0.772764
vt 0.148313 0.825103
vt 0.148313 0.772764
vt 0.345980 0.981454
vt 0.345980 0.944685
vt 0.350603 0.981454
vt 0.350603 0.944685
vt 0.824324 0.493014
vt 0.824324 0.440675
vt 0.861093 0.493014
vt 0.861093 0.440675
vt 0.739585 0.110447
vt 0.739585 0.058109
vt 0.776354 0.110447
vt 0.776354 0.058109
vt 0.346100 0.596355
vt 0.340847 0.591103
vt 0.346101 0.592878
vt 0.344003 0.591102
vt 0.179307 0.552113
vt 0.179822 0.549401
vt 0.183932 0.549422
vt 0.340847 0.596356
vt 0.183932 0.586176
vt 0.179311 0.586185
vt 0.453203 0.544441
vt 0.453203 0.492102
vt 0.457335 0.544441
vt 0.457335 0.492102
vt 0.118582 0.267151
vt 0.116968 0.214705
vt 0.122056 0.267023
vt 0.122056 0.001966
vt 0.116804 0.001923
vt 0.112853 0.214604
vt 0.254856 0.655545
vt 0.254856 0.650293
vt 0.260109 0.655545
vt 0.260109 0.650293
vt 0.215705 0.266995
vt 0.215705 0.001923
vt 0.220958 0.266995
vt 0.220958 0.001923
vt 0.143826 0.266998
vt 0.140671 0.266980
vt 0.147543 0.214666
vt 0.140671 0.001927
vt 0.145923 0.001923
vt 0.151592 0.214597
vt 0.188407 0.266996
vt 0.188407 0.001923
vt 0.193659 0.266996
vt 0.193659 0.001923
vt 0.197505 0.293529
vt 0.195411 0.293546
vt 0.195411 0.289967
vt 0.698629 0.440675
vt 0.696840 0.443763
vt 0.661884 0.440695
vt 0.661883 0.445315
vt 0.695951 0.445302
vt 0.950847 0.553833
vt 0.950847 0.501494
vt 0.955469 0.553833
vt 0.955469 0.501494
vt 0.758400 0.226320
vt 0.758400 0.173981
vt 0.795169 0.226320
vt 0.795169 0.173981
vt 0.695952 0.497647
vt 0.661883 0.497647
vt 0.667208 0.257469
vt 0.666835 0.250603
vt 0.673938 0.257178
vt 0.673938 0.247090
vt 0.663979 0.246252
vt 0.663136 0.249720
vt 0.317763 0.501591
vt 0.315952 0.597644
vt 0.313839 0.499512
vt 0.313774 0.598634
vt 0.311990 0.599050
vt 0.317640 0.598608
vt 0.311990 0.491910
vt 0.316102 0.491175
vt 0.316515 0.493062
vt 0.401500 0.554972
vt 0.400875 0.556861
vt 0.398973 0.554166
vt 0.397117 0.556104
vt 0.397117 0.550732
vt 0.398711 0.550485
vt 0.343769 0.434879
vt 0.340847 0.434653
vt 0.343769 0.268741
vt 0.590121 0.436844
vt 0.588802 0.272051
vt 0.591767 0.268741
vt 0.600625 0.436836
vt 0.600625 0.268764
vt 0.722591 0.241383
vt 0.722424 0.237725
vt 0.731387 0.241247
vt 0.731387 0.230893
vt 0.721031 0.230712
vt 0.720761 0.237571
vt 0.543101 0.606930
vt 0.543106 0.440799
vt 0.546715 0.606955
vt 0.553609 0.440811
vt 0.553609 0.608866
vt 0.546795 0.608923
vt 0.364599 0.598331
vt 0.364599 0.491175
vt 0.368802 0.598331
vt 0.368802 0.491175
vt 0.397117 0.586867
vt 0.397117 0.581152
vt 0.401319 0.586867
vt 0.401319 0.581152
vt 0.434078 0.492102
vt 0.439794 0.492102
vt 0.434078 0.599258
vt 0.439794 0.599258
vt 0.118529 0.381533
vt 0.116823 0.381213
vt 0.118580 0.377707
vt 0.116307 0.377654
vt 0.118438 0.368066
vt 0.116307 0.271037
vt 0.118406 0.271453
vt 0.118381 0.270997
vt 0.122019 0.271421
vt 0.122056 0.367991
vt 0.279402 0.483394
vt 0.279404 0.268745
vt 0.286077 0.487268
vt 0.289908 0.268742
vt 0.289908 0.487252
vt 0.366550 0.268853
vt 0.366550 0.487314
vt 0.359655 0.272656
vt 0.356047 0.487328
vt 0.354449 0.272665
vt 0.359795 0.268741
vt 0.218291 0.957461
vt 0.218291 0.905122
vt 0.222913 0.957461
vt 0.222913 0.905122
vt 0.395065 0.981454
vt 0.395065 0.944685
vt 0.399688 0.981454
vt 0.399688 0.944685
vt 0.952264 0.838217
vt 0.952264 0.785879
vt 0.956886 0.838217
vt 0.956886 0.785879
vt 0.403535 0.981454
vt 0.403535 0.944685
vt 0.408157 0.981454
vt 0.408157 0.944685
vt 0.618827 0.950588
vt 0.618827 0.898249
vt 0.655596 0.950588
vt 0.655596 0.898249
vt 0.354449 0.940838
vt 0.354449 0.888500
vt 0.391219 0.940838
vt 0.391219 0.888500
vt 0.952264 0.950588
vt 0.952264 0.898249
vt 0.956886 0.950588
vt 0.956886 0.898249
vt 0.670353 0.608763
vt 0.670353 0.571994
vt 0.674975 0.608763
vt 0.674975 0.571994
vt 0.126752 0.937474
vt 0.126752 0.885135
vt 0.131375 0.937474
vt 0.131375 0.885135
vt 0.726067 0.160415
vt 0.726067 0.123646
vt 0.730689 0.160415
vt 0.730689 0.123646
vt 0.618827 0.782032
vt 0.618827 0.729693
vt 0.655596 0.782032
vt 0.655596 0.729693
vt 0.780201 0.054262
vt 0.780201 0.001923
vt 0.816971 0.054262
vt 0.816971 0.001923
vt 0.951134 0.054262
vt 0.951134 0.001923
vt 0.955757 0.054262
vt 0.955757 0.001923
vt 0.903179 0.991204
vt 0.903179 0.954435
vt 0.907801 0.991204
vt 0.907801 0.954435
vt 0.100339 0.959554
vt 0.100339 0.907215
vt 0.104961 0.959554
vt 0.104961 0.907215
vt 0.706838 0.991204
vt 0.706838 0.954435
vt 0.711461 0.991204
vt 0.711461 0.954435
vt 0.702540 0.321079
vt 0.702540 0.268741
vt 0.739309 0.321079
vt 0.739309 0.268741
vt 0.702540 0.381941
vt 0.702540 0.329602
vt 0.739309 0.381941
vt 0.739309 0.329602
vt 0.551570 0.946036
vt 0.551570 0.893697
vt 0.556192 0.946036
vt 0.556192 0.893697
vt 0.571263 0.991219
vt 0.571263 0.954450
vt 0.575886 0.991219
vt 0.575886 0.954450
vt 0.543101 0.946036
vt 0.543101 0.893697
vt 0.547723 0.946036
vt 0.547723 0.893697
vt 0.821947 0.991204
vt 0.821947 0.954435
vt 0.826569 0.991204
vt 0.826569 0.954435
vt 0.707150 0.553833
vt 0.707150 0.501494
vt 0.743920 0.553833
vt 0.743920 0.501494
vt 0.824387 0.377265
vt 0.824387 0.324926
vt 0.861157 0.377265
vt 0.861157 0.324926
vt 0.958778 0.226320
vt 0.958778 0.173981
vt 0.963400 0.226320
vt 0.963400 0.173981
vt 0.386596 0.981454
vt 0.386596 0.944685
vt 0.391219 0.981454
vt 0.391219 0.944685
vt 0.971643 0.321080
vt 0.971643 0.268741
vt 0.976266 0.321080
vt 0.976266 0.268741
vt 0.378127 0.981454
vt 0.378127 0.944685
vt 0.382749 0.981454
vt 0.382749 0.944685
vt 0.861433 0.166633
vt 0.861433 0.114294
vt 0.898202 0.166633
vt 0.898202 0.114294
vt 0.439861 0.941829
vt 0.439861 0.889491
vt 0.476630 0.941829
vt 0.476630 0.889491
vt 0.963110 0.493014
vt 0.963110 0.440675
vt 0.967733 0.493014
vt 0.967733 0.440675
vt 0.695760 0.608763
vt 0.695760 0.571994
vt 0.700383 0.608763
vt 0.700383 0.571994
vt 0.954705 0.321079
vt 0.954705 0.268741
vt 0.959327 0.321079
vt 0.959327 0.268741
vt 0.729637 0.427232
vt 0.729637 0.390463
vt 0.734259 0.427232
vt 0.734259 0.390463
vt 0.160645 0.942149
vt 0.160645 0.889811
vt 0.197415 0.942149
vt 0.197415 0.889811
vt 0.905556 0.493014
vt 0.905556 0.440675
vt 0.942325 0.493014
vt 0.942325 0.440675
vt 0.951135 0.110447
vt 0.951135 0.058109
vt 0.955757 0.110447
vt 0.955757 0.058109
vt 0.698369 0.991204
vt 0.698369 0.954435
vt 0.702991 0.991204
vt 0.702991 0.954435
vt 0.951135 0.166633
vt 0.951135 0.114294
vt 0.955757 0.166633
vt 0.955757 0.114294
vt 0.322303 0.981454
vt 0.322303 0.944685
vt 0.326925 0.981454
vt 0.326925 0.944685
vt 0.824387 0.321079
vt 0.824387 0.268741
vt 0.861157 0.321079
vt 0.861157 0.268741
vt 0.700099 0.782032
vt 0.700099 0.729693
vt 0.736868 0.782032
vt 0.736868 0.729693
vt 0.655217 0.246252
vt 0.655590 0.253118
vt 0.648487 0.246543
vt 0.648487 0.256631
vt 0.658445 0.257469
vt 0.659289 0.254001
vt 0.372648 0.588634
vt 0.374459 0.492581
vt 0.376572 0.590713
vt 0.376637 0.491591
vt 0.378421 0.491175
vt 0.372771 0.491617
vt 0.378421 0.598314
vt 0.374309 0.599050
vt 0.373896 0.597163
vt 0.401500 0.565194
vt 0.400875 0.567083
vt 0.398973 0.564388
vt 0.397117 0.566327
vt 0.397117 0.560955
vt 0.398711 0.560707
vt 0.350538 0.434879
vt 0.347616 0.434653
vt 0.350538 0.268741
vt 0.558782 0.436844
vt 0.557464 0.272051
vt 0.560428 0.268741
vt 0.569286 0.436836
vt 0.569286 0.268764
vt 0.686581 0.246252
vt 0.686747 0.249910
vt 0.677784 0.246389
vt 0.677784 0.256742
vt 0.688141 0.256923
vt 0.688410 0.250065
vt 0.510549 0.659190
vt 0.500044 0.659190
vt 0.510549 0.491102
vt 0.500044 0.491102
vt 0.640114 0.170011
vt 0.629609 0.170011
vt 0.640114 0.001923
vt 0.629609 0.001923
vt 0.604472 0.606843
vt 0.604477 0.440712
vt 0.608086 0.606869
vt 0.614980 0.440724
vt 0.614980 0.608779
vt 0.608167 0.608837
vt 0.760092 0.230878
vt 0.760092 0.241383
vt 0.749586 0.230878
vt 0.749586 0.241383
vt 0.452293 0.375897
vt 0.452293 0.268741
vt 0.456495 0.375897
vt 0.456495 0.268741
vt 0.573461 0.241745
vt 0.573461 0.236030
vt 0.577663 0.241745
vt 0.577663 0.236030
vt 0.467108 0.600042
vt 0.461392 0.600042
vt 0.467108 0.492886
vt 0.461392 0.492886
vt 0.118529 0.495915
vt 0.116823 0.495595
vt 0.118580 0.492089
vt 0.116307 0.492037
vt 0.118438 0.482448
vt 0.116307 0.385420
vt 0.118406 0.385836
vt 0.118381 0.385380
vt 0.122019 0.385804
vt 0.122056 0.482373
vt 0.537001 0.220437
vt 0.526495 0.220438
vt 0.537001 0.001923
vt 0.526495 0.001923
vt 0.230058 0.274716
vt 0.230056 0.489365
vt 0.223382 0.270842
vt 0.219551 0.489369
vt 0.219551 0.270859
vt 0.384749 0.268853
vt 0.384749 0.487314
vt 0.377854 0.272656
vt 0.374246 0.487328
vt 0.372648 0.272665
vt 0.377994 0.268741
vt 0.012429 0.489546
vt 0.001923 0.489546
vt 0.012429 0.271032
vt 0.001923 0.271032
vt 0.749906 0.256923
vt 0.749906 0.246417
vt 0.760412 0.256923
vt 0.760412 0.246417
vt 0.959316 0.553833
vt 0.959316 0.501494
vt 0.963938 0.553832
vt 0.963938 0.501494
vt 0.695108 0.067447
vt 0.658313 0.067411
vt 0.695123 0.062829
vt 0.658354 0.062785
vt 0.971643 0.433450
vt 0.971643 0.381112
vt 0.976266 0.433450
vt 0.976266 0.381112
vt 0.330772 0.981454
vt 0.330772 0.944685
vt 0.335394 0.981454
vt 0.335394 0.944685
vt 0.861433 0.110447
vt 0.861433 0.058109
vt 0.898202 0.110447
vt 0.898202 0.058109
vt 0.658381 0.119799
vt 0.695123 0.119737
vt 0.076661 0.959426
vt 0.076661 0.907087
vt 0.081284 0.959426
vt 0.081284 0.907087
vt 0.579733 0.991219
vt 0.579733 0.954450
vt 0.584355 0.991219
vt 0.584355 0.954450
vt 0.143691 0.881288
vt 0.143691 0.828950
vt 0.148313 0.881288
vt 0.148313 0.828950
vt 0.894710 0.991204
vt 0.894710 0.954435
vt 0.899332 0.991204
vt 0.899332 0.954435
vt 0.824387 0.433450
vt 0.824387 0.381112
vt 0.861157 0.433450
vt 0.861157 0.381112
vt 0.828999 0.553833
vt 0.828999 0.501494
vt 0.865768 0.553833
vt 0.865768 0.501494
vt 0.244670 0.827759
vt 0.244670 0.775420
vt 0.249292 0.827759
vt 0.249292 0.775420
vt 0.729637 0.608763
vt 0.729637 0.571994
vt 0.734259 0.608763
vt 0.734259 0.571994
vt 0.959604 0.054262
vt 0.959604 0.001923
vt 0.964226 0.054262
vt 0.964226 0.001923
vt 0.014430 0.993803
vt 0.014430 0.957034
vt 0.019052 0.993803
vt 0.019052 0.957034
vt 0.839632 0.226320
vt 0.839632 0.173981
vt 0.876401 0.226320
vt 0.876401 0.173981
vt 0.001923 0.784631
vt 0.001923 0.732293
vt 0.038693 0.784631
vt 0.038693 0.732293
vt 0.528748 0.827746
vt 0.528748 0.775407
vt 0.533371 0.827746
vt 0.533371 0.775407
vt 0.362919 0.981454
vt 0.362919 0.944685
vt 0.367541 0.981454
vt 0.367541 0.944685
vt 0.135222 0.881288
vt 0.135222 0.828950
vt 0.139844 0.881288
vt 0.139844 0.828950
vt 0.044489 0.612975
vt 0.081284 0.613011
vt 0.044474 0.617593
vt 0.081243 0.617638
vt 0.354449 0.716097
vt 0.354449 0.663758
vt 0.391219 0.716097
vt 0.391219 0.663758
vt 0.044474 0.560686
vt 0.081216 0.560623
vt 0.143691 0.937474
vt 0.143691 0.885135
vt 0.148313 0.937474
vt 0.148313 0.885135
vt 0.618827 0.991204
vt 0.618827 0.954435
vt 0.623449 0.991204
vt 0.623449 0.954435
vt 0.135221 0.937474
vt 0.135221 0.885135
vt 0.139844 0.937474
vt 0.139844 0.885135
vt 0.822798 0.608763
vt 0.822798 0.571994
vt 0.827421 0.608763
vt 0.827421 0.571994
vt 0.253139 0.715388
vt 0.253139 0.663050
vt 0.289908 0.715388
vt 0.289908 0.663050
vt 0.395105 0.716097
vt 0.395105 0.663758
vt 0.431875 0.716097
vt 0.431875 0.663758
vt 0.984186 0.226320
vt 0.984186 0.173981
vt 0.988808 0.226320
vt 0.988808 0.173981
vt 0.427212 0.981454
vt 0.427212 0.944685
vt 0.431835 0.981454
vt 0.431835 0.944685
vt 0.960773 0.664985
vt 0.960773 0.612647
vt 0.965396 0.664985
vt 0.965396 0.612647
vt 0.749184 0.991204
vt 0.749184 0.954435
vt 0.753807 0.991204
vt 0.753807 0.954435
vt 0.862563 0.725847
vt 0.862563 0.673508
vt 0.899332 0.725847
vt 0.899332 0.673508
vt 0.395065 0.884653
vt 0.395065 0.832314
vt 0.431835 0.884653
vt 0.431835 0.832314
vt 0.661883 0.553862
vt 0.661883 0.501518
vt 0.666506 0.553864
vt 0.666506 0.501494
vt 0.675252 0.160415
vt 0.675252 0.123646
vt 0.679874 0.160415
vt 0.679874 0.123646
vt 0.226760 0.957461
vt 0.226760 0.905122
vt 0.231382 0.957461
vt 0.231382 0.905122
vt 0.738106 0.608763
vt 0.738106 0.571994
vt 0.742729 0.608763
vt 0.742729 0.571994
vt 0.703304 0.501558
vt 0.703246 0.553862
vt 0.488132 0.883931
vt 0.488132 0.831592
vt 0.524902 0.883931
vt 0.524902 0.831592
vt 0.676236 0.431576
vt 0.676236 0.436829
vt 0.670983 0.431576
vt 0.670983 0.436829
vt 0.676236 0.562895
vt 0.676236 0.568147
vt 0.670983 0.562895
vt 0.670983 0.568147
vt 0.297601 0.264895
vt 0.297601 0.001923
vt 0.302854 0.264895
vt 0.302854 0.001923
vt 0.306701 0.264895
vt 0.306700 0.001923
vt 0.311953 0.264895
vt 0.311953 0.001923
vt 0.352198 0.264894
vt 0.352198 0.001923
vt 0.357451 0.264894
vt 0.357451 0.001923
vt 0.361298 0.264894
vt 0.361298 0.001923
vt 0.366550 0.264894
vt 0.366550 0.001923
vt 0.126752 0.993659
vt 0.126752 0.941321
vt 0.131375 0.993659
vt 0.131375 0.941321
vt 0.700659 0.160415
vt 0.700659 0.123646
vt 0.705282 0.160415
vt 0.705282 0.123646
vt 0.988581 0.377265
vt 0.988581 0.324926
vt 0.993204 0.377265
vt 0.993204 0.324926
vt 0.746575 0.608763
vt 0.746575 0.571994
vt 0.751198 0.608763
vt 0.751198 0.571994
vt 0.905619 0.377265
vt 0.905619 0.324926
vt 0.942389 0.377265
vt 0.942389 0.324926
vt 0.862563 0.782032
vt 0.862563 0.729693
vt 0.899332 0.782032
vt 0.899332 0.729693
vt 0.126752 0.881288
vt 0.126752 0.828950
vt 0.131375 0.881288
vt 0.131375 0.828950
vt 0.418743 0.981454
vt 0.418743 0.944685
vt 0.423365 0.981454
vt 0.423365 0.944685
vt 0.297082 0.939900
vt 0.297082 0.887561
vt 0.301704 0.939900
vt 0.301704 0.887561
vt 0.472007 0.982446
vt 0.472007 0.945676
vt 0.476630 0.982446
vt 0.476630 0.945676
vt 0.677168 0.226320
vt 0.677168 0.173981
vt 0.713937 0.226320
vt 0.713937 0.173981
vt 0.313833 0.716097
vt 0.313833 0.663758
vt 0.350603 0.716097
vt 0.350603 0.663758
vt 0.986141 0.950588
vt 0.986141 0.898249
vt 0.990763 0.950588
vt 0.990763 0.898249
vt 0.704230 0.427232
vt 0.704230 0.390463
vt 0.708852 0.427232
vt 0.708852 0.390463
vt 0.988581 0.433450
vt 0.988581 0.381112
vt 0.993204 0.433450
vt 0.993204 0.381112
vt 0.201367 0.671871
vt 0.238162 0.671907
vt 0.201352 0.676489
vt 0.238121 0.676534
vt 0.905620 0.321079
vt 0.905620 0.268741
vt 0.942389 0.321079
vt 0.942389 0.268741
vt 0.201352 0.619582
vt 0.238094 0.619520
vt 0.975716 0.226320
vt 0.975716 0.173981
vt 0.980339 0.226320
vt 0.980339 0.173981
vt 0.757653 0.991204
vt 0.757653 0.954435
vt 0.762276 0.991204
vt 0.762276 0.954435
vt 0.968073 0.054262
vt 0.968073 0.001923
vt 0.972695 0.054262
vt 0.972695 0.001923
vt 0.766122 0.991204
vt 0.766122 0.954435
vt 0.770745 0.991204
vt 0.770745 0.954435
vt 0.862563 0.838217
vt 0.862563 0.785879
vt 0.899332 0.838217
vt 0.899332 0.785879
vt 0.439861 0.885644
vt 0.439861 0.833306
vt 0.476630 0.885644
vt 0.476630 0.833306
vt 0.942665 0.054262
vt 0.942665 0.001923
vt 0.947288 0.054262
vt 0.947288 0.001923
vt 0.201352 0.550179
vt 0.238124 0.550187
vt 0.201360 0.554799
vt 0.238102 0.554811
vt 0.952264 0.782032
vt 0.952264 0.729693
vt 0.956886 0.782032
vt 0.956886 0.729693
vt 0.238124 0.497848
vt 0.201352 0.497840
vt 0.238116 0.493228
vt 0.201374 0.493215
vt 0.488132 0.827746
vt 0.488132 0.775407
vt 0.524902 0.827746
vt 0.524902 0.775407
vt 0.135222 0.825103
vt 0.135222 0.772764
vt 0.139844 0.825103
vt 0.139844 0.772764
vt 0.755045 0.608763
vt 0.755045 0.571994
vt 0.759667 0.608763
vt 0.759667 0.571994
vt 0.052984 0.959426
vt 0.052984 0.907087
vt 0.057606 0.959426
vt 0.057606 0.907087
vt 0.992182 0.608763
vt 0.992182 0.571994
vt 0.996804 0.608763
vt 0.996804 0.571994
vt 0.253139 0.883944
vt 0.253139 0.831606
vt 0.289908 0.883944
vt 0.289908 0.831606
vt 0.439861 0.773273
vt 0.439861 0.720935
vt 0.476630 0.773273
vt 0.476630 0.720935
vt 0.959604 0.110447
vt 0.959604 0.058109
vt 0.964226 0.110447
vt 0.964226 0.058109
vt 0.805008 0.991204
vt 0.805008 0.954435
vt 0.809631 0.991204
vt 0.809631 0.954435
vt 0.976254 0.553832
vt 0.976254 0.501494
vt 0.980877 0.553832
vt 0.980877 0.501494
vt 0.439861 0.982446
vt 0.439861 0.945676
vt 0.444483 0.982446
vt 0.444483 0.945676
vt 0.862563 0.894403
vt 0.862563 0.842064
vt 0.899332 0.894403
vt 0.899332 0.842064
vt 0.905619 0.433450
vt 0.905619 0.381112
vt 0.942389 0.433450
vt 0.942389 0.381112
vt 0.270933 0.604167
vt 0.270933 0.551829
vt 0.275555 0.604167
vt 0.275555 0.551829
vt 0.463538 0.982446
vt 0.463538 0.945676
vt 0.468161 0.982446
vt 0.468161 0.945676
vt 0.179307 0.545555
vt 0.179307 0.493216
vt 0.183930 0.545555
vt 0.183930 0.493216
vt 0.455069 0.982446
vt 0.455069 0.945676
vt 0.459691 0.982446
vt 0.459691 0.945676
vt 0.740715 0.782032
vt 0.740715 0.729693
vt 0.777484 0.782032
vt 0.777484 0.729693
vt 0.717784 0.226320
vt 0.717784 0.173981
vt 0.754553 0.226320
vt 0.754553 0.173981
vt 0.985011 0.110447
vt 0.985011 0.058109
vt 0.989634 0.110447
vt 0.989634 0.058109
vt 0.160645 0.982765
vt 0.160645 0.945996
vt 0.165268 0.982765
vt 0.165268 0.945996
vt 0.610358 0.777393
vt 0.610358 0.725054
vt 0.614980 0.777393
vt 0.614980 0.725054
vt 0.192792 0.982765
vt 0.192792 0.945996
vt 0.197415 0.982765
vt 0.197415 0.945996
vt 0.354449 0.884653
vt 0.354449 0.832314
vt 0.391219 0.884653
vt 0.391219 0.832314
vt 0.783772 0.377265
vt 0.783772 0.324926
vt 0.820541 0.377265
vt 0.820541 0.324926
vt 0.959604 0.166633
vt 0.959604 0.114294
vt 0.964226 0.166633
vt 0.964226 0.114294
vt 0.763514 0.608763
vt 0.763514 0.571994
vt 0.768136 0.608763
vt 0.768136 0.571994
vt 0.977711 0.664985
vt 0.977711 0.612647
vt 0.982334 0.664985
vt 0.982334 0.612647
vt 0.992655 0.210750
vt 0.992655 0.173981
vt 0.997277 0.210750
vt 0.997277 0.173981
vt 0.910230 0.553833
vt 0.910230 0.501494
vt 0.947000 0.553833
vt 0.947000 0.501494
vt 0.903179 0.838217
vt 0.903179 0.785879
vt 0.939948 0.838217
vt 0.939948 0.785879
vt 0.246387 0.646446
vt 0.246387 0.594107
vt 0.251009 0.646446
vt 0.251009 0.594107
vt 0.831267 0.608763
vt 0.831267 0.571994
vt 0.835890 0.608763
vt 0.835890 0.571994
vt 0.254856 0.646446
vt 0.254856 0.594107
vt 0.259479 0.646446
vt 0.259479 0.594107
vt 0.038718 0.559048
vt 0.001923 0.559012
vt 0.038733 0.554430
vt 0.001964 0.554385
vt 0.560092 0.782047
vt 0.560092 0.729709
vt 0.596861 0.782047
vt 0.596861 0.729709
vt 0.038733 0.611337
vt 0.001991 0.611399
vt 0.952264 0.725847
vt 0.952264 0.673508
vt 0.956886 0.725847
vt 0.956886 0.673508
vt 0.169115 0.982765
vt 0.169115 0.945996
vt 0.173737 0.982765
vt 0.173737 0.945996
vt 0.942665 0.110447
vt 0.942665 0.058109
vt 0.947288 0.110447
vt 0.947288 0.058109
vt 0.695108 0.006586
vt 0.658313 0.006550
vt 0.695123 0.001968
vt 0.658354 0.001923
vt 0.781331 0.950588
vt 0.781331 0.898249
vt 0.818100 0.950588
vt 0.818100 0.898249
vt 0.695123 0.058876
vt 0.658381 0.058938
vt 0.976542 0.110447
vt 0.976542 0.058109
vt 0.981164 0.110447
vt 0.981164 0.058109
vt 0.184323 0.982765
vt 0.184323 0.945996
vt 0.188945 0.982765
vt 0.188945 0.945996
vt 0.960733 0.725847
vt 0.960733 0.673508
vt 0.965356 0.725847
vt 0.965356 0.673508
vt 0.610358 0.986565
vt 0.610358 0.949796
vt 0.614980 0.986565
vt 0.614980 0.949796
vt 0.085131 0.903368
vt 0.085131 0.851030
vt 0.121900 0.903368
vt 0.121900 0.851030
vt 0.862603 0.664985
vt 0.862603 0.612647
vt 0.899372 0.664985
vt 0.899372 0.612647
vt 0.395105 0.655236
vt 0.395105 0.602897
vt 0.399728 0.655236
vt 0.399728 0.602897
vt 0.601888 0.986565
vt 0.601888 0.949796
vt 0.606511 0.986565
vt 0.606511 0.949796
vt 0.601888 0.777393
vt 0.601888 0.725054
vt 0.606511 0.777393
vt 0.606511 0.725054
vt 0.081269 0.504425
vt 0.044474 0.504389
vt 0.081284 0.499807
vt 0.044515 0.499762
vt 0.488132 0.715375
vt 0.488132 0.663036
vt 0.524902 0.715375
vt 0.524902 0.663036
vt 0.081284 0.556715
vt 0.044542 0.556777
vt 0.681765 0.164262
vt 0.681765 0.169514
vt 0.676512 0.164262
vt 0.676512 0.169514
vt 0.251009 0.655545
vt 0.245757 0.655545
vt 0.251009 0.650293
vt 0.245757 0.650293
vt 0.324900 0.264894
vt 0.324900 0.001923
vt 0.330152 0.264894
vt 0.330152 0.001923
vt 0.333999 0.264894
vt 0.333999 0.001923
vt 0.339252 0.264894
vt 0.339252 0.001923
vt 0.424994 0.264894
vt 0.424994 0.001923
vt 0.430247 0.264894
vt 0.430247 0.001923
vt 0.434094 0.264894
vt 0.434094 0.001923
vt 0.439347 0.264894
vt 0.439347 0.001923
vt 0.960733 0.782032
vt 0.960733 0.729693
vt 0.965356 0.782032
vt 0.965356 0.729693
vt 0.698678 0.273404
vt 0.661884 0.273368
vt 0.698693 0.268786
vt 0.661924 0.268741
vt 0.976542 0.054262
vt 0.976542 0.001923
vt 0.981164 0.054262
vt 0.981164 0.001923
vt 0.992655 0.251366
vt 0.992655 0.214597
vt 0.997277 0.251366
vt 0.997277 0.214597
vt 0.740715 0.950588
vt 0.740715 0.898249
vt 0.777484 0.950588
vt 0.777484 0.898249
vt 0.661951 0.325755
vt 0.698693 0.325693
vt 0.976542 0.166632
vt 0.976542 0.114294
vt 0.981164 0.166632
vt 0.981164 0.114294
vt 0.551570 0.986652
vt 0.551570 0.949883
vt 0.556192 0.986652
vt 0.556192 0.949883
vt 0.986141 0.894402
vt 0.986141 0.842064
vt 0.990763 0.894402
vt 0.990763 0.842064
vt 0.661898 0.381953
vt 0.698693 0.381990
vt 0.661884 0.386571
vt 0.698652 0.386616
vt 0.903179 0.725847
vt 0.903179 0.673508
vt 0.939948 0.725847
vt 0.939948 0.673508
vt 0.661884 0.329664
vt 0.698625 0.329602
vt 0.986181 0.664985
vt 0.986181 0.612647
vt 0.990803 0.664985
vt 0.990803 0.612647
vt 0.687291 0.427232
vt 0.687291 0.390463
vt 0.691913 0.427232
vt 0.691913 0.390463
vt 0.988518 0.493014
vt 0.988518 0.440675
vt 0.993140 0.493014
vt 0.993140 0.440675
vt 0.993193 0.538263
vt 0.993193 0.501494
vt 0.997815 0.538263
vt 0.997815 0.501494
vt 0.201352 0.901275
vt 0.201352 0.848937
vt 0.238122 0.901275
vt 0.238122 0.848937
vt 0.864940 0.493014
vt 0.864940 0.440675
vt 0.901709 0.493014
vt 0.901709 0.440675
vt 0.297082 0.996085
vt 0.297082 0.943746
vt 0.301704 0.996085
vt 0.301704 0.943746
vt 0.543101 0.986652
vt 0.543101 0.949883
vt 0.547723 0.986652
vt 0.547723 0.949883
vt 0.143691 0.993659
vt 0.143691 0.941321
vt 0.148313 0.993659
vt 0.148313 0.941321
vt 0.696251 0.669661
vt 0.659483 0.669616
vt 0.696292 0.665035
vt 0.659497 0.664998
vt 0.659483 0.612709
vt 0.696224 0.612647
vt 0.862563 0.950588
vt 0.862563 0.898249
vt 0.899332 0.950588
vt 0.899332 0.898249
vt 0.393898 0.596368
vt 0.388645 0.591117
vt 0.393899 0.592891
vt 0.391801 0.591115
vt 0.544925 0.262082
vt 0.544410 0.264794
vt 0.540299 0.264773
vt 0.388645 0.596369
vt 0.540299 0.228020
vt 0.544921 0.228010
vt 0.305814 0.823791
vt 0.305814 0.771453
vt 0.309947 0.823791
vt 0.309947 0.771453
vt 0.021068 0.001923
vt 0.021596 0.054394
vt 0.017596 0.002079
vt 0.017596 0.267140
vt 0.022847 0.267185
vt 0.029421 0.054547
vt 0.653257 0.241744
vt 0.653257 0.236492
vt 0.658510 0.241744
vt 0.658510 0.236492
vt 0.170208 0.266996
vt 0.170208 0.001923
vt 0.175460 0.266996
vt 0.175460 0.001923
vt 0.129058 0.266998
vt 0.125902 0.266980
vt 0.132775 0.214666
vt 0.125902 0.001927
vt 0.131154 0.001923
vt 0.136824 0.214597
vt 0.233904 0.266995
vt 0.233904 0.001923
vt 0.239157 0.266995
vt 0.239157 0.001923
vt 0.501805 0.228010
vt 0.500925 0.229913
vt 0.497829 0.228163
vt 0.497791 0.264852
vt 0.502406 0.264894
vt 0.502462 0.230829
vt 0.562794 0.950603
vt 0.562794 0.898265
vt 0.596861 0.950603
vt 0.596861 0.898265
vt 0.640568 0.246252
vt 0.640942 0.253118
vt 0.633838 0.246543
vt 0.633838 0.256631
vt 0.643797 0.257469
vt 0.644640 0.254001
vt 0.064481 0.483866
vt 0.064935 0.387893
vt 0.068453 0.485850
vt 0.067144 0.385417
vt 0.070302 0.386314
vt 0.062370 0.386872
vt 0.070302 0.493451
vt 0.066191 0.494190
vt 0.065777 0.492303
vt 0.569614 0.240516
vt 0.568988 0.242405
vt 0.567087 0.239711
vt 0.565231 0.241649
vt 0.565231 0.236277
vt 0.566825 0.236030
vt 0.302854 0.434879
vt 0.299932 0.434653
vt 0.302854 0.268741
vt 0.574452 0.436844
vt 0.573133 0.272051
vt 0.576097 0.268741
vt 0.584956 0.436836
vt 0.584956 0.268765
vt 0.700613 0.230712
vt 0.700780 0.234371
vt 0.691817 0.230849
vt 0.691817 0.241202
vt 0.702173 0.241383
vt 0.702442 0.234525
vt 0.430231 0.659262
vt 0.419726 0.659262
vt 0.430231 0.491174
vt 0.419726 0.491174
vt 0.643684 0.436829
vt 0.633179 0.436829
vt 0.643684 0.268741
vt 0.633179 0.268741
vt 0.570600 0.442684
vt 0.570596 0.608815
vt 0.566986 0.442659
vt 0.560092 0.608803
vt 0.560092 0.440748
vt 0.566906 0.440691
vt 0.792963 0.256923
vt 0.792963 0.246417
vt 0.803468 0.256923
vt 0.803468 0.246417
vt 0.452293 0.486900
vt 0.452293 0.379744
vt 0.456495 0.486900
vt 0.456495 0.379744
vt 0.453203 0.592252
vt 0.453203 0.586537
vt 0.457405 0.592252
vt 0.457405 0.586537
vt 0.449356 0.599258
vt 0.443640 0.599258
vt 0.449356 0.492102
vt 0.443640 0.492102
vt 0.092429 0.495915
vt 0.090723 0.495595
vt 0.092480 0.492089
vt 0.090207 0.492037
vt 0.092338 0.482449
vt 0.090207 0.385420
vt 0.092306 0.385836
vt 0.092281 0.385380
vt 0.095919 0.385804
vt 0.095956 0.482373
vt 0.551353 0.220437
vt 0.540847 0.220437
vt 0.551353 0.001923
vt 0.540847 0.001923
vt 0.211859 0.274716
vt 0.211857 0.489365
vt 0.205183 0.270842
vt 0.201352 0.489369
vt 0.201352 0.270859
vt 0.318801 0.268853
vt 0.318801 0.487315
vt 0.311906 0.272657
vt 0.308298 0.487328
vt 0.306700 0.272665
vt 0.312046 0.268741
vt 0.155855 0.270844
vt 0.166361 0.270844
vt 0.155855 0.489359
vt 0.166361 0.489359
vt 0.774444 0.241383
vt 0.763939 0.241383
vt 0.774444 0.230878
vt 0.763939 0.230878
vt 0.135222 0.993659
vt 0.135222 0.941321
vt 0.139844 0.993659
vt 0.139844 0.941321
vt 0.983713 0.608763
vt 0.983713 0.571994
vt 0.988335 0.608763
vt 0.988335 0.571994
vt 0.977672 0.782032
vt 0.977672 0.729693
vt 0.982294 0.782032
vt 0.982294 0.729693
vt 0.771983 0.608763
vt 0.771983 0.571994
vt 0.776605 0.608763
vt 0.776605 0.571994
vt 0.865004 0.321079
vt 0.865004 0.268741
vt 0.901773 0.321079
vt 0.901773 0.268741
vt 0.869614 0.553833
vt 0.869614 0.501494
vt 0.906384 0.553833
vt 0.906384 0.501494
vt 0.152160 0.993659
vt 0.152160 0.941321
vt 0.156782 0.993659
vt 0.156782 0.941321
vt 0.659443 0.991204
vt 0.659443 0.954435
vt 0.664065 0.991204
vt 0.664065 0.954435
vt 0.977672 0.725847
vt 0.977672 0.673508
vt 0.982294 0.725847
vt 0.982294 0.673508
vt 0.209821 0.998077
vt 0.209821 0.961307
vt 0.214444 0.998077
vt 0.214444 0.961307
vt 0.700059 0.950588
vt 0.700059 0.898249
vt 0.736828 0.950588
vt 0.736828 0.898249
vt 0.902049 0.110447
vt 0.902049 0.058109
vt 0.938818 0.110447
vt 0.938818 0.058109
vt 0.126752 0.825103
vt 0.126752 0.772764
vt 0.131375 0.825103
vt 0.131375 0.772764
vt 0.650973 0.991204
vt 0.650973 0.954435
vt 0.655596 0.991204
vt 0.655596 0.954435
vt 0.297082 0.883714
vt 0.297082 0.831376
vt 0.301704 0.883714
vt 0.301704 0.831376
vt 0.595870 0.226333
vt 0.632665 0.226369
vt 0.595856 0.230951
vt 0.632624 0.230996
vt 0.439861 0.717088
vt 0.439861 0.664749
vt 0.476630 0.717088
vt 0.476630 0.664749
vt 0.595856 0.174043
vt 0.632597 0.173981
vt 0.977672 0.838217
vt 0.977672 0.785879
vt 0.982294 0.838217
vt 0.982294 0.785879
vt 0.618841 0.664998
vt 0.655636 0.665035
vt 0.618827 0.669616
vt 0.655595 0.669661
vt 0.977672 0.894402
vt 0.977672 0.842064
vt 0.982294 0.894402
vt 0.982294 0.842064
vt 0.689900 0.991204
vt 0.689900 0.954435
vt 0.694522 0.991204
vt 0.694522 0.954435
vt 0.880248 0.226320
vt 0.880248 0.173981
vt 0.917017 0.226320
vt 0.917017 0.173981
vt 0.655568 0.612647
vt 0.618827 0.612709
vt 0.143691 0.656547
vt 0.143691 0.604208
vt 0.148313 0.656547
vt 0.148313 0.604208
vt 0.555214 0.226333
vt 0.592009 0.226369
vt 0.555200 0.230951
vt 0.591968 0.230996
vt 0.187776 0.545555
vt 0.187776 0.493216
vt 0.192399 0.545555
vt 0.192399 0.493216
vt 0.740715 0.991204
vt 0.740715 0.954435
vt 0.745337 0.991204
vt 0.745337 0.954435
vt 0.044515 0.734685
vt 0.044515 0.682346
vt 0.081284 0.734685
vt 0.081284 0.682346
vt 0.591941 0.173981
vt 0.555200 0.174043
vt 0.988581 0.321079
vt 0.988581 0.268741
vt 0.993204 0.321079
vt 0.993204 0.268741
vt 0.687291 0.608763
vt 0.687291 0.571994
vt 0.691913 0.608763
vt 0.691913 0.571994
vt 0.977672 0.950588
vt 0.977672 0.898249
vt 0.982294 0.950588
vt 0.982294 0.898249
vt 0.270933 0.644783
vt 0.270933 0.608014
vt 0.275555 0.644783
vt 0.275555 0.608014
vt 0.659443 0.950588
vt 0.659443 0.898249
vt 0.696212 0.950588
vt 0.696212 0.898249
vt 0.618827 0.894403
vt 0.618827 0.842064
vt 0.655596 0.894403
vt 0.655596 0.842064
vt 0.980112 0.321080
vt 0.980112 0.268741
vt 0.984735 0.321080
vt 0.984735 0.268741
vt 0.774592 0.991204
vt 0.774592 0.954435
vt 0.779214 0.991204
vt 0.779214 0.954435
vt 0.960733 0.838217
vt 0.960733 0.785879
vt 0.965356 0.838217
vt 0.965356 0.785879
vt 0.592239 0.991219
vt 0.592239 0.954450
vt 0.596861 0.991219
vt 0.596861 0.954450
vt 0.659443 0.894403
vt 0.659443 0.842064
vt 0.696212 0.894403
vt 0.696212 0.842064
vt 0.865004 0.377265
vt 0.865004 0.324926
vt 0.901773 0.377265
vt 0.901773 0.324926
vt 0.603912 0.241745
vt 0.598659 0.236493
vt 0.603913 0.238268
vt 0.601815 0.236492
vt 0.388645 0.553197
vt 0.389160 0.550485
vt 0.393270 0.550506
vt 0.598659 0.241745
vt 0.393270 0.587259
vt 0.388649 0.587269
vt 0.305814 0.879977
vt 0.305814 0.827638
vt 0.309947 0.879977
vt 0.309947 0.827638
vt 0.092482 0.267151
vt 0.090868 0.214706
vt 0.095956 0.267024
vt 0.095956 0.001966
vt 0.090704 0.001923
vt 0.086753 0.214605
vt 0.685335 0.436829
vt 0.680082 0.436829
vt 0.685335 0.431576
vt 0.680082 0.431576
vt 0.206606 0.266996
vt 0.206606 0.001923
vt 0.211859 0.266996
vt 0.211858 0.001923
vt 0.158595 0.266998
vt 0.155439 0.266980
vt 0.162311 0.214666
vt 0.155439 0.001927
vt 0.160691 0.001923
vt 0.166361 0.214597
vt 0.179307 0.266996
vt 0.179307 0.001923
vt 0.184560 0.266996
vt 0.184560 0.001923
vt 0.515484 0.264894
vt 0.516364 0.262992
vt 0.519460 0.264741
vt 0.519498 0.228053
vt 0.514883 0.228010
vt 0.514827 0.262076
vt 0.001923 0.953187
vt 0.001923 0.900849
vt 0.035991 0.953187
vt 0.035991 0.900849
s 1
usemtl InverterMaterial
f 1/1/1 2/2/1 3/3/1
f 3/3/1 2/2/1 4/4/1
f 4/4/1 2/2/1 5/5/1
f 5/5/1 2/2/1 6/6/1
f 7/7/2 8/8/2 1/9/2
f 1/9/2 8/8/2 9/10/2
f 1/9/2 9/10/2 10/11/2
f 7/7/2 11/12/2 8/8/2
f 10/11/2 12/13/2 1/9/2
f 1/9/2 12/13/2 13/14/2
f 1/9/2 13/14/2 2/15/2
f 14/16/3 15/17/3 16/18/4
f 16/18/4 15/17/3 17/19/4
f 16/18/4 17/19/4 10/20/4
f 10/20/4 9/21/4 16/18/4
f 18/22/5 14/23/5 19/24/5
f 19/25/5 14/26/5 16/27/5
f 19/25/5 16/27/5 20/28/5
f 20/28/5 16/27/5 21/29/5
f 16/30/1 9/31/1 21/32/1
f 21/32/1 9/31/1 22/33/1
f 22/33/1 9/31/1 23/34/1
f 23/34/1 9/31/1 8/35/1
f 21/36/6 22/37/6 20/38/6
f 20/38/6 22/37/6 24/39/6
f 22/40/2 23/41/2 24/42/2
f 24/42/2 23/41/2 25/43/2
f 18/44/7 19/45/7 11/46/7
f 11/46/7 19/45/7 25/47/7
f 11/46/7 25/47/7 23/48/7
f 23/48/7 8/49/7 11/46/7
f 25/50/8 19/51/8 24/52/8
f 24/52/8 19/51/8 20/53/8
f 15/54/5 26/55/5 17/56/5
f 17/56/5 26/55/5 27/57/5
f 26/58/9 13/59/9 27/60/9
f 27/60/9 13/59/9 12/61/9
f 27/62/10 12/63/10 17/64/10
f 17/64/10 12/63/10 10/65/10
f 2/66/11 13/67/12 6/68/13
f 6/68/13 13/67/12 26/69/14
f 6/68/13 26/69/14 28/70/15
f 28/70/15 26/69/14 15/71/16
f 28/70/15 15/71/16 18/72/17
f 18/72/17 15/71/16 14/73/18
f 18/72/17 11/74/11 28/70/15
f 28/70/15 11/74/11 7/75/11
f 29/76/7 30/77/7 5/78/7
f 5/78/7 30/77/7 4/79/7
f 28/80/5 31/81/5 6/82/5
f 6/82/5 31/81/5 29/83/5
f 6/82/5 29/83/5 5/84/5
f 3/85/6 32/86/6 7/87/6
f 7/87/6 32/86/6 31/88/6
f 7/87/6 31/88/6 28/89/6
f 7/87/6 1/90/6 3/85/6
f 30/91/2 32/92/2 4/93/2
f 4/93/2 32/92/2 3/94/2
f 30/95/8 29/96/8 32/97/8
f 32/97/8 29/96/8 31/98/8
f 33/99/1 34/100/1 35/101/1
f 35/101/1 34/100/1 36/102/1
f 36/102/1 34/100/1 37/103/1
f 37/103/1 34/100/1 38/104/1
f 37/103/1 38/104/1 39/105/1
f 39/105/1 38/104/1 40/106/1
f 38/107/5 41/108/5 40/109/5
f 40/109/5 41/108/5 42/110/5
f 40/109/5 42/110/5 43/111/5
f 43/111/5 44/112/5 40/109/5
f 40/109/5 44/112/5 45/113/5
f 40/109/5 45/113/5 46/114/5
f 46/114/5 45/113/5 47/115/5
f 44/116/4 43/117/4 48/118/4
f 48/118/4 43/117/4 49/119/4
f 50/120/7 51/121/7 52/122/7
f 52/122/7 51/121/7 53/123/7
f 53/123/7 51/121/7 54/124/7
f 54/124/7 51/121/7 47/125/7
f 54/124/7 47/125/7 55/126/7
f 55/126/7 47/125/7 45/127/7
f 50/128/1 52/129/1 48/130/1
f 48/130/1 52/129/1 56/131/1
f 48/130/1 56/131/1 57/132/1
f 48/130/1 57/132/1 44/133/1
f 44/133/1 57/132/1 55/134/1
f 44/133/1 55/134/1 45/135/1
f 57/136/6 56/137/6 58/138/6
f 58/138/6 56/137/6 59/139/6
f 56/140/2 52/141/2 59/142/2
f 59/142/2 52/141/2 53/143/2
f 55/144/5 57/145/5 54/146/5
f 54/146/5 57/145/5 58/147/5
f 53/148/8 54/149/8 59/150/8
f 59/150/8 54/149/8 58/151/8
f 60/152/11 46/153/11 51/154/11
f 51/154/11 46/153/11 47/155/11
f 38/156/12 34/157/11 41/158/12
f 41/158/12 34/157/11 61/159/12
f 60/160/2 50/161/19 33/162/2
f 33/162/2 50/161/19 48/163/2
f 33/162/2 48/163/2 49/164/2
f 60/160/2 51/165/2 50/161/19
f 49/164/2 62/166/2 33/162/2
f 33/162/2 62/166/2 61/167/2
f 33/162/2 61/167/2 34/168/2
f 41/169/9 61/170/9 42/171/9
f 42/171/9 61/170/9 62/172/9
f 42/173/10 62/174/10 43/175/10
f 43/175/10 62/174/10 49/176/10
f 63/177/7 64/178/7 37/179/7
f 37/179/7 64/178/7 36/180/7
f 65/181/5 63/182/5 39/183/5
f 39/183/5 63/182/5 37/184/5
f 35/185/6 66/186/6 60/187/6
f 60/187/6 66/186/6 65/188/6
f 60/187/6 65/188/6 46/189/6
f 46/189/6 65/188/6 39/190/6
f 46/189/6 39/190/6 40/191/6
f 60/187/6 33/192/6 35/185/6
f 64/193/2 66/194/2 36/195/2
f 36/195/2 66/194/2 35/196/2
f 64/197/8 63/198/8 66/199/8
f 66/199/8 63/198/8 65/200/8
f 67/201/5 68/202/5 69/203/5
f 69/203/5 68/202/5 70/204/5
f 69/205/5 70/206/5 71/207/5
f 67/201/5 72/208/5 68/202/5
f 71/207/5 73/209/5 69/205/5
f 69/205/5 73/209/5 74/210/5
f 70/211/20 75/212/20 71/213/20
f 71/213/20 75/212/20 76/214/20
f 69/215/6 77/216/6 67/217/6
f 67/217/6 77/216/6 78/218/6
f 78/218/6 77/216/6 79/219/6
f 79/219/6 77/216/6 80/220/6
f 78/221/2 79/222/2 81/223/2
f 81/223/2 79/222/2 82/224/2
f 72/225/7 81/226/7 68/227/7
f 68/227/7 81/226/7 82/228/7
f 70/229/1 68/230/1 75/231/1
f 75/231/1 68/230/1 82/232/1
f 75/231/1 82/232/1 79/233/1
f 79/233/1 80/234/1 75/231/1
f 81/235/8 72/236/8 78/237/8
f 78/237/8 72/236/8 67/238/8
f 75/239/2 80/240/2 76/241/2
f 76/241/2 80/240/2 83/242/2
f 83/242/2 80/240/2 84/243/2
f 84/243/2 80/240/2 77/244/2
f 84/245/21 74/246/21 83/247/21
f 83/247/21 74/246/21 73/248/21
f 71/249/10 76/250/10 73/251/10
f 73/251/10 76/250/10 83/252/10
f 77/244/11 69/253/11 84/243/11
f 84/243/11 69/253/11 74/254/11
f 85/255/21 86/256/21 87/257/21
f 87/257/21 86/256/21 88/258/21
f 89/259/2 85/260/2 90/261/2
f 90/261/2 85/260/2 87/262/2
f 91/263/9 89/264/9 92/265/9
f 92/265/9 89/264/9 90/266/9
f 86/267/5 91/268/5 88/269/5
f 88/269/5 91/268/5 92/270/5
f 92/271/10 90/272/10 88/273/10
f 88/273/10 90/272/10 87/274/10
f 86/275/11 85/276/11 91/277/11
f 91/277/11 85/276/11 89/278/11
f 93/279/3 94/280/3 95/281/3
f 95/281/3 94/280/3 96/282/3
f 97/283/2 93/284/2 98/285/2
f 98/285/2 93/284/2 95/286/2
f 99/287/20 97/288/20 100/289/20
f 100/289/20 97/288/20 98/290/20
f 94/291/5 99/292/5 96/293/5
f 96/293/5 99/292/5 100/294/5
f 100/295/10 98/296/10 96/297/10
f 96/297/10 98/296/10 95/298/10
f 94/299/11 93/300/11 99/301/11
f 99/301/11 93/300/11 97/302/11
f 101/303/2 102/304/2 103/305/2
f 103/305/2 102/304/2 104/306/2
f 105/307/5 106/308/5 107/309/5
f 107/309/5 106/308/5 108/310/5
f 101/311/6 105/312/6 102/313/6
f 102/313/6 105/312/6 107/314/6
f 106/315/7 103/316/7 108/317/7
f 108/317/7 103/316/7 104/318/7
f 108/319/1 104/320/1 107/321/1
f 107/321/1 104/320/1 102/322/1
f 103/323/8 106/324/8 101/325/8
f 101/325/8 106/324/8 105/326/8
f 109/327/21 110/328/21 111/329/21
f 111/329/21 110/328/21 112/330/21
f 113/331/2 109/332/2 114/333/2
f 114/333/2 109/332/2 111/334/2
f 115/335/20 113/336/20 116/337/20
f 116/337/20 113/336/20 114/338/20
f 110/339/5 115/340/5 112/341/5
f 112/341/5 115/340/5 116/342/5
f 116/342/10 114/343/10 112/341/10
f 112/341/10 114/343/10 111/344/10
f 110/345/11 109/346/11 115/347/11
f 115/347/11 109/346/11 113/348/11
f 117/349/21 118/350/21 119/351/21
f 119/351/21 118/350/21 120/352/21
f 121/353/2 117/354/2 122/355/2
f 122/355/2 117/354/2 119/356/2
f 123/357/22 121/358/9 124/359/9
f 124/359/9 121/358/9 122/360/9
f 118/361/5 123/362/5 120/363/5
f 120/363/5 123/362/5 124/364/5
f 124/365/10 122/366/10 120/367/10
f 120/367/10 122/366/10 119/368/10
f 118/369/11 117/370/11 123/371/11
f 123/371/11 117/370/11 121/372/11
f 125/373/3 126/374/3 127/375/3
f 127/375/3 126/374/3 128/376/3
f 129/377/2 125/378/2 130/379/2
f 130/379/2 125/378/2 127/380/2
f 131/381/20 129/382/20 132/383/20
f 132/383/20 129/382/20 130/384/20
f 126/385/5 131/386/5 128/387/5
f 128/387/5 131/386/5 132/388/5
f 132/389/10 130/390/10 128/391/10
f 128/391/10 130/390/10 127/392/10
f 126/393/11 125/394/11 131/395/11
f 131/395/11 125/394/11 129/396/11
f 133/397/21 134/398/21 135/399/21
f 135/399/21 134/398/21 136/400/21
f 137/401/2 133/402/2 138/403/2
f 138/403/2 133/402/2 135/404/2
f 139/405/20 137/406/20 140/407/20
f 140/407/20 137/406/20 138/408/20
f 134/409/5 139/410/5 136/411/5
f 136/411/5 139/410/5 140/412/5
f 140/413/10 138/414/10 136/415/10
f 136/415/10 138/414/10 135/416/10
f 134/417/11 133/418/11 139/419/11
f 139/419/11 133/418/11 137/420/11
f 141/421/21 142/422/21 143/423/21
f 143/423/21 142/422/21 144/424/21
f 145/425/2 141/426/2 146/427/2
f 146/427/2 141/426/2 143/428/2
f 147/429/23 145/430/9 148/431/9
f 148/431/9 145/430/9 146/432/9
f 142/433/5 147/434/5 144/435/5
f 144/435/5 147/434/5 148/436/5
f 148/437/10 146/438/10 144/439/10
f 144/439/10 146/438/10 143/440/10
f 142/441/11 141/442/11 147/443/11
f 147/443/11 141/442/11 145/444/11
f 149/445/3 150/446/3 151/447/3
f 151/447/3 150/446/3 152/448/3
f 153/449/2 149/450/2 154/451/2
f 154/451/2 149/450/2 151/452/2
f 155/453/20 153/454/20 156/455/20
f 156/455/20 153/454/20 154/456/20
f 150/457/5 155/458/5 152/459/5
f 152/459/5 155/458/5 156/460/5
f 156/461/10 154/462/10 152/463/10
f 152/463/10 154/462/10 151/464/10
f 150/465/11 149/450/11 155/466/11
f 155/466/11 149/450/11 153/449/11
f 157/467/21 158/468/21 159/469/21
f 159/469/21 158/468/21 160/470/21
f 161/471/2 157/472/2 162/473/2
f 162/473/2 157/472/2 159/474/2
f 163/475/20 161/476/20 164/477/20
f 164/477/20 161/476/20 162/478/20
f 158/479/5 163/480/5 160/481/5
f 160/481/5 163/480/5 164/482/5
f 164/483/10 162/484/10 160/485/10
f 160/485/10 162/484/10 159/486/10
f 158/487/11 157/488/11 163/489/11
f 163/489/11 157/488/11 161/490/11
f 165/491/21 166/492/21 167/493/21
f 167/493/21 166/492/21 168/494/21
f 169/495/2 165/496/2 170/497/2
f 170/497/2 165/496/2 167/498/2
f 171/499/9 169/500/22 172/501/9
f 172/501/9 169/500/22 170/502/9
f 166/503/5 171/504/5 168/505/5
f 168/505/5 171/504/5 172/506/5
f 172/507/10 170/508/10 168/509/10
f 168/509/10 170/508/10 167/510/10
f 166/511/11 165/512/11 171/513/11
f 171/513/11 165/512/11 169/514/11
f 173/515/3 174/516/3 175/517/3
f 175/517/3 174/516/3 176/518/3
f 177/519/2 173/520/2 178/521/2
f 178/521/2 173/520/2 175/522/2
f 179/523/20 177/524/20 180/525/20
f 180/525/20 177/524/20 178/526/20
f 174/527/5 179/528/5 176/529/5
f 176/529/5 179/528/5 180/530/5
f 180/531/10 178/532/10 176/533/10
f 176/533/10 178/532/10 175/534/10
f 174/535/11 173/536/11 179/537/11
f 179/537/11 173/536/11 177/538/11
f 181/539/21 182/540/21 183/541/21
f 183/541/21 182/540/21 184/542/21
f 185/543/2 181/544/2 186/545/2
f 186/545/2 181/544/2 183/546/2
f 187/547/20 185/548/20 188/549/20
f 188/549/20 185/548/20 186/550/20
f 182/551/5 187/552/5 184/553/5
f 184/553/5 187/552/5 188/554/5
f 188/555/10 186/556/10 184/557/10
f 184/557/10 186/556/10 183/558/10
f 182/559/11 181/560/11 187/561/11
f 187/561/11 181/560/11 185/562/11
f 189/563/21 190/564/21 191/565/21
f 191/565/21 190/564/21 192/566/21
f 193/567/2 189/568/2 194/569/2
f 194/569/2 189/568/2 191/570/2
f 195/571/9 193/572/9 196/573/9
f 196/573/9 193/572/9 194/574/9
f 190/575/5 195/576/5 192/577/5
f 192/577/5 195/576/5 196/578/5
f 196/579/10 194/580/10 192/581/10
f 192/581/10 194/580/10 191/582/10
f 190/583/11 189/584/11 195/585/11
f 195/585/11 189/584/11 193/586/11
f 197/587/3 198/588/3 199/589/3
f 199/589/3 198/588/3 200/590/3
f 201/591/2 197/592/2 202/593/2
f 202/593/2 197/592/2 199/594/2
f 203/595/20 201/596/20 204/597/20
f 204/597/20 201/596/20 202/598/20
f 198/599/5 203/600/5 200/601/5
f 200/601/5 203/600/5 204/602/5
f 204/603/10 202/604/10 200/605/10
f 200/605/10 202/604/10 199/606/10
f 198/599/11 197/607/11 203/600/11
f 203/600/11 197/607/11 201/608/11
f 205/609/5 206/610/5 207/611/5
f 207/611/5 206/610/5 208/612/5
f 207/613/5 208/614/5 209/615/5
f 205/609/5 210/616/5 206/610/5
f 209/615/5 211/617/5 207/613/5
f 207/613/5 211/617/5 212/618/5
f 208/619/20 213/620/20 209/621/20
f 209/621/20 213/620/20 214/622/20
f 207/623/6 215/624/6 205/625/6
f 205/625/6 215/624/6 216/626/6
f 216/626/6 215/624/6 217/627/6
f 217/627/6 215/624/6 218/628/6
f 216/629/2 217/630/2 219/631/2
f 219/631/2 217/630/2 220/632/2
f 210/633/7 219/634/7 206/635/7
f 206/635/7 219/634/7 220/636/7
f 208/637/1 206/638/1 213/639/1
f 213/639/1 206/638/1 220/640/1
f 213/639/1 220/640/1 217/641/1
f 217/641/1 218/642/1 213/639/1
f 219/643/8 210/644/8 216/645/8
f 216/645/8 210/644/8 205/646/8
f 213/647/2 218/648/2 214/649/2
f 214/649/2 218/648/2 221/650/2
f 221/650/2 218/648/2 222/651/2
f 222/651/2 218/648/2 215/652/2
f 222/653/21 212/654/21 221/655/21
f 221/655/21 212/654/21 211/656/21
f 209/657/10 214/658/10 211/659/10
f 211/659/10 214/658/10 221/660/10
f 215/661/11 207/662/11 222/663/11
f 222/663/11 207/662/11 212/664/11
f 223/665/3 224/666/3 225/667/3
f 225/667/3 224/666/3 226/668/3
f 227/669/2 223/670/2 228/671/2
f 228/671/2 223/670/2 225/672/2
f 229/673/20 227/674/20 230/675/20
f 230/675/20 227/674/20 228/676/20
f 224/677/5 229/678/5 226/679/5
f 226/679/5 229/678/5 230/680/5
f 230/681/10 228/682/10 226/683/10
f 226/683/10 228/682/10 225/684/10
f 224/685/11 223/686/11 229/687/11
f 229/687/11 223/686/11 227/688/11
f 231/689/21 232/690/21 233/691/21
f 233/691/21 232/690/21 234/692/21
f 235/693/2 231/694/2 236/695/2
f 236/695/2 231/694/2 233/696/2
f 237/697/9 235/698/9 238/699/9
f 238/699/9 235/698/9 236/700/23
f 232/701/5 237/702/5 234/703/5
f 234/703/5 237/702/5 238/704/5
f 238/705/10 236/706/10 234/707/10
f 234/707/10 236/706/10 233/708/10
f 232/709/11 231/710/11 237/711/11
f 237/711/11 231/710/11 235/712/11
f 239/713/2 84/714/2 76/715/2
f 76/715/2 84/714/2 83/716/2
f 240/717/20 239/718/20 71/719/20
f 71/719/20 239/718/20 76/720/20
f 74/721/5 240/722/5 73/723/5
f 73/723/5 240/722/5 71/724/5
f 74/725/11 84/726/11 240/727/11
f 240/727/11 84/726/11 239/728/11
f 241/729/21 242/730/21 243/731/21
f 243/731/21 242/730/21 244/732/21
f 245/733/2 241/734/2 246/735/2
f 246/735/2 241/734/2 243/736/2
f 247/737/9 245/738/9 248/739/9
f 248/739/9 245/738/9 246/740/9
f 242/741/5 247/742/5 244/743/5
f 244/743/5 247/742/5 248/744/5
f 248/745/10 246/746/10 244/747/10
f 244/747/10 246/746/10 243/748/10
f 242/749/11 241/750/11 247/751/11
f 247/751/11 241/750/11 245/752/11
f 249/753/21 250/754/21 251/755/21
f 251/755/21 250/754/21 252/756/21
f 253/757/2 249/758/2 254/759/2
f 254/759/2 249/758/2 251/760/2
f 255/761/20 253/762/20 256/763/20
f 256/763/20 253/762/20 254/764/20
f 250/765/5 255/766/5 252/767/5
f 252/767/5 255/766/5 256/768/5
f 256/769/10 254/759/10 252/770/10
f 252/770/10 254/759/10 251/760/10
f 250/771/11 249/772/11 255/773/11
f 255/773/11 249/772/11 253/774/11
f 257/775/3 258/776/3 259/777/3
f 259/777/3 258/776/3 260/778/3
f 261/779/2 257/780/2 262/781/2
f 262/781/2 257/780/2 259/782/2
f 263/783/20 261/784/20 264/785/20
f 264/785/20 261/784/20 262/786/20
f 258/787/5 263/788/5 260/789/5
f 260/789/5 263/788/5 264/790/5
f 264/791/10 262/792/10 260/793/10
f 260/793/10 262/792/10 259/794/10
f 258/795/11 257/796/11 263/797/11
f 263/797/11 257/796/11 261/798/11
f 265/799/21 266/800/21 267/801/21
f 267/801/21 266/800/21 268/802/21
f 269/803/2 265/804/2 270/805/2
f 270/805/2 265/804/2 267/806/2
f 271/807/20 269/808/20 272/809/20
f 272/809/20 269/808/20 270/810/20
f 266/811/5 271/812/5 268/813/5
f 268/813/5 271/812/5 272/814/5
f 272/815/10 270/816/10 268/817/10
f 268/817/10 270/816/10 267/818/10
f 266/819/11 265/820/11 271/821/11
f 271/821/11 265/820/11 269/822/11
f 273/823/3 274/824/3 275/825/3
f 275/825/3 274/824/3 276/826/3
f 277/827/2 273/828/2 278/829/2
f 278/829/2 273/828/2 275/830/2
f 279/831/20 277/832/20 280/833/20
f 280/833/20 277/832/20 278/834/20
f 274/835/5 279/836/5 276/837/5
f 276/837/5 279/836/5 280/838/5
f 280/839/10 278/829/10 276/840/10
f 276/840/10 278/829/10 275/830/10
f 274/841/11 273/842/11 279/843/11
f 279/843/11 273/842/11 277/844/11
f 281/845/21 282/846/21 283/847/21
f 283/847/21 282/846/21 284/848/21
f 285/849/2 281/850/2 286/851/2
f 286/851/2 281/850/2 283/852/2
f 287/853/9 285/854/9 288/855/9
f 288/855/9 285/854/9 286/856/9
f 282/857/5 287/858/5 284/859/5
f 284/859/5 287/858/5 288/860/5
f 288/861/10 286/862/10 284/863/10
f 284/863/10 286/862/10 283/864/10
f 282/865/11 281/866/11 287/867/11
f 287/867/11 281/866/11 285/868/11
f 289/869/21 290/870/21 291/871/21
f 291/871/21 290/870/21 292/872/21
f 293/873/2 289/874/2 294/875/2
f 294/875/2 289/874/2 291/876/2
f 295/877/20 293/878/20 296/879/20
f 296/879/20 293/878/20 294/880/20
f 290/881/5 295/882/5 292/883/5
f 292/883/5 295/882/5 296/884/5
f 296/885/10 294/875/10 292/886/10
f 292/886/10 294/875/10 291/876/10
f 290/881/11 289/887/11 295/882/11
f 295/882/11 289/887/11 293/888/11
f 297/889/21 298/890/21 299/891/21
f 299/891/21 298/890/21 300/892/21
f 301/893/2 297/894/2 302/895/2
f 302/895/2 297/894/2 299/896/2
f 303/897/9 301/898/9 304/899/9
f 304/899/9 301/898/9 302/900/9
f 298/901/5 303/902/5 300/903/5
f 300/903/5 303/902/5 304/904/5
f 304/905/10 302/906/10 300/907/10
f 300/907/10 302/906/10 299/908/10
f 298/909/11 297/910/11 303/911/11
f 303/911/11 297/910/11 301/912/11
f 305/913/3 306/914/3 307/915/3
f 307/915/3 306/914/3 308/916/3
f 309/917/2 305/918/2 310/919/2
f 310/919/2 305/918/2 307/920/2
f 311/921/20 309/922/20 312/923/20
f 312/923/20 309/922/20 310/924/20
f 306/925/5 311/926/5 308/927/5
f 308/927/5 311/926/5 312/928/5
f 312/929/10 310/919/10 308/930/10
f 308/930/10 310/919/10 307/920/10
f 306/931/11 305/932/11 311/933/11
f 311/933/11 305/932/11 309/934/11
f 313/935/21 314/936/21 315/937/21
f 315/937/21 314/936/21 316/938/21
f 317/939/2 313/940/2 318/941/2
f 318/941/2 313/940/2 315/942/2
f 319/943/20 317/944/20 320/945/20
f 320/945/20 317/944/20 318/946/20
f 314/947/5 319/948/5 316/949/5
f 316/949/5 319/948/5 320/950/5
f 320/951/10 318/952/10 316/953/10
f 316/953/10 318/952/10 315/954/10
f 314/955/11 313/956/11 319/957/11
f 319/957/11 313/956/11 317/958/11
f 321/959/21 322/960/21 323/961/21
f 323/961/21 322/960/21 324/962/21
f 325/963/2 321/964/2 326/965/2
f 326/965/2 321/964/2 323/966/2
f 327/967/9 325/968/9 328/969/9
f 328/969/9 325/968/9 326/970/9
f 322/971/5 327/972/5 324/973/5
f 324/973/5 327/972/5 328/974/5
f 328/975/10 326/976/10 324/977/10
f 324/977/10 326/976/10 323/978/10
f 322/979/11 321/980/11 327/981/11
f 327/981/11 321/980/11 325/982/11
f 329/983/3 330/984/3 331/985/3
f 331/985/3 330/984/3 332/986/3
f 333/987/2 329/988/2 334/989/2
f 334/989/2 329/988/2 331/990/2
f 335/991/20 333/992/20 336/993/20
f 336/993/20 333/992/20 334/994/20
f 330/995/5 335/996/5 332/997/5
f 332/997/5 335/996/5 336/998/5
f 336/999/10 334/1000/10 332/1001/10
f 332/1001/10 334/1000/10 331/1002/10
f 330/1003/11 329/1004/11 335/1005/11
f 335/1005/11 329/1004/11 333/1006/11
f 337/1007/1 338/1008/1 339/1009/1
f 339/1009/1 338/1008/1 340/1010/1
f 340/1010/1 338/1008/1 341/1011/1
f 341/1011/1 338/1008/1 342/1012/1
f 343/1013/2 344/1014/2 337/1015/2
f 337/1015/2 344/1014/2 345/1016/2
f 337/1015/2 345/1016/2 346/1017/2
f 343/1013/2 347/1018/2 344/1014/2
f 346/1017/2 348/1019/2 337/1015/2
f 337/1015/2 348/1019/2 349/1020/2
f 337/1015/2 349/1020/2 338/1021/2
f 350/1022/3 351/1023/3 352/1024/4
f 352/1024/4 351/1023/3 353/1025/4
f 352/1024/4 353/1025/4 346/1026/4
f 346/1026/4 345/1027/4 352/1024/4
f 354/1028/5 350/1029/5 355/1030/5
f 355/1031/5 350/1032/5 352/1033/5
f 355/1031/5 352/1033/5 356/1034/5
f 356/1034/5 352/1033/5 357/1035/5
f 352/1036/1 345/1037/1 357/1038/1
f 357/1038/1 345/1037/1 358/1039/1
f 358/1039/1 345/1037/1 359/1040/1
f 359/1040/1 345/1037/1 344/1041/1
f 357/1042/6 358/1043/6 356/1044/6
f 356/1044/6 358/1043/6 360/1045/6
f 358/1046/2 359/1047/2 360/1048/2
f 360/1048/2 359/1047/2 361/1049/2
f 354/1050/7 355/1051/7 347/1052/7
f 347/1052/7 355/1051/7 361/1053/7
f 347/1052/7 361/1053/7 359/1054/7
f 359/1054/7 344/1055/7 347/1052/7
f 361/1056/8 355/1057/8 360/1058/8
f 360/1058/8 355/1057/8 356/1059/8
f 351/1060/5 362/1061/5 353/1062/5
f 353/1062/5 362/1061/5 363/1063/5
f 362/1064/9 349/1065/9 363/1066/9
f 363/1066/9 349/1065/9 348/1067/9
f 363/1068/10 348/1069/10 353/1070/10
f 353/1070/10 348/1069/10 346/1071/10
f 338/1072/12 349/1073/12 342/1074/24
f 342/1074/24 349/1073/12 362/1075/14
f 342/1074/24 362/1075/14 364/1076/15
f 364/1076/15 362/1075/14 351/1077/16
f 364/1076/15 351/1077/16 354/1078/17
f 354/1078/17 351/1077/16 350/1079/25
f 354/1078/17 347/1080/11 364/1076/15
f 364/1076/15 347/1080/11 343/1081/11
f 365/1082/7 366/1083/7 341/1084/7
f 341/1084/7 366/1083/7 340/1085/7
f 364/1086/5 367/1087/5 342/1088/5
f 342/1088/5 367/1087/5 365/1089/5
f 342/1088/5 365/1089/5 341/1090/5
f 339/1091/6 368/1092/6 343/1093/6
f 343/1093/6 368/1092/6 367/1094/6
f 343/1093/6 367/1094/6 364/1095/6
f 343/1093/6 337/1096/6 339/1091/6
f 366/1097/2 368/1098/2 340/1099/2
f 340/1099/2 368/1098/2 339/1100/2
f 366/1101/8 365/1102/8 368/1103/8
f 368/1103/8 365/1102/8 367/1104/8
f 369/1105/2 370/1106/2 371/1107/2
f 371/1107/2 370/1106/2 372/1108/2
f 373/1109/5 374/1110/5 375/1111/5
f 375/1111/5 374/1110/5 376/1112/5
f 369/1113/6 373/1114/6 370/1115/6
f 370/1115/6 373/1114/6 375/1116/6
f 374/1117/7 371/1118/7 376/1119/7
f 376/1119/7 371/1118/7 372/1120/7
f 376/1121/1 372/1122/1 375/1123/1
f 375/1123/1 372/1122/1 370/1124/1
f 371/1125/8 374/1126/8 369/1127/8
f 369/1127/8 374/1126/8 373/1128/8
f 377/1129/21 378/1130/26 379/1131/21
f 379/1131/21 378/1130/26 380/1132/21
f 381/1133/2 377/1134/2 382/1135/2
f 382/1135/2 377/1134/2 379/1136/2
f 383/1137/9 381/1138/9 384/1139/9
f 384/1139/9 381/1138/9 382/1140/9
f 378/1141/5 383/1142/5 380/1143/5
f 380/1143/5 383/1142/5 384/1144/5
f 384/1145/10 382/1146/10 380/1147/10
f 380/1147/10 382/1146/10 379/1148/10
f 378/1149/11 377/1150/11 383/1151/11
f 383/1151/11 377/1150/11 381/1152/11
f 385/1153/21 386/1154/21 387/1155/21
f 387/1155/21 386/1154/21 388/1156/21
f 389/1157/2 385/1158/2 390/1159/2
f 390/1159/2 385/1158/2 387/1160/2
f 391/1161/20 389/1162/20 392/1163/20
f 392/1163/20 389/1162/20 390/1164/20
f 386/1165/5 391/1166/5 388/1167/5
f 388/1167/5 391/1166/5 392/1168/5
f 392/1169/10 390/1170/10 388/1171/10
f 388/1171/10 390/1170/10 387/1172/10
f 386/1173/11 385/1174/11 391/1175/11
f 391/1175/11 385/1174/11 389/1176/11
f 393/1177/3 394/1178/3 395/1179/3
f 395/1179/3 394/1178/3 396/1180/3
f 397/1181/2 393/1182/2 398/1183/2
f 398/1183/2 393/1182/2 395/1184/2
f 399/1185/20 397/1186/20 400/1187/20
f 400/1187/20 397/1186/20 398/1188/20
f 394/1189/5 399/1190/5 396/1191/5
f 396/1191/5 399/1190/5 400/1192/5
f 400/1193/10 398/1194/10 396/1195/10
f 396/1195/10 398/1194/10 395/1196/10
f 394/1197/11 393/1198/11 399/1199/11
f 399/1199/11 393/1198/11 397/1200/11
f 401/1201/21 402/1202/21 403/1203/26
f 403/1203/26 402/1202/21 404/1204/21
f 405/1205/2 401/1206/2 406/1207/2
f 406/1207/2 401/1206/2 403/1208/2
f 407/1209/20 405/1210/20 408/1211/20
f 408/1211/20 405/1210/20 406/1212/20
f 402/1213/5 407/1214/5 404/1215/5
f 404/1215/5 407/1214/5 408/1216/5
f 408/1217/10 406/1218/10 404/1219/10
f 404/1219/10 406/1218/10 403/1220/10
f 402/1221/11 401/1222/11 407/1223/11
f 407/1223/11 401/1222/11 405/1224/11
f 409/1225/21 410/1226/21 411/1227/21
f 411/1227/21 410/1226/21 412/1228/21
f 413/1229/2 409/1230/2 414/1231/2
f 414/1231/2 409/1230/2 411/1232/2
f 415/1233/9 413/1234/9 416/1235/9
f 416/1235/9 413/1234/9 414/1236/9
f 410/1237/5 415/1238/5 412/1239/5
f 412/1239/5 415/1238/5 416/1240/5
f 416/1241/10 414/1242/10 412/1243/10
f 412/1243/10 414/1242/10 411/1244/10
f 410/1245/11 409/1230/11 415/1246/11
f 415/1246/11 409/1230/11 413/1229/11
f 417/1247/3 418/1248/3 419/1249/3
f 419/1249/3 418/1248/3 420/1250/3
f 421/1251/2 417/1252/2 422/1253/2
f 422/1253/2 417/1252/2 419/1254/2
f 423/1255/20 421/1256/20 424/1257/20
f 424/1257/20 421/1256/20 422/1258/20
f 418/1259/5 423/1260/5 420/1261/5
f 420/1261/5 423/1260/5 424/1262/5
f 424/1263/10 422/1264/10 420/1265/10
f 420/1265/10 422/1264/10 419/1266/10
f 418/1267/11 417/1268/11 423/1269/11
f 423/1269/11 417/1268/11 421/1270/11
f 425/1271/21 426/1272/21 427/1273/21
f 427/1273/21 426/1272/21 428/1274/21
f 429/1275/2 425/1276/2 430/1277/2
f 430/1277/2 425/1276/2 427/1278/2
f 431/1279/20 429/1280/20 432/1281/20
f 432/1281/20 429/1280/20 430/1282/20
f 426/1283/5 431/1284/5 428/1285/5
f 428/1285/5 431/1284/5 432/1286/5
f 432/1287/10 430/1288/10 428/1289/10
f 428/1289/10 430/1288/10 427/1290/10
f 426/1291/11 425/1292/11 431/1293/11
f 431/1293/11 425/1292/11 429/1294/11
f 433/1295/21 434/1296/21 435/1297/21
f 435/1297/21 434/1296/21 436/1298/21
f 437/1299/2 433/1300/2 438/1301/2
f 438/1301/2 433/1300/2 435/1302/2
f 439/1303/9 437/1304/9 440/1305/9
f 440/1305/9 437/1304/9 438/1306/9
f 434/1307/5 439/1308/5 436/1309/5
f 436/1309/5 439/1308/5 440/1310/5
f 440/1311/10 438/1312/10 436/1313/10
f 436/1313/10 438/1312/10 435/1314/10
f 434/1307/11 433/1315/11 439/1308/11
f 439/1308/11 433/1315/11 437/1316/11
f 441/1317/3 442/1318/3 443/1319/3
f 443/1319/3 442/1318/3 444/1320/3
f 445/1321/2 441/1322/2 446/1323/2
f 446/1323/2 441/1322/2 443/1324/2
f 447/1325/20 445/1326/20 448/1327/20
f 448/1327/20 445/1326/20 446/1328/20
f 442/1329/5 447/1330/5 444/1331/5
f 444/1331/5 447/1330/5 448/1332/5
f 448/1333/10 446/1334/10 444/1335/10
f 444/1335/10 446/1334/10 443/1336/10
f 442/1337/11 441/1338/11 447/1339/11
f 447/1339/11 441/1338/11 445/1340/11
f 449/1341/21 450/1342/21 451/1343/21
f 451/1343/21 450/1342/21 452/1344/21
f 453/1345/2 449/1346/2 454/1347/2
f 454/1347/2 449/1346/2 451/1348/2
f 455/1349/20 453/1350/20 456/1351/20
f 456/1351/20 453/1350/20 454/1352/20
f 450/1353/5 455/1354/5 452/1355/5
f 452/1355/5 455/1354/5 456/1356/5
f 456/1357/10 454/1358/10 452/1359/10
f 452/1359/10 454/1358/10 451/1360/10
f 450/1361/11 449/1362/11 455/1363/11
f 455/1363/11 449/1362/11 453/1364/11
f 457/1365/21 458/1366/21 459/1367/21
f 459/1367/21 458/1366/21 460/1368/21
f 461/1369/2 457/1370/2 462/1371/2
f 462/1371/2 457/1370/2 459/1372/2
f 463/1373/9 461/1374/9 464/1375/9
f 464/1375/9 461/1374/9 462/1376/9
f 458/1377/5 463/1378/5 460/1379/5
f 460/1379/5 463/1378/5 464/1380/5
f 464/1381/10 462/1382/10 460/1383/10
f 460/1383/10 462/1382/10 459/1384/10
f 458/1385/11 457/1386/11 463/1387/11
f 463/1387/11 457/1386/11 461/1388/11
f 465/1389/3 466/1390/3 467/1391/3
f 467/1391/3 466/1390/3 468/1392/3
f 469/1393/2 465/1394/2 470/1395/2
f 470/1395/2 465/1394/2 467/1396/2
f 471/1397/20 469/1398/20 472/1399/20
f 472/1399/20 469/1398/20 470/1400/20
f 466/1401/5 471/1402/5 468/1403/5
f 468/1403/5 471/1402/5 472/1404/5
f 472/1405/10 470/1406/10 468/1407/10
f 468/1407/10 470/1406/10 467/1408/10
f 466/1409/11 465/1410/11 471/1411/11
f 471/1411/11 465/1410/11 469/1412/11
f 473/1413/27 474/1414/21 475/1415/21
f 475/1415/21 474/1414/21 476/1416/21
f 477/1417/2 473/1418/2 478/1419/2
f 478/1419/2 473/1418/2 475/1420/2
f 479/1421/20 477/1422/20 480/1423/20
f 480/1423/20 477/1422/20 478/1424/20
f 474/1425/5 479/1426/5 476/1427/5
f 476/1427/5 479/1426/5 480/1428/5
f 480/1429/10 478/1430/10 476/1431/10
f 476/1431/10 478/1430/10 475/1432/10
f 474/1433/11 473/1418/11 479/1434/11
f 479/1434/11 473/1418/11 477/1417/11
f 481/1435/21 482/1436/21 483/1437/21
f 483/1437/21 482/1436/21 484/1438/21
f 485/1439/2 481/1440/2 486/1441/2
f 486/1441/2 481/1440/2 483/1442/2
f 487/1443/9 485/1444/9 488/1445/9
f 488/1445/9 485/1444/9 486/1446/9
f 482/1447/5 487/1448/5 484/1449/5
f 484/1449/5 487/1448/5 488/1450/5
f 488/1451/10 486/1452/10 484/1453/10
f 484/1453/10 486/1452/10 483/1454/10
f 482/1455/11 481/1456/11 487/1457/11
f 487/1457/11 481/1456/11 485/1458/11
f 489/1459/3 490/1460/3 491/1461/3
f 491/1461/3 490/1460/3 492/1462/3
f 493/1463/2 489/1464/2 494/1465/2
f 494/1465/2 489/1464/2 491/1466/2
f 495/1467/20 493/1468/20 496/1469/20
f 496/1469/20 493/1468/20 494/1470/20
f 490/1471/5 495/1472/5 492/1473/5
f 492/1473/5 495/1472/5 496/1474/5
f 496/1475/10 494/1476/10 492/1477/10
f 492/1477/10 494/1476/10 491/1478/10
f 490/1479/11 489/1480/11 495/1481/11
f 495/1481/11 489/1480/11 493/1482/11
f 497/1483/1 498/1484/1 499/1485/1
f 499/1485/1 498/1484/1 500/1486/1
f 500/1486/1 498/1484/1 501/1487/1
f 501/1487/1 498/1484/1 502/1488/1
f 503/1489/2 504/1490/2 497/1491/2
f 497/1491/2 504/1490/2 505/1492/2
f 497/1491/2 505/1492/2 506/1493/2
f 503/1489/2 507/1494/2 504/1490/2
f 506/1493/2 508/1495/2 497/1491/2
f 497/1491/2 508/1495/2 509/1496/2
f 497/1491/2 509/1496/2 498/1497/2
f 510/1498/3 511/1499/3 512/1500/4
f 512/1500/4 511/1499/3 513/1501/4
f 512/1500/4 513/1501/4 506/1502/4
f 506/1502/4 505/1503/4 512/1500/4
f 514/1504/5 510/1505/5 515/1506/5
f 515/1507/5 510/1508/5 512/1509/5
f 515/1507/5 512/1509/5 516/1510/5
f 516/1510/5 512/1509/5 517/1511/5
f 512/1512/1 505/1513/1 517/1514/1
f 517/1514/1 505/1513/1 518/1515/1
f 518/1515/1 505/1513/1 519/1516/1
f 519/1516/1 505/1513/1 504/1517/1
f 517/1518/6 518/1519/6 516/1520/6
f 516/1520/6 518/1519/6 520/1521/6
f 518/1522/2 519/1523/2 520/1524/2
f 520/1524/2 519/1523/2 521/1525/2
f 514/1526/7 515/1527/7 507/1528/7
f 507/1528/7 515/1527/7 521/1529/7
f 507/1528/7 521/1529/7 519/1530/7
f 519/1530/7 504/1531/7 507/1528/7
f 521/1532/8 515/1533/8 520/1534/8
f 520/1534/8 515/1533/8 516/1535/8
f 511/1536/5 522/1537/5 513/1538/5
f 513/1538/5 522/1537/5 523/1539/5
f 522/1540/9 509/1541/9 523/1542/9
f 523/1542/9 509/1541/9 508/1543/9
f 523/1544/10 508/1545/10 513/1546/10
f 513/1546/10 508/1545/10 506/1547/10
f 498/1548/12 509/1549/11 502/1550/13
f 502/1550/13 509/1549/11 522/1551/14
f 502/1550/13 522/1551/14 524/1552/15
f 524/1552/15 522/1551/14 511/1553/16
f 524/1552/15 511/1553/16 514/1554/17
f 514/1554/17 511/1553/16 510/1555/12
f 514/1554/17 507/1556/11 524/1552/15
f 524/1552/15 507/1556/11 503/1557/11
f 525/1558/7 526/1559/7 501/1560/7
f 501/1560/7 526/1559/7 500/1561/7
f 524/1562/5 527/1563/5 502/1564/5
f 502/1564/5 527/1563/5 525/1565/5
f 502/1564/5 525/1565/5 501/1566/5
f 499/1567/6 528/1568/6 503/1569/6
f 503/1569/6 528/1568/6 527/1570/6
f 503/1569/6 527/1570/6 524/1571/6
f 503/1569/6 497/1572/6 499/1567/6
f 526/1573/2 528/1574/2 500/1575/2
f 500/1575/2 528/1574/2 499/1576/2
f 526/1577/8 525/1578/8 528/1579/8
f 528/1579/8 525/1578/8 527/1580/8
f 529/1581/2 530/1582/2 531/1583/2
f 531/1583/2 530/1582/2 532/1584/2
f 533/1585/5 534/1586/5 535/1587/5
f 535/1587/5 534/1586/5 536/1588/5
f 529/1589/6 533/1590/6 530/1591/6
f 530/1591/6 533/1590/6 535/1592/6
f 534/1593/7 531/1594/7 536/1595/7
f 536/1595/7 531/1594/7 532/1596/7
f 536/1597/1 532/1598/1 535/1599/1
f 535/1599/1 532/1598/1 530/1600/1
f 531/1601/8 534/1602/8 529/1603/8
f 529/1603/8 534/1602/8 533/1604/8
f 537/1605/5 538/1606/5 539/1607/5
f 539/1607/5 538/1606/5 540/1608/5
f 539/1609/5 540/1610/5 392/1611/5
f 537/1605/5 541/1612/5 538/1606/5
f 392/1611/5 388/1613/5 539/1609/5
f 539/1609/5 388/1613/5 386/1614/5
f 540/1615/20 542/1616/20 392/1617/20
f 392/1617/20 542/1616/20 390/1618/20
f 539/1619/6 543/1620/6 537/1621/6
f 537/1621/6 543/1620/6 544/1622/6
f 544/1622/6 543/1620/6 545/1623/6
f 545/1623/6 543/1620/6 546/1624/6
f 544/1625/2 545/1626/2 547/1627/2
f 547/1627/2 545/1626/2 548/1628/2
f 541/1629/7 547/1630/7 538/1631/7
f 538/1631/7 547/1630/7 548/1632/7
f 540/1633/1 538/1634/1 542/1635/1
f 542/1635/1 538/1634/1 548/1636/1
f 542/1635/1 548/1636/1 545/1637/1
f 545/1637/1 546/1638/1 542/1635/1
f 547/1639/8 541/1640/8 544/1641/8
f 544/1641/8 541/1640/8 537/1642/8
f 542/1643/2 546/1644/2 390/1645/2
f 390/1645/2 546/1644/2 387/1646/2
f 387/1646/2 546/1644/2 385/1647/2
f 385/1647/2 546/1644/2 543/1648/2
f 543/1649/11 539/1609/11 385/1650/11
f 385/1650/11 539/1609/11 386/1614/11
f 549/1651/1 550/1652/1 551/1653/1
f 551/1653/1 550/1652/1 552/1654/1
f 552/1654/1 550/1652/1 553/1655/1
f 553/1655/1 550/1652/1 554/1656/1
f 553/1655/1 554/1656/1 555/1657/1
f 555/1657/1 554/1656/1 556/1658/1
f 554/1659/28 557/1660/5 556/1661/5
f 556/1661/5 557/1660/5 558/1662/5
f 556/1661/5 558/1662/5 559/1663/29
f 559/1663/29 560/1664/5 556/1661/5
f 556/1661/5 560/1664/5 561/1665/30
f 556/1661/5 561/1665/30 562/1666/5
f 562/1666/5 561/1665/30 563/1667/5
f 560/1668/4 559/1669/4 564/1670/4
f 564/1670/4 559/1669/4 565/1671/4
f 566/1672/7 567/1673/7 568/1674/7
f 568/1674/7 567/1673/7 569/1675/7
f 569/1675/7 567/1673/7 570/1676/7
f 570/1676/7 567/1673/7 563/1677/7
f 570/1676/7 563/1677/7 571/1678/7
f 571/1678/7 563/1677/7 561/1679/7
f 566/1680/1 568/1681/1 564/1682/1
f 564/1682/1 568/1681/1 572/1683/1
f 564/1682/1 572/1683/1 573/1684/1
f 564/1682/1 573/1684/1 560/1685/1
f 560/1685/1 573/1684/1 571/1686/1
f 560/1685/1 571/1686/1 561/1687/1
f 573/1688/6 572/1689/6 574/1690/6
f 574/1690/6 572/1689/6 575/1691/6
f 572/1692/2 568/1693/2 575/1694/2
f 575/1694/2 568/1693/2 569/1695/2
f 571/1696/5 573/1697/5 570/1698/5
f 570/1698/5 573/1697/5 574/1699/5
f 569/1700/8 570/1701/8 575/1702/8
f 575/1702/8 570/1701/8 574/1703/8
f 576/1704/11 562/1705/11 567/1706/11
f 567/1706/11 562/1705/11 563/1707/11
f 554/1708/11 550/1709/12 557/1710/12
f 557/1710/12 550/1709/12 577/1711/12
f 576/1712/2 566/1713/31 549/1714/2
f 549/1714/2 566/1713/31 564/1715/2
f 549/1714/2 564/1715/2 565/1716/19
f 576/1712/2 567/1717/2 566/1713/31
f 565/1716/19 578/1718/2 549/1714/2
f 549/1714/2 578/1718/2 577/1719/2
f 549/1714/2 577/1719/2 550/1720/2
f 557/1721/9 577/1722/9 558/1723/9
f 558/1723/9 577/1722/9 578/1724/9
f 558/1725/10 578/1726/10 559/1727/10
f 559/1727/10 578/1726/10 565/1728/10
f 579/1729/7 580/1730/7 553/1731/7
f 553/1731/7 580/1730/7 552/1732/7
f 581/1733/5 579/1734/5 555/1735/5
f 555/1735/5 579/1734/5 553/1736/5
f 551/1737/6 582/1738/6 576/1739/6
f 576/1739/6 582/1738/6 581/1740/6
f 576/1739/6 581/1740/6 562/1741/6
f 562/1741/6 581/1740/6 555/1742/6
f 562/1741/6 555/1742/6 556/1743/6
f 576/1739/6 549/1744/6 551/1737/6
f 580/1745/2 582/1746/2 552/1747/2
f 552/1747/2 582/1746/2 551/1748/2
f 580/1749/8 579/1750/8 582/1751/8
f 582/1751/8 579/1750/8 581/1752/8
f 583/1753/21 584/1754/21 585/1755/21
f 585/1755/21 584/1754/21 586/1756/21
f 587/1757/2 583/1758/2 588/1759/2
f 588/1759/2 583/1758/2 585/1760/2
f 589/1761/9 587/1762/9 590/1763/9
f 590/1763/9 587/1762/9 588/1764/9
f 584/1765/5 589/1766/5 586/1767/5
f 586/1767/5 589/1766/5 590/1768/5
f 590/1769/10 588/1770/10 586/1771/10
f 586/1771/10 588/1770/10 585/1772/10
f 584/1773/11 583/1774/11 589/1775/11
f 589/1775/11 583/1774/11 587/1776/11
f 591/1777/2 592/1778/2 593/1779/2
f 593/1779/2 592/1778/2 594/1780/2
f 595/1781/5 596/1782/5 597/1783/5
f 597/1783/5 596/1782/5 598/1784/5
f 591/1785/6 595/1786/6 592/1787/6
f 592/1787/6 595/1786/6 597/1788/6
f 596/1789/7 593/1790/7 598/1791/7
f 598/1791/7 593/1790/7 594/1792/7
f 598/1793/1 594/1794/1 597/1795/1
f 597/1795/1 594/1794/1 592/1796/1
f 593/1797/8 596/1798/8 591/1799/8
f 591/1799/8 596/1798/8 595/1800/8
f 599/1801/3 600/1802/3 601/1803/3
f 601/1803/3 600/1802/3 602/1804/3
f 603/1805/2 599/1806/2 604/1807/2
f 604/1807/2 599/1806/2 601/1808/2
f 605/1809/20 603/1810/20 606/1811/20
f 606/1811/20 603/1810/20 604/1812/20
f 600/1813/5 605/1814/5 602/1815/5
f 602/1815/5 605/1814/5 606/1816/5
f 606/1817/10 604/1818/10 602/1819/10
f 602/1819/10 604/1818/10 601/1820/10
f 600/1821/11 599/1822/11 605/1823/11
f 605/1823/11 599/1822/11 603/1824/11
f 607/1825/21 608/1826/21 609/1827/21
f 609/1827/21 608/1826/21 610/1828/21
f 611/1829/2 607/1830/2 612/1831/2
f 612/1831/2 607/1830/2 609/1832/2
f 613/1833/9 611/1834/9 614/1835/9
f 614/1835/9 611/1834/9 612/1836/9
f 608/1837/5 613/1838/5 610/1839/5
f 610/1839/5 613/1838/5 614/1840/5
f 614/1841/10 612/1842/10 610/1843/10
f 610/1843/10 612/1842/10 609/1844/10
f 608/1845/11 607/1846/11 613/1847/11
f 613/1847/11 607/1846/11 611/1848/11
f 615/1849/21 616/1850/21 617/1851/21
f 617/1851/21 616/1850/21 618/1852/21
f 619/1853/2 615/1854/2 620/1855/2
f 620/1855/2 615/1854/2 617/1856/2
f 621/1857/9 619/1858/22 622/1859/9
f 622/1859/9 619/1858/22 620/1860/9
f 616/1861/5 621/1862/5 618/1863/5
f 618/1863/5 621/1862/5 622/1864/5
f 622/1865/10 620/1866/10 618/1867/10
f 618/1867/10 620/1866/10 617/1868/10
f 616/1869/11 615/1870/11 621/1871/11
f 621/1871/11 615/1870/11 619/1872/11
f 623/1873/21 624/1874/21 625/1875/21
f 625/1875/21 624/1874/21 626/1876/21
f 627/1877/2 623/1878/2 628/1879/2
f 628/1879/2 623/1878/2 625/1880/2
f 629/1881/9 627/1882/9 630/1883/9
f 630/1883/9 627/1882/9 628/1884/9
f 624/1885/5 629/1886/5 626/1887/5
f 626/1887/5 629/1886/5 630/1888/5
f 630/1889/10 628/1890/10 626/1891/10
f 626/1891/10 628/1890/10 625/1892/10
f 624/1893/11 623/1894/11 629/1895/11
f 629/1895/11 623/1894/11 627/1896/11
f 631/1897/5 632/1898/5 633/1899/5
f 633/1899/5 632/1898/5 634/1900/5
f 633/1901/5 634/1902/5 635/1903/5
f 631/1897/5 636/1904/5 632/1898/5
f 635/1903/5 637/1905/5 633/1901/5
f 633/1901/5 637/1905/5 638/1906/5
f 634/1907/20 639/1908/20 635/1909/20
f 635/1909/20 639/1908/20 640/1910/20
f 633/1911/6 641/1912/6 631/1913/6
f 631/1913/6 641/1912/6 642/1914/6
f 642/1914/6 641/1912/6 643/1915/6
f 643/1915/6 641/1912/6 644/1916/6
f 642/1917/2 643/1918/2 645/1919/2
f 645/1919/2 643/1918/2 646/1920/2
f 636/1921/7 645/1922/7 632/1923/7
f 632/1923/7 645/1922/7 646/1924/7
f 634/1925/1 632/1926/1 639/1927/1
f 639/1927/1 632/1926/1 646/1928/1
f 639/1927/1 646/1928/1 643/1929/1
f 643/1929/1 644/1930/1 639/1927/1
f 645/1931/8 636/1932/8 642/1933/8
f 642/1933/8 636/1932/8 631/1934/8
f 639/1935/2 644/1936/2 640/1937/2
f 640/1938/2 644/1939/2 647/1940/2
f 647/1940/2 644/1939/2 648/1941/2
f 648/1941/2 644/1939/2 641/1942/2
f 648/1943/21 638/1944/21 647/1945/21
f 647/1945/21 638/1944/21 637/1946/21
f 635/1947/10 640/1948/10 637/1949/10
f 637/1949/10 640/1948/10 647/1950/10
f 641/1942/11 633/1951/11 648/1941/11
f 648/1941/11 633/1951/11 638/1952/11
f 649/1953/1 650/1954/1 551/1955/1
f 551/1955/1 650/1954/1 552/1956/1
f 552/1956/1 650/1954/1 553/1957/1
f 553/1957/1 650/1954/1 651/1958/1
f 652/1959/2 653/1960/2 649/1961/2
f 649/1961/2 653/1960/2 654/1962/2
f 649/1961/2 654/1962/2 655/1963/2
f 652/1959/2 656/1964/2 653/1960/2
f 655/1963/2 657/1965/2 649/1961/2
f 649/1961/2 657/1965/2 658/1966/2
f 649/1961/2 658/1966/2 650/1967/32
f 659/1968/3 660/1969/3 661/1970/4
f 661/1970/4 660/1969/3 662/1971/4
f 661/1970/4 662/1971/4 655/1972/4
f 655/1972/4 654/1973/4 661/1970/4
f 663/1974/5 659/1975/5 570/1976/5
f 570/1977/5 659/1978/5 661/1979/5
f 570/1977/5 661/1979/5 574/1980/5
f 574/1980/5 661/1979/5 573/1981/5
f 661/1982/1 654/1983/1 573/1984/1
f 573/1984/1 654/1983/1 572/1985/1
f 572/1985/1 654/1983/1 568/1986/1
f 568/1986/1 654/1983/1 653/1987/1
f 663/1988/7 570/1989/7 656/1990/7
f 656/1990/7 570/1989/7 569/1991/7
f 656/1990/7 569/1991/7 568/1992/7
f 568/1992/7 653/1993/7 656/1990/7
f 660/1994/5 664/1995/5 662/1996/5
f 662/1996/5 664/1995/5 665/1997/5
f 664/1998/9 658/1999/9 665/2000/9
f 665/2000/9 658/1999/9 657/2001/9
f 665/2002/10 657/2003/10 662/2004/10
f 662/2004/10 657/2003/10 655/2005/10
f 650/2006/12 658/2007/33 651/2008/13
f 651/2008/13 658/2007/33 664/2009/14
f 651/2008/13 664/2009/14 666/2010/15
f 666/2010/15 664/2009/14 660/2011/16
f 666/2010/15 660/2011/16 663/2012/17
f 663/2012/17 660/2011/16 659/2013/18
f 663/2012/17 656/2014/11 666/2010/15
f 666/2010/15 656/2014/11 652/2015/11
f 666/2016/5 581/2017/5 651/2018/5
f 651/2018/5 581/2017/5 579/2019/5
f 651/2018/5 579/2019/5 553/2020/5
f 551/2021/6 582/2022/6 652/2023/6
f 652/2023/6 582/2022/6 581/2024/6
f 652/2023/6 581/2024/6 666/2025/6
f 652/2023/6 649/2026/6 551/2021/6
f 667/2027/3 668/2028/3 669/2029/3
f 669/2029/3 668/2028/3 670/2030/3
f 671/2031/2 667/2032/2 672/2033/2
f 672/2033/2 667/2032/2 669/2034/2
f 673/2035/20 671/2036/20 674/2037/20
f 674/2037/20 671/2036/20 672/2038/20
f 668/2039/5 673/2040/5 670/2041/5
f 670/2041/5 673/2040/5 674/2042/5
f 674/2043/10 672/2044/10 670/2045/10
f 670/2045/10 672/2044/10 669/2046/10
f 668/2047/11 667/2048/11 673/2049/11
f 673/2049/11 667/2048/11 671/2050/11
f 675/2051/21 676/2052/21 677/2053/21
f 677/2053/21 676/2052/21 678/2054/21
f 679/2055/2 675/2056/2 680/2057/2
f 680/2057/2 675/2056/2 677/2058/2
f 681/2059/20 679/2060/20 682/2061/20
f 682/2061/20 679/2060/20 680/2062/20
f 676/2063/5 681/2064/5 678/2065/5
f 678/2065/5 681/2064/5 682/2066/5
f 682/2067/10 680/2068/10 678/2069/10
f 678/2069/10 680/2068/10 677/2070/10
f 676/2071/11 675/2072/11 681/2073/11
f 681/2073/11 675/2072/11 679/2074/11
f 683/2075/3 684/2076/3 685/2077/3
f 685/2077/3 684/2076/3 686/2078/3
f 687/2079/2 683/2080/2 688/2081/2
f 688/2081/2 683/2080/2 685/2082/2
f 689/2083/20 687/2084/20 690/2085/20
f 690/2085/20 687/2084/20 688/2086/20
f 684/2087/5 689/2088/5 686/2089/5
f 686/2089/5 689/2088/5 690/2090/5
f 690/2091/10 688/2092/10 686/2093/10
f 686/2093/10 688/2092/10 685/2094/10
f 684/2095/11 683/2096/11 689/2097/11
f 689/2097/11 683/2096/11 687/2098/11
f 691/2099/3 692/2100/3 693/2101/3
f 693/2101/3 692/2100/3 694/2102/3
f 695/2103/2 691/2104/2 696/2105/2
f 696/2105/2 691/2104/2 693/2106/2
f 697/2107/20 695/2108/20 698/2109/20
f 698/2109/20 695/2108/20 696/2110/20
f 692/2111/5 697/2112/5 694/2113/5
f 694/2113/5 697/2112/5 698/2114/5
f 698/2115/10 696/2116/10 694/2117/10
f 694/2117/10 696/2116/10 693/2118/10
f 692/2119/11 691/2120/11 697/2121/11
f 697/2121/11 691/2120/11 695/2122/11
f 699/2123/21 700/2124/21 701/2125/21
f 701/2125/21 700/2124/21 702/2126/21
f 703/2127/2 699/2128/2 704/2129/2
f 704/2129/2 699/2128/2 701/2130/2
f 705/2131/9 703/2132/9 706/2133/9
f 706/2133/9 703/2132/9 704/2134/9
f 700/2135/5 705/2136/5 702/2137/5
f 702/2137/5 705/2136/5 706/2138/5
f 706/2139/10 704/2140/10 702/2141/10
f 702/2141/10 704/2140/10 701/2142/10
f 700/2143/11 699/2144/11 705/2145/11
f 705/2145/11 699/2144/11 703/2146/11
f 707/2147/21 708/2148/21 709/2149/21
f 709/2149/21 708/2148/21 710/2150/21
f 711/2151/2 707/2152/2 712/2153/2
f 712/2153/2 707/2152/2 709/2154/2
f 713/2155/20 711/2156/20 714/2157/20
f 714/2157/20 711/2156/20 712/2158/20
f 708/2159/5 713/2160/5 710/2161/5
f 710/2161/5 713/2160/5 714/2162/5
f 714/2163/10 712/2164/10 710/2165/10
f 710/2165/10 712/2164/10 709/2166/10
f 708/2167/11 707/2168/11 713/2169/11
f 713/2169/11 707/2168/11 711/2170/11
f 715/2171/3 716/2172/3 717/2173/3
f 717/2173/3 716/2172/3 718/2174/3
f 719/2175/2 715/2176/2 720/2177/2
f 720/2177/2 715/2176/2 717/2178/2
f 721/2179/20 719/2180/20 722/2181/20
f 722/2181/20 719/2180/20 720/2182/20
f 716/2183/5 721/2184/5 718/2185/5
f 718/2185/5 721/2184/5 722/2186/5
f 722/2187/10 720/2188/10 718/2189/10
f 718/2189/10 720/2188/10 717/2190/10
f 716/2191/11 715/2192/11 721/2193/11
f 721/2193/11 715/2192/11 719/2194/11
f 723/2195/1 724/2196/1 725/2197/1
f 725/2197/1 724/2196/1 726/2198/1
f 726/2198/1 724/2196/1 727/2199/1
f 727/2199/1 724/2196/1 728/2200/1
f 729/2201/2 730/2202/2 723/2203/2
f 723/2203/2 730/2202/2 731/2204/2
f 723/2203/2 731/2204/2 732/2205/2
f 729/2201/2 733/2206/2 730/2202/2
f 732/2205/2 734/2207/2 723/2203/2
f 723/2203/2 734/2207/2 735/2208/2
f 723/2203/2 735/2208/2 724/2209/2
f 736/2210/4 737/2211/4 738/2212/4
f 738/2212/4 737/2211/4 739/2213/4
f 738/2212/4 739/2213/4 732/2214/4
f 732/2214/4 731/2215/4 738/2212/4
f 740/2216/5 736/2217/5 741/2218/5
f 741/2219/5 736/2220/5 738/2221/5
f 741/2219/5 738/2221/5 742/2222/5
f 742/2222/5 738/2221/5 743/2223/5
f 738/2224/1 731/2225/1 743/2226/1
f 743/2226/1 731/2225/1 744/2227/1
f 744/2227/1 731/2225/1 745/2228/1
f 745/2228/1 731/2225/1 730/2229/1
f 743/2230/6 744/2231/6 742/2232/6
f 742/2232/6 744/2231/6 746/2233/6
f 744/2234/2 745/2235/2 746/2236/2
f 746/2236/2 745/2235/2 747/2237/2
f 740/2238/7 741/2239/7 733/2240/7
f 733/2240/7 741/2239/7 747/2241/7
f 733/2240/7 747/2241/7 745/2242/7
f 745/2242/7 730/2243/7 733/2240/7
f 747/2244/8 741/2245/8 746/2246/8
f 746/2246/8 741/2245/8 742/2247/8
f 737/2248/5 748/2249/5 739/2250/5
f 739/2250/5 748/2249/5 749/2251/5
f 748/2252/9 735/2253/9 749/2254/9
f 749/2254/9 735/2253/9 734/2255/9
f 749/2256/10 734/2257/10 739/2258/10
f 739/2258/10 734/2257/10 732/2259/10
f 724/2260/12 735/2261/12 728/2262/13
f 728/2262/13 735/2261/12 748/2263/34
f 728/2262/13 748/2263/34 750/2264/15
f 750/2264/15 748/2263/34 737/2265/16
f 750/2264/15 737/2265/16 740/2266/17
f 740/2266/17 737/2265/16 736/2267/25
f 740/2266/17 733/2268/11 750/2264/15
f 750/2264/15 733/2268/11 729/2269/11
f 751/2270/7 752/2271/7 727/2272/7
f 727/2272/7 752/2271/7 726/2273/7
f 750/2274/5 753/2275/5 728/2276/5
f 728/2276/5 753/2275/5 751/2277/5
f 728/2276/5 751/2277/5 727/2278/5
f 725/2279/6 754/2280/6 729/2281/6
f 729/2281/6 754/2280/6 753/2282/6
f 729/2281/6 753/2282/6 750/2283/6
f 729/2281/6 723/2284/6 725/2279/6
f 752/2285/2 754/2286/2 726/2287/2
f 726/2287/2 754/2286/2 725/2288/2
f 752/2289/8 751/2290/8 754/2291/8
f 754/2291/8 751/2290/8 753/2292/8
f 755/2293/21 756/2294/21 757/2295/21
f 757/2295/21 756/2294/21 758/2296/21
f 759/2297/2 755/2298/2 760/2299/2
f 760/2299/2 755/2298/2 757/2300/2
f 761/2301/9 759/2302/9 762/2303/9
f 762/2303/9 759/2302/9 760/2304/9
f 756/2305/5 761/2306/5 758/2307/5
f 758/2307/5 761/2306/5 762/2308/5
f 762/2309/10 760/2310/10 758/2311/10
f 758/2311/10 760/2310/10 757/2312/10
f 756/2313/11 755/2298/11 761/2314/11
f 761/2314/11 755/2298/11 759/2297/11
f 763/2315/3 764/2316/3 765/2317/3
f 765/2317/3 764/2316/3 766/2318/3
f 767/2319/2 763/2320/2 768/2321/2
f 768/2321/2 763/2320/2 765/2322/2
f 769/2323/20 767/2324/20 770/2325/20
f 770/2325/20 767/2324/20 768/2326/20
f 764/2327/5 769/2328/5 766/2329/5
f 766/2329/5 769/2328/5 770/2330/5
f 770/2331/10 768/2332/10 766/2333/10
f 766/2333/10 768/2332/10 765/2334/10
f 764/2335/11 763/2336/11 769/2337/11
f 769/2337/11 763/2336/11 767/2338/11
f 771/2339/21 772/2340/21 773/2341/21
f 773/2341/21 772/2340/21 774/2342/21
f 775/2343/2 771/2344/2 776/2345/2
f 776/2345/2 771/2344/2 773/2346/2
f 777/2347/20 775/2348/20 778/2349/20
f 778/2349/20 775/2348/20 776/2350/20
f 772/2351/5 777/2352/5 774/2353/5
f 774/2353/5 777/2352/5 778/2354/5
f 778/2355/10 776/2356/10 774/2357/10
f 774/2357/10 776/2356/10 773/2358/10
f 772/2359/11 771/2360/11 777/2361/11
f 777/2361/11 771/2360/11 775/2362/11
f 779/2363/21 780/2364/21 781/2365/21
f 781/2365/21 780/2364/21 782/2366/21
f 783/2367/2 779/2368/2 784/2369/2
f 784/2369/2 779/2368/2 781/2370/2
f 785/2371/9 783/2372/9 786/2373/9
f 786/2373/9 783/2372/9 784/2374/9
f 780/2375/5 785/2376/5 782/2377/5
f 782/2377/5 785/2376/5 786/2378/5
f 786/2379/10 784/2380/10 782/2381/10
f 782/2381/10 784/2380/10 781/2382/10
f 780/2375/11 779/2383/11 785/2376/11
f 785/2376/11 779/2383/11 783/2384/11
f 787/2385/21 788/2386/21 789/2387/21
f 789/2387/21 788/2386/21 790/2388/21
f 791/2389/2 787/2390/2 792/2391/2
f 792/2391/2 787/2390/2 789/2392/2
f 793/2393/9 791/2394/9 794/2395/9
f 794/2395/9 791/2394/9 792/2396/23
f 788/2397/5 793/2398/5 790/2399/5
f 790/2399/5 793/2398/5 794/2400/5
f 794/2401/10 792/2402/10 790/2403/10
f 790/2403/10 792/2402/10 789/2404/10
f 788/2405/11 787/2406/11 793/2407/11
f 793/2407/11 787/2406/11 791/2408/11
f 795/2409/3 796/2410/3 797/2411/3
f 797/2411/3 796/2410/3 798/2412/3
f 799/2413/2 795/2414/2 800/2415/2
f 800/2415/2 795/2414/2 797/2416/2
f 801/2417/20 799/2418/20 802/2419/20
f 802/2419/20 799/2418/20 800/2420/20
f 796/2421/5 801/2422/5 798/2423/5
f 798/2423/5 801/2422/5 802/2424/5
f 802/2425/10 800/2426/10 798/2427/10
f 798/2427/10 800/2426/10 797/2428/10
f 796/2429/11 795/2430/11 801/2431/11
f 801/2431/11 795/2430/11 799/2432/11
f 803/2433/21 804/2434/21 805/2435/21
f 805/2435/21 804/2434/21 806/2436/21
f 807/2437/2 803/2438/2 808/2439/2
f 808/2439/2 803/2438/2 805/2440/2
f 809/2441/20 807/2442/20 810/2443/20
f 810/2443/20 807/2442/20 808/2444/20
f 804/2445/5 809/2446/5 806/2447/5
f 806/2447/5 809/2446/5 810/2448/5
f 810/2449/10 808/2450/10 806/2436/10
f 806/2436/10 808/2450/10 805/2435/10
f 804/2451/11 803/2452/11 809/2453/11
f 809/2453/11 803/2452/11 807/2454/11
f 811/2455/2 812/2456/2 813/2457/2
f 813/2457/2 812/2456/2 814/2458/2
f 815/2459/5 816/2460/5 817/2461/5
f 817/2461/5 816/2460/5 818/2462/5
f 811/2463/6 815/2464/6 812/2465/6
f 812/2465/6 815/2464/6 817/2466/6
f 816/2467/7 813/2468/7 818/2469/7
f 818/2469/7 813/2468/7 814/2470/7
f 818/2471/1 814/2472/1 817/2473/1
f 817/2473/1 814/2472/1 812/2474/1
f 813/2475/8 816/2476/8 811/2477/8
f 811/2477/8 816/2476/8 815/2478/8
f 819/2479/21 820/2480/21 821/2481/21
f 821/2481/21 820/2480/21 822/2482/21
f 823/2483/2 819/2484/2 824/2485/2
f 824/2485/2 819/2484/2 821/2486/2
f 825/2487/20 823/2488/20 826/2489/20
f 826/2489/20 823/2488/20 824/2490/20
f 820/2491/5 825/2492/5 822/2493/5
f 822/2493/5 825/2492/5 826/2494/5
f 826/2495/10 824/2496/10 822/2497/10
f 822/2497/10 824/2496/10 821/2498/10
f 820/2499/11 819/2500/11 825/2501/11
f 825/2501/11 819/2500/11 823/2502/11
f 827/2503/21 828/2504/21 829/2505/21
f 829/2505/21 828/2504/21 830/2506/21
f 831/2507/2 827/2508/2 832/2509/2
f 832/2509/2 827/2508/2 829/2510/2
f 833/2511/9 831/2512/9 834/2513/9
f 834/2513/9 831/2512/9 832/2514/23
f 828/2515/5 833/2516/5 830/2517/5
f 830/2517/5 833/2516/5 834/2518/5
f 834/2519/10 832/2520/10 830/2521/10
f 830/2521/10 832/2520/10 829/2522/10
f 828/2523/11 827/2524/11 833/2525/11
f 833/2525/11 827/2524/11 831/2526/11
f 835/2527/21 836/2528/21 837/2529/21
f 837/2529/21 836/2528/21 838/2530/21
f 839/2531/2 835/2532/2 840/2533/2
f 840/2533/2 835/2532/2 837/2534/2
f 841/2535/20 839/2536/20 842/2537/20
f 842/2537/20 839/2536/20 840/2538/20
f 836/2539/5 841/2540/5 838/2541/5
f 838/2541/5 841/2540/5 842/2542/5
f 842/2543/10 840/2544/10 838/2545/10
f 838/2545/10 840/2544/10 837/2546/10
f 836/2539/11 835/2547/11 841/2540/11
f 841/2540/11 835/2547/11 839/2548/11
f 843/2549/3 844/2550/3 845/2551/3
f 845/2551/3 844/2550/3 846/2552/3
f 847/2553/2 843/2554/2 848/2555/2
f 848/2555/2 843/2554/2 845/2556/2
f 849/2557/20 847/2558/20 850/2559/20
f 850/2559/20 847/2558/20 848/2560/20
f 844/2561/5 849/2562/5 846/2563/5
f 846/2563/5 849/2562/5 850/2564/5
f 850/2565/10 848/2566/10 846/2567/10
f 846/2567/10 848/2566/10 845/2568/10
f 844/2569/11 843/2570/11 849/2571/11
f 849/2571/11 843/2570/11 847/2572/11
f 851/2573/3 852/2574/3 853/2575/3
f 853/2575/3 852/2574/3 854/2576/3
f 855/2577/2 851/2578/2 856/2579/2
f 856/2579/2 851/2578/2 853/2580/2
f 857/2581/20 855/2582/20 858/2583/20
f 858/2583/20 855/2582/20 856/2584/20
f 852/2585/5 857/2586/5 854/2587/5
f 854/2587/5 857/2586/5 858/2588/5
f 858/2589/10 856/2590/10 854/2591/10
f 854/2591/10 856/2590/10 853/2592/10
f 852/2585/11 851/2578/11 857/2586/11
f 857/2586/11 851/2578/11 855/2577/11
f 859/2593/21 860/2594/21 861/2595/21
f 861/2595/21 860/2594/21 862/2596/21
f 863/2597/2 859/2598/2 864/2599/2
f 864/2599/2 859/2598/2 861/2600/2
f 865/2601/20 863/2602/20 866/2603/20
f 866/2603/20 863/2602/20 864/2604/20
f 860/2605/5 865/2606/5 862/2607/5
f 862/2607/5 865/2606/5 866/2608/5
f 866/2609/10 864/2610/10 862/2611/10
f 862/2611/10 864/2610/10 861/2612/10
f 860/2613/11 859/2614/11 865/2615/11
f 865/2615/11 859/2614/11 863/2616/11
f 867/2617/3 868/2618/3 869/2619/3
f 869/2619/3 868/2618/3 870/2620/3
f 871/2621/2 867/2622/2 872/2623/2
f 872/2623/2 867/2622/2 869/2624/2
f 873/2625/20 871/2626/20 874/2627/20
f 874/2627/20 871/2626/20 872/2628/20
f 868/2629/5 873/2630/5 870/2631/5
f 870/2631/5 873/2630/5 874/2632/5
f 874/2633/10 872/2634/10 870/2635/10
f 870/2635/10 872/2634/10 869/2636/10
f 868/2637/11 867/2638/11 873/2639/11
f 873/2639/11 867/2638/11 871/2640/11
f 875/2641/21 876/2642/21 877/2643/21
f 877/2643/21 876/2642/21 878/2644/21
f 879/2645/2 875/2646/2 880/2647/2
f 880/2647/2 875/2646/2 877/2648/2
f 881/2649/9 879/2650/22 882/2651/9
f 882/2651/9 879/2650/22 880/2652/9
f 876/2653/5 881/2654/5 878/2655/5
f 878/2655/5 881/2654/5 882/2656/5
f 882/2657/10 880/2658/10 878/2659/10
f 878/2659/10 880/2658/10 877/2660/10
f 876/2661/11 875/2662/11 881/2663/11
f 881/2663/11 875/2662/11 879/2664/11
f 883/2665/21 884/2666/21 885/2667/21
f 885/2667/21 884/2666/21 886/2668/21
f 887/2669/2 883/2670/2 888/2671/2
f 888/2671/2 883/2670/2 885/2672/2
f 889/2673/9 887/2674/22 890/2675/9
f 890/2675/9 887/2674/22 888/2676/9
f 884/2677/5 889/2678/5 886/2679/5
f 886/2679/5 889/2678/5 890/2680/5
f 890/2681/10 888/2682/10 886/2683/10
f 886/2683/10 888/2682/10 885/2684/10
f 884/2685/11 883/2686/11 889/2687/11
f 889/2687/11 883/2686/11 887/2688/11
f 891/2689/21 892/2690/21 893/2691/21
f 893/2691/21 892/2690/21 894/2692/21
f 895/2693/2 891/2694/2 896/2695/2
f 896/2695/2 891/2694/2 893/2696/2
f 897/2697/20 895/2698/20 898/2699/20
f 898/2699/20 895/2698/20 896/2700/20
f 892/2701/5 897/2702/5 894/2703/5
f 894/2703/5 897/2702/5 898/2704/5
f 898/2705/10 896/2706/10 894/2707/10
f 894/2707/10 896/2706/10 893/2708/10
f 892/2709/11 891/2710/11 897/2711/11
f 897/2711/11 891/2710/11 895/2712/11
f 899/2713/21 900/2714/21 901/2715/21
f 901/2715/21 900/2714/21 902/2716/21
f 903/2717/2 899/2718/2 904/2719/2
f 904/2719/2 899/2718/2 901/2720/2
f 905/2721/23 903/2722/9 906/2723/9
f 906/2723/9 903/2722/9 904/2724/9
f 900/2725/5 905/2726/5 902/2727/5
f 902/2727/5 905/2726/5 906/2728/5
f 906/2729/10 904/2730/10 902/2731/10
f 902/2731/10 904/2730/10 901/2732/10
f 900/2725/11 899/2733/11 905/2726/11
f 905/2726/11 899/2733/11 903/2734/11
f 907/2735/3 908/2736/3 909/2737/3
f 909/2737/3 908/2736/3 910/2738/3
f 911/2739/2 907/2740/2 912/2741/2
f 912/2741/2 907/2740/2 909/2742/2
f 913/2743/20 911/2744/20 914/2745/20
f 914/2745/20 911/2744/20 912/2746/20
f 908/2747/5 913/2748/5 910/2749/5
f 910/2749/5 913/2748/5 914/2750/5
f 914/2751/10 912/2752/10 910/2753/10
f 910/2753/10 912/2752/10 909/2754/10
f 908/2747/11 907/2755/11 913/2748/11
f 913/2748/11 907/2755/11 911/2756/11
f 915/2757/3 916/2758/3 917/2759/3
f 917/2759/3 916/2758/3 918/2760/3
f 919/2761/2 915/2762/2 920/2763/2
f 920/2763/2 915/2762/2 917/2764/2
f 921/2765/20 919/2766/20 922/2767/20
f 922/2767/20 919/2766/20 920/2768/20
f 916/2769/5 921/2770/5 918/2771/5
f 918/2771/5 921/2770/5 922/2772/5
f 922/2773/10 920/2774/10 918/2775/10
f 918/2775/10 920/2774/10 917/2776/10
f 916/2777/11 915/2778/11 921/2779/11
f 921/2779/11 915/2778/11 919/2780/11
f 923/2781/21 924/2782/21 925/2783/21
f 925/2783/21 924/2782/21 926/2784/21
f 927/2785/2 923/2786/2 928/2787/2
f 928/2787/2 923/2786/2 925/2788/2
f 929/2789/9 927/2790/9 930/2791/9
f 930/2791/9 927/2790/9 928/2792/9
f 924/2793/5 929/2794/5 926/2795/5
f 926/2795/5 929/2794/5 930/2796/5
f 930/2797/10 928/2798/10 926/2799/10
f 926/2799/10 928/2798/10 925/2800/10
f 924/2793/11 923/2801/11 929/2794/11
f 929/2794/11 923/2801/11 927/2802/11
f 931/2803/2 932/2804/2 933/2805/2
f 933/2805/2 932/2804/2 934/2806/2
f 935/2807/5 936/2808/5 937/2809/5
f 937/2809/5 936/2808/5 938/2810/5
f 931/2811/6 935/2812/6 932/2813/6
f 932/2813/6 935/2812/6 937/2814/6
f 936/2815/7 933/2816/7 938/2817/7
f 938/2817/7 933/2816/7 934/2818/7
f 938/2819/1 934/2820/1 937/2821/1
f 937/2821/1 934/2820/1 932/2822/1
f 933/2823/8 936/2824/8 931/2825/8
f 931/2825/8 936/2824/8 935/2826/8
f 939/2827/21 940/2828/21 941/2829/21
f 941/2829/21 940/2828/21 942/2830/21
f 943/2831/2 939/2832/2 944/2833/2
f 944/2833/2 939/2832/2 941/2834/2
f 945/2835/20 943/2836/20 946/2837/20
f 946/2837/20 943/2836/20 944/2838/20
f 940/2839/5 945/2840/5 942/2841/5
f 942/2841/5 945/2840/5 946/2842/5
f 946/2843/10 944/2844/10 942/2845/10
f 942/2845/10 944/2844/10 941/2846/10
f 940/2847/11 939/2832/11 945/2848/11
f 945/2848/11 939/2832/11 943/2831/11
f 947/2849/21 948/2850/21 949/2851/21
f 949/2851/21 948/2850/21 950/2852/21
f 951/2853/2 947/2854/2 952/2855/2
f 952/2855/2 947/2854/2 949/2856/2
f 953/2857/20 951/2858/20 954/2859/20
f 954/2859/20 951/2858/20 952/2860/20
f 948/2861/5 953/2862/5 950/2863/5
f 950/2863/5 953/2862/5 954/2864/5
f 954/2865/10 952/2866/10 950/2867/10
f 950/2867/10 952/2866/10 949/2868/10
f 948/2861/11 947/2869/11 953/2862/11
f 953/2862/11 947/2869/11 951/2870/11
f 955/2871/21 956/2872/21 957/2873/21
f 957/2873/21 956/2872/21 958/2874/21
f 959/2875/2 955/2876/2 960/2877/2
f 960/2877/2 955/2876/2 957/2878/2
f 961/2879/20 959/2880/20 962/2881/20
f 962/2881/20 959/2880/20 960/2882/20
f 956/2883/5 961/2884/5 958/2885/5
f 958/2885/5 961/2884/5 962/2886/5
f 962/2887/10 960/2888/10 958/2889/10
f 958/2889/10 960/2888/10 957/2890/10
f 956/2891/11 955/2892/11 961/2893/11
f 961/2893/11 955/2892/11 959/2894/11
f 963/2895/3 964/2896/3 965/2897/3
f 965/2897/3 964/2896/3 966/2898/3
f 967/2899/2 963/2900/2 968/2901/2
f 968/2901/2 963/2900/2 965/2902/2
f 969/2903/20 967/2904/20 970/2905/20
f 970/2905/20 967/2904/20 968/2906/20
f 964/2907/5 969/2908/5 966/2909/5
f 966/2909/5 969/2908/5 970/2910/5
f 970/2910/10 968/2911/10 966/2909/10
f 966/2909/10 968/2911/10 965/2912/10
f 964/2913/11 963/2914/11 969/2915/11
f 969/2915/11 963/2914/11 967/2916/11
f 971/2917/5 972/2918/5 973/2919/5
f 973/2919/5 972/2918/5 974/2920/5
f 973/2921/5 974/2922/5 962/2923/5
f 971/2917/5 975/2924/5 972/2918/5
f 962/2923/5 958/2925/5 973/2921/5
f 973/2921/5 958/2925/5 956/2926/5
f 974/2927/20 976/2928/20 962/2929/20
f 962/2929/20 976/2928/20 960/2930/20
f 973/2931/6 977/2932/6 971/2933/6
f 971/2933/6 977/2932/6 978/2934/6
f 978/2934/6 977/2932/6 979/2935/6
f 979/2935/6 977/2932/6 980/2936/6
f 978/2937/2 979/2938/2 981/2939/2
f 981/2939/2 979/2938/2 982/2940/2
f 975/2941/7 981/2942/7 972/2943/7
f 972/2943/7 981/2942/7 982/2944/7
f 974/2945/1 972/2946/1 976/2947/1
f 976/2947/1 972/2946/1 982/2948/1
f 976/2947/1 982/2948/1 979/2949/1
f 979/2949/1 980/2950/1 976/2947/1
f 981/2951/8 975/2952/8 978/2953/8
f 978/2953/8 975/2952/8 971/2954/8
f 976/2955/2 980/2956/2 960/2957/2
f 960/2957/2 980/2956/2 957/2958/2
f 957/2958/2 980/2956/2 955/2959/2
f 955/2959/2 980/2956/2 977/2960/2
f 977/2961/11 973/2962/11 955/2963/11
f 955/2963/11 973/2962/11 956/2964/11
f 983/2965/1 984/2966/1 985/2967/1
f 985/2967/1 984/2966/1 986/2968/1
f 986/2968/1 984/2966/1 987/2969/1
f 987/2969/1 984/2966/1 988/2970/1
f 989/2971/2 990/2972/2 983/2973/2
f 983/2973/2 990/2972/2 991/2974/2
f 983/2973/2 991/2974/2 992/2975/2
f 989/2971/2 993/2976/2 990/2972/2
f 992/2975/2 994/2977/2 983/2973/2
f 983/2973/2 994/2977/2 995/2978/2
f 983/2973/2 995/2978/2 984/2979/2
f 996/2980/3 997/2981/3 998/2982/4
f 998/2982/4 997/2981/3 999/2983/4
f 998/2982/4 999/2983/4 992/2984/4
f 992/2984/4 991/2985/4 998/2982/4
f 1000/2986/5 996/2987/5 1001/2988/5
f 1001/2989/5 996/2990/5 998/2991/5
f 1001/2989/5 998/2991/5 1002/2992/5
f 1002/2992/5 998/2991/5 1003/2993/5
f 998/2994/1 991/2995/1 1003/2996/1
f 1003/2996/1 991/2995/1 1004/2997/1
f 1004/2997/1 991/2995/1 1005/2998/1
f 1005/2998/1 991/2995/1 990/2999/1
f 1003/3000/6 1004/3001/6 1002/3002/6
f 1002/3002/6 1004/3001/6 1006/3003/6
f 1004/3004/2 1005/3005/2 1006/3006/2
f 1006/3006/2 1005/3005/2 1007/3007/2
f 1000/3008/7 1001/3009/7 993/3010/7
f 993/3010/7 1001/3009/7 1007/3011/7
f 993/3010/7 1007/3011/7 1005/3012/7
f 1005/3012/7 990/3013/7 993/3010/7
f 1007/3014/8 1001/3015/8 1006/3016/8
f 1006/3016/8 1001/3015/8 1002/3017/8
f 997/3018/5 1008/3019/5 999/3020/5
f 999/3020/5 1008/3019/5 1009/3021/5
f 1008/3022/9 995/3023/9 1009/3024/9
f 1009/3024/9 995/3023/9 994/3025/9
f 1009/3026/10 994/3027/10 999/3028/10
f 999/3028/10 994/3027/10 992/3029/10
f 984/3030/33 995/3031/12 988/3032/13
f 988/3032/13 995/3031/12 1008/3033/14
f 988/3032/13 1008/3033/14 1010/3034/15
f 1010/3034/15 1008/3033/14 997/3035/16
f 1010/3034/15 997/3035/16 1000/3036/17
f 1000/3036/17 997/3035/16 996/3037/35
f 1000/3036/17 993/3038/11 1010/3034/15
f 1010/3034/15 993/3038/11 989/3039/11
f 1011/3040/7 1012/3041/7 987/3042/7
f 987/3042/7 1012/3041/7 986/3043/7
f 1010/3044/5 1013/3045/5 988/3046/5
f 988/3046/5 1013/3045/5 1011/3047/5
f 988/3046/5 1011/3047/5 987/3048/5
f 985/3049/6 1014/3050/6 989/3051/6
f 989/3051/6 1014/3050/6 1013/3052/6
f 989/3051/6 1013/3052/6 1010/3053/6
f 989/3051/6 983/3054/6 985/3049/6
f 1012/3055/2 1014/3056/2 986/3057/2
f 986/3057/2 1014/3056/2 985/3058/2
f 1012/3059/8 1011/3060/8 1014/3061/8
f 1014/3061/8 1011/3060/8 1013/3062/8
f 1015/3063/21 1016/3064/21 1017/3065/21
f 1017/3065/21 1016/3064/21 1018/3066/21
f 1019/3067/2 1015/3068/2 1020/3069/2
f 1020/3069/2 1015/3068/2 1017/3070/2
f 1021/3071/20 1019/3072/20 1022/3073/20
f 1022/3073/20 1019/3072/20 1020/3074/20
f 1016/3075/5 1021/3076/5 1018/3077/5
f 1018/3077/5 1021/3076/5 1022/3078/5
f 1022/3079/10 1020/3080/10 1018/3081/10
f 1018/3081/10 1020/3080/10 1017/3082/10
f 1016/3083/11 1015/3084/11 1021/3085/11
f 1021/3085/11 1015/3084/11 1019/3086/11
f 1023/3087/21 1024/3088/21 1025/3089/21
f 1025/3089/21 1024/3088/21 1026/3090/21
f 1027/3091/2 1023/3092/2 1028/3093/2
f 1028/3093/2 1023/3092/2 1025/3094/2
f 1029/3095/20 1027/3096/20 1030/3097/20
f 1030/3097/20 1027/3096/20 1028/3098/20
f 1024/3099/5 1029/3100/5 1026/3101/5
f 1026/3101/5 1029/3100/5 1030/3102/5
f 1030/3103/10 1028/3104/10 1026/3105/10
f 1026/3105/10 1028/3104/10 1025/3106/10
f 1024/3107/11 1023/3108/11 1029/3109/11
f 1029/3109/11 1023/3108/11 1027/3110/11
f 1031/3111/21 1032/3112/21 1033/3113/21
f 1033/3113/21 1032/3112/21 1034/3114/21
f 1035/3115/2 1031/3116/2 1036/3117/2
f 1036/3117/2 1031/3116/2 1033/3118/2
f 1037/3119/9 1035/3120/9 1038/3121/9
f 1038/3121/9 1035/3120/9 1036/3122/9
f 1032/3123/5 1037/3124/5 1034/3125/5
f 1034/3125/5 1037/3124/5 1038/3126/5
f 1038/3127/10 1036/3128/10 1034/3129/10
f 1034/3129/10 1036/3128/10 1033/3130/10
f 1032/3123/11 1031/3131/11 1037/3124/11
f 1037/3124/11 1031/3131/11 1035/3132/11
f 1039/3133/3 1040/3134/3 1041/3135/3
f 1041/3135/3 1040/3134/3 1042/3136/3
f 1043/3137/2 1039/3138/2 1044/3139/2
f 1044/3139/2 1039/3138/2 1041/3140/2
f 1045/3141/20 1043/3142/20 1046/3143/20
f 1046/3143/20 1043/3142/20 1044/3144/20
f 1040/3145/5 1045/3146/5 1042/3147/5
f 1042/3147/5 1045/3146/5 1046/3148/5
f 1046/3149/10 1044/3150/10 1042/3151/10
f 1042/3151/10 1044/3150/10 1041/3152/10
f 1040/3153/11 1039/3138/11 1045/3154/11
f 1045/3154/11 1039/3138/11 1043/3137/11
f 1047/3155/21 1048/3156/21 1049/3157/21
f 1049/3157/21 1048/3156/21 1050/3158/21
f 1051/3159/2 1047/3160/2 1052/3161/2
f 1052/3161/2 1047/3160/2 1049/3162/2
f 1053/3163/9 1051/3164/22 1054/3165/9
f 1054/3165/9 1051/3164/22 1052/3166/9
f 1048/3167/5 1053/3168/5 1050/3169/5
f 1050/3169/5 1053/3168/5 1054/3170/5
f 1054/3171/10 1052/3172/10 1050/3173/10
f 1050/3173/10 1052/3172/10 1049/3174/10
f 1048/3175/11 1047/3160/11 1053/3176/11
f 1053/3176/11 1047/3160/11 1051/3159/11
f 1055/3177/21 1056/3178/21 1057/3179/21
f 1057/3179/21 1056/3178/21 1058/3180/21
f 1059/3181/2 1055/3182/2 1060/3183/2
f 1060/3183/2 1055/3182/2 1057/3184/2
f 1061/3185/20 1059/3186/20 1062/3187/20
f 1062/3187/20 1059/3186/20 1060/3188/20
f 1056/3189/5 1061/3190/5 1058/3191/5
f 1058/3191/5 1061/3190/5 1062/3192/5
f 1062/3193/10 1060/3194/10 1058/3195/10
f 1058/3195/10 1060/3194/10 1057/3196/10
f 1056/3197/11 1055/3198/11 1061/3199/11
f 1061/3199/11 1055/3198/11 1059/3200/11
f 1063/3201/3 1064/3202/3 1065/3203/3
f 1065/3203/3 1064/3202/3 1066/3204/3
f 1067/3205/2 1063/3206/2 1068/3207/2
f 1068/3207/2 1063/3206/2 1065/3208/2
f 1069/3209/20 1067/3210/20 1070/3211/20
f 1070/3211/20 1067/3210/20 1068/3212/20
f 1064/3213/5 1069/3214/5 1066/3215/5
f 1066/3215/5 1069/3214/5 1070/3216/5
f 1070/3217/10 1068/3218/10 1066/3219/10
f 1066/3219/10 1068/3218/10 1065/3220/10
f 1064/3221/11 1063/3222/11 1069/3223/11
f 1069/3223/11 1063/3222/11 1067/3224/11
f 1071/3225/5 1072/3226/5 1073/3227/5
f 1073/3227/5 1072/3226/5 1074/3228/5
f 1073/3229/5 1074/3230/5 714/3231/5
f 1071/3225/5 1075/3232/5 1072/3226/5
f 714/3231/5 710/3233/5 1073/3229/5
f 1073/3229/5 710/3233/5 708/3234/5
f 1074/3235/20 1076/3236/20 714/3237/20
f 714/3237/20 1076/3236/20 712/3238/20
f 1073/3239/6 1077/3240/6 1071/3241/6
f 1071/3241/6 1077/3240/6 1078/3242/6
f 1078/3242/6 1077/3240/6 1079/3243/6
f 1079/3243/6 1077/3240/6 1080/3244/6
f 1078/3245/2 1079/3246/2 1081/3247/2
f 1081/3247/2 1079/3246/2 1082/3248/2
f 1075/3249/7 1081/3250/7 1072/3251/7
f 1072/3251/7 1081/3250/7 1082/3252/7
f 1074/3253/1 1072/3254/1 1076/3255/1
f 1076/3255/1 1072/3254/1 1082/3256/1
f 1076/3255/1 1082/3256/1 1079/3257/1
f 1079/3257/1 1080/3258/1 1076/3255/1
f 1081/3259/8 1075/3260/8 1078/3261/8
f 1078/3261/8 1075/3260/8 1071/3262/8
f 1076/3263/2 1080/3264/2 712/3265/2
f 712/3265/2 1080/3264/2 709/3266/2
f 709/3266/2 1080/3264/2 707/3267/2
f 707/3267/2 1080/3264/2 1077/3268/2
f 1077/3269/11 1073/3270/11 707/3271/11
f 707/3271/11 1073/3270/11 708/3272/11
