DATE_TIME,AC_POWER,IRRADIATION,AMBIENT_TEMPERATURE,MODULE_TEMPERATURE,hour,day,month,is_daytime
2020-05-15 00:00:00,0.0,0.0,25.184316133333333,22.8575074,0,15,5,0
2020-05-15 00:15:00,0.0,0.0,25.08458866666667,22.761667866666663,0,15,5,0
2020-05-15 00:30:00,0.0,0.0,24.935752600000004,22.59230553333333,0,15,5,0
2020-05-15 00:45:00,0.0,0.0,24.8461304,22.36085213333333,0,15,5,0
2020-05-15 01:00:00,0.0,0.0,24.621525357142858,22.165422642857145,1,15,5,0
2020-05-15 01:15:00,0.0,0.0,24.5360922,21.968570866666667,1,15,5,0
2020-05-15 01:30:00,0.0,0.0,24.638673866666664,22.352925666666668,1,15,5,0
2020-05-15 01:45:00,0.0,0.0,24.87302233333333,23.1609192,1,15,5,0
2020-05-15 02:00:00,0.0,0.0,24.936930466666663,23.026113,2,15,5,0
2020-05-15 02:15:00,0.0,0.0,25.0122476,23.343229266666665,2,15,5,0
2020-05-15 02:30:00,0.0,0.0,25.00514933333333,23.639459266666663,2,15,5,0
2020-05-15 02:45:00,0.0,0.0,24.993019533333328,24.0394858,2,15,5,0
2020-05-15 03:00:00,0.0,0.0,25.016309428571425,24.384135571428573,3,15,5,0
2020-05-15 03:15:00,0.0,0.0,24.985215266666664,24.35150773333333,3,15,5,0
2020-05-15 03:30:00,0.0,0.0,24.93773193333333,24.060296533333336,3,15,5,0
2020-05-15 03:45:00,0.0,0.0,24.87909953333333,23.709794133333336,3,15,5,0
2020-05-15 04:00:00,0.0,0.0,24.6789022,22.58994153333333,4,15,5,0
2020-05-15 04:15:00,0.0,0.0,24.3519308,21.78364253333333,4,15,5,0
2020-05-15 04:30:00,0.0,0.0,24.0626222,21.85252493333333,4,15,5,0
2020-05-15 04:45:00,0.0,0.0,24.013224200000003,22.306315,4,15,5,0
2020-05-15 05:00:00,0.0,0.0,24.1771058,22.551908466666664,5,15,5,0
2020-05-15 05:15:00,0.0,0.0,24.304888,22.979492071428577,5,15,5,0
2020-05-15 05:30:00,0.0,0.0,24.328727266666665,23.452380466666668,5,15,5,0
2020-05-15 05:45:00,0.0,0.0008627212413333,24.28921113333333,23.09669193333333,5,15,5,0
2020-05-15 06:00:00,4.329960317523809,0.0058869571866666,24.088446066666663,22.2067566,6,15,5,1
2020-05-15 06:15:00,28.25422335619048,0.0222816074666666,24.01163526666667,22.35345866666667,6,15,5,1
2020-05-15 06:30:00,67.28157467545454,0.0494097238666666,23.976731266666665,22.893282,6,15,5,1
2020-05-15 06:45:00,126.83855519545456,0.0953944536,24.21899,24.442443933333333,6,15,5,1
2020-05-15 07:00:00,184.21191558636363,0.1419404433333333,24.5373984,27.185652866666665,7,15,5,1
2020-05-15 07:15:00,198.57830086818183,0.1547126757142856,24.8159595,28.888477857142853,7,15,5,1
2020-05-15 07:30:00,194.3606872272727,0.1487991533333333,24.988789866666668,29.6056438,7,15,5,1
2020-05-15 07:45:00,197.8224837590909,0.1447934189333333,25.21618033333333,29.547110933333336,7,15,5,1
2020-05-15 08:00:00,289.34586038636365,0.2016386213333333,25.41951306666667,31.412544733333327,8,15,5,1
2020-05-15 08:15:00,454.63930195000006,0.3457076533333333,25.95908213333333,35.5287108,8,15,5,1
2020-05-15 08:30:00,499.8001352772727,0.4053485726666666,26.430782066666666,40.3180586,8,15,5,1
2020-05-15 08:45:00,412.7303571409091,0.3124267953333332,26.8318298,39.08195373333332,8,15,5,1
2020-05-15 09:00:00,736.8795454545455,0.6231526486666666,27.6209698,45.0092326,9,15,5,1
2020-05-15 09:15:00,440.5832792272727,0.3448840357142857,27.98836207142857,46.6177065,9,15,5,1
2020-05-15 09:30:00,341.4272727318182,0.2492484,27.516727866666667,39.136326,9,15,5,1
2020-05-15 09:45:00,717.8687499954546,0.5412059773333334,27.450107666666668,40.93057693333333,9,15,5,1
2020-05-15 10:00:00,813.4908279181818,0.670675372,28.632191866666663,52.5477356,10,15,5,1
2020-05-15 10:15:00,705.9977272727273,0.5722834766666666,28.768912733333337,47.633738,10,15,5,1
2020-05-15 10:30:00,574.9359902681819,0.4551483833333333,29.35144260000001,49.249723266666656,10,15,5,1
2020-05-15 10:45:00,504.16495129545456,0.3619616539999999,28.854707866666665,44.048325600000005,10,15,5,1
2020-05-15 11:00:00,860.7526947499999,0.6365608813333332,29.410819333333336,47.68545339999999,11,15,5,1
2020-05-15 11:15:00,712.8960768363636,0.5857872135714286,30.21606228571428,50.006988571428565,11,15,5,1
2020-05-15 11:30:00,691.2401785727272,0.5570693833333333,30.2870728,49.8413636,11,15,5,1
2020-05-15 11:45:00,745.5267857136364,0.4679868693333333,30.811049333333333,47.8363832,11,15,5,1
2020-05-15 12:00:00,693.2185606,0.5149625866666667,31.305375066666663,49.183583533333326,12,15,5,1
2020-05-15 12:15:00,930.7735389318182,0.7878660286666666,31.50729773333333,49.84449266666666,12,15,5,1
2020-05-15 12:30:00,879.1685064545454,0.6492476293333334,32.147684733333335,52.35325513333333,12,15,5,1
2020-05-15 12:45:00,930.4953463454544,0.761243312,32.39142040000001,50.631239933333326,12,15,5,1
2020-05-15 13:00:00,578.2671266227272,0.4160351014285714,32.622796071428574,49.610767714285714,13,15,5,1
2020-05-15 13:15:00,666.6357142863636,0.489243946,32.49706446666666,47.01116133333333,13,15,5,1
2020-05-15 13:30:00,781.1663149318182,0.574561224,32.52462140000001,46.66986293333333,13,15,5,1
2020-05-15 13:45:00,760.7610389772727,0.560985624,32.67847086666667,47.516884133333335,13,15,5,1
2020-05-15 14:00:00,988.5030032227272,0.7350834633333333,33.763185400000005,49.80390433333333,14,15,5,1
2020-05-15 14:15:00,1152.3884740454546,0.8936614913333333,34.13076993333335,55.030613,14,15,5,1
2020-05-15 14:30:00,635.8725487,0.466788824,34.08138426666667,54.51913673333334,14,15,5,1
2020-05-15 14:45:00,714.6843344227273,0.5421384957142857,33.69572221428571,47.618194642857134,14,15,5,1
2020-05-15 15:00:00,572.8984577954545,0.3988885433333333,33.89057606666666,46.02908119999999,15,15,5,1
2020-05-15 15:15:00,637.7739448045454,0.4472921486666666,34.043744000000004,44.28609193333333,15,15,5,1
2020-05-15 15:30:00,742.8599837590909,0.5651963973333332,34.40285233333333,46.7442812,15,15,5,1
2020-05-15 15:45:00,479.26209415,0.3462306933333333,34.430942666666674,43.9206158,15,15,5,1
2020-05-15 16:00:00,486.5465097409091,0.3581823699999999,34.38115033333334,43.332853333333325,16,15,5,1
2020-05-15 16:15:00,443.7930194818182,0.3288961193333332,34.12625693333333,41.007431933333336,16,15,5,1
2020-05-15 16:30:00,464.121103890909,0.344954196,34.35660993333333,41.28059066666666,16,15,5,1
2020-05-15 16:45:00,347.44361472272726,0.260346758,33.86159653333333,39.419075933333325,16,15,5,1
2020-05-15 17:00:00,222.49967532272728,0.1668127414285714,33.443313571428575,36.82670364285714,17,15,5,1
2020-05-15 17:15:00,221.5911526,0.1738986373333333,33.30025473333334,35.852207400000005,17,15,5,1
2020-05-15 17:30:00,116.27348485,0.08716189,33.03212220000001,34.3384004,17,15,5,1
2020-05-15 17:45:00,50.09115259772727,0.0384030336,32.311871133333334,31.54853933333333,17,15,5,1
2020-05-15 18:00:00,28.56258116909091,0.0225449364285714,31.13241364285714,30.225331,18,15,5,1
2020-05-15 18:15:00,9.643262987045452,0.00914994484,29.243110933333337,28.6825074,18,15,5,1
2020-05-15 18:30:00,0.0,0.001841024544,28.495518,27.285992266666668,18,15,5,1
2020-05-15 18:45:00,0.0,0.0,27.8840638,25.96194653333333,18,15,5,1
2020-05-15 19:00:00,0.0,0.0,27.455975400000003,25.38531306666667,19,15,5,0
2020-05-15 19:15:00,0.0,0.0,27.0975484,25.200846400000003,19,15,5,0
2020-05-15 19:30:00,0.0,0.00012538276,27.01870113333333,25.745267733333336,19,15,5,0
2020-05-15 19:45:00,0.0,0.000100219904,23.787237466666667,22.5114056,19,15,5,0
2020-05-15 20:00:00,0.0,0.0,22.66317964285714,20.29072571428572,20,15,5,0
2020-05-15 20:15:00,0.0,0.0,23.412097066666668,20.736596666666667,20,15,5,0
2020-05-15 20:30:00,0.0,0.0,22.30098866666667,20.375416933333337,20,15,5,0
2020-05-15 20:45:00,0.0,0.0,22.0374816,20.312805133333327,20,15,5,0
2020-05-15 21:00:00,0.0,0.0,22.168518066666667,20.6512674,21,15,5,0
2020-05-15 21:15:00,0.0,0.0,22.1193604,20.632086200000003,21,15,5,0
2020-05-15 21:30:00,0.0,0.0,22.221250333333334,20.75869966666667,21,15,5,0
2020-05-15 21:45:00,0.0,0.0,22.236828466666665,20.914416666666668,21,15,5,0
2020-05-15 22:00:00,0.0,0.0,22.22185842857143,20.895703928571425,22,15,5,0
2020-05-15 22:15:00,0.0,0.0,22.149312533333333,20.732185866666665,22,15,5,0
2020-05-15 22:30:00,0.0,0.0,22.104713866666668,20.82985206666667,22,15,5,0
2020-05-15 22:45:00,0.0,0.0,22.057079933333338,21.072275666666663,22,15,5,0
2020-05-15 23:00:00,0.0,0.0,22.23601830769231,21.241316538461536,23,15,5,0
2020-05-16 02:00:00,0.0,0.0,21.68216,20.072144,2,16,5,0
2020-05-16 02:15:00,0.0,0.0,21.6884114,19.9192038,2,16,5,0
2020-05-16 02:30:00,0.0,0.0,21.510408533333337,19.59269193333333,2,16,5,0
2020-05-16 02:45:00,0.0,0.0,21.496287,19.6248698,2,16,5,0
2020-05-16 03:00:00,0.0,0.0,21.6459126,20.065205933333328,3,16,5,0
2020-05-16 03:15:00,0.0,0.0,21.674314200000005,20.11216013333333,3,16,5,0
2020-05-16 03:30:00,0.0,0.0,21.73142093333333,20.351884,3,16,5,0
2020-05-16 03:45:00,0.0,0.0,21.78016573333333,20.50589406666667,3,16,5,0
2020-05-16 04:00:00,0.0,0.0,21.85855535714285,20.81391042857143,4,16,5,0
2020-05-16 04:15:00,0.0,0.0,21.89991073333333,20.712640333333333,4,16,5,0
2020-05-16 04:30:00,0.0,0.0,21.92704853333333,20.72603773333333,4,16,5,0
2020-05-16 04:45:00,0.0,0.0,22.028684400000003,20.796402866666664,4,16,5,0
2020-05-16 05:00:00,0.0,0.0,21.93278,20.6822592,5,16,5,0
2020-05-16 05:15:00,0.0,0.0,21.866251666666663,20.472369333333333,5,16,5,0
2020-05-16 05:30:00,0.0,0.0,21.876585066666664,20.760192866666667,5,16,5,0
2020-05-16 05:45:00,0.0,0.0001471694642,21.959989266666664,20.5434348,5,16,5,0
2020-05-16 06:00:00,4.9619318182272725,0.0062059593785714,21.9232375,20.25681407142857,6,16,5,1
2020-05-16 06:15:00,32.83863636363636,0.0236337368666666,21.860400400000003,20.4303872,6,16,5,1
2020-05-16 06:30:00,68.42207792227272,0.0495149681333333,21.985833666666664,21.195638,6,16,5,1
2020-05-16 06:45:00,109.75917207272728,0.0792696434666666,22.13967073333333,22.189410333333328,6,16,5,1
2020-05-16 07:00:00,151.71493506363635,0.1090379683333333,22.45271393333333,23.1112346,7,16,5,1
2020-05-16 07:15:00,193.1534090909091,0.1381154516666666,22.6524518,24.241701266666663,7,16,5,1
2020-05-16 07:30:00,242.6741883136364,0.1741175246666666,22.97513853333333,25.668487533333334,7,16,5,1
2020-05-16 07:45:00,336.57954545,0.2436428057142857,23.38855407142857,27.937476071428577,7,16,5,1
2020-05-16 08:00:00,412.29415584545455,0.2980529893333333,23.8905234,30.79129613333333,8,16,5,1
2020-05-16 08:15:00,469.1382305181818,0.3386504113333334,24.42785433333333,33.0092104,8,16,5,1
2020-05-16 08:30:00,581.5097402636364,0.4275489526666667,25.166898466666662,36.606188800000005,8,16,5,1
2020-05-16 08:45:00,634.458035709091,0.4700814853333333,25.757175666666665,38.892010733333336,8,16,5,1
2020-05-16 09:00:00,627.6648538999999,0.4611857686666666,25.999422266666667,38.70590013333334,9,16,5,1
2020-05-16 09:15:00,568.4112013,0.41958991,26.297007333333337,39.343784466666655,9,16,5,1
2020-05-16 09:30:00,578.0513798681818,0.420493884,26.59366866666667,39.879952333333335,9,16,5,1
2020-05-16 09:45:00,717.1883116909091,0.5405936786666665,27.030969466666665,41.825665333333326,9,16,5,1
2020-05-16 10:00:00,719.2301136318182,0.491453022,27.611354533333337,46.072651933333326,10,16,5,1
2020-05-16 10:15:00,698.6644480545455,0.4697288307142857,27.93121328571429,44.468571,10,16,5,1
2020-05-16 10:30:00,919.6238636318184,0.654436842,28.2829874,48.962665,10,16,5,1
2020-05-16 10:45:00,814.3025974,0.5955213746666665,28.78232633333333,50.154118,10,16,5,1
2020-05-16 11:00:00,788.8946428590909,0.5752638966666666,29.1554974,49.15606886666666,11,16,5,1
2020-05-16 11:15:00,744.6465909045454,0.5423748746666666,29.3643758,48.12385466666667,11,16,5,1
2020-05-16 11:30:00,701.5830357136364,0.4934305533333333,29.6892496,46.51825533333333,11,16,5,1
2020-05-16 11:45:00,866.964935059091,0.62278731,29.8473918,47.0438902,11,16,5,1
2020-05-16 12:00:00,882.2447240227273,0.6620043019999999,30.089862066666665,50.091819333333326,12,16,5,1
2020-05-16 12:15:00,733.9509740227272,0.5404251285714285,30.376898714285712,48.67528185714285,12,16,5,1
2020-05-16 12:30:00,1015.9577921772728,0.76711941,30.8864686,50.44957046666666,12,16,5,1
2020-05-16 12:45:00,1088.891558409091,0.8122406413333334,31.2210448,54.23274553333334,12,16,5,1
2020-05-16 13:00:00,850.9735389636364,0.636164586,31.31397713333333,52.8518024,13,16,5,1
2020-05-16 13:15:00,1038.3491883636364,0.7332435986666667,31.66299653333333,52.0534832,13,16,5,1
2020-05-16 13:30:00,825.3967532454545,0.5838647386666667,31.617256666666663,49.747872,13,16,5,1
2020-05-16 13:45:00,691.4637987,0.5023924839999999,31.3661072,47.2997298,13,16,5,1
2020-05-16 14:00:00,615.8634740181818,0.435684946,31.42362873333333,46.57489593333333,14,16,5,1
2020-05-16 14:15:00,835.4613636363637,0.5959771373333332,31.98976833333333,47.82889013333333,14,16,5,1
2020-05-16 14:30:00,729.3870941545455,0.5345009864285714,32.24326421428572,48.35548621428571,14,16,5,1
2020-05-16 14:45:00,714.2929383136363,0.5149644066666667,32.3501976,46.20359726666666,14,16,5,1
2020-05-16 15:00:00,702.2090097363636,0.5036263826666665,32.436879733333335,45.77020906666667,15,16,5,1
2020-05-16 15:15:00,581.6065746772728,0.419735824,32.52414946666667,45.840537533333325,15,16,5,1
2020-05-16 15:30:00,496.3133116954545,0.349962358,32.328025399999994,43.170092666666655,15,16,5,1
2020-05-16 15:45:00,379.1113636409091,0.261408532,32.103391466666665,39.814438866666656,15,16,5,1
2020-05-16 16:00:00,331.9610389545455,0.2276812526666666,32.029101733333334,37.712012,16,16,5,1
2020-05-16 16:15:00,279.56842532727273,0.191869824,31.9597596,36.301157466666666,16,16,5,1
2020-05-16 16:30:00,254.94342533181816,0.1755969835714285,31.90710457142857,35.77269607142857,16,16,5,1
2020-05-16 16:45:00,217.07094155454544,0.150128168,31.88745533333333,34.781236066666665,16,16,5,1
2020-05-16 17:00:00,192.7408279272727,0.1337432077333333,31.747082466666665,33.73915806666666,17,16,5,1
2020-05-16 17:15:00,156.73051947727274,0.109053603,31.540801866666666,32.74589640000001,17,16,5,1
2020-05-16 17:30:00,114.39797077727272,0.0795873111333333,31.300166866666668,31.599767866666667,17,16,5,1
2020-05-16 17:45:00,72.86826298681818,0.0504507636666666,31.0485982,30.124161733333327,17,16,5,1
2020-05-16 18:00:00,37.901298701818185,0.0262128633333333,30.311684133333333,28.36227433333333,18,16,5,1
2020-05-16 18:15:00,12.15113636409091,0.0088122812133333,29.54822573333333,26.94033806666667,18,16,5,1
2020-05-16 18:30:00,0.0,0.00035944967324,28.97306333333333,25.9079486,18,16,5,1
2020-05-16 18:45:00,0.0,0.0,28.6859842,25.503218533333328,18,16,5,1
2020-05-16 19:00:00,0.0,0.0,28.310195785714285,25.379072142857144,19,16,5,0
2020-05-16 19:15:00,0.0,0.0,27.9578898,25.1996236,19,16,5,0
2020-05-16 19:30:00,0.0,0.0,27.57085773333333,25.1651774,19,16,5,0
2020-05-16 19:45:00,0.0,0.0,27.256431,24.9509702,19,16,5,0
2020-05-16 20:00:00,0.0,0.0,26.941198600000003,24.4972452,20,16,5,0
2020-05-16 20:15:00,0.0,0.0,26.701993733333328,24.079714066666664,20,16,5,0
2020-05-16 20:30:00,0.0,0.0,26.483793,23.827305133333336,20,16,5,0
2020-05-16 20:45:00,0.0,0.0,26.312024857142852,23.62220114285714,20,16,5,0
2020-05-16 21:00:00,0.0,0.0,26.0082478,23.321525066666663,21,16,5,0
2020-05-16 21:15:00,0.0,0.0,25.61655473333333,22.952588,21,16,5,0
2020-05-16 21:30:00,0.0,0.0,25.28644193333333,22.64899693333333,21,16,5,0
2020-05-16 21:45:00,0.0,0.0,25.1239094,22.43270273333333,21,16,5,0
2020-05-16 22:00:00,0.0,0.0,25.0534728,22.2860412,22,16,5,0
2020-05-16 22:15:00,0.0,0.0,24.8400106,22.0829142,22,16,5,0
2020-05-16 22:30:00,0.0,0.0,24.612066533333333,21.97715853333333,22,16,5,0
2020-05-16 22:45:00,0.0,0.0,24.492980857142857,22.052697285714284,22,16,5,0
2020-05-16 23:00:00,0.0,0.0,24.461625066666663,22.18635246666667,23,16,5,0
2020-05-16 23:15:00,0.0,0.0,24.39256806666667,22.2029236,23,16,5,0
2020-05-16 23:30:00,0.0,0.0,24.3780212,22.112622066666667,23,16,5,0
2020-05-16 23:45:00,0.0,0.0,24.2493468,21.814211066666665,23,16,5,0
2020-05-17 00:00:00,0.0,0.0,24.170165933333333,21.63149,0,17,5,0
2020-05-17 00:15:00,0.0,0.0,24.011531466666668,21.6482788,0,17,5,0
2020-05-17 00:30:00,0.0,0.0,23.8949484,21.48822633333333,0,17,5,0
2020-05-17 00:45:00,0.0,0.0,23.936809,21.515644642857144,0,17,5,0
2020-05-17 01:00:00,0.0,0.0,23.879315066666667,21.539557066666667,1,17,5,0
2020-05-17 01:15:00,0.0,0.0,23.75795086666667,21.39526566666667,1,17,5,0
2020-05-17 01:30:00,0.0,0.0,23.732131937500004,21.8714694375,1,17,5,0
2020-05-17 01:45:00,0.0,0.0,23.726536066666668,21.646289066666665,1,17,5,0
2020-05-17 02:00:00,0.0,0.0,23.5248778,21.337225266666668,2,17,5,0
2020-05-17 02:15:00,0.0,0.0,23.45815413333333,21.357688333333336,2,17,5,0
2020-05-17 02:30:00,0.0,0.0,23.3887412,21.382649866666668,2,17,5,0
2020-05-17 02:45:00,0.0,0.0,23.265284928571425,21.255172642857147,2,17,5,0
2020-05-17 03:00:00,0.0,0.0,23.317295400000003,21.500791266666663,3,17,5,0
2020-05-17 03:15:00,0.0,0.0,23.213891600000004,21.4639018,3,17,5,0
2020-05-17 03:30:00,0.0,0.0,22.9518738,20.877089466666664,3,17,5,0
2020-05-17 03:45:00,0.0,0.0,22.941931,20.8091066,3,17,5,0
2020-05-17 04:00:00,0.0,0.0,22.86391193333333,20.755200200000004,4,17,5,0
2020-05-17 04:15:00,0.0,0.0,22.822157866666668,20.885530466666665,4,17,5,0
2020-05-17 04:30:00,0.0,0.0,22.8671814,21.154836066666668,4,17,5,0
2020-05-17 04:45:00,0.0,0.0,22.746960466666668,21.0750916,4,17,5,0
2020-05-17 05:00:00,0.0,0.0,22.567999266666664,20.847640066666667,5,17,5,0
2020-05-17 05:15:00,0.0,0.0,22.572514071428568,20.91312521428572,5,17,5,0
2020-05-17 05:30:00,0.0,0.0,22.549147400000003,21.070228933333333,5,17,5,0
2020-05-17 05:45:00,0.0,0.000333454882,22.5879394,21.22639153333333,5,17,5,0
2020-05-17 06:00:00,0.1482954545454545,0.00478462602,22.69311313333333,21.416339066666666,6,17,5,1
2020-05-17 06:15:00,11.77987013,0.0123497075333333,22.79481626666667,21.689546733333334,6,17,5,1
2020-05-17 06:30:00,43.79155844227272,0.0341808814,22.685673066666663,21.89033826666667,6,17,5,1
2020-05-17 06:45:00,85.59293831227272,0.0679046076,22.94856573333333,22.59763193333333,6,17,5,1
2020-05-17 07:00:00,137.9211039,0.1069960559333333,23.29249893333333,23.8324564,7,17,5,1
2020-05-17 07:15:00,240.7471590909091,0.1964333966666666,23.61099233333333,25.83404733333333,7,17,5,1
2020-05-17 07:30:00,279.75998377727274,0.2219224921428571,23.908458142857143,27.4991695,7,17,5,1
2020-05-17 07:45:00,421.1623376590909,0.3224647546666666,24.331876666666663,30.97835493333333,7,17,5,1
2020-05-17 08:00:00,496.80900975,0.3787024119999999,25.0617614,34.63271466666667,8,17,5,1
2020-05-17 08:15:00,506.14975649545454,0.3835502693333333,25.646803733333336,37.81797673333334,8,17,5,1
2020-05-17 08:30:00,548.0823051909091,0.4169753466666666,26.14622593333333,40.326182133333326,8,17,5,1
2020-05-17 08:45:00,733.4054383090909,0.561811632,27.030932600000003,44.45619293333334,8,17,5,1
2020-05-17 09:00:00,754.3619318136364,0.5760844593333334,27.683191,48.176432,9,17,5,1
2020-05-17 09:15:00,635.9616071409091,0.4417064292857143,27.985940285714285,45.11740971428571,9,17,5,1
2020-05-17 09:30:00,816.6050324681819,0.626964662,28.59910273333333,46.90497853333333,9,17,5,1
2020-05-17 09:45:00,1009.9195617318182,0.7723580713333332,29.23562,49.9406148,9,17,5,1
2020-05-17 10:00:00,961.3631493545454,0.7535374446666667,30.091312666666663,52.08946933333333,10,17,5,1
2020-05-17 10:15:00,948.2525974045456,0.7175451686666666,30.02618813333333,48.932501133333325,10,17,5,1
2020-05-17 10:30:00,999.5868506727272,0.685881602,30.158901066666665,50.718400200000005,10,17,5,1
2020-05-17 10:45:00,1119.7467533181818,0.8551090753333334,31.06742553333333,55.4462772,10,17,5,1
2020-05-17 11:00:00,1078.1582791818182,0.8123890526666666,31.16485806666667,55.28936173333333,11,17,5,1
2020-05-17 11:15:00,1228.846915518182,0.997903636,31.53113,60.208569533333325,11,17,5,1
2020-05-17 11:30:00,1192.0028409545455,0.97745754,32.317808071428566,63.145581571428565,11,17,5,1
2020-05-17 11:45:00,1048.8400703227271,0.869908956,32.5278644,61.80199160000001,11,17,5,1
2020-05-17 12:00:00,798.6218344227273,0.635450962,32.495967666666665,56.101076266666674,12,17,5,1
2020-05-17 12:15:00,1032.1840097363636,0.7835893886666667,32.98554906666667,55.0942282,12,17,5,1
2020-05-17 12:30:00,815.9969967409091,0.6696705126666667,33.10833713333334,56.4158632,12,17,5,1
2020-05-17 12:45:00,1022.6280843818182,0.8371243526666667,33.64918780000001,56.556677533333335,12,17,5,1
2020-05-17 13:00:00,575.3819805136363,0.4224988753333333,33.88692626666666,53.80755813333333,13,17,5,1
2020-05-17 13:15:00,631.3867694818182,0.4517712339999999,33.053440333333334,43.3909484,13,17,5,1
2020-05-17 13:30:00,999.6965097,0.7428897426666667,33.727413,54.2896504,13,17,5,1
2020-05-17 13:45:00,830.3125,0.6250849942857142,34.05229864285714,52.027917142857135,13,17,5,1
2020-05-17 14:00:00,867.9072240181818,0.6977725753333333,34.48483913333333,55.32990506666666,14,17,5,1
2020-05-17 14:15:00,565.9157467545455,0.4311784306666666,34.304164533333335,47.853904533333335,14,17,5,1
2020-05-17 14:30:00,390.0057629772728,0.3150899026666667,34.02411533333334,44.905969266666666,14,17,5,1
2020-05-17 14:45:00,932.1926948136364,0.6598271179999999,34.147082733333335,47.63582766666666,14,17,5,1
2020-05-17 15:00:00,906.0277597454548,0.6836362013333332,35.109771733333325,54.05481966666666,15,17,5,1
2020-05-17 15:15:00,700.6484577863637,0.5102416726666666,35.25248613333334,49.98867166666666,15,17,5,1
2020-05-17 15:30:00,775.1569805181819,0.5909004857142856,34.98165257142857,49.41860521428572,15,17,5,1
2020-05-17 15:45:00,412.73230519545456,0.289312882,34.6127872,43.38971593333332,15,17,5,1
2020-05-17 16:00:00,623.8436688318181,0.4533658826666666,34.73750799999999,44.045326466666666,16,17,5,1
2020-05-17 16:15:00,458.84954005,0.3384331157142856,31.03193885714285,39.526938357142846,16,17,5,1
2020-05-17 16:30:00,415.27930194545456,0.2913128866666666,29.56562293333333,36.276623400000005,16,17,5,1
2020-05-17 16:45:00,365.6981331181818,0.257869254,29.363769533333336,35.604502399999994,16,17,5,1
2020-05-17 17:00:00,199.8004058409091,0.1410015502666666,28.750748666666663,32.94330453333333,17,17,5,1
2020-05-17 17:15:00,163.52865258636365,0.1170341706666666,28.2966472,30.6336732,17,17,5,1
2020-05-17 17:30:00,133.36469155909091,0.0945128417142857,27.601739071428568,29.47836742857143,17,17,5,1
2020-05-17 17:45:00,84.87922077909091,0.0617229363333333,26.728900000000003,27.917517000000004,17,17,5,1
2020-05-17 18:00:00,30.671834415454544,0.0236255477666666,26.354187066666668,26.4137554,18,17,5,1
2020-05-17 18:15:00,12.62946428590909,0.0103677880266666,26.136122600000004,25.373767200000003,18,17,5,1
2020-05-17 18:30:00,0.0,0.0008371204092466,26.141086733333328,25.04768066666667,18,17,5,1
2020-05-17 18:45:00,0.0,0.0,25.99661440000001,24.617095866666663,18,17,5,1
2020-05-17 19:00:00,0.0,0.0,25.8602378,24.0412028,19,17,5,0
2020-05-17 19:15:00,0.0,0.0,25.983874333333333,24.02473346666667,19,17,5,0
2020-05-17 19:30:00,0.0,0.0,25.908121666666663,24.07766726666668,19,17,5,0
2020-05-17 19:45:00,0.0,0.0,25.816386571428573,24.16028707142857,19,17,5,0
2020-05-17 20:00:00,0.0,0.0,25.671177266666668,24.322601266666663,20,17,5,0
2020-05-17 20:15:00,0.0,0.0,25.501432266666665,23.832798466666663,20,17,5,0
2020-05-17 20:30:00,0.0,0.0,25.29024046666667,23.789335066666663,20,17,5,0
2020-05-17 20:45:00,0.0,0.0,25.28608,24.130078200000003,20,17,5,0
2020-05-17 21:00:00,0.0,0.0,25.382098400000004,24.566923,21,17,5,0
2020-05-17 21:15:00,0.0,0.0,22.50401006666667,21.093290266666667,21,17,5,0
2020-05-17 21:30:00,0.0,0.0,21.507785933333327,20.427958,21,17,5,0
2020-05-17 21:45:00,0.0,0.0,21.294806357142853,20.37712092857143,21,17,5,0
2020-05-17 22:00:00,0.0,0.0,21.23754673333333,20.449766,22,17,5,0
2020-05-17 22:15:00,0.0,0.0,21.260813466666665,20.511558,22,17,5,0
2020-05-17 22:30:00,0.0,0.0,21.314433,20.633658733333327,22,17,5,0
2020-05-17 22:45:00,0.0,0.0,21.31589153333333,20.690883266666667,22,17,5,0
2020-05-17 23:00:00,0.0,0.0,21.2205322,20.590588399999994,23,17,5,0
2020-05-17 23:15:00,0.0,0.0,21.216575066666667,20.6353922,23,17,5,0
2020-05-17 23:30:00,0.0,0.0,21.273112,20.632493266666668,23,17,5,0
2020-05-17 23:45:00,0.0,0.0,21.209418285714285,20.56311471428572,23,17,5,0
2020-05-18 00:00:00,0.0,0.0,21.1556906,20.59939973333333,0,18,5,0
2020-05-18 00:15:00,0.0,0.0,21.0414368,20.475962266666667,0,18,5,0
2020-05-18 00:30:00,0.0,0.0,21.14206753333333,20.531305,0,18,5,0
2020-05-18 00:45:00,0.0,0.0,21.13725773333333,20.533317066666665,0,18,5,0
2020-05-18 01:00:00,0.0,0.0,21.070792666666662,20.480647866666665,1,18,5,0
2020-05-18 01:15:00,0.0,0.0,20.989664666666663,20.38562406666667,1,18,5,0
2020-05-18 01:30:00,0.0,0.0,20.983842,20.376831,1,18,5,0
2020-05-18 01:45:00,0.0,0.0,21.027005866666663,20.393176200000003,1,18,5,0
2020-05-18 02:00:00,0.0,0.0,20.969343142857145,20.333884,2,18,5,0
2020-05-18 02:15:00,0.0,0.0,21.007230733333337,20.224764,2,18,5,0
2020-05-18 02:30:00,0.0,0.0,21.13065793333333,20.224632,2,18,5,0
2020-05-18 02:45:00,0.0,0.0,21.211199999999995,20.258032333333333,2,18,5,0
2020-05-18 03:00:00,0.0,0.0,21.25834353333333,20.346830266666668,3,18,5,0
2020-05-18 03:15:00,0.0,0.0,21.351094533333328,20.8456686,3,18,5,0
2020-05-18 03:30:00,0.0,0.0,21.370375666666664,21.00739133333333,3,18,5,0
2020-05-18 03:45:00,0.0,0.0,21.3891804,20.86159873333333,3,18,5,0
2020-05-18 04:00:00,0.0,0.0,21.4589906,20.88282673333333,4,18,5,0
2020-05-18 04:15:00,0.0,0.0,21.18773193333333,20.365230333333333,4,18,5,0
2020-05-18 04:30:00,0.0,0.0,21.036965428571428,19.75568707142857,4,18,5,0
2020-05-18 04:45:00,0.0,0.0,20.961525466666664,19.47753106666667,4,18,5,0
2020-05-18 05:00:00,0.0,0.0,21.00024833333333,19.778517666666666,5,18,5,0
2020-05-18 05:15:00,0.0,0.0,21.127661266666664,20.065865,5,18,5,0
2020-05-18 05:30:00,0.0,0.0,21.194393066666667,20.01042266666667,5,18,5,0
2020-05-18 05:45:00,0.0,0.0005199656633333,21.265387133333327,19.97623313333333,5,18,5,0
2020-05-18 06:00:00,6.97857142859091,0.00859414896,21.30836173333333,20.28832386666667,6,18,5,1
2020-05-18 06:15:00,37.040016234545455,0.0283668289333333,21.431498266666665,20.859558,6,18,5,1
2020-05-18 06:30:00,72.42727272681817,0.0539561357142857,21.610323285714287,21.56044657142857,6,18,5,1
2020-05-18 06:45:00,111.37767857727272,0.0805502275333333,21.672629800000003,22.11884373333333,6,18,5,1
2020-05-18 07:00:00,164.96907467727272,0.1175455726666666,21.834507400000003,23.14069626666667,7,18,5,1
2020-05-18 07:15:00,261.5725649363636,0.187030046,22.19873053333333,25.319020466666665,7,18,5,1
2020-05-18 07:30:00,338.9842532545454,0.2446230293333333,22.696124266666665,28.3609558,7,18,5,1
2020-05-18 07:45:00,173.5789772727273,0.119259876,23.109639466666664,29.0602518,7,18,5,1
2020-05-18 08:00:00,123.5563311681818,0.0829558039333333,23.232289466666664,26.9630168,8,18,5,1
2020-05-18 08:15:00,134.49797078181817,0.0897481783333333,23.337219066666663,26.20634773333333,8,18,5,1
2020-05-18 08:30:00,178.5814935090909,0.1180922946666666,23.50864866666667,26.8290996,8,18,5,1
2020-05-18 08:45:00,188.6325487,0.1246440646428571,23.5459355,27.599182000000003,8,18,5,1
2020-05-18 09:00:00,173.7047889590909,0.1154349828,23.7412598,27.86075853333333,9,18,5,1
2020-05-18 09:15:00,168.42004870454545,0.1104082978666666,23.763322,27.507177666666667,9,18,5,1
2020-05-18 09:30:00,145.60779220454546,0.0963806904,23.76201373333333,27.197131266666663,9,18,5,1
2020-05-18 09:45:00,149.2775162272727,0.0992951618,23.76213573333333,26.630550000000003,9,18,5,1
2020-05-18 10:00:00,171.59318181818182,0.112813087,23.8746256,26.81340946666667,10,18,5,1
2020-05-18 10:15:00,217.0037337681818,0.1422467350666666,23.838385,27.240083733333336,10,18,5,1
2020-05-18 10:30:00,314.8661526,0.20888875,24.006947666666665,28.83434853333333,10,18,5,1
2020-05-18 10:45:00,553.0703733727273,0.374390925,24.324541357142856,32.964675928571424,10,18,5,1
2020-05-18 11:00:00,628.8469967590909,0.4349046853333333,24.86980793333333,37.53728039999999,11,18,5,1
2020-05-18 11:15:00,696.4186688318182,0.4847505873333333,25.1295838,39.552423133333335,11,18,5,1
2020-05-18 11:30:00,511.1603084363636,0.3514650546666666,25.289666666666665,38.92812506666666,11,18,5,1
2020-05-18 11:45:00,605.9228896181818,0.4148831933333333,25.215167266666665,37.6112162,11,18,5,1
2020-05-18 12:00:00,800.3711850636363,0.5623129906666666,25.70663053333333,41.3690166,12,18,5,1
2020-05-18 12:15:00,840.2355519545454,0.6032151686666668,26.310502066666665,46.148805933333335,12,18,5,1
2020-05-18 12:30:00,829.6818181772727,0.5932437233333331,26.840596666666663,45.97044666666666,12,18,5,1
2020-05-18 12:45:00,777.8951298681818,0.5511298453333334,26.93235466666667,44.0610454,12,18,5,1
2020-05-18 13:00:00,789.03125,0.5673698246666667,27.019004333333328,45.002500266666665,13,18,5,1
2020-05-18 13:15:00,960.2958603863636,0.7228268242857143,27.123125214285714,43.86432764285714,13,18,5,1
2020-05-18 13:30:00,1105.4585227272728,0.8068469279999999,27.371873,49.5876018,13,18,5,1
2020-05-18 13:45:00,1254.6327110454547,0.97148052,27.86127913333333,52.84501126666667,13,18,5,1
2020-05-18 14:00:00,937.1541395863636,0.7235532206666667,28.367100066666666,53.9367392,14,18,5,1
2020-05-18 14:15:00,486.2873376636364,0.344136892,27.717987066666662,42.515350533333326,14,18,5,1
2020-05-18 14:30:00,645.3005681818181,0.453461884,27.390254733333336,39.45489506666667,14,18,5,1
2020-05-18 14:45:00,620.8094967545454,0.4386813753333332,27.21775093333333,38.819875,14,18,5,1
2020-05-18 15:00:00,764.3875811681818,0.5478691779999999,27.2929586,41.94669766666666,15,18,5,1
2020-05-18 15:15:00,776.8561688272727,0.555787044,27.22515273333333,42.82454406666666,15,18,5,1
2020-05-18 15:30:00,737.0730519590909,0.52508064,27.56823728571429,43.82351471428571,15,18,5,1
2020-05-18 15:45:00,688.3544642863636,0.496169466,27.814182533333334,43.054219466666666,15,18,5,1
2020-05-18 16:00:00,580.0053571363636,0.4127974533333334,27.823516666666663,40.7451396,16,18,5,1
2020-05-18 16:15:00,417.11948052272726,0.299364092,27.479427066666663,37.63392773333333,16,18,5,1
2020-05-18 16:30:00,364.10795455,0.2568065713333334,27.230830933333333,34.6317082,16,18,5,1
2020-05-18 16:45:00,284.27467532727275,0.1971915986666666,27.048868933333328,32.782216333333324,16,18,5,1
2020-05-18 17:00:00,217.8156655818182,0.1492800746666666,26.624064000000004,30.85439253333333,17,18,5,1
2020-05-18 17:15:00,162.54626623181818,0.1109690122,26.434037266666667,29.21453033333333,17,18,5,1
2020-05-18 17:30:00,111.45592532727272,0.0775804512142857,26.11982735714286,27.81455535714285,17,18,5,1
2020-05-18 17:45:00,71.26420454545455,0.0509663638,25.6725036,26.492338066666665,17,18,5,1
2020-05-18 18:00:00,41.13733766272728,0.0307901562666666,25.250388666666662,25.3468934,18,18,5,1
2020-05-18 18:15:00,15.994724025454548,0.0139073641466666,24.9734254,24.41195066666667,18,18,5,1
2020-05-18 18:30:00,0.0784090909090909,0.0019180998580666,24.746293133333328,23.71588746666667,18,18,5,1
2020-05-18 18:45:00,0.0,0.0,24.62904473333333,23.3245056,18,18,5,1
2020-05-18 19:00:00,0.0,0.0,24.541290266666667,23.18553866666667,19,18,5,0
2020-05-18 19:15:00,0.0,0.0,24.498402866666662,23.097552533333328,19,18,5,0
2020-05-18 19:30:00,0.0,0.0,24.466125533333333,23.028159666666667,19,18,5,0
2020-05-18 19:45:00,0.0,0.0,24.412616,22.996329666666664,19,18,5,0
2020-05-18 20:00:00,0.0,0.0,24.3377575,22.61223907142857,20,18,5,0
2020-05-18 20:15:00,0.0,0.0,24.169771333333333,21.926884066666663,20,18,5,0
2020-05-18 20:30:00,0.0,0.0,24.05134873333333,21.943363466666668,20,18,5,0
2020-05-18 20:45:00,0.0,0.0,23.8982564,21.728692533333327,20,18,5,0
2020-05-18 21:00:00,0.0,0.0,23.72655033333333,21.563179466666668,21,18,5,0
2020-05-18 21:15:00,0.0,0.0,23.632824666666664,21.526403933333327,21,18,5,0
2020-05-18 21:30:00,0.0,0.0,23.644559666666662,21.496999066666667,21,18,5,0
2020-05-18 21:45:00,0.0,0.0,23.303951066666663,21.16139933333333,21,18,5,0
2020-05-18 22:00:00,0.0,0.0,23.088842866666667,20.913444,22,18,5,0
2020-05-18 22:15:00,0.0,0.0,22.913321142857136,20.759881142857136,22,18,5,0
2020-05-18 22:30:00,0.0,0.0,22.8502136,20.73205366666667,22,18,5,0
2020-05-18 22:45:00,0.0,0.0,22.8157798,20.72792366666667,22,18,5,0
2020-05-18 23:00:00,0.0,0.0,22.787469466666668,20.8693136,23,18,5,0
2020-05-18 23:15:00,0.0,0.0,22.8566712,21.085955733333336,23,18,5,0
2020-05-18 23:30:00,0.0,0.0,22.750575866666665,20.816385866666668,23,18,5,0
2020-05-18 23:45:00,0.0,0.0,22.621004266666663,20.6383708,23,18,5,0
2020-05-19 00:00:00,0.0,0.0,22.6109822,20.609905933333334,0,19,5,0
2020-05-19 00:15:00,0.0,0.0,22.54899814285714,20.52987657142857,0,19,5,0
2020-05-19 00:30:00,0.0,0.0,22.553049733333328,20.4879678,0,19,5,0
2020-05-19 00:45:00,0.0,0.0,22.56621713333333,20.4848938,0,19,5,0
2020-05-19 01:00:00,0.0,0.0,22.6252198,20.58671073333333,1,19,5,0
2020-05-19 01:15:00,0.0,0.0,22.595463066666667,20.627077333333336,1,19,5,0
2020-05-19 01:30:00,0.0,0.0,22.5935506,20.697031866666663,1,19,5,0
2020-05-19 01:45:00,0.0,0.0,22.701711000000003,20.7254476,1,19,5,0
2020-05-19 02:00:00,0.0,0.0,22.759263,20.750472,2,19,5,0
2020-05-19 02:15:00,0.0,0.0,22.814073785714285,20.771355785714285,2,19,5,0
2020-05-19 02:30:00,0.0,0.0,22.8776184,20.811470600000003,2,19,5,0
2020-05-19 02:45:00,0.0,0.0,22.93003146666667,20.8492228,2,19,5,0
2020-05-19 03:00:00,0.0,0.0,22.953436333333336,20.8419148,3,19,5,0
2020-05-19 03:15:00,0.0,0.0,23.002309133333327,20.79196993333333,3,19,5,0
2020-05-19 03:30:00,0.0,0.0,23.0468344,20.812300666666665,3,19,5,0
2020-05-19 03:45:00,0.0,0.0,23.070223,20.8081972,3,19,5,0
2020-05-19 04:00:00,0.0,0.0,23.082743266666665,20.7709128,4,19,5,0
2020-05-19 04:15:00,0.0,0.0,23.19221278571429,20.853243214285712,4,19,5,0
2020-05-19 04:30:00,0.0,0.0,23.218198666666662,20.8823874,4,19,5,0
2020-05-19 04:45:00,0.0,0.0,23.269362399999995,20.983366000000004,4,19,5,0
2020-05-19 05:00:00,0.0,0.0,23.351676466666664,21.251873733333333,5,19,5,0
2020-05-19 05:15:00,0.0,0.0,23.34258833333333,21.2198508,5,19,5,0
2020-05-19 05:30:00,0.0,0.0,23.19291173333333,20.93427533333333,5,19,5,0
2020-05-19 05:45:00,0.0,0.0003183178168666,23.147200466666668,21.20465293333333,5,19,5,0
2020-05-19 06:00:00,0.0,0.00431375216,23.281386399999995,21.919765266666666,6,19,5,1
2020-05-19 06:15:00,9.275162337954546,0.0096971220999999,23.34448021428572,22.342457428571432,6,19,5,1
2020-05-19 06:30:00,16.835876624090908,0.0126500733333333,23.42726453333333,22.553234866666664,6,19,5,1
2020-05-19 06:45:00,70.41282467545454,0.0467522423333333,23.587766400000003,22.965578200000003,6,19,5,1
2020-05-19 07:00:00,241.3725649363637,0.1720124636666667,24.034554,24.97640393333333,7,19,5,1
2020-05-19 07:15:00,259.4632305227273,0.1875066193333333,24.505352933333327,27.033671066666663,7,19,5,1
2020-05-19 07:30:00,261.1850649409091,0.1886549799999999,24.80741786666666,29.581636466666662,7,19,5,1
2020-05-19 07:45:00,321.09626623181816,0.2351156386666667,25.04675513333333,31.106146266666663,7,19,5,1
2020-05-19 08:00:00,181.46396103636363,0.1312115527333333,25.179372266666665,30.78227753333333,8,19,5,1
2020-05-19 08:15:00,264.9637175363636,0.1940915442857143,25.188796928571428,30.107465642857143,8,19,5,1
2020-05-19 08:30:00,415.14050324545457,0.2977888,25.61507166666667,33.972491733333335,8,19,5,1
2020-05-19 08:45:00,390.7872564954545,0.2735150473333333,25.79166053333333,34.815734666666664,8,19,5,1
2020-05-19 09:00:00,546.1676948045455,0.386892012,26.1215332,36.85808506666665,9,19,5,1
2020-05-19 09:15:00,604.1396103818182,0.4241181026666666,26.495521866666664,39.636977133333325,9,19,5,1
2020-05-19 09:30:00,817.0405032454546,0.6465474886666664,27.322759933333337,45.7407144,9,19,5,1
2020-05-19 09:45:00,684.9421266272727,0.5261106153333333,27.51964326666667,46.130108666666665,9,19,5,1
2020-05-19 10:00:00,633.6889610363637,0.4921659633333334,27.60525313333333,43.148862666666666,10,19,5,1
2020-05-19 10:15:00,766.3422077863637,0.5924935807142857,27.712921,43.051186571428566,10,19,5,1
2020-05-19 10:30:00,683.1077922090909,0.5110362213333333,27.89099326666667,44.39553446666666,10,19,5,1
2020-05-19 10:45:00,815.7851461090909,0.601559176,27.81567373333333,43.86323240000001,10,19,5,1
2020-05-19 11:00:00,1011.3056006272728,0.813000858,28.1994974,48.014198666666665,11,19,5,1
2020-05-19 11:15:00,706.7740259772728,0.4994732739999999,28.478570533333333,47.685272,11,19,5,1
2020-05-19 11:30:00,397.9651515090909,0.283390025,28.08173375,40.725124125,11,19,5,1
2020-05-19 12:30:00,963.9530303,0.73832813,29.644663666666663,49.07784,12,19,5,1
2020-05-19 12:45:00,1118.3431818181818,0.835832152,29.9514374,51.408309800000005,12,19,5,1
2020-05-19 13:00:00,958.8525974090908,0.7019433013333334,30.105845400000003,51.84774173333333,13,19,5,1
2020-05-19 13:15:00,754.6136363636364,0.5473548466666667,29.9082072,49.460659,13,19,5,1
2020-05-19 13:30:00,745.7012987045455,0.5306936493333334,29.60315553333333,44.5125144,13,19,5,1
2020-05-19 13:45:00,984.4607954545456,0.7212584940000001,29.98547573333333,48.13686326666668,13,19,5,1
2020-05-19 14:00:00,883.7870129818183,0.6448023653333332,29.9116638,49.188905600000005,14,19,5,1
2020-05-19 14:15:00,932.1806818181816,0.6824211164285713,30.11147635714285,49.456279,14,19,5,1
2020-05-19 14:30:00,992.7538960727272,0.730578768,30.299320466666668,50.359466600000005,14,19,5,1
2020-05-19 14:45:00,946.1112013,0.702796554,30.368632,50.099892,14,19,5,1
2020-05-19 15:00:00,721.775892859091,0.5274703919999999,30.22064013333333,46.65866706666667,15,19,5,1
2020-05-19 15:15:00,592.6120129863637,0.4324710653333333,30.035451333333327,43.3170714,15,19,5,1
2020-05-19 15:30:00,638.6125000000001,0.4500676046666667,29.785141866666667,40.8995442,15,19,5,1
2020-05-19 15:45:00,533.1085227272728,0.3798659046666666,29.76168613333333,40.82955953333333,15,19,5,1
2020-05-19 16:00:00,636.9655844136364,0.4615756146666666,29.7693278,40.701816533333336,16,19,5,1
2020-05-19 16:15:00,518.7721590909091,0.3904150371428571,29.911296071428573,41.1940265,16,19,5,1
2020-05-19 16:30:00,451.9840277777778,0.3286678413333333,29.6577312,39.18270073333333,16,19,5,1
2020-05-19 16:45:00,365.6492063555555,0.2639367406666666,29.373718266666668,36.96112066666667,16,19,5,1
2020-05-19 17:00:00,261.8548611111111,0.1892608939999999,29.096531133333336,34.4538818,17,19,5,1
2020-05-19 17:15:00,178.56984126666669,0.1278067490666667,28.59915553333333,31.82115473333333,17,19,5,1
2020-05-19 17:30:00,121.63055555555556,0.08722808,28.11065073333333,29.98121346666667,17,19,5,1
2020-05-19 17:45:00,51.85873016055555,0.0377508244,27.6489196,28.5470478,17,19,5,1
2020-05-19 18:00:00,0.0965277777777777,0.0015752938426666,25.0463766,25.426198266666667,18,19,5,1
2020-05-19 18:15:00,0.0,0.0003286336506666,23.2004924,22.072212666666665,18,19,5,1
2020-05-19 18:30:00,0.0,0.0,22.543171428571423,20.736243071428568,18,19,5,1
2020-05-19 18:45:00,0.0,1.5969891733333336e-05,22.475012133333333,20.737575266666667,18,19,5,1
2020-05-19 19:00:00,0.0,0.0,22.450284866666667,20.74547933333333,19,19,5,0
2020-05-19 19:15:00,0.0,0.0,22.510243666666668,20.68572393333333,19,19,5,0
2020-05-19 19:30:00,0.0,0.0,22.54768473333333,20.47412926666667,19,19,5,0
2020-05-19 19:45:00,0.0,0.0,22.490025066666668,20.333485733333337,19,19,5,0
2020-05-19 20:00:00,0.0,0.0,22.388783866666664,20.06214393333333,20,19,5,0
2020-05-19 20:15:00,0.0,0.0,22.85917553333333,20.228641866666667,20,19,5,0
2020-05-19 20:30:00,0.0,0.0,23.404880666666664,20.62076813333333,20,19,5,0
2020-05-19 20:45:00,0.0,0.0,23.8672628,21.101176,20,19,5,0
2020-05-19 21:00:00,0.0,0.0,24.02257421428571,21.449929357142853,21,19,5,0
2020-05-19 21:15:00,0.0,0.0,24.0037862,21.4630168,21,19,5,0
2020-05-19 21:30:00,0.0,0.0,23.942895466666663,21.38899133333333,21,19,5,0
2020-05-19 21:45:00,0.0,0.0,23.8231872,21.24833566666667,21,19,5,0
2020-05-19 22:00:00,0.0,0.0,23.6713298,21.18211053333333,22,19,5,0
2020-05-19 22:15:00,0.0,0.0,23.7010498,21.558252,22,19,5,0
2020-05-19 22:30:00,0.0,0.0,23.560729933333327,21.31796673333333,22,19,5,0
2020-05-19 22:45:00,0.0,0.0,23.3931456,21.10627453333333,22,19,5,0
2020-05-19 23:00:00,0.0,0.0,23.23081673333333,20.72144773333333,23,19,5,0
2020-05-19 23:15:00,0.0,0.0,22.91665021428572,20.368068142857144,23,19,5,0
2020-05-19 23:30:00,0.0,0.0,22.787917200000003,20.3267742,23,19,5,0
2020-05-19 23:45:00,0.0,0.0,22.638492866666663,20.2964478,23,19,5,0
2020-05-20 00:00:00,0.0,0.0,22.46528513333333,20.111122666666663,0,20,5,0
2020-05-20 00:15:00,0.0,0.0,22.2552064,20.1101744,0,20,5,0
2020-05-20 00:30:00,0.0,0.0,22.217138666666667,20.21119186666667,0,20,5,0
2020-05-20 00:45:00,0.0,0.0,22.22257086666667,20.012646533333328,0,20,5,0
2020-05-20 01:00:00,0.0,0.0,22.19119053333333,20.036071733333333,1,20,5,0
2020-05-20 01:15:00,0.0,0.0,22.181749642857145,19.998057785714288,1,20,5,0
2020-05-20 01:30:00,0.0,0.0,22.11587533333333,19.7206116,1,20,5,0
2020-05-20 01:45:00,0.0,0.0,22.155918266666664,19.795170133333333,1,20,5,0
2020-05-20 02:00:00,0.0,0.0,22.17514033333333,19.728521666666666,2,20,5,0
2020-05-20 02:15:00,0.0,0.0,21.9675416,19.439959666666667,2,20,5,0
2020-05-20 02:30:00,0.0,0.0,21.960974199999995,19.382358533333328,2,20,5,0
2020-05-20 02:45:00,0.0,0.0,21.9418578,19.304392400000005,2,20,5,0
2020-05-20 03:00:00,0.0,0.0,21.921218,19.330312066666668,3,20,5,0
2020-05-20 03:15:00,0.0,0.0,22.009416857142856,19.45787921428571,3,20,5,0
2020-05-20 03:30:00,0.0,0.0,22.009790133333333,19.52385046666667,3,20,5,0
2020-05-20 03:45:00,0.0,0.0,22.108852,19.497703,3,20,5,0
2020-05-20 04:00:00,0.0,0.0,22.133602066666665,19.5210266,4,20,5,0
2020-05-20 04:15:00,0.0,0.0,22.156953933333337,19.550769066666668,4,20,5,0
2020-05-20 04:30:00,0.0,0.0,22.119610666666667,19.46474613333333,4,20,5,0
2020-05-20 04:45:00,0.0,0.0,22.078857466666665,19.3471294,4,20,5,0
2020-05-20 05:00:00,0.0,0.0,21.985909,19.168965533333328,5,20,5,0
2020-05-20 05:15:00,0.0,0.0,22.009881600000003,19.145835333333327,5,20,5,0
2020-05-20 05:30:00,0.0,0.0,21.883616928571428,18.824543357142858,5,20,5,0
2020-05-20 05:45:00,0.0,1.4736836000000004e-05,21.506819666666665,18.492340066666667,5,20,5,0
2020-05-20 06:00:00,9.769480519363636,0.0090117260933333,21.3480144,18.811700333333327,6,20,5,1
2020-05-20 06:15:00,41.721022727272725,0.0321055547333333,21.70994886666666,19.537300666666667,6,20,5,1
2020-05-20 06:30:00,68.65389610363637,0.0510381027333333,21.996521066666663,20.094380866666672,6,20,5,1
2020-05-20 06:45:00,93.88879870454548,0.0713916354666666,22.1559958,20.62310193333333,6,20,5,1
2020-05-20 07:00:00,158.76339286363637,0.1320388563333333,22.4990804,21.7430604,7,20,5,1
2020-05-20 07:15:00,246.2469155818182,0.1989128933333333,22.93633213333333,23.896433466666668,7,20,5,1
2020-05-20 07:30:00,337.20844155454546,0.2640124178571428,23.434548428571432,26.33118107142857,7,20,5,1
2020-05-20 07:45:00,421.9237824727272,0.325195026,23.921140466666664,28.769305600000003,7,20,5,1
2020-05-20 08:00:00,511.74521104545454,0.3905848053333332,24.471148666666664,31.939571,8,20,5,1
2020-05-20 08:15:00,578.8700487,0.4379202793333333,25.124652066666663,35.99217126666667,8,20,5,1
2020-05-20 08:30:00,664.3705357181818,0.498367802,25.56246340000001,38.252356133333336,8,20,5,1
2020-05-20 08:45:00,684.1922889681819,0.5104697813333334,26.212556866666667,40.39654946666667,8,20,5,1
2020-05-20 09:00:00,770.129707790909,0.5750738046666666,26.4731404,41.65764953333333,9,20,5,1
2020-05-20 09:15:00,822.9281655818181,0.6102461506666667,26.9201314,43.72293526666667,9,20,5,1
2020-05-20 09:30:00,853.4607142863636,0.6374122793333333,27.20111693333333,44.107206266666665,9,20,5,1
2020-05-20 09:45:00,934.5536526045454,0.7001427807142858,27.843497142857142,46.54200971428571,9,20,5,1
2020-05-20 10:00:00,997.2060876681818,0.7516814453333333,28.077587800000003,48.34034806666667,10,20,5,1
2020-05-20 10:15:00,1072.5883117272726,0.8096695786666664,28.2830628,49.19147753333333,10,20,5,1
2020-05-20 10:30:00,1068.3629058181818,0.8091504293333334,28.752504466666664,51.54958113333333,10,20,5,1
2020-05-20 10:45:00,1077.6416396090908,0.8148198200000001,28.985984333333327,51.476499200000006,10,20,5,1
2020-05-20 11:00:00,1122.9137986818182,0.8488509206666665,29.315938266666667,52.12607433333333,11,20,5,1
2020-05-20 11:15:00,1178.5751623181818,0.9000696606666667,29.735261933333334,53.64847206666667,11,20,5,1
2020-05-20 11:30:00,1222.9443181818183,0.93859401,29.882983266666667,54.3455892,11,20,5,1
2020-05-20 11:45:00,1193.0308442272728,0.9129294213333332,30.19451906666667,56.65431326666666,11,20,5,1
2020-05-20 12:00:00,1234.3177759545454,0.9661854566666668,30.521348066666665,56.80053313333334,12,20,5,1
2020-05-20 12:15:00,1250.6844156363636,0.9751613035714286,30.92911621428572,58.69564164285714,12,20,5,1
2020-05-20 12:30:00,1244.6835226818182,0.9678900893333334,31.299159800000005,59.367140466666655,12,20,5,1
2020-05-20 12:45:00,1238.6594967272729,0.9669222093333332,31.34249066666667,58.68839280000001,12,20,5,1
2020-05-20 13:00:00,1128.000081181818,0.8978028199999998,31.393697066666668,56.83325393333334,13,20,5,1
2020-05-20 13:15:00,1186.634393909091,0.9024616809090908,31.52517981818181,56.276514181818186,13,20,5,1
2020-05-20 17:30:00,181.22727272727272,0.136164155,29.3095095,31.839508,17,20,5,1
2020-05-20 17:45:00,151.54618506363636,0.1119324913333333,28.99113573333333,31.0937296,17,20,5,1
2020-05-20 18:00:00,80.35965909090909,0.0601320612666666,28.524298066666667,29.694879200000003,18,20,5,1
2020-05-20 18:15:00,34.771672078181815,0.0263529064666666,27.9674928,27.48501573333333,18,20,5,1
2020-05-20 18:30:00,4.906737013,0.0047339318343333,27.510428933333333,25.833406533333328,18,20,5,1
2020-05-20 18:45:00,0.0,9.92009574285714e-05,27.112099785714285,24.68879464285714,18,20,5,1
2020-05-20 19:00:00,0.0,0.0,26.715222,24.047064133333333,19,20,5,0
2020-05-20 19:15:00,0.0,0.0,26.32090453333333,23.7664206,19,20,5,0
2020-05-20 19:30:00,0.0,0.0,26.058491933333336,23.3778504,19,20,5,0
2020-05-20 19:45:00,0.0,0.0,25.84102366666667,23.00669146666667,19,20,5,0
2020-05-20 20:00:00,0.0,0.0,25.68150633333333,22.6908204,20,20,5,0
2020-05-20 20:15:00,0.0,0.0,25.51622313333333,22.429024266666666,20,20,5,0
2020-05-20 20:30:00,0.0,0.0,25.282519466666667,22.43654993333333,20,20,5,0
2020-05-20 20:45:00,0.0,0.0,25.09930633333333,22.31530366666667,20,20,5,0
2020-05-20 21:00:00,0.0,0.0,24.91609842857143,22.040122,21,20,5,0
2020-05-20 21:15:00,0.0,0.0,24.820863733333333,22.009299599999995,21,20,5,0
2020-05-20 21:30:00,0.0,0.0,24.700486200000004,21.877602133333337,21,20,5,0
2020-05-20 21:45:00,0.0,0.0,24.499195642857146,21.57032992857143,21,20,5,0
2020-05-20 22:00:00,0.0,0.0,24.3762818,21.520674666666668,22,20,5,0
2020-05-20 22:15:00,0.0,0.0,24.23611046666667,21.519643,22,20,5,0
2020-05-20 22:30:00,0.0,0.0,24.14549035714285,21.462666,22,20,5,0
2020-05-20 22:45:00,0.0,0.0,24.003129,21.269993266666663,22,20,5,0
2020-05-21 07:45:00,340.67727272727274,0.3223960490909091,23.530553636363635,30.40324263636364,7,21,5,1
2020-05-21 08:00:00,420.4771212136364,0.3646781813333333,23.96825553333333,33.11916906666667,8,21,5,1
2020-05-21 08:15:00,558.6881493545454,0.396035358,24.447705066666664,36.010386000000004,8,21,5,1
2020-05-21 08:30:00,634.8415584454546,0.4540012586666666,25.058563266666663,39.48617746666665,8,21,5,1
2020-05-21 08:45:00,735.1316287909091,0.5583109086666667,25.4833456,42.19290773333333,8,21,5,1
2020-05-21 09:00:00,800.9505681818181,0.6302828366666666,26.186218200000003,45.974644000000005,9,21,5,1
2020-05-21 09:15:00,856.0393668818182,0.6764482221428572,26.82428842857143,48.745747214285714,9,21,5,1
2020-05-21 09:30:00,960.9120130090909,0.7325971326666667,27.489748066666667,49.733946,9,21,5,1
2020-05-21 09:45:00,977.7521915318182,0.7722379753333333,27.690804,51.029305,9,21,5,1
2020-05-21 10:00:00,595.1774025909091,0.70056636,28.20780033333333,53.51720186666666,10,21,5,1
2020-05-21 10:15:00,694.5844155909091,0.5043223273333332,28.129876866666663,46.86501033333333,10,21,5,1
2020-05-21 10:30:00,940.1276785727272,0.8154269713333333,28.657090266666668,51.68042806666666,10,21,5,1
2020-05-21 10:45:00,1030.709821359091,0.754716712,28.85416453333333,51.79728806666666,10,21,5,1
2020-05-21 11:00:00,1009.8138798,0.7235343293333333,29.207837,53.292307533333336,11,21,5,1
2020-05-21 11:15:00,1249.8761363636363,1.0389913628571428,29.59773042857143,56.443897500000006,11,21,5,1
2020-05-21 11:30:00,1218.2286525909092,1.033489496666667,30.12836306666667,61.4558144,11,21,5,1
2020-05-21 11:45:00,1158.0346590909091,0.8877618960000001,30.494291133333338,60.050757,11,21,5,1
2020-05-21 12:00:00,1046.4735390045455,0.892777234,30.676135400000003,57.4164388,12,21,5,1
2020-05-21 12:15:00,1091.7108766363638,0.8879575373333333,30.804624466666667,58.6477848,12,21,5,1
2020-05-21 12:30:00,773.7434253272727,0.5801343633333333,30.550409,50.88379926666666,12,21,5,1
2020-05-21 12:45:00,975.8513798727272,0.7466439013333332,30.864174466666668,51.88567106666667,12,21,5,1
2020-05-21 13:00:00,987.200860390909,0.8004696066666667,31.3942708,54.491442600000006,13,21,5,1
2020-05-21 13:15:00,1253.3855519545457,0.9618199573333333,31.3498148,55.91095173333333,13,21,5,1
2020-05-21 13:30:00,1038.2366070863636,0.7764669535714287,31.723678357142852,57.42826607142857,13,21,5,1
2020-05-21 13:45:00,1054.8196429045454,0.8612832686666666,31.688391,55.696510800000006,13,21,5,1
2020-05-21 14:00:00,980.2405844681816,0.741254446,32.05471386666667,56.430047733333325,14,21,5,1
2020-05-21 14:15:00,802.3564935045455,0.632901332,31.86826353333333,50.850927733333336,14,21,5,1
2020-05-21 14:30:00,692.0304383136364,0.4585606919999999,31.819928,47.850404733333335,14,21,5,1
2020-05-21 14:45:00,810.43944805,0.613399808,31.724595200000003,46.1821414,14,21,5,1
2020-05-21 15:00:00,976.2261093272728,0.7409205246666666,32.33336766666667,52.991542466666665,15,21,5,1
2020-05-21 15:15:00,506.5166396181818,0.3559129373333332,31.9338582,46.44251506666667,15,21,5,1
2020-05-21 15:30:00,728.7133116863637,0.563544357142857,32.07216542857143,46.25483692857144,15,21,5,1
2020-05-21 15:45:00,522.6482954454546,0.3742929606666666,32.14568913333334,45.14951980000001,15,21,5,1
2020-05-21 16:00:00,386.80064935,0.273557416,31.600370266666665,40.34497666666666,16,21,5,1
2020-05-21 16:15:00,333.2480519409091,0.2396828633333333,31.0340474,37.6285684,16,21,5,1
2020-05-21 16:30:00,425.8068993590909,0.3015704806666667,30.709979333333337,37.02485793333333,16,21,5,1
2020-05-21 16:45:00,242.10202922272728,0.1652971236,30.436910066666663,36.399023133333344,16,21,5,1
2020-05-21 17:00:00,103.54951298636364,0.0705414855,29.904103,31.90951321428572,17,21,5,1
2020-05-21 17:15:00,73.60681818227273,0.0500169534,29.53365073333333,29.722025533333333,17,21,5,1
2020-05-21 17:30:00,57.016071428636366,0.039089017,29.038175466666665,28.573687866666667,17,21,5,1
2020-05-21 17:45:00,42.15154220863637,0.0293719444666666,28.658781133333328,27.826387666666665,17,21,5,1
2020-05-21 18:00:00,29.881412337272728,0.0212870691999999,27.727758666666663,26.892470266666667,18,21,5,1
2020-05-21 18:15:00,10.83236607125,0.01005088592,27.694161,26.27160233333333,18,21,5,1
2020-05-21 18:30:00,0.0,0.0015678459913333,27.578023266666666,25.854665200000003,18,21,5,1
2020-05-21 18:45:00,0.0,0.0,27.19961753333333,25.1958414,18,21,5,1
2020-05-21 19:00:00,0.0,0.0,26.84853057142857,24.62852907142857,19,21,5,0
2020-05-21 19:15:00,0.0,0.0,26.45617473333333,24.164711333333333,19,21,5,0
2020-05-21 19:30:00,0.0,0.0,26.023022466666667,23.832366933333336,19,21,5,0
2020-05-21 19:45:00,0.0,0.0,25.766520133333334,23.48216953333333,19,21,5,0
2020-05-21 20:00:00,0.0,0.0,25.5864014,23.286395266666663,20,21,5,0
2020-05-21 20:15:00,0.0,0.0,25.35796506666667,23.092466200000004,20,21,5,0
2020-05-21 20:30:00,0.0,0.0,25.098463733333336,22.87989926666667,20,21,5,0
2020-05-21 20:45:00,0.0,0.0,24.8719178,22.620530266666663,20,21,5,0
2020-05-21 21:00:00,0.0,0.0,24.680324266666663,22.335959933333328,21,21,5,0
2020-05-21 21:15:00,0.0,0.0,24.47877935714285,22.165891285714284,21,21,5,0
2020-05-21 21:30:00,0.0,0.0,24.406392466666663,22.096169133333333,21,21,5,0
2020-05-21 21:45:00,0.0,0.0,24.36970013333333,22.03935133333333,21,21,5,0
2020-05-21 22:00:00,0.0,0.0,24.26367993333333,21.819816066666665,22,21,5,0
2020-05-21 22:15:00,0.0,0.0,24.19905,21.67491866666667,22,21,5,0
2020-05-21 22:30:00,0.0,0.0,24.08873486666667,21.486199866666663,22,21,5,0
2020-05-21 22:45:00,0.0,0.0,24.00257386666667,21.370762266666667,22,21,5,0
2020-05-21 23:00:00,0.0,0.0,23.978326266666667,21.3030558,23,21,5,0
2020-05-21 23:15:00,0.0,0.0,23.922380642857146,21.196879785714284,23,21,5,0
2020-05-21 23:30:00,0.0,0.0,23.8922364,21.126922666666665,23,21,5,0
2020-05-21 23:45:00,0.0,0.0,23.856805466666664,21.1551208,23,21,5,0
2020-05-22 00:00:00,0.0,0.0,23.760593466666663,21.23520506666667,0,22,5,0
2020-05-22 00:15:00,0.0,0.0,23.6751994,21.1929544,0,22,5,0
2020-05-22 00:30:00,0.0,0.0,23.594093866666668,21.1975178,0,22,5,0
2020-05-22 00:45:00,0.0,0.0,23.48329066666667,21.23848886666666,0,22,5,0
2020-05-22 01:00:00,0.0,0.0,23.470836,21.83555171428572,1,22,5,0
2020-05-22 01:15:00,0.0,0.0,23.52625706666667,22.2376994,1,22,5,0
2020-05-22 01:30:00,0.0,0.0,23.54151806666667,22.084086133333333,1,22,5,0
2020-05-22 01:45:00,0.0,0.0,23.4903992,22.2411336,1,22,5,0
2020-05-22 02:00:00,0.0,0.0,23.44186193333333,22.392478466666663,2,22,5,0
2020-05-22 02:15:00,0.0,0.0,23.4516622,22.4551962,2,22,5,0
2020-05-22 02:30:00,0.0,0.0,23.410870333333328,22.287416466666667,2,22,5,0
2020-05-22 02:45:00,0.0,0.0,23.41301192857143,22.12250857142857,2,22,5,0
2020-05-22 03:00:00,0.0,0.0,23.297208666666663,21.8402384,3,22,5,0
2020-05-22 03:15:00,0.0,0.0,23.0816204,21.3520304,3,22,5,0
2020-05-22 03:30:00,0.0,0.0,23.0801798,21.29458413333333,3,22,5,0
2020-05-22 03:45:00,0.0,0.0,23.0092528,21.33285306666667,3,22,5,0
2020-05-22 04:00:00,0.0,0.0,22.94258413333333,21.267515133333337,4,22,5,0
2020-05-22 04:15:00,0.0,0.0,23.023907466666664,21.393129333333327,4,22,5,0
2020-05-22 04:30:00,0.0,0.0,22.980336533333336,21.45325513333333,4,22,5,0
2020-05-22 04:45:00,0.0,0.0,22.941425857142857,21.42293871428572,4,22,5,0
2020-05-22 05:00:00,0.0,0.0,22.9109844,21.4030904,5,22,5,0
2020-05-22 05:15:00,0.0,0.0,22.858017933333333,21.447070266666667,5,22,5,0
2020-05-22 05:30:00,0.0,0.0,22.8197834,21.408598,5,22,5,0
2020-05-22 05:45:00,0.0,0.0010673070493333,22.802852266666665,21.3380066,5,22,5,0
2020-05-22 06:00:00,21.32313311727273,0.0168548558266666,22.815523266666663,21.6110514,6,22,5,1
2020-05-22 06:15:00,55.14082792363636,0.0403607207333333,22.981634533333327,22.203200133333333,6,22,5,1
2020-05-22 06:30:00,86.97719155863636,0.0646610821333333,23.218327,22.82350866666667,6,22,5,1
2020-05-22 06:45:00,115.54537338181818,0.0858986049285714,23.366936642857144,23.907782357142853,6,22,5,1
2020-05-22 07:00:00,156.75608766363638,0.1108917472,23.4338724,24.7448954,7,22,5,1
2020-05-22 07:15:00,347.4019480454545,0.2790037753333333,23.82504073333333,28.026749666666667,7,22,5,1
2020-05-22 07:30:00,443.3135551954545,0.3559949986666666,24.3803284,32.1630228,7,22,5,1
2020-05-22 07:45:00,429.62207792272727,0.3454415426666666,24.829638666666668,33.83913526666666,7,22,5,1
2020-05-22 08:00:00,493.0648538909091,0.3929178906666667,25.088962666666667,35.562813133333336,8,22,5,1
2020-05-22 08:15:00,461.8055194772728,0.3585062726666666,25.26090906666667,37.18839533333334,8,22,5,1
2020-05-22 08:30:00,256.24415584545454,0.1884618071428571,25.14924185714285,32.83658064285714,8,22,5,1
2020-05-22 08:45:00,379.0206168772728,0.2670940773333334,25.312744200000004,32.38037546666667,8,22,5,1
2020-05-22 09:00:00,500.6436526,0.3730011899999999,25.96112293333333,35.6540122,9,22,5,1
2020-05-22 09:15:00,554.3546266227272,0.3860812566666666,26.405902066666663,37.5282734,9,22,5,1
2020-05-22 09:30:00,629.218344159091,0.4385864393333333,26.92924806666667,39.8739748,9,22,5,1
2020-05-22 09:45:00,527.7184902590909,0.3759219506666666,27.16653653333333,39.336533733333326,9,22,5,1
2020-05-22 10:00:00,673.6366883045455,0.5426874133333333,27.585662733333333,42.06701466666666,10,22,5,1
2020-05-22 10:15:00,921.4205357090908,0.63854485,27.87740473333333,42.96753940000001,10,22,5,1
2020-05-22 10:30:00,558.2634740227272,0.4156516442857142,28.15413335714286,44.68885371428571,10,22,5,1
2020-05-22 10:45:00,824.3022727318181,0.7091465493333333,28.069488466666662,42.7483944,10,22,5,1
2020-05-22 11:00:00,789.786038959091,0.608488516,28.88009853333333,50.2482484,11,22,5,1
2020-05-22 11:15:00,751.6039123363637,0.553059376,28.860333333333333,44.390484533333336,11,22,5,1
2020-05-22 11:30:00,1241.280275909091,0.999309628,29.77494913333333,52.5911334,11,22,5,1
2020-05-22 11:45:00,1221.810389590909,1.0477749826666665,30.58406566666667,60.62906306666667,11,22,5,1
2020-05-22 12:00:00,1258.0619317727271,1.0318606821428573,30.824835714285715,62.21209042857143,12,22,5,1
2020-05-22 12:15:00,983.4931818181816,0.8117554566666667,30.752172866666665,57.925577800000006,12,22,5,1
2020-05-22 12:30:00,922.7448863727273,0.7624467326666666,30.91771053333333,54.40039266666666,12,22,5,1
2020-05-22 12:45:00,1103.7556818772728,0.917253122,31.41328526666667,55.89338740000001,12,22,5,1
2020-05-22 13:00:00,1048.4758658454546,0.8148439080000001,31.3189554,54.85740986666666,13,22,5,1
2020-05-22 13:15:00,1092.2657467727274,0.8256647073333334,31.90281766666666,58.44529793333333,13,22,5,1
2020-05-22 13:30:00,1068.1657467545456,0.814901278,31.85407093333333,57.85922433333334,13,22,5,1
2020-05-22 13:45:00,879.2745941636364,0.6930570186666666,31.63322353333333,53.52987266666667,13,22,5,1
2020-05-22 14:00:00,967.8479707727272,0.7605472914285714,31.882248142857144,54.65764728571429,14,22,5,1
2020-05-22 14:15:00,820.9568993500001,0.6065786866666667,32.30898653333334,55.08829360000001,14,22,5,1
2020-05-22 14:30:00,1058.8828733772727,0.809865482,32.15423573333334,52.968100933333325,14,22,5,1
2020-05-22 14:45:00,1023.6359577045456,0.7798724033333334,32.80111693333333,56.02008653333333,14,22,5,1
2020-05-22 15:00:00,937.8781655818184,0.7279374373333332,33.00463246666666,55.63306693333334,15,22,5,1
2020-05-22 15:15:00,633.5211850681818,0.468398362,32.574084400000004,51.29624213333333,15,22,5,1
2020-05-22 15:30:00,419.3369318227273,0.3465496533333333,32.31323666666667,43.588924266666666,15,22,5,1
2020-05-22 15:45:00,446.6570616954545,0.3180874907142857,32.0070125,43.13004007142857,15,22,5,1
2020-05-22 16:00:00,313.2791396090909,0.223404308,31.29693813333333,39.07873533333333,16,22,5,1
2020-05-22 16:15:00,272.3649350681818,0.1951342519999999,30.797410133333333,37.0259216,16,22,5,1
2020-05-22 16:30:00,218.54261364090908,0.1562854073333333,30.2077474,34.96258519999999,16,22,5,1
2020-05-22 16:45:00,189.14504870454547,0.1358759986666666,29.846667533333328,33.62270493333333,16,22,5,1
2020-05-22 17:00:00,157.63060065,0.1132172194666666,29.57108153333333,32.47774066666667,17,22,5,1
2020-05-22 17:15:00,116.27524351363635,0.0837732949333333,29.301833066666667,31.3613768,17,22,5,1
2020-05-22 17:30:00,77.72873376636363,0.0560736594,29.1003866,30.149263466666667,17,22,5,1
2020-05-22 17:45:00,49.55633116909091,0.0369035885714285,28.82632671428572,29.096067142857144,17,22,5,1
2020-05-22 18:00:00,27.211120130454542,0.0214036318666666,28.510609933333328,28.12322593333333,18,22,5,1
2020-05-22 18:15:00,10.789691558318182,0.0099927644066666,28.18459053333333,27.252742533333333,18,22,5,1
2020-05-22 18:30:00,0.0,0.0020025813973333,28.03802473333333,26.626117,18,22,5,1
2020-05-22 18:45:00,0.0,2.7608272399999994e-05,27.857527666666662,26.235675,18,22,5,1
2020-05-22 19:00:00,0.0,0.0,27.590226266666665,25.9145488,19,22,5,0
2020-05-22 19:15:00,0.0,0.0,27.355753666666665,25.7008974,19,22,5,0
2020-05-22 19:30:00,0.0,0.0,27.137475466666665,25.587719733333333,19,22,5,0
2020-05-22 19:45:00,0.0,0.0,26.941038066666668,25.36680293333333,19,22,5,0
2020-05-22 20:00:00,0.0,0.0,26.857729285714285,25.154514857142857,20,22,5,0
2020-05-22 20:15:00,0.0,0.0,26.768762066666664,25.0066142,20,22,5,0
2020-05-22 20:30:00,0.0,0.0,26.6451172,24.92873313333333,20,22,5,0
2020-05-22 20:45:00,0.0,0.0,26.527557466666664,24.90883806666666,20,22,5,0
2020-05-22 21:00:00,0.0,0.0,26.475219733333333,24.957104533333336,21,22,5,0
2020-05-22 21:15:00,0.0,0.0,26.420656466666667,25.20817046666667,21,22,5,0
2020-05-22 21:30:00,0.0,0.0,26.3497904,25.225801600000004,21,22,5,0
2020-05-22 21:45:00,0.0,0.0,24.900354,24.77943313333333,21,22,5,0
2020-05-22 22:00:00,0.0,0.0,23.9790038,23.404168866666662,22,22,5,0
2020-05-22 22:15:00,0.0,0.0,23.55884221428571,22.71218,22,22,5,0
2020-05-22 22:30:00,0.0,0.0,23.5472046,22.64883013333333,22,22,5,0
2020-05-22 22:45:00,0.0,0.0,23.2145264,21.719091866666663,22,22,5,0
2020-05-22 23:00:00,0.0,0.0,22.361055333333333,20.86307993333333,23,22,5,0
2020-05-22 23:15:00,0.0,0.0,21.64112766666667,20.3276652,23,22,5,0
2020-05-22 23:30:00,0.0,0.0,21.5649028,20.2063374,23,22,5,0
2020-05-22 23:45:00,0.0,0.0,21.6055196,20.350038666666663,23,22,5,0
2020-05-23 00:00:00,0.0,0.0,21.7191894,20.4714396,0,23,5,0
2020-05-23 00:15:00,0.0,0.0,21.708895,20.602031142857147,0,23,5,0
2020-05-23 00:30:00,0.0,0.0,21.620870000000004,20.551786266666664,0,23,5,0
2020-05-23 00:45:00,0.0,0.0,21.575026533333336,20.511413666666662,0,23,5,0
2020-05-23 01:00:00,0.0,0.0,21.45861,20.4058044,1,23,5,0
2020-05-23 01:15:00,0.0,0.0,21.471038799999995,20.32331333333333,1,23,5,0
2020-05-23 01:30:00,0.0,0.0,21.5340616,20.320503666666664,1,23,5,0
2020-05-23 01:45:00,0.0,0.0,21.669055266666668,20.444116133333328,1,23,5,0
2020-05-23 02:00:00,0.0,0.0,21.74084266666667,20.4955098,2,23,5,0
2020-05-23 02:15:00,0.0,0.0,21.76986257142857,20.55575542857143,2,23,5,0
2020-05-23 02:30:00,0.0,0.0,21.851713066666665,20.587019999999995,2,23,5,0
2020-05-23 02:45:00,0.0,0.0,21.8916116,20.52848733333333,2,23,5,0
2020-05-23 03:00:00,0.0,0.0,21.884334266666663,20.389685066666665,3,23,5,0
2020-05-23 03:15:00,0.0,0.0,21.896366266666668,20.634684266666667,3,23,5,0
2020-05-23 03:30:00,0.0,0.0,21.963966933333328,20.9058836,3,23,5,0
2020-05-23 03:45:00,0.0,0.0,22.0309366,21.0314534,3,23,5,0
2020-05-23 04:00:00,0.0,0.0,22.128173866666668,21.08964233333333,4,23,5,0
2020-05-23 04:15:00,0.0,0.0,22.1400958,21.1670512,4,23,5,0
2020-05-23 04:30:00,0.0,0.0,22.049833,21.143541571428567,4,23,5,0
2020-05-23 04:45:00,0.0,0.0,21.974959266666666,21.07260333333333,4,23,5,0
2020-05-23 05:00:00,0.0,0.0,21.92008673333333,21.012809266666665,5,23,5,0
2020-05-23 06:45:00,64.52242424181817,0.0454442841666666,22.344629916666666,22.08666241666667,6,23,5,1
2020-05-23 07:00:00,98.79131493636363,0.0697883706,22.4054382,22.988533466666667,7,23,5,1
2020-05-23 07:15:00,203.1690746772727,0.14642804,22.7378764,24.8963014,7,23,5,1
2020-05-23 07:30:00,314.28116883636363,0.2291173557142857,23.20470971428572,27.90720492857143,7,23,5,1
2020-05-23 07:45:00,366.41761364545454,0.2691330578571429,23.51787007142857,30.984898285714287,7,23,5,1
2020-05-23 08:00:00,434.3886363636364,0.3245409046666666,23.89814073333333,33.29091186666667,8,23,5,1
2020-05-23 08:15:00,650.7798701272727,0.4945615926666666,24.705782066666668,38.037754333333325,8,23,5,1
2020-05-23 08:30:00,768.4260551954546,0.5895070206666666,25.810009866666668,43.5907308,8,23,5,1
2020-05-23 08:45:00,749.5895292272727,0.569132588,26.365627066666665,43.806378,8,23,5,1
2020-05-23 09:00:00,803.75194805,0.6137954226666666,26.8544944,44.581498066666654,9,23,5,1
2020-05-23 09:15:00,868.7753246772728,0.6625689086666668,27.272131400000003,46.693650133333335,9,23,5,1
2020-05-23 09:30:00,794.1367694772727,0.6174629526666667,27.64303786666667,47.786619,9,23,5,1
2020-05-23 09:45:00,892.2843344045455,0.710976275,27.703896500000003,45.23483278571429,9,23,5,1
2020-05-23 10:00:00,883.5528409090908,0.6737647459999999,28.074165800000003,48.958026200000006,10,23,5,1
2020-05-23 10:15:00,860.4326298727273,0.6361480606666667,28.02329086666667,47.408421,10,23,5,1
2020-05-23 10:30:00,854.9265422045454,0.6136754333333333,28.123655266666663,48.692805666666665,10,23,5,1
2020-05-23 10:45:00,959.1354708,0.8168375646666667,28.60254713333333,49.08473493333334,10,23,5,1
2020-05-23 11:00:00,1021.4870941136364,0.8011747426666667,28.8662964,52.901754,11,23,5,1
2020-05-23 11:15:00,1221.3012175909091,0.968808626,29.496158666666663,56.45879506666667,11,23,5,1
2020-05-23 11:30:00,1237.503733727273,0.9841918673333332,30.03040366666667,59.877591933333335,11,23,5,1
2020-05-23 11:45:00,1253.8672077727274,1.0037044035714286,30.452372928571428,60.19193785714286,11,23,5,1
2020-05-23 12:00:00,1225.7633116363636,0.962423294,30.6108378,58.55042526666667,12,23,5,1
2020-05-23 12:15:00,1296.2228084545454,1.112296618,31.26550906666667,63.34182940000001,12,23,5,1
2020-05-23 12:30:00,1166.1923700454545,0.954939324,31.12965493333333,65.54571366666664,12,23,5,1
2020-05-23 12:45:00,879.4284902636363,0.6678877380000001,31.10980833333333,58.53033853333333,12,23,5,1
2020-05-23 13:00:00,1052.1933441818182,0.7916552700000001,31.304307266666665,55.53702406666668,13,23,5,1
2020-05-23 13:15:00,1136.3574675,0.8927997,32.26669699999999,58.0866006,13,23,5,1
2020-05-23 13:30:00,1173.822159090909,0.9360600806666666,32.174080466666666,59.10431306666667,13,23,5,1
2020-05-23 13:45:00,1220.9275162272727,0.9900849466666666,32.819391,62.57647933333334,13,23,5,1
2020-05-23 14:00:00,1009.5266234181818,0.7815910821428571,33.13893985714286,60.39023078571429,14,23,5,1
2020-05-23 14:15:00,789.2722402545455,0.5945410246666665,32.61264433333333,53.1639342,14,23,5,1
2020-05-23 14:30:00,736.5112013045455,0.545487636,32.7458558,51.327437733333326,14,23,5,1
2020-05-23 14:45:00,699.9380681772727,0.5062324326666667,32.598390733333325,48.28102199999999,14,23,5,1
2020-05-23 15:00:00,580.6081168863636,0.4040820713333333,32.41062673333334,46.36569013333333,15,23,5,1
2020-05-23 15:15:00,742.7007305227272,0.485598238,32.6603392,46.35074433333333,15,23,5,1
2020-05-23 15:30:00,874.003003240909,0.6299917373333332,33.28802473333333,49.761794,15,23,5,1
2020-05-23 15:45:00,730.6834415545454,0.5362176506666668,33.335693266666674,49.51272193333333,15,23,5,1
2020-05-23 16:00:00,636.6567370181818,0.49096055,33.424020071428565,48.9096767142857,16,23,5,1
2020-05-23 16:15:00,575.0921266318181,0.4451593266666666,32.66607666666668,47.123696133333326,16,23,5,1
2020-05-23 16:30:00,540.5573863636364,0.3890966946666666,32.16037606666667,43.64397813333333,16,23,5,1
2020-05-23 16:45:00,396.97711039090905,0.2978837853333333,31.88587833333333,41.18470279999999,16,23,5,1
2020-05-23 17:00:00,325.6685064954545,0.246215918,31.265974933333336,37.7911072,17,23,5,1
2020-05-23 17:15:00,274.9590909,0.2081180433333333,30.808199066666667,35.76615826666667,17,23,5,1
2020-05-23 17:30:00,199.1768668818182,0.1451273186666666,30.171648933333334,33.8750304,17,23,5,1
2020-05-23 17:45:00,153.40462662272728,0.1122409709333333,29.63169753333333,32.23251346666666,17,23,5,1
2020-05-23 18:00:00,126.89456169090909,0.0927983004,29.4934264,31.516186533333336,18,23,5,1
2020-05-23 18:15:00,55.62751623454546,0.0412472248571428,29.02422,29.90827521428572,18,23,5,1
2020-05-23 18:30:00,3.145048701318182,0.0050579441066666,28.4694946,27.9880758,18,23,5,1
2020-05-23 18:45:00,0.0,9.44485646e-05,28.136104133333337,26.83467813333333,18,23,5,1
2020-05-23 19:00:00,0.0,0.0,27.82643613333333,26.21776333333333,19,23,5,0
2020-05-23 19:15:00,0.0,0.0,27.58875313333333,25.794478133333328,19,23,5,0
2020-05-23 19:30:00,0.0,0.0,27.35458573333333,25.633465600000005,19,23,5,0
2020-05-23 19:45:00,0.0,0.0,27.17084366666667,25.592665600000004,19,23,5,0
2020-05-23 20:00:00,0.0,0.0,26.9254904,25.399934866666666,20,23,5,0
2020-05-23 20:15:00,0.0,0.0,26.74023646666667,25.1433514,20,23,5,0
2020-05-23 20:30:00,0.0,0.0,26.542622,24.715713500000003,20,23,5,0
2020-05-23 20:45:00,0.0,0.0,26.3805358,24.4444234,20,23,5,0
2020-05-23 21:00:00,0.0,0.0,26.2500794,24.092059266666663,21,23,5,0
2020-05-23 21:15:00,0.0,0.0,26.0939412,23.791683066666668,21,23,5,0
2020-05-23 21:30:00,0.0,0.0,26.035589666666667,24.022705066666667,21,23,5,0
2020-05-23 22:00:00,0.0,0.0,25.7736,23.732849,22,23,5,0
2020-05-23 22:15:00,0.0,0.0,25.654901066666667,23.449275533333328,22,23,5,0
2020-05-23 22:30:00,0.0,0.0,25.488665666666662,23.103936733333327,22,23,5,0
2020-05-23 22:45:00,0.0,0.0,25.33885486666667,22.979264466666667,22,23,5,0
2020-05-23 23:00:00,0.0,0.0,25.1337626,22.6813252,23,23,5,0
2020-05-23 23:15:00,0.0,0.0,24.969698,22.494120266666663,23,23,5,0
2020-05-23 23:30:00,0.0,0.0,24.838093428571423,22.509726357142856,23,23,5,0
2020-05-23 23:45:00,0.0,0.0,24.81882946666667,22.467185466666667,23,23,5,0
2020-05-24 00:00:00,0.0,0.0,24.6906805,22.17558057142857,0,24,5,0
2020-05-24 00:15:00,0.0,0.0,24.538547666666663,21.8853208,0,24,5,0
2020-05-24 00:30:00,0.0,0.0,24.327402866666667,21.633982266666667,0,24,5,0
2020-05-24 00:45:00,0.0,0.0,24.253961200000003,21.66131586666667,0,24,5,0
2020-05-24 01:00:00,0.0,0.0,24.2181986,21.775756733333328,1,24,5,0
2020-05-24 01:15:00,0.0,0.0,24.211336266666667,21.765153,1,24,5,0
2020-05-24 01:30:00,0.0,0.0,24.305967,22.219170642857147,1,24,5,0
2020-05-24 01:45:00,0.0,0.0,24.47437553333333,22.922821066666668,1,24,5,0
2020-05-24 02:00:00,0.0,0.0,24.566530333333333,23.147521933333334,2,24,5,0
2020-05-24 02:15:00,0.0,0.0,24.6126954,22.74956053333333,2,24,5,0
2020-05-24 02:30:00,0.0,0.0,24.401302066666663,22.162550733333337,2,24,5,0
2020-05-24 02:45:00,0.0,0.0,24.0961324,21.322037666666663,2,24,5,0
2020-05-24 03:00:00,0.0,0.0,24.0066,21.193375733333337,3,24,5,0
2020-05-24 03:15:00,0.0,0.0,23.984708733333328,21.2534078,3,24,5,0
2020-05-24 03:30:00,0.0,0.0,23.969868428571427,21.364536928571425,3,24,5,0
2020-05-24 03:45:00,0.0,0.0,23.9593852,21.597076466666667,3,24,5,0
2020-05-24 04:00:00,0.0,0.0,23.917812133333328,21.46754153333333,4,24,5,0
2020-05-24 04:15:00,0.0,0.0,23.90087886666667,21.493794800000007,4,24,5,0
2020-05-24 04:30:00,0.0,0.0,23.7752706,21.237825333333333,4,24,5,0
2020-05-24 04:45:00,0.0,0.0,23.661442000000005,20.761668,4,24,5,0
2020-05-24 05:00:00,0.0,0.0,23.623785466666668,20.635243733333333,5,24,5,0
2020-05-24 05:15:00,0.0,0.0,23.49081826666667,20.40563353333333,5,24,5,0
2020-05-24 05:30:00,0.0,0.0,23.31950378571429,20.1904755,5,24,5,0
2020-05-24 05:45:00,0.0,0.0006199202026666,23.2451844,20.093800666666667,5,24,5,0
2020-05-24 06:00:00,10.433603896,0.00961781414,23.151116866666666,20.113913933333333,6,24,5,1
2020-05-24 06:15:00,38.69366883136364,0.0291135531333333,23.35637213333333,20.837968,6,24,5,1
2020-05-24 06:30:00,72.117045455,0.052356912,23.665861,22.093613866666672,6,24,5,1
2020-05-24 06:45:00,115.93782467727272,0.086237195,24.0184102,23.685199,6,24,5,1
2020-05-24 07:00:00,172.8828733727273,0.1536853939999999,24.416684866666667,25.753737399999995,7,24,5,1
2020-05-24 07:15:00,238.84099025454543,0.2052391053333333,24.857926333333328,28.002966266666665,7,24,5,1
2020-05-24 07:30:00,315.2611201227273,0.26604703,25.389813333333336,30.644789666666664,7,24,5,1
2020-05-24 07:45:00,393.1078733772727,0.323376125,25.920839642857143,33.56302542857142,7,24,5,1
2020-05-24 08:00:00,471.2207792136364,0.3727364353333333,26.23174233333333,35.39754653333333,8,24,5,1
2020-05-24 08:15:00,512.5006493454546,0.361205644,26.3079448,35.30504146666667,8,24,5,1
2020-05-24 08:30:00,682.7644480545455,0.5357404813333333,26.6822978,38.64299933333333,8,24,5,1
2020-05-24 08:45:00,508.8203733772727,0.3637049406666666,26.76338493333333,39.07146406666667,8,24,5,1
2020-05-24 09:00:00,738.1929383181819,0.5656625413333333,27.152537133333336,40.39757686666666,9,24,5,1
2020-05-24 09:15:00,672.3329545454545,0.4188771033333333,27.404044666666664,41.316923333333335,9,24,5,1
2020-05-24 09:30:00,800.2708603954546,0.56387132,27.864129466666668,43.693817200000005,9,24,5,1
2020-05-24 09:45:00,617.0616883136364,0.51719428,27.86592971428571,42.949353714285714,9,24,5,1
2020-05-24 10:00:00,710.2408279227274,0.5804646173333333,28.242586266666667,43.05883393333334,10,24,5,1
2020-05-24 10:15:00,827.400487009091,0.585474618,28.488832533333333,43.78831386666667,10,24,5,1
2020-05-24 10:30:00,913.0534090909092,0.7167022733333334,28.98237106666667,47.528133,10,24,5,1
2020-05-24 10:45:00,1141.6145292409092,0.8833871893333332,29.528405733333337,52.172778066666666,10,24,5,1
2020-05-24 11:00:00,1047.5873376318182,0.7758027066666667,29.893628,56.54914560000001,11,24,5,1
2020-05-24 11:15:00,1090.3475649818183,0.8679127513333332,30.166768533333336,54.67960166666667,11,24,5,1
2020-05-24 11:30:00,1131.7558441363635,0.9587208273333332,30.648152666666665,58.192274733333335,11,24,5,1
2020-05-24 11:45:00,1131.7193993818182,0.856888655,31.08613807142857,57.58173707142858,11,24,5,1
2020-05-24 12:00:00,1161.729220772727,0.966907858,30.96598713333333,58.3223184,12,24,5,1
2020-05-24 12:15:00,1225.3452921363637,0.9758267626666666,31.85976966666667,60.33080693333334,12,24,5,1
2020-05-24 12:30:00,1136.3245941818182,0.9489071126666666,31.858768666666663,60.43083146666667,12,24,5,1
2020-05-24 12:45:00,1175.7981331363635,0.9421417826666668,32.268751599999995,61.34530853333335,12,24,5,1
2020-05-24 13:00:00,1186.6218344545457,0.9393533653333334,32.5261004,61.743723933333335,13,24,5,1
2020-05-24 13:15:00,1158.2559252272729,0.9193798739999998,32.848590333333334,60.95937106666666,13,24,5,1
2020-05-24 13:30:00,930.13035715,0.7931582364285715,33.08275935714286,61.57563135714286,13,24,5,1
2020-05-24 13:45:00,1141.7793831363635,0.847597544,33.321887266666664,57.5274762,13,24,5,1
2020-05-24 14:00:00,875.1249188409091,0.833392598,33.68083073333334,59.173854533333326,14,24,5,1
2020-05-24 14:15:00,1060.9125811818185,0.8323255766666667,33.551989866666666,58.270271933333326,14,24,5,1
2020-05-24 14:30:00,795.1132305045455,0.6665665693333332,33.78651526666667,56.12368146666666,14,24,5,1
2020-05-24 14:45:00,907.6568181954544,0.6782424946666668,33.41605233333334,52.4764444,14,24,5,1
2020-05-24 15:00:00,856.0930194909091,0.6847007353333333,33.76234939999999,52.985213,15,24,5,1
2020-05-24 15:15:00,583.5797077909091,0.476600342,33.761303733333335,54.00686426666665,15,24,5,1
2020-05-24 15:30:00,380.4034090863636,0.238672855,33.279722071428566,45.374740642857134,15,24,5,1
2020-05-24 15:45:00,300.2556818136364,0.21446764,32.816959600000004,40.0954304,15,24,5,1
2020-05-24 16:00:00,411.6309253227273,0.2873007813333333,32.72800313333334,38.61097186666667,16,24,5,1
2020-05-24 16:15:00,392.5967532454546,0.2895850273333333,33.25120033333334,42.48199053333333,16,24,5,1
2020-05-24 16:30:00,342.7141233727273,0.2425447946666666,32.82929440000001,40.124707066666666,16,24,5,1
2020-05-24 16:45:00,396.2172077954546,0.3035469626666667,32.72574673333334,39.121545600000005,16,24,5,1
2020-05-24 17:00:00,393.0890422090909,0.2947314606666666,32.85508646666668,40.3697468,17,24,5,1
2020-05-24 17:15:00,258.0987824636364,0.199998688,32.515638933333335,38.29546746666666,17,24,5,1
2020-05-24 17:30:00,170.43563311363636,0.1373132696428571,31.9316625,35.02001971428571,17,24,5,1
2020-05-24 17:45:00,106.06063311363636,0.0881270817333333,31.36695346666667,32.592636866666666,17,24,5,1
2020-05-24 18:00:00,59.25478896090909,0.0456077094,30.75914113333333,30.545615666666663,18,24,5,1
2020-05-24 18:15:00,36.04561688272727,0.0269941826,30.156077,29.0945292,18,24,5,1
2020-05-24 18:30:00,14.473782467272729,0.0112836303666666,29.691412400000004,28.060636333333328,18,24,5,1
2020-05-24 18:45:00,0.0,0.0012658659466666,29.193908666666665,27.260127866666668,18,24,5,1
2020-05-24 19:00:00,0.0,0.0,28.8050252,26.64863686666667,19,24,5,0
2020-05-24 19:15:00,0.0,0.0,28.41945813333333,26.3571066,19,24,5,0
2020-05-24 19:30:00,0.0,0.0,28.041340357142857,26.15662057142857,19,24,5,0
2020-05-24 19:45:00,0.0,0.0,27.721820066666663,25.95293373333333,19,24,5,0
2020-05-24 20:00:00,0.0,0.0,27.463893733333336,26.059515466666667,20,24,5,0
2020-05-24 20:15:00,0.0,0.0,27.12241393333333,25.596382866666666,20,24,5,0
2020-05-24 20:30:00,0.0,0.0,26.938661666666665,25.4765034,20,24,5,0
2020-05-24 20:45:00,0.0,0.0,26.813499,25.441148066666667,20,24,5,0
2020-05-24 21:00:00,0.0,0.0,26.721419200000003,24.9726014,21,24,5,0
2020-05-24 21:15:00,0.0,0.0,26.061617,23.810306800000003,21,24,5,0
2020-05-24 21:30:00,0.0,0.0,25.324238285714287,23.21858671428572,21,24,5,0
2020-05-24 21:45:00,0.0,0.0,25.055564333333333,23.1519184,21,24,5,0
2020-05-24 22:00:00,0.0,0.0,24.842502866666667,23.14363193333333,22,24,5,0
2020-05-24 22:15:00,0.0,0.0,24.7625794,23.2487568,22,24,5,0
2020-05-24 22:30:00,0.0,0.0,24.650606400000004,23.19892173333333,22,24,5,0
2020-05-24 22:45:00,0.0,0.0,24.4036906,23.266341066666666,22,24,5,0
2020-05-24 23:00:00,0.0,0.0,24.308990466666668,23.166595600000004,23,24,5,0
2020-05-24 23:15:00,0.0,0.0,24.17554313333333,22.930407733333336,23,24,5,0
2020-05-24 23:30:00,0.0,0.0,24.169597214285712,22.92681035714285,23,24,5,0
2020-05-24 23:45:00,0.0,0.0,23.777931866666663,22.760666866666668,23,24,5,0
2020-05-25 00:00:00,0.0,0.0,23.523980866666665,22.53725386666667,0,25,5,0
2020-05-25 00:15:00,0.0,0.0,23.576312266666665,22.5190776,0,25,5,0
2020-05-25 00:30:00,0.0,0.0,23.793988066666667,22.6662274,0,25,5,0
2020-05-25 00:45:00,0.0,0.0,23.82386273333333,22.74333293333333,0,25,5,0
2020-05-25 01:00:00,0.0,0.0,23.813157266666668,22.72366926666666,1,25,5,0
2020-05-25 01:15:00,0.0,0.0,23.8431722,22.72266246666667,1,25,5,0
2020-05-25 01:30:00,0.0,0.0,23.7696665,22.556241714285715,1,25,5,0
2020-05-25 01:45:00,0.0,0.0,23.74944666666667,22.52036333333333,1,25,5,0
2020-05-25 02:00:00,0.0,0.0,23.74525333333333,22.562904666666668,2,25,5,0
2020-05-25 02:15:00,0.0,0.0,23.723101799999995,22.5175476,2,25,5,0
2020-05-25 02:30:00,0.0,0.0,23.660424866666663,22.528680466666668,2,25,5,0
2020-05-25 02:45:00,0.0,0.0,23.564792866666664,22.4498474,2,25,5,0
2020-05-25 03:00:00,0.0,0.0,23.53508313333333,22.328715,3,25,5,0
2020-05-25 03:15:00,0.0,0.0,23.552939733333336,22.281717866666664,3,25,5,0
2020-05-25 03:30:00,0.0,0.0,23.5656494,22.254783333333336,3,25,5,0
2020-05-25 03:45:00,0.0,0.0,23.539119142857142,22.20156635714285,3,25,5,0
2020-05-25 04:00:00,0.0,0.0,23.4719544,22.1696574,4,25,5,0
2020-05-25 04:15:00,0.0,0.0,23.386021,22.073919666666665,4,25,5,0
2020-05-25 04:30:00,0.0,0.0,23.424011199999995,22.17654226666667,4,25,5,0
2020-05-25 04:45:00,0.0,0.0,23.45262646666667,22.164961733333328,4,25,5,0
2020-05-25 05:00:00,0.0,0.0,23.358255866666667,21.58138833333333,5,25,5,0
2020-05-25 05:15:00,0.0,0.0,23.182582533333328,21.200907266666665,5,25,5,0
2020-05-25 05:30:00,0.0,0.0,23.065572,20.990049333333328,5,25,5,0
2020-05-25 06:00:00,0.0,0.0142718304615384,22.90438138461538,21.01892315384616,6,25,5,1
2020-05-25 06:15:00,39.642694805,0.0331407035,23.016544857142858,21.453314571428567,6,25,5,1
2020-05-25 06:30:00,70.02475649454546,0.050611544,23.312432866666672,22.078063866666664,6,25,5,1
2020-05-25 06:45:00,114.43352272272728,0.0832185890666666,23.51573693333333,22.768512,6,25,5,1
2020-05-25 07:00:00,168.96826297727273,0.1486546339999999,23.788940466666663,23.575608266666663,7,25,5,1
2020-05-25 07:15:00,239.32694805,0.2036339493333333,24.0009094,25.62175893333333,7,25,5,1
2020-05-25 07:30:00,269.60000000454545,0.2028929653333333,24.3116068,28.332320066666668,7,25,5,1
2020-05-25 07:45:00,355.10909090909087,0.2812749706666666,24.44554646666667,30.010496,7,25,5,1
2020-05-25 08:00:00,341.89090909090913,0.2420931633333333,24.688751333333336,31.77211313333333,8,25,5,1
2020-05-25 08:15:00,578.3863636363636,0.4445730093333333,24.931500133333333,34.9920044,8,25,5,1
2020-05-25 08:30:00,653.7863636409091,0.5047311078571429,25.73379057142857,40.25765564285714,8,25,5,1
2020-05-25 08:45:00,726.8630681818181,0.5570171753333333,26.3876404,43.30431733333333,8,25,5,1
2020-05-25 09:00:00,808.1292207818183,0.6182257626666666,26.970560666666664,45.55024,9,25,5,1
2020-05-25 09:15:00,872.80625,0.6704487179999999,27.71488233333333,48.363682,9,25,5,1
2020-05-25 09:30:00,930.1902597363636,0.7147616046666667,28.17348426666668,49.310594,9,25,5,1
2020-05-25 09:45:00,986.9493506636364,0.7630363573333334,28.5507568,51.14308473333334,9,25,5,1
2020-05-25 10:00:00,1026.00194815,0.8024272126666667,28.6851826,52.74471266666666,10,25,5,1
2020-05-25 10:15:00,1025.46233765,0.8341566393333333,29.217750933333328,53.50141380000001,10,25,5,1
2020-05-25 10:30:00,1091.5312499090908,0.8627664733333335,29.567946466666665,55.37232273333334,10,25,5,1
2020-05-25 10:45:00,1134.7417208181816,0.8917315042857143,29.84079428571429,58.03428871428572,10,25,5,1
2020-05-25 11:00:00,1158.5385551363636,0.9131820933333334,30.38230993333333,59.35841486666666,11,25,5,1
2020-05-25 11:15:00,1176.4366071363636,0.9288445293333332,30.986580466666663,60.1309834,11,25,5,1
2020-05-25 11:30:00,1197.1215909090909,0.947984686,31.036269066666662,60.58494866666666,11,25,5,1
2020-05-25 11:45:00,1217.2510552727274,0.9587958633333332,31.56218266666667,58.13640526666666,11,25,5,1
2020-05-25 12:00:00,1218.7556818181818,0.9652258986666667,31.597302133333333,58.96815806666666,12,25,5,1
2020-05-25 12:15:00,1227.7870130454546,0.970586436,32.02379753333333,58.25814226666666,12,25,5,1
2020-05-25 12:30:00,1225.134090909091,0.9666168293333331,32.30198566666667,58.666117466666655,12,25,5,1
2020-05-25 12:45:00,1213.744155909091,0.9600062992857142,32.36792450000001,60.75254,12,25,5,1
2020-05-25 13:00:00,1198.6789772727273,0.9453285046666666,32.788692133333335,60.102559266666674,13,25,5,1
2020-05-25 13:15:00,1163.2939393636364,0.9130500964285714,33.254821857142865,60.86849728571429,13,25,5,1
2020-05-25 13:30:00,1113.1058441363637,0.8658357226666666,33.4319154,60.258821466666674,13,25,5,1
2020-05-25 13:45:00,1135.1206169545455,0.879347218,33.4819584,59.38402526666668,13,25,5,1
2020-05-25 14:00:00,1111.184821409091,0.8607233646666665,33.32365333333333,58.80879913333334,14,25,5,1
2020-05-25 14:15:00,1029.7519480136364,0.7999019353333332,33.540535600000005,59.177929600000006,14,25,5,1
2020-05-25 14:30:00,989.5306006454546,0.7431429239999999,33.7554728,56.660072933333325,14,25,5,1
2020-05-25 14:45:00,916.970292168182,0.760303092142857,34.09684771428572,54.98997742857143,14,25,5,1
2020-05-25 15:00:00,987.4981331363635,0.7549121526666667,34.382596666666664,57.54735093333333,15,25,5,1
2020-05-25 15:15:00,868.7804383136364,0.6773567373333333,34.232936733333325,54.871441666666655,15,25,5,1
2020-05-25 15:30:00,772.6325486999999,0.5049492813333333,34.278066,49.945772133333335,15,25,5,1
2020-05-25 15:45:00,832.5851461045455,0.6294453433333332,34.629477933333334,50.88533153333333,15,25,5,1
2020-05-25 16:00:00,750.6129870045454,0.5514050859999999,34.7056704,51.99498913333333,16,25,5,1
2020-05-25 16:15:00,424.4227272727272,0.306095652,34.31009746666667,46.1497108,16,25,5,1
2020-05-25 16:30:00,193.58051947727276,0.1337362736666667,33.7051188,39.0915042,16,25,5,1
2020-05-25 16:45:00,129.13522727272726,0.0878115582857142,32.85124421428571,34.75786921428571,16,25,5,1
2020-05-25 17:00:00,110.05519480454544,0.0755440882,32.63336773333333,33.21449166666667,17,25,5,1
2020-05-25 17:15:00,94.5693181818182,0.0674540515333333,32.45497006666667,32.520924533333336,17,25,5,1
2020-05-25 17:30:00,67.66688311636364,0.0506183510666666,32.222483600000004,31.912021933333328,17,25,5,1
2020-05-25 17:45:00,47.143425325,0.0367549387333333,30.906561266666667,30.832251133333333,17,25,5,1
2020-05-25 18:00:00,41.65673701409091,0.0324079431333333,29.405578533333337,28.884993533333336,18,25,5,1
2020-05-25 18:15:00,21.783198051818182,0.0165713633,28.77471533333333,27.363647333333333,18,25,5,1
2020-05-25 18:30:00,3.271103896136364,0.0038019427373333,27.8907064,26.16618666666667,18,25,5,1
2020-05-25 18:45:00,0.0,4.9854124400000006e-05,27.1471252,25.1309936,18,25,5,1
2020-05-25 19:00:00,0.0,0.0,26.844663285714287,24.81299035714285,19,25,5,0
2020-05-25 19:15:00,0.0,0.0,26.803802466666667,24.558612066666665,19,25,5,0
2020-05-25 19:30:00,0.0,0.0,26.529679400000006,23.8296754,19,25,5,0
2020-05-25 19:45:00,0.0,0.0,26.13919673333333,23.174355066666667,19,25,5,0
2020-05-25 20:00:00,0.0,0.0,25.98317053333333,22.6132344,20,25,5,0
2020-05-25 20:15:00,0.0,0.0,25.92591346666667,22.996138533333333,20,25,5,0
2020-05-25 20:30:00,0.0,0.0,26.3512246,24.133376066666667,20,25,5,0
2020-05-25 20:45:00,0.0,0.0,26.67003993333333,25.027766933333336,20,25,5,0
2020-05-25 21:00:00,0.0,0.0,26.74988007142857,25.323394642857146,21,25,5,0
2020-05-25 21:15:00,0.0,0.0,26.743371466666662,25.456490066666667,21,25,5,0
2020-05-25 21:30:00,0.0,0.0,25.059989266666665,25.027827933333327,21,25,5,0
2020-05-25 21:45:00,0.0,0.0,23.2322306,23.09873853333333,21,25,5,0
2020-05-25 22:00:00,0.0,0.0,22.50070593333333,21.93613866666667,22,25,5,0
2020-05-25 22:15:00,0.0,0.0,22.444230133333328,21.5962768,22,25,5,0
2020-05-25 22:30:00,0.0,0.0,22.482853266666663,21.490083933333327,22,25,5,0
2020-05-25 22:45:00,0.0,0.0,22.546732533333333,21.027425333333337,22,25,5,0
2020-05-25 23:00:00,0.0,0.0,22.538633333333337,20.3957946,23,25,5,0
2020-05-25 23:15:00,0.0,0.0,22.499492000000004,20.065861428571427,23,25,5,0
2020-05-25 23:30:00,0.0,0.0,22.470717400000005,19.818194466666668,23,25,5,0
2020-05-25 23:45:00,0.0,0.0,22.384967,19.720330800000003,23,25,5,0
2020-05-26 00:00:00,0.0,0.0,22.329964133333338,19.769138533333333,0,26,5,0
2020-05-26 00:15:00,0.0,0.0,22.266125533333334,19.9242026,0,26,5,0
2020-05-26 00:30:00,0.0,0.0,22.277128066666663,19.96756606666667,0,26,5,0
2020-05-26 00:45:00,0.0,0.0,22.151906400000005,19.948490333333336,0,26,5,0
2020-05-26 01:00:00,0.0,0.0,22.209784,19.795607666666665,1,26,5,0
2020-05-26 01:15:00,0.0,0.0,22.266959666666665,19.688240466666667,1,26,5,0
2020-05-26 01:30:00,0.0,0.0,22.238921999999995,19.587624571428574,1,26,5,0
2020-05-26 01:45:00,0.0,0.0,22.17399293333333,19.648162866666667,1,26,5,0
2020-05-26 02:00:00,0.0,0.0,22.08363446666667,19.61325486666667,2,26,5,0
2020-05-26 02:15:00,0.0,0.0,21.980529733333327,19.47120353333333,2,26,5,0
2020-05-26 02:30:00,0.0,0.0,21.735559066666667,19.13982333333333,2,26,5,0
2020-05-26 02:45:00,0.0,0.0,21.402293,18.911025,2,26,5,0
2020-05-26 03:00:00,0.0,0.0,21.34014086666667,18.893041933333333,3,26,5,0
2020-05-26 03:15:00,0.0,0.0,21.357849266666665,19.0029684,3,26,5,0
2020-05-26 03:30:00,0.0,0.0,21.37924393333333,19.249369266666665,3,26,5,0
2020-05-26 03:45:00,0.0,0.0,21.381364,19.323044733333333,3,26,5,0
2020-05-26 04:00:00,0.0,0.0,21.25942564285713,19.017571500000003,4,26,5,0
2020-05-26 04:15:00,0.0,0.0,21.066817333333333,18.7768678,4,26,5,0
2020-05-26 04:30:00,0.0,0.0,21.374348866666665,18.972381733333336,4,26,5,0
2020-05-26 04:45:00,0.0,0.0,21.55023393333333,19.259316,4,26,5,0
2020-05-26 05:00:00,0.0,0.0,21.640612933333333,19.093664466666667,5,26,5,0
2020-05-26 05:15:00,0.0,0.0,21.899794533333328,19.312314866666664,5,26,5,0
2020-05-26 05:30:00,0.0,0.0,22.3387368,19.757601,5,26,5,0
2020-05-26 05:45:00,0.0,0.0008254361254,22.401477000000003,19.994679733333328,5,26,5,0
2020-05-26 06:00:00,12.087337662545451,0.0105634890714285,22.495716785714286,20.229721071428568,6,26,5,1
2020-05-26 06:15:00,37.95608766272727,0.0287589122,22.62713006666667,20.668404133333333,6,26,5,1
2020-05-26 06:30:00,72.82370129863637,0.0506818596,22.841064466666666,21.282033466666665,6,26,5,1
2020-05-26 06:45:00,117.92077922727272,0.084808915,23.171523066666666,22.294864933333333,6,26,5,1
2020-05-26 07:00:00,178.7857954590909,0.1582885586666666,23.54695426666667,23.866823333333336,7,26,5,1
2020-05-26 07:15:00,250.89780843636365,0.21528912,23.946079466666667,26.170033866666667,7,26,5,1
2020-05-26 07:30:00,327.6614448,0.2717468766666666,24.416178333333328,29.170227,7,26,5,1
2020-05-26 07:45:00,411.2866071454546,0.330588588,24.91252433333333,32.155680466666674,7,26,5,1
2020-05-26 08:00:00,496.7504870045455,0.3957623673333333,25.354199066666663,35.498592200000004,8,26,5,1
2020-05-26 08:15:00,578.1975649363636,0.4513733507142856,26.096950071428576,39.086399571428565,8,26,5,1
2020-05-26 08:30:00,658.2469967636364,0.5080059100000001,26.6344054,41.77922546666666,8,26,5,1
2020-05-26 08:45:00,733.0197240272727,0.5608459200000001,26.999525933333327,43.4644392,8,26,5,1
2020-05-26 09:00:00,803.430194809091,0.6152906573333333,27.205737133333333,45.212386133333325,9,26,5,1
2020-05-26 09:15:00,865.2843344181819,0.666398724,27.668807,48.98255793333334,9,26,5,1
2020-05-26 09:30:00,928.535551959091,0.7201458673333331,27.95082393333333,51.054569666666666,9,26,5,1
2020-05-26 09:45:00,958.49699675,0.7660080266666666,28.3790078,53.2701114,9,26,5,1
2020-05-26 10:00:00,1041.639610418182,0.8155462639999999,28.9688944,54.075234266666655,10,26,5,1
2020-05-26 10:15:00,959.8534090727272,0.719329505,29.61952421428572,55.34798971428572,10,26,5,1
2020-05-26 10:30:00,1148.6567370772727,0.9841090573333332,29.5801188,57.320168,10,26,5,1
2020-05-26 10:45:00,1093.5967533318185,0.8521106573333334,29.96776533333333,59.424285733333335,10,26,5,1
2020-05-26 11:00:00,1188.5826299090909,0.988618098666667,30.10053313333333,56.94452306666666,11,26,5,1
2020-05-26 11:15:00,756.6794642818182,0.580431214,30.313747133333337,55.357067933333326,11,26,5,1
2020-05-26 11:30:00,1069.2625811363637,0.838770058,30.505511533333333,57.031303066666666,11,26,5,1
2020-05-26 11:45:00,955.33384735,0.7052639533333332,30.716996333333327,52.6329488,11,26,5,1
2020-05-26 12:00:00,1028.2960227136364,0.6880905792857142,30.900615071428568,53.412794,12,26,5,1
2020-05-26 12:15:00,1234.712986909091,1.0541559813333337,31.35813793333333,59.133262,12,26,5,1
2020-05-26 12:30:00,764.6808441545454,0.5448555493333334,31.578393466666665,54.042319733333336,12,26,5,1
2020-05-26 12:45:00,1191.4231330454545,1.008637932,32.030253133333325,59.7176536,12,26,5,1
2020-05-26 13:00:00,799.8362013000001,0.6823728553333333,32.626951000000005,60.1761166,13,26,5,1
2020-05-26 13:15:00,840.3673701272728,0.5918467893333333,32.06863799999999,50.04413893333333,13,26,5,1
2020-05-26 13:30:00,1051.0099025954546,0.818109888,32.80097026666667,58.15341173333333,13,26,5,1
2020-05-26 13:45:00,1200.0326298636364,0.9566406293333332,33.185274066666665,61.56432686666666,13,26,5,1
2020-05-26 14:00:00,810.3777597409091,0.7188153760000001,33.488021,59.663859200000005,14,26,5,1
2020-05-26 14:15:00,338.5143668772727,0.24348246,32.707593357142855,48.42773878571429,14,26,5,1
2020-05-26 14:30:00,703.0487012909091,0.445260018,32.27215373333334,44.45963126666666,14,26,5,1
2020-05-26 14:45:00,446.5530032409091,0.302484416,32.34491993333334,43.7751686,14,26,5,1
2020-05-26 15:00:00,442.7146915590909,0.327377192,32.281588,41.69365866666666,15,26,5,1
2020-05-26 15:15:00,416.7090097454546,0.319140978,32.39553246666666,42.82737193333334,15,26,5,1
2020-05-26 15:30:00,789.4199675318182,0.5361376973333333,32.8598512,46.55671166666666,15,26,5,1
2020-05-26 15:45:00,739.0995941590909,0.5286599566666667,33.26259353333333,48.231889,15,26,5,1
2020-05-26 16:00:00,501.5745129818182,0.37085346,33.40587706666668,46.34387413333334,16,26,5,1
2020-05-26 16:15:00,619.3318181772728,0.4515764164285714,33.265648642857144,44.920237928571424,16,26,5,1
2020-05-26 16:30:00,525.6936688272727,0.3930785846666666,33.16755933333334,43.82860906666667,16,26,5,1
2020-05-26 16:45:00,583.4457792227272,0.4251206693333333,33.059299933333335,42.801250933333336,16,26,5,1
2020-05-26 17:00:00,414.7876623363636,0.3109964793333333,33.04103613333332,42.6021344,17,26,5,1
2020-05-26 17:15:00,98.40048701272728,0.0699064925333333,32.083526600000006,36.04578060000001,17,26,5,1
2020-05-26 17:30:00,62.63173701318181,0.0440678129333333,31.256394333333333,31.672898466666663,17,26,5,1
2020-05-26 17:45:00,48.68141233681818,0.0352655896,30.519482466666663,30.251395666666667,17,26,5,1
2020-05-26 18:00:00,35.70073051909091,0.0265550992666666,29.59416113333333,29.093566866666663,18,26,5,1
2020-05-26 18:15:00,9.426315789473684,0.0245060392,29.093019666666667,28.168933133333333,18,26,5,1
2020-05-26 18:30:00,0.0,0.0123415255071428,28.737601,27.42860421428572,18,26,5,1
2020-05-26 18:45:00,0.0,0.0006909272933333,28.444854666666668,26.5186422,18,26,5,1
2020-05-26 19:00:00,0.0,0.0,28.23783153333333,26.154162666666664,19,26,5,0
2020-05-26 19:15:00,0.0,0.0,28.0495422,25.89157706666667,19,26,5,0
2020-05-26 19:30:00,0.0,0.0,27.280301933333337,25.3176128,19,26,5,0
2020-05-26 19:45:00,0.0,0.0,26.344228133333328,24.456264266666665,19,26,5,0
2020-05-26 20:00:00,0.0,0.0,25.804827866666667,23.43174233333333,20,26,5,0
2020-05-26 20:15:00,0.0,0.0,25.6798888,22.87546186666667,20,26,5,0
2020-05-26 20:30:00,0.0,0.0,26.317622866666667,23.06435553333333,20,26,5,0
2020-05-26 20:45:00,0.0,0.0,26.737034357142857,23.77153671428572,20,26,5,0
2020-05-26 21:00:00,0.0,0.0,26.739679,24.4989238,21,26,5,0
2020-05-26 21:15:00,0.0,0.0,26.86095393333333,25.53957726666667,21,26,5,0
2020-05-26 21:30:00,0.0,0.0,26.75190226666667,25.910893000000005,21,26,5,0
2020-05-26 21:45:00,0.0,0.0,25.95031553333333,24.791290333333336,21,26,5,0
2020-05-26 22:00:00,0.0,0.0,25.970591266666663,24.29259233333333,22,26,5,0
2020-05-26 22:15:00,0.0,0.0,25.9664206,24.102557466666664,22,26,5,0
2020-05-26 22:30:00,0.0,0.0,25.976723266666664,23.80661226666667,22,26,5,0
2020-05-26 22:45:00,0.0,0.0,25.810259142857145,23.5601895,22,26,5,0
2020-05-26 23:00:00,0.0,0.0,25.312601666666662,23.815649266666664,23,26,5,0
2020-05-26 23:15:00,0.0,0.0,23.959344400000003,23.300472066666668,23,26,5,0
2020-05-26 23:30:00,0.0,0.0,23.6627584,22.656899,23,26,5,0
2020-05-26 23:45:00,0.0,0.0,23.458341533333336,22.1916648,23,26,5,0
2020-05-27 00:00:00,0.0,0.0,23.350636733333328,21.8250304,0,27,5,0
2020-05-27 00:15:00,0.0,0.0,23.3878704,21.7501342,0,27,5,0
2020-05-27 00:30:00,0.0,0.0,23.41160473333333,21.65298853333333,0,27,5,0
2020-05-27 00:45:00,0.0,0.0,23.439538533333334,21.8520548,0,27,5,0
2020-05-27 01:00:00,0.0,0.0,23.47894071428572,22.0078015,1,27,5,0
2020-05-27 01:15:00,0.0,0.0,23.5569438,22.1949502,1,27,5,0
2020-05-27 01:30:00,0.0,0.0,23.6097004,22.218638066666667,1,27,5,0
2020-05-27 01:45:00,0.0,0.0,23.595737733333337,22.002624466666667,1,27,5,0
2020-05-27 02:00:00,0.0,0.0,23.378357000000005,21.570123533333334,2,27,5,0
2020-05-27 02:15:00,0.0,0.0,23.295308333333328,21.209047466666668,2,27,5,0
2020-05-27 02:30:00,0.0,0.0,23.3853394,21.54802453333333,2,27,5,0
2020-05-27 02:45:00,0.0,0.0,24.11521193333333,22.05081173333333,2,27,5,0
2020-05-27 03:00:00,0.0,0.0,24.209280785714284,22.253919357142856,3,27,5,0
2020-05-27 03:15:00,0.0,0.0,24.113977066666667,21.963254733333336,3,27,5,0
2020-05-27 03:30:00,0.0,0.0,24.007735066666665,21.68212693333333,3,27,5,0
2020-05-27 03:45:00,0.0,0.0,23.8672546,21.50230326666667,3,27,5,0
2020-05-27 04:00:00,0.0,0.0,23.618619666666667,21.469712333333334,4,27,5,0
2020-05-27 04:15:00,0.0,0.0,23.4968382,21.601784133333336,4,27,5,0
2020-05-27 04:30:00,0.0,0.0,23.55595913333333,21.48046053333333,4,27,5,0
2020-05-27 04:45:00,0.0,0.0,23.599875933333333,21.486816399999995,4,27,5,0
2020-05-27 05:00:00,0.0,0.0,23.591532466666663,21.53707273333333,5,27,5,0
2020-05-27 05:15:00,0.0,0.0,23.456994428571427,21.577333857142857,5,27,5,0
2020-05-27 05:30:00,0.0,0.0,23.406447400000005,21.70099893333333,5,27,5,0
2020-05-27 05:45:00,0.0,0.0008405371983333,23.3181456,21.41036373333333,5,27,5,0
2020-05-27 06:00:00,13.695292208636364,0.0117904483199999,23.21604600000001,21.406390466666668,6,27,5,1
2020-05-27 06:15:00,36.214561688636365,0.0275747859333333,23.13891793333333,21.6591104,6,27,5,1
2020-05-27 06:30:00,80.34439935045454,0.0606357090666666,23.3408814,22.568992,6,27,5,1
2020-05-27 06:45:00,148.1781655909091,0.1112899762666666,24.041567200000003,23.861043266666663,6,27,5,1
2020-05-27 07:00:00,191.31958874545452,0.1616571346666666,24.464884533333333,24.944256533333338,7,27,5,1
2020-05-27 07:15:00,191.68474026818183,0.1542123409333333,24.711029066666665,25.490907733333334,7,27,5,1
2020-05-27 07:30:00,331.71355519545455,0.2542998135714285,25.215722142857143,29.4314075,7,27,5,1
2020-05-27 07:45:00,385.6968831136364,0.302042678,25.711328266666666,33.471195333333334,7,27,5,1
2020-05-27 08:00:00,457.7342532545454,0.3424570506666667,26.1143576,35.96729740000001,8,27,5,1
2020-05-27 08:15:00,566.7389339818181,0.453155868,26.739856000000003,38.96813346666666,8,27,5,1
2020-05-27 08:30:00,552.4992694818183,0.4485121606666667,27.1763814,40.5386984,8,27,5,1
2020-05-27 08:45:00,704.0478084409091,0.5601515626666665,27.553778,41.08350839999999,8,27,5,1
2020-05-27 09:00:00,788.0426136318182,0.6134782713333334,27.842344266666668,44.2842408,9,27,5,1
2020-05-27 09:15:00,813.3429870045455,0.63148828,28.183992466666663,47.58702806666666,9,27,5,1
2020-05-27 09:30:00,840.5963474090909,0.690779268,28.570597266666667,49.2665142,9,27,5,1
2020-05-27 09:45:00,820.8980195045456,0.6264925335714285,29.141590642857143,50.96223692857144,9,27,5,1
2020-05-27 10:00:00,799.9416666636364,0.66640501,29.011586333333334,47.639289111111104,10,27,5,1
2020-05-27 10:15:00,605.2758928545454,0.4552519278571428,29.15021621428572,46.961443357142855,10,27,5,1
2020-05-27 10:30:00,830.9217261863636,0.611992378,29.157197866666667,47.72198893333333,10,27,5,1
2020-05-27 10:45:00,717.6123376545455,0.563158282,29.738852999999995,47.4182232,10,27,5,1
2020-05-27 11:00:00,748.960389609091,0.562169516,29.9996884,49.968572866666655,11,27,5,1
2020-05-27 11:15:00,1104.1713745,0.8336664386666666,30.1848064,50.714097,11,27,5,1
2020-05-27 11:30:00,1191.6184524090909,0.965868116,31.295017400000003,60.84368073333333,11,27,5,1
2020-05-27 11:45:00,949.9703734,0.754565452,31.858074933333327,61.51417646666666,11,27,5,1
2020-05-27 12:00:00,1180.542126590909,1.0365607706666664,31.9470338,62.420866,12,27,5,1
2020-05-27 12:15:00,771.6684252954545,0.5983157728571428,32.10408907142858,59.949493357142856,12,27,5,1
2020-05-27 12:30:00,681.2573052,0.5748687466666667,32.095951199999995,51.93161206666666,12,27,5,1
2020-05-27 12:45:00,762.2250000090909,0.6274043513333333,32.27157786666667,53.3307006,12,27,5,1
2020-05-27 13:00:00,898.6147727272728,0.7174661713333332,32.52562053333333,52.57054206666666,13,27,5,1
2020-05-27 13:15:00,478.8423701272728,0.3488823366666666,32.66443473333334,48.46199133333333,13,27,5,1
2020-05-27 13:30:00,426.2537608272728,0.2994810686666667,32.20655313333332,42.755688333333325,13,27,5,1
2020-05-27 13:45:00,436.7775162318181,0.3057066466666666,32.32926846666666,42.2032632,13,27,5,1
2020-05-27 14:00:00,417.7069805181818,0.3037400713333333,32.31917286666666,41.912998266666655,14,27,5,1
2020-05-27 14:15:00,403.1708604,0.2856979239999999,32.301509666666675,42.75711873333334,14,27,5,1
2020-05-27 14:30:00,923.9566558363636,0.6554787686666667,32.7693424,47.220991733333335,14,27,5,1
2020-05-27 14:45:00,493.1012445909091,0.3612557564285714,32.97901057142858,49.883756,14,27,5,1
2020-05-27 15:00:00,494.7172077863636,0.3312335933333333,32.9282166,45.9347556,15,27,5,1
2020-05-27 15:15:00,416.19017856818186,0.2769386199999999,32.6388932,43.367417200000006,15,27,5,1
2020-05-27 15:30:00,819.78425325,0.615993176,31.765978933333333,44.435286533333326,15,27,5,1
2020-05-27 15:45:00,610.366883109091,0.462262998,32.458738266666664,48.128287933333326,15,27,5,1
2020-05-27 16:00:00,628.2568181772727,0.476263588,32.22288606666666,44.19463313333334,16,27,5,1
2020-05-27 16:15:00,504.4103896136363,0.3650563653333333,32.06696146666666,43.23507873333333,16,27,5,1
2020-05-27 16:30:00,484.8021915590909,0.3655789026666666,32.060280266666666,42.74383126666667,16,27,5,1
2020-05-27 16:45:00,302.38060065454545,0.2224269813333333,31.461081866666667,39.37515073333333,16,27,5,1
2020-05-27 17:00:00,259.3632305090909,0.1805451735714285,30.93136807142857,35.767237857142845,17,27,5,1
2020-05-27 17:15:00,174.5566558409091,0.1241333933333333,30.44563606666668,33.627032533333335,17,27,5,1
2020-05-27 17:30:00,89.14740259727273,0.0632720198666666,30.095953266666665,31.55705773333333,17,27,5,1
2020-05-27 17:45:00,58.77589285681818,0.042321342,29.846213866666663,30.149639866666664,17,27,5,1
2020-05-27 18:00:00,28.95638528181818,0.0208843500333333,29.4541402,28.8870646,18,27,5,1
2020-05-27 18:15:00,12.714642858,0.0098169462733333,28.880454466666663,27.785554933333334,18,27,5,1
2020-05-27 18:30:00,0.5725,0.0019553224081999,27.919635066666668,26.451664333333337,18,27,5,1
2020-05-27 18:45:00,0.0,0.0,28.1855752,26.008966066666662,18,27,5,1
2020-05-27 19:00:00,0.0,0.0,28.09154414285713,25.52840535714285,19,27,5,0
2020-05-27 19:15:00,0.0,6.4555534e-05,27.561787866666663,25.778186133333328,19,27,5,0
2020-05-27 19:30:00,0.0,2.499842000000001e-05,24.259470533333328,24.534897866666665,19,27,5,0
2020-05-27 19:45:00,0.0,0.0,23.18479406666667,22.366939266666662,19,27,5,0
2020-05-27 20:00:00,0.0,0.0,23.055761666666665,21.543813,20,27,5,0
2020-05-27 20:15:00,0.0,0.0,22.88948166666666,21.416206933333328,20,27,5,0
2020-05-27 20:30:00,0.0,0.0,22.825628666666667,21.130249133333333,20,27,5,0
2020-05-27 20:45:00,0.0,0.0,22.96097606666667,21.154176733333337,20,27,5,0
2020-05-27 21:00:00,0.0,0.0,23.148819000000003,21.30161842857144,21,27,5,0
2020-05-27 21:15:00,0.0,0.0,23.238674,21.1259462,21,27,5,0
2020-05-27 21:30:00,0.0,0.0,23.172168,20.79120886666667,21,27,5,0
2020-05-27 21:45:00,0.0,0.0,23.009366933333336,20.558011866666664,21,27,5,0
2020-05-27 22:00:00,0.0,0.0,22.935736066666664,20.534486933333334,22,27,5,0
2020-05-27 22:15:00,0.0,0.0,22.89959913333333,20.5220438,22,27,5,0
2020-05-27 22:30:00,0.0,0.0,22.904701733333336,20.862552933333337,22,27,5,0
2020-05-27 22:45:00,0.0,0.0,22.901389466666668,21.32351266666667,22,27,5,0
2020-05-27 23:00:00,0.0,0.0,23.19335942857143,22.03716821428572,23,27,5,0
2020-05-27 23:15:00,0.0,0.0,23.445365266666663,22.402492266666663,23,27,5,0
2020-05-27 23:30:00,0.0,0.0,23.4742208,22.3474202,23,27,5,0
2020-05-27 23:45:00,0.0,0.0,23.370049866666665,22.21977766666667,23,27,5,0
2020-05-28 00:00:00,0.0,0.0,23.34788806666667,22.0466448,0,28,5,0
2020-05-28 00:15:00,0.0,0.0,23.154077266666665,21.732902066666668,0,28,5,0
2020-05-28 00:30:00,0.0,0.0,23.14515773333333,21.689501933333336,0,28,5,0
2020-05-28 00:45:00,0.0,0.0,23.120672733333333,21.7263734,0,28,5,0
2020-05-28 01:00:00,0.0,0.0,23.027730200000004,21.05123893333333,1,28,5,0
2020-05-28 01:15:00,0.0,0.0,22.74159678571429,20.341541785714288,1,28,5,0
2020-05-28 01:30:00,0.0,0.0,22.544309466666668,20.22720133333333,1,28,5,0
2020-05-28 01:45:00,0.0,0.0,22.4315856,20.403196200000004,1,28,5,0
2020-05-28 02:00:00,0.0,0.0,22.5432046,20.55102133333333,2,28,5,0
2020-05-28 02:15:00,0.0,0.0,22.5473002,20.59141633333333,2,28,5,0
2020-05-28 02:30:00,0.0,0.0,22.39808753333333,20.536779733333333,2,28,5,0
2020-05-28 02:45:00,0.0,0.0,22.4661296,20.652756666666665,2,28,5,0
2020-05-28 03:00:00,0.0,0.0,22.416562866666663,20.6208456,3,28,5,0
2020-05-28 03:15:00,0.0,0.0,22.44371464285713,20.575374142857143,3,28,5,0
2020-05-28 03:30:00,0.0,0.0,22.5855528,20.9133688,3,28,5,0
2020-05-28 03:45:00,0.0,0.0,22.70174173333333,21.1886312,3,28,5,0
2020-05-28 04:00:00,0.0,0.0,22.623174933333328,20.72333173333333,4,28,5,0
2020-05-28 04:15:00,0.0,0.0,22.6158384,20.25167433333333,4,28,5,0
2020-05-28 04:30:00,0.0,0.0,22.5532246,20.274528066666665,4,28,5,0
2020-05-28 04:45:00,0.0,0.0,22.43520106666667,19.97839766666667,4,28,5,0
2020-05-28 05:00:00,0.0,0.0,22.137520266666662,19.745314466666663,5,28,5,0
2020-05-28 05:15:00,0.0,0.0,21.98794553333333,19.99453113333333,5,28,5,0
2020-05-28 05:30:00,0.0,0.0,21.8506328,19.853891933333333,5,28,5,0
2020-05-28 05:45:00,0.0,0.0003840421982142,21.65635885714285,19.201869428571428,5,28,5,0
2020-05-28 06:00:00,14.545211038636364,0.0112265629133333,21.6234394,19.321281066666668,6,28,5,1
2020-05-28 06:15:00,41.76891233727272,0.0307983313333333,21.681390466666667,19.693007533333333,6,28,5,1
2020-05-28 06:30:00,77.22792207772727,0.0525764360666666,21.9106464,20.365659666666662,6,28,5,1
2020-05-28 06:45:00,127.24204545909092,0.0920413659333333,22.472273666666663,21.5067932,6,28,5,1
2020-05-28 07:00:00,190.6921266272727,0.1743799119999999,23.251910266666663,23.56722206666667,7,28,5,1
2020-05-28 07:15:00,262.23133116818184,0.2293413006666666,23.5200622,27.5222758,7,28,5,1
2020-05-28 07:30:00,336.6468344136364,0.2846431906666666,24.100400866666668,31.043286133333336,7,28,5,1
2020-05-28 07:45:00,416.89772727272725,0.3392979014285714,24.590855285714284,33.98376064285714,7,28,5,1
2020-05-28 08:00:00,491.8813311727272,0.3905541093333334,25.104416866666664,36.957327933333325,8,28,5,1
2020-05-28 08:15:00,574.2869318136363,0.4474868786666667,25.93090606666667,39.14253953333334,8,28,5,1
2020-05-28 08:30:00,658.7124188318181,0.5072556953333333,26.5218384,40.79867733333334,8,28,5,1
2020-05-28 08:45:00,741.9488636363636,0.5679321226666665,27.136891666666664,43.47980553333333,8,28,5,1
2020-05-28 09:00:00,805.305844159091,0.6186352253333331,27.544490533333327,44.7877972,9,28,5,1
2020-05-28 09:15:00,864.8607954545455,0.6627551926666667,27.93476573333333,46.073250533333336,9,28,5,1
2020-05-28 09:30:00,925.4689935,0.7142683660000001,28.210111600000005,48.59591266666667,9,28,5,1
2020-05-28 09:45:00,943.9059253227272,0.7337398671428571,28.672439642857142,49.257720857142864,9,28,5,1
2020-05-28 10:00:00,1001.4855519590908,0.8090980026666666,28.899194400000003,50.217022533333335,10,28,5,1
2020-05-28 10:15:00,1035.508766181818,0.8295752813333332,29.420182333333333,51.9404828,10,28,5,1
2020-05-28 10:30:00,960.1605519681816,0.8182360253333333,29.4800944,54.2505046,10,28,5,1
2020-05-28 10:45:00,922.686769481818,0.7252745073333334,29.966066466666664,55.059627,10,28,5,1
2020-05-28 11:00:00,1073.9681006,0.807332034,29.914223333333336,51.16156006666666,11,28,5,1
2020-05-28 11:15:00,1216.6534902272726,0.9597508193333332,30.556133933333328,57.9774638,11,28,5,1
2020-05-28 11:30:00,1257.9167207272728,1.009763066,31.31245933333333,59.503814466666654,11,28,5,1
2020-05-28 11:45:00,1223.538474,0.962788822,31.614807133333333,59.99013253333333,11,28,5,1
2020-05-28 12:00:00,1175.9353896363637,0.9274572886666668,31.7778442,59.602299333333335,12,28,5,1
2020-05-28 12:15:00,1261.3390908636363,1.0637222583333332,32.29975366666667,60.04074324999999,12,28,5,1
2020-05-28 12:30:00,1075.366233840909,0.8011804564285713,32.15694978571428,58.43889107142857,12,28,5,1
2020-05-28 12:45:00,1178.2547078181815,0.90865983,32.250663066666675,58.209017133333326,12,28,5,1
2020-05-28 13:00:00,1253.1325486818182,1.0082438753333332,32.9157552,60.926743466666665,13,28,5,1
2020-05-28 13:15:00,1009.944561631818,0.87740903,33.30490126666667,61.48070286666666,13,28,5,1
2020-05-28 13:30:00,706.9668019409091,0.5136740935714285,32.802505857142854,49.77019207142857,13,28,5,1
2020-05-28 13:45:00,971.7647727454546,0.7417442313333333,32.92808646666667,49.820072333333336,13,28,5,1
2020-05-28 14:00:00,919.0397132227272,0.718638987,33.757623499999994,56.5494842,14,28,5,1
2020-05-28 14:15:00,469.5766233772727,0.4033134171428571,32.78992792857142,46.81591135714286,14,28,5,1
2020-05-28 14:30:00,796.3391233727272,0.5518274599999999,32.84624806666667,48.51458733333333,14,28,5,1
2020-05-28 14:45:00,789.2644480545455,0.5377807876923076,32.96533184615384,46.83451484615385,14,28,5,1
2020-05-28 15:00:00,980.1614448045456,0.7397700273333334,33.397930933333335,51.453865333333326,15,28,5,1
2020-05-28 15:15:00,839.9315746727273,0.642219944,33.418438800000004,50.9835652,15,28,5,1
2020-05-28 15:30:00,786.1419913409092,0.5725103686666667,33.45063293333333,49.20921033333333,15,28,5,1
2020-05-28 15:45:00,601.2406655909091,0.4793892407142857,33.09783492857143,47.05743857142858,15,28,5,1
2020-05-28 16:00:00,288.62332251818185,0.206959974,32.85396113333333,42.799833,16,28,5,1
2020-05-28 16:15:00,434.4285714272728,0.3152401926666667,32.72757773333334,40.30443513333333,16,28,5,1
2020-05-28 16:30:00,424.8057629863637,0.3207225406666667,32.866440600000004,40.0736208,16,28,5,1
2020-05-28 16:45:00,364.7846320272727,0.2912888885714286,32.67632835714286,38.693878142857145,16,28,5,1
2020-05-28 17:00:00,320.08095238636366,0.2348828546666666,32.671417266666666,38.58448679999999,17,28,5,1
2020-05-28 17:15:00,256.6666666636364,0.1959377942857142,32.512230571428574,37.494888142857135,17,28,5,1
2020-05-28 17:30:00,109.7300487,0.0836154068666666,31.958078800000003,34.10791773333333,17,28,5,1
2020-05-28 17:45:00,66.6969967531818,0.0517987240666666,31.476942933333337,31.634830733333327,17,28,5,1
2020-05-28 18:00:00,46.18311688272728,0.0359229087333333,31.005800533333336,30.528898000000005,18,28,5,1
2020-05-28 18:15:00,25.904085498181814,0.0206756249642857,30.42119707142857,29.995760357142856,18,28,5,1
2020-05-28 18:30:00,5.7661363636818175,0.0073991020928571,29.723270928571427,29.320794285714285,18,28,5,1
2020-05-28 18:45:00,0.0,0.0012636806146,28.56131,27.98389913333333,18,28,5,1
2020-05-28 19:00:00,0.0,0.0,28.059818466666663,27.340474333333336,19,28,5,0
2020-05-28 19:15:00,0.0,0.0,27.7923808,26.7919168,19,28,5,0
2020-05-28 19:30:00,0.0,0.0,27.6113422,26.0416464,19,28,5,0
2020-05-28 19:45:00,0.0,0.0,27.355645599999995,25.637278066666667,19,28,5,0
2020-05-28 20:00:00,0.0,0.0,27.13539564285714,25.529323071428568,20,28,5,0
2020-05-28 20:15:00,0.0,0.0,26.931520666666664,25.35537526666667,20,28,5,0
2020-05-28 20:30:00,0.0,0.0,26.724784466666662,25.210925266666667,20,28,5,0
2020-05-28 20:45:00,0.0,0.0,26.4515138,24.99562986666667,20,28,5,0
2020-05-28 21:00:00,0.0,0.0,26.2307618,24.619024666666665,21,28,5,0
2020-05-28 21:15:00,0.0,0.0,24.983808380952382,24.348965619047625,21,28,5,0
2020-05-28 21:30:00,0.0,0.0,22.000267692307688,20.65195161538461,21,28,5,0
2020-05-28 21:45:00,0.0,0.0,20.613987769230768,19.553316538461537,21,28,5,0
2020-05-28 22:00:00,0.0,0.0,20.845003333333327,19.865224266666665,22,28,5,0
2020-05-28 22:15:00,0.0,0.0,21.100152466666668,20.133622066666664,22,28,5,0
2020-05-29 06:15:00,49.10818181681818,0.0409023354166666,20.838399333333328,20.166653916666665,6,29,5,1
2020-05-29 06:30:00,95.44253246772728,0.0663231575714285,21.0031935,20.9889395,6,29,5,1
2020-05-29 06:45:00,148.78871753181818,0.0998780443333333,21.185152066666664,21.922501733333327,6,29,5,1
2020-05-29 07:00:00,192.3358766136364,0.1301255426666666,21.43288993333333,24.118766333333333,7,29,5,1
2020-05-29 07:15:00,194.03741882727272,0.1339008513333333,21.80819506666667,26.070054,7,29,5,1
2020-05-29 07:30:00,217.78855519545456,0.1528612619999999,22.1382732,26.9603476,7,29,5,1
2020-05-29 07:45:00,265.8607954590909,0.188819984,22.34573353333333,28.182126799999995,7,29,5,1
2020-05-29 08:00:00,328.30974026363634,0.2336446046666666,22.677024466666666,29.930456466666666,8,29,5,1
2020-05-29 08:15:00,419.09285714545456,0.299662534,23.168194600000003,32.699511466666664,8,29,5,1
2020-05-29 08:30:00,492.9636363681818,0.359172322,23.66407273333333,35.258107466666665,8,29,5,1
2020-05-29 08:45:00,543.7845779272727,0.3933412785714285,24.082292928571427,37.545538642857146,8,29,5,1
2020-05-29 09:00:00,673.1163149318182,0.4835685933333334,24.37939666666667,40.127750600000006,9,29,5,1
2020-05-29 09:15:00,887.6559253318181,0.6839935373333333,25.400056866666667,47.31288253333333,9,29,5,1
2020-05-29 09:30:00,636.4771103954546,0.4851745126666666,25.6231832,47.156502466666666,9,29,5,1
2020-05-29 09:45:00,826.199756490909,0.6188715400000001,26.1870668,47.0743288,9,29,5,1
2020-05-29 10:00:00,853.7326569363636,0.6259291153333334,26.661143,47.86209886666667,10,29,5,1
2020-05-29 10:15:00,1158.7319805454545,0.922471946,27.280598866666665,56.17617786666667,10,29,5,1
2020-05-29 10:30:00,1178.1995941818182,0.9426408173333332,27.962141933333328,59.34772946666667,10,29,5,1
2020-05-29 10:45:00,1117.544561772727,0.880648258,28.6902568,57.816648333333326,10,29,5,1
2020-05-29 11:00:00,1138.1706980454544,0.89846418,28.989419142857145,58.54648692857143,11,29,5,1
2020-05-29 11:15:00,1069.5359578318182,0.844823108,29.171191466666667,57.72865393333333,11,29,5,1
2020-05-29 11:30:00,906.6840097363636,0.7256673206666666,29.170436533333337,54.0487796,11,29,5,1
2020-05-29 11:45:00,1231.1702922272727,1.0518955426666667,29.452115866666663,57.48017959999999,11,29,5,1
2020-05-29 12:00:00,1158.849513,0.875959719333333,30.0820658,61.4289776,12,29,5,1
2020-05-29 12:15:00,995.9912337727272,0.7119324986666667,29.980607066666668,58.23431193333333,12,29,5,1
2020-05-29 12:30:00,1164.6219155454546,0.907262212,30.22876786666666,58.4341208,12,29,5,1
2020-05-29 12:45:00,1210.0742695,0.964028712,30.414278266666667,62.09320066666666,12,29,5,1
2020-05-29 13:00:00,1222.2532467272729,0.9750077606666668,31.0336488,63.14266973333333,13,29,5,1
2020-05-29 13:15:00,1131.4448051818183,0.906359092,31.226418066666668,63.19209206666668,13,29,5,1
2020-05-29 13:30:00,1070.72264615,0.870920262,31.451491266666668,58.442191666666666,13,29,5,1
2020-05-29 13:45:00,867.9859577909091,0.631655037142857,31.4721985,58.874195642857146,13,29,5,1
2020-05-29 14:00:00,653.0022727272727,0.4715989833333333,31.29462073333333,50.15845953333333,14,29,5,1
2020-05-29 14:15:00,907.8702922227272,0.7254104080000001,31.446600466666663,51.540208,14,29,5,1
2020-05-29 14:30:00,800.1262986999999,0.611296238,31.9529074,53.654715866666656,14,29,5,1
2020-05-29 14:45:00,861.6940746727273,0.6525659726666667,32.07957366666666,53.019840733333325,14,29,5,1
2020-05-29 15:00:00,754.230844159091,0.5593601680000001,32.37420473333333,52.76566173333333,15,29,5,1
2020-05-29 15:15:00,732.1928571454545,0.5192661353333333,32.275811866666665,51.221810066666656,15,29,5,1
2020-05-29 15:30:00,685.3093344181818,0.5249432360000001,32.34201053333333,48.925150733333325,15,29,5,1
2020-05-29 15:45:00,716.0749188318182,0.5348639064285715,32.46573564285715,48.318494571428566,15,29,5,1
2020-05-29 16:00:00,659.1543831136364,0.484228046,32.45574533333333,47.4088624,16,29,5,1
2020-05-29 16:15:00,625.5499188318182,0.457150144,31.814784666666668,46.41744406666666,16,29,5,1
2020-05-29 16:30:00,409.9664772727273,0.3026864813333333,31.6578208,43.54560113333334,16,29,5,1
2020-05-29 16:45:00,354.7190746681818,0.25664592,30.836218333333328,39.6094684,16,29,5,1
2020-05-29 17:00:00,314.87215908636364,0.2275632,30.0257304,36.7043906,17,29,5,1
2020-05-29 17:15:00,226.7129870090909,0.163290324,29.58132926666667,34.95715533333333,17,29,5,1
2020-05-29 17:30:00,120.67897727272728,0.0869776312666666,29.13962606666667,32.1050026,17,29,5,1
2020-05-29 17:45:00,89.64301948045454,0.0651276525,28.608535642857145,30.09376085714285,17,29,5,1
2020-05-29 18:00:00,43.22573051954546,0.0333130082666666,28.177933666666664,28.66382253333333,18,29,5,1
2020-05-29 18:15:00,12.248322510454546,0.0104024432133333,27.792637066666668,27.22354733333333,18,29,5,1
2020-05-29 18:30:00,0.37875,0.003065661366,27.432686333333336,26.253356733333334,18,29,5,1
2020-05-29 18:45:00,0.0,0.0,27.0520792,25.381172666666668,18,29,5,1
2020-05-29 19:00:00,0.0,0.0,26.57452986666667,24.8557904,19,29,5,0
2020-05-29 19:15:00,0.0,0.0,26.251810733333336,24.422851666666663,19,29,5,0
2020-05-29 19:30:00,0.0,0.0,25.991561066666662,23.6388794,19,29,5,0
2020-05-29 19:45:00,0.0,0.0,25.52207653333333,22.866922933333328,19,29,5,0
2020-05-29 20:00:00,0.0,0.0,25.53364046666667,23.554854333333328,20,29,5,0
2020-05-29 20:15:00,0.0,0.0,25.580924,24.16174314285714,20,29,5,0
2020-05-29 20:30:00,0.0,0.0,25.6105834,24.433229466666667,20,29,5,0
2020-05-29 20:45:00,0.0,0.0,25.57697573333333,24.296307333333328,20,29,5,0
2020-05-29 21:00:00,0.0,0.0,25.569374466666662,24.1769226,21,29,5,0
2020-05-29 21:15:00,0.0,0.0,25.5727214,24.305244933333327,21,29,5,0
2020-05-29 21:30:00,0.0,0.0,25.53245233333333,24.24543453333333,21,29,5,0
2020-05-29 21:45:00,0.0,0.0,25.4170736,24.084344533333333,21,29,5,0
2020-05-29 22:00:00,0.0,0.0,25.315657466666668,24.1501708,22,29,5,0
2020-05-29 22:15:00,0.0,0.0,24.6701782,23.417525333333334,22,29,5,0
2020-05-29 22:30:00,0.0,0.0,22.479893,21.288265066666668,22,29,5,0
2020-05-29 22:45:00,0.0,0.0,21.80762807142857,20.890234857142858,22,29,5,0
2020-05-29 23:00:00,0.0,0.0,21.58188473333333,20.800057066666668,23,29,5,0
2020-05-29 23:15:00,0.0,0.0,21.44609786666667,20.709676,23,29,5,0
2020-05-29 23:30:00,0.0,0.0,21.5154318,20.651177866666668,23,29,5,0
2020-05-29 23:45:00,0.0,0.0,21.5897746,20.9075114,23,29,5,0
2020-05-30 00:00:00,0.0,0.0,21.52715873333333,20.8601236,0,30,5,0
2020-05-30 00:15:00,0.0,0.0,21.492806,20.699059866666666,0,30,5,0
2020-05-30 00:30:00,0.0,0.0,21.3664144,20.529703666666663,0,30,5,0
2020-05-30 00:45:00,0.0,0.0,21.3732096,20.504990666666664,0,30,5,0
2020-05-30 01:00:00,0.0,0.0,21.3210645,20.41563628571429,1,30,5,0
2020-05-30 01:15:00,0.0,0.0,21.295438733333327,20.294574,1,30,5,0
2020-05-30 01:30:00,0.0,0.0,21.305418000000003,20.40134893333333,1,30,5,0
2020-05-30 01:45:00,0.0,0.0,21.262144,20.473541333333333,1,30,5,0
2020-05-30 02:00:00,0.0,0.0,21.25114333333333,20.463403266666663,2,30,5,0
2020-05-30 02:15:00,0.0,0.0,21.316385866666668,20.49529,2,30,5,0
2020-05-30 02:30:00,0.0,0.0,21.313004600000003,20.61629026666667,2,30,5,0
2020-05-30 02:45:00,0.0,0.0,21.401043666666663,20.689916933333333,2,30,5,0
2020-05-30 03:00:00,0.0,0.0,21.4183166,20.60063273333333,3,30,5,0
2020-05-30 03:15:00,0.0,0.0,21.398672857142856,20.531991142857144,3,30,5,0
2020-05-30 03:30:00,0.0,0.0,21.374104733333333,20.533020066666666,3,30,5,0
2020-05-30 03:45:00,0.0,0.0,21.3664836,20.48927813333333,3,30,5,0
2020-05-30 04:00:00,0.0,0.0,21.413842733333336,20.515926,4,30,5,0
2020-05-30 04:15:00,0.0,0.0,21.42423293333333,20.5375876,4,30,5,0
2020-05-30 04:30:00,0.0,0.0,21.4370606,20.5680806,4,30,5,0
2020-05-30 04:45:00,0.0,0.0,21.293420333333334,20.270672800000003,4,30,5,0
2020-05-30 05:00:00,0.0,0.0,21.242486466666666,20.148506666666663,5,30,5,0
2020-05-30 05:15:00,0.0,0.0,21.276218733333337,20.2370014,5,30,5,0
2020-05-30 05:30:00,0.0,0.0,21.26208493333333,20.15769046666667,5,30,5,0
2020-05-30 05:45:00,0.0,0.0010542331467857,21.226811071428568,19.82743392857144,5,30,5,0
2020-05-30 06:00:00,7.176704545454545,0.00783505386,21.150111866666663,19.747505800000003,6,30,5,1
2020-05-30 06:15:00,30.344724025454543,0.0230068427666666,21.185369800000004,20.100394533333336,6,30,5,1
2020-05-30 06:30:00,67.83457792181818,0.0503953045333333,21.3506612,20.921696,6,30,5,1
2020-05-30 06:45:00,116.83319805,0.0836293638666666,21.591829466666663,21.91393233333333,6,30,5,1
2020-05-30 07:00:00,166.3781655772727,0.1167449068666666,21.786851066666664,22.9464376,7,30,5,1
2020-05-30 07:15:00,215.4995941636364,0.15050792,22.16442873333333,24.749108733333337,7,30,5,1
2020-05-30 07:30:00,196.34561687727276,0.1371546752,22.4847634,25.541505866666665,7,30,5,1
2020-05-30 07:45:00,229.9920454590909,0.163594894,22.754195266666667,27.122273733333333,7,30,5,1
2020-05-30 08:00:00,302.46980519545457,0.2194022685714285,22.792192642857145,28.886864857142857,8,30,5,1
2020-05-30 08:15:00,425.1961850681818,0.319270414,23.30529986666667,32.51050999999999,8,30,5,1
2020-05-30 08:30:00,351.1481331090909,0.257492758,23.722454733333333,34.3021282,8,30,5,1
2020-05-30 08:45:00,339.07418831363634,0.2414865233333333,23.959779666666662,33.923728333333344,8,30,5,1
2020-05-30 09:00:00,370.3871753272727,0.2588894479999999,24.185119466666663,33.2824116,9,30,5,1
2020-05-30 09:15:00,530.8858766227272,0.3711218493333333,24.408231533333336,34.40989966666667,9,30,5,1
2020-05-30 09:30:00,613.4779220772726,0.4308539586666666,24.94327793333333,37.55877506666666,9,30,5,1
2020-05-30 09:45:00,456.8808441590909,0.31364225,24.95345873333333,35.66078086666666,9,30,5,1
2020-05-30 10:00:00,457.9486201272728,0.304070602,24.9230428,32.240460133333336,10,30,5,1
2020-05-30 10:15:00,427.72727272272726,0.2776844828571428,24.95966,30.926380785714283,10,30,5,1
2020-05-30 10:30:00,516.5361201318182,0.3370152366666666,24.808402466666667,30.401300066666664,10,30,5,1
2020-05-30 10:45:00,524.2301136318182,0.348691926,24.85946453333333,32.48247873333333,10,30,5,1
2020-05-30 11:00:00,640.1994318181819,0.4262679866666666,25.07773446666667,35.4601398,11,30,5,1
2020-05-30 11:15:00,995.4625811954544,0.715572958,25.542982933333327,41.660313,11,30,5,1
2020-05-30 11:30:00,770.9929383181818,0.561617874,26.040903733333334,44.667008466666665,11,30,5,1
2020-05-30 11:45:00,861.6325486954546,0.6239884299999999,26.3615418,46.695184266666665,11,30,5,1
2020-05-30 12:00:00,1325.0096590454546,1.151102274,27.0928548,57.691178466666656,12,30,5,1
2020-05-30 12:15:00,968.9311688,0.7998236226666667,27.6734152,62.91643313333333,12,30,5,1
2020-05-30 12:30:00,1256.4863635909091,1.1225500642857145,28.24220935714285,60.84071814285714,12,30,5,1
2020-05-30 12:45:00,984.3056817954543,0.771698892,28.96689653333334,62.345989,12,30,5,1
2020-05-30 13:00:00,861.7948863590908,0.6454755853333334,28.826908466666666,53.6317382,13,30,5,1
2020-05-30 13:15:00,1134.2273539545456,0.9492787793333332,28.9500306,56.0328042,13,30,5,1
2020-05-30 13:30:00,1033.8102272545457,0.8056238186666665,29.13891813333333,53.3879132,13,30,5,1
2020-05-30 13:45:00,1143.8487824545457,0.8897051446666668,29.40827633333333,55.02622280000001,13,30,5,1
2020-05-30 14:00:00,1125.198052,0.886393536,29.928074066666667,54.66195460000001,14,30,5,1
2020-05-30 14:15:00,1107.047646,0.8507950519999999,30.114007466666664,54.58146206666667,14,30,5,1
2020-05-30 14:30:00,1031.692370159091,0.776912684,30.26233913333333,52.088154933333335,14,30,5,1
2020-05-30 14:45:00,986.1322240181818,0.7406104714285713,30.07889021428572,52.50944735714285,14,30,5,1
2020-05-30 15:00:00,932.899837659091,0.6983646913333333,30.49638266666667,51.013694,15,30,5,1
2020-05-30 15:15:00,867.9479707818183,0.6433630186666666,30.8197694,47.81379373333333,15,30,5,1
2020-05-30 15:30:00,803.3478084363636,0.5930513439999998,30.739146,47.6748986,15,30,5,1
2020-05-30 15:45:00,734.220211040909,0.5397100973333333,30.839324866666665,46.916251733333326,15,30,5,1
2020-05-30 16:00:00,658.7330357136364,0.4816808006666666,31.278884,44.566937,16,30,5,1
2020-05-30 16:15:00,562.1262175363637,0.4227470493333333,31.0069884,42.35145673333333,16,30,5,1
2020-05-30 16:30:00,409.77670454545455,0.3143966613333332,30.61301473333333,39.94118873333333,16,30,5,1
2020-05-30 16:45:00,409.3272727272728,0.3052764092857143,30.771809071428567,37.85851378571428,16,30,5,1
2020-05-30 17:00:00,333.61980519090906,0.2547879166666667,30.710561,36.66297186666667,17,30,5,1
2020-05-30 17:15:00,256.8114448136364,0.2018936086666666,30.203381266666668,34.472900466666665,17,30,5,1
2020-05-30 17:30:00,174.54245129545455,0.1410142690666667,30.037693333333333,32.64035633333333,17,30,5,1
2020-05-30 17:45:00,99.72418831227272,0.0770711165333333,29.534391266666667,30.59927986666668,17,30,5,1
2020-05-30 18:00:00,64.10332792181818,0.0478600682,28.9436726,28.7049784,18,30,5,1
2020-05-30 18:15:00,27.790097402727277,0.0194361867666666,28.536002666666665,27.2036742,18,30,5,1
2020-05-30 18:30:00,2.945129870090909,0.0034388459133333,28.10139566666667,25.64277146666668,18,30,5,1
2020-05-30 18:45:00,0.0,0.0,27.70457366666667,24.644746866666665,18,30,5,1
2020-05-30 19:00:00,0.0,0.0,27.338289642857145,23.92244607142857,19,30,5,0
2020-05-30 19:15:00,0.0,0.0,26.9142048,23.59680393333333,19,30,5,0
2020-05-30 19:30:00,0.0,0.0,26.376255266666668,24.04932253333333,19,30,5,0
2020-05-30 19:45:00,0.0,0.0,25.91156826666667,23.50879526666667,19,30,5,0
2020-05-30 20:00:00,0.0,0.0,25.64443966666667,23.44923293333333,20,30,5,0
2020-05-30 20:15:00,0.0,0.0,25.47801713333333,23.189469400000004,20,30,5,0
2020-05-30 20:30:00,0.0,0.0,25.3493976,23.222784466666667,20,30,5,0
2020-05-30 20:45:00,0.0,0.0,24.481256200000004,23.4801616,20,30,5,0
2020-05-30 21:00:00,0.0,0.0,24.16049421428572,22.467919428571427,21,30,5,0
2020-05-30 21:15:00,0.0,0.0,23.783605866666665,21.47575886666667,21,30,5,0
2020-05-30 21:30:00,0.0,0.0,23.541682933333338,21.23525586666667,21,30,5,0
2020-05-30 21:45:00,0.0,0.0,23.33104853333333,21.1661254,21,30,5,0
2020-05-30 22:00:00,0.0,0.0,23.26649373333333,21.261847066666665,22,30,5,0
2020-05-30 22:15:00,0.0,0.0,23.247796666666662,21.252518866666662,22,30,5,0
2020-05-30 22:30:00,0.0,0.0,23.227238,21.093687066666668,22,30,5,0
2020-05-30 22:45:00,0.0,0.0,23.36821886666668,21.33069053333333,22,30,5,0
2020-05-30 23:00:00,0.0,0.0,23.299794533333337,21.227034600000003,23,30,5,0
2020-05-30 23:15:00,0.0,0.0,23.2678135,21.47387485714286,23,30,5,0
2020-05-30 23:30:00,0.0,0.0,23.308522466666663,21.4654338,23,30,5,0
2020-05-30 23:45:00,0.0,0.0,23.170756,21.07266833333333,23,30,5,0
2020-05-31 00:00:00,0.0,0.0,23.113399266666665,21.02477813333333,0,31,5,0
2020-05-31 00:15:00,0.0,0.0,23.277626466666668,21.416035866666668,0,31,5,0
2020-05-31 00:30:00,0.0,0.0,23.664210999999995,22.226295933333336,0,31,5,0
2020-05-31 00:45:00,0.0,0.0,23.67028613333333,22.42146,0,31,5,0
2020-05-31 01:00:00,0.0,0.0,23.73268626666667,22.616561,1,31,5,0
2020-05-31 01:15:00,0.0,0.0,23.739192666666668,22.341609866666666,1,31,5,0
2020-05-31 01:30:00,0.0,0.0,23.571071142857143,22.014380428571428,1,31,5,0
2020-05-31 01:45:00,0.0,0.0,23.530092266666664,21.836610933333333,1,31,5,0
2020-05-31 02:00:00,0.0,0.0,23.439050266666666,21.8317772,2,31,5,0
2020-05-31 02:15:00,0.0,0.0,23.383164466666667,21.6668702,2,31,5,0
2020-05-31 02:30:00,0.0,0.0,23.1820678,21.1325806,2,31,5,0
2020-05-31 02:45:00,0.0,0.0,23.021513,21.1587972,2,31,5,0
2020-05-31 03:00:00,0.0,0.0,22.88455606666667,20.9923156,3,31,5,0
2020-05-31 03:15:00,0.0,0.0,22.887363666666666,21.125909466666663,3,31,5,0
2020-05-31 03:30:00,0.0,0.0,22.852510785714287,21.19331814285714,3,31,5,0
2020-05-31 03:45:00,0.0,0.0,22.62314046666667,20.7485924,3,31,5,0
2020-05-31 04:00:00,0.0,0.0,22.537526466666662,20.769449866666665,4,31,5,0
2020-05-31 04:15:00,0.0,0.0,22.425286866666667,20.812656666666665,4,31,5,0
2020-05-31 04:30:00,0.0,0.0,22.25009353333333,20.68480226666667,4,31,5,0
2020-05-31 04:45:00,0.0,0.0,22.24558513333333,20.75850213333333,4,31,5,0
2020-05-31 05:00:00,0.0,0.0,22.04795533333333,20.42230826666667,5,31,5,0
2020-05-31 05:15:00,0.0,0.0,22.0624776,20.415987200000004,5,31,5,0
2020-05-31 05:30:00,0.0,0.0,22.021704133333333,20.646187266666665,5,31,5,0
2020-05-31 05:45:00,0.0,0.0012950159907142,21.99744528571428,20.77739385714285,5,31,5,0
2020-05-31 06:00:00,9.640909090681818,0.0092814357466666,21.98220433333333,20.879634666666668,6,31,5,1
2020-05-31 06:15:00,44.22670454590909,0.0316197704666666,22.0364666,21.229018066666665,6,31,5,1
2020-05-31 06:30:00,79.15965909136364,0.0565229884,22.34989833333333,22.100982666666667,6,31,5,1
2020-05-31 06:45:00,100.89326299272729,0.0716501757333333,22.65153,22.805830800000003,6,31,5,1
2020-05-31 07:00:00,116.8387987,0.0824505469333333,22.765519200000004,23.1308492,7,31,5,1
2020-05-31 07:15:00,129.00998377272728,0.0892736406,22.78110746666666,23.733522600000004,7,31,5,1
2020-05-31 07:30:00,194.26201299090908,0.1332021513333333,22.9010762,24.93784793333333,7,31,5,1
2020-05-31 07:45:00,222.78644480454545,0.15224982,23.244622733333337,26.083353666666667,7,31,5,1
2020-05-31 08:00:00,266.2392045409091,0.1821268135714285,23.507492071428576,26.79229507142857,8,31,5,1
2020-05-31 08:15:00,349.9750811636364,0.2427383993333333,23.899300266666664,29.06023366666667,8,31,5,1
2020-05-31 08:30:00,428.3302759772727,0.3068565886666666,24.370550666666663,32.55040273333334,8,31,5,1
2020-05-31 08:45:00,677.09334415,0.509690432,24.738476533333337,36.2081646,8,31,5,1
2020-05-31 09:00:00,688.0650974,0.5058525086666666,25.1560954,42.945062333333325,9,31,5,1
2020-05-31 09:15:00,520.8576298727273,0.354595126,25.63316453333333,41.67780593333334,9,31,5,1
2020-05-31 09:30:00,816.2897727272727,0.6364364953333334,26.220489466666667,42.41054713333334,9,31,5,1
2020-05-31 09:45:00,623.7893668818182,0.428165058,26.57203993333333,42.26560886666665,9,31,5,1
2020-05-31 10:00:00,625.0960227227273,0.472579002,26.7760782,41.781502133333326,10,31,5,1
2020-05-31 10:15:00,1020.1665584772728,0.7297147092857142,27.000671500000003,42.06565842857143,10,31,5,1
2020-05-31 10:30:00,1211.4222403181818,1.0191648606666668,27.968046,52.7022728,10,31,5,1
2020-05-31 10:45:00,913.4519480454546,0.72428377,28.05637,52.408536733333335,10,31,5,1
2020-05-31 11:00:00,818.3094155909092,0.5205349913333333,28.0176412,47.200712266666656,11,31,5,1
2020-05-31 11:15:00,1018.9185876818182,0.6365820806666665,28.252118,47.370047933333325,11,31,5,1
2020-05-31 11:30:00,1106.383441581818,0.7692376179999999,28.6178812,48.29328619999999,11,31,5,1
2020-05-31 11:45:00,785.502191559091,0.5181913166666666,29.2730122,51.366605533333335,11,31,5,1
2020-05-31 12:00:00,873.1412337227273,0.6356642493333334,29.261606933333333,49.6573588,12,31,5,1
2020-05-31 12:15:00,833.5925324681818,0.6613621766666666,29.223415066666668,51.2609924,12,31,5,1
2020-05-31 12:30:00,686.6817370181818,0.4782781806666666,29.477185066666667,48.671240066666655,12,31,5,1
2020-05-31 12:45:00,1266.5328733636363,1.034329982142857,30.28202614285715,56.95899535714286,12,31,5,1
2020-05-31 13:00:00,864.7706168863635,0.6815564133333333,30.402663066666666,58.3018188,13,31,5,1
2020-05-31 13:15:00,619.1947240227273,0.5263585046666664,30.6310384,54.56202766666667,13,31,5,1
2020-05-31 13:30:00,535.4098214318182,0.4111925310666667,30.10173753333333,48.06596086666667,13,31,5,1
2020-05-31 13:45:00,547.7975649363636,0.4418567756666667,29.92045486666667,41.76569859999999,13,31,5,1
2020-05-31 14:00:00,1045.0734577863636,0.8758627453333333,30.8515666,55.29098946666667,14,31,5,1
2020-05-31 14:15:00,780.1821428545455,0.5884872353333334,31.1993794,54.79211026666666,14,31,5,1
2020-05-31 14:30:00,220.9724026045455,0.155080448,30.053727133333336,40.58806333333334,14,31,5,1
2020-05-31 14:45:00,272.2255681818182,0.1810435286666666,29.1820414,35.28159566666666,14,31,5,1
2020-05-31 15:00:00,213.27418831818184,0.1418597668571428,27.56227564285714,31.202229142857146,15,31,5,1
2020-05-31 15:15:00,200.4911526,0.1321317535333333,27.4072612,30.092036933333333,15,31,5,1
2020-05-31 15:30:00,321.3467532454545,0.2161607053333333,27.53361213333333,32.33926173333334,15,31,5,1
2020-05-31 15:45:00,300.0893668863636,0.205583812,27.73206186666667,33.554784733333335,15,31,5,1
2020-05-31 16:00:00,294.30064934545453,0.1990470293333333,27.55705773333333,33.73647673333334,16,31,5,1
2020-05-31 16:15:00,210.19147728181815,0.1415173426666666,27.7056072,32.5780582,16,31,5,1
2020-05-31 16:30:00,177.72784090454545,0.1193123422666666,27.8887166,31.477473866666667,16,31,5,1
2020-05-31 16:45:00,177.52694805454544,0.1215033461999999,27.969102,31.016943466666667,16,31,5,1
2020-05-31 17:00:00,192.8959415636364,0.1329208607142857,28.140496428571428,31.05289985714285,17,31,5,1
2020-05-31 17:15:00,175.22800324545454,0.1223565883333333,28.146706,30.946114066666663,17,31,5,1
2020-05-31 17:30:00,136.84431817727273,0.0971044788,27.9943766,30.289263866666666,17,31,5,1
2020-05-31 17:45:00,101.57215908636364,0.0713218832666666,27.8205282,29.2812134,17,31,5,1
2020-05-31 18:00:00,64.845454545,0.0467072187333333,27.548073266666663,28.141593400000005,18,31,5,1
2020-05-31 18:15:00,25.42775974,0.0192099305333333,27.190853066666666,26.823720333333338,18,31,5,1
2020-05-31 18:30:00,2.2814935065454547,0.0033529643513333,26.81842646666667,25.489147866666663,18,31,5,1
2020-05-31 18:45:00,0.0,0.0,26.5084412,25.07378133333333,18,31,5,1
2020-05-31 19:00:00,0.0,0.0,26.167299333333336,24.48174433333333,19,31,5,0
2020-05-31 19:15:00,0.0,0.0,25.76065473333333,23.739868133333328,19,31,5,0
2020-05-31 19:30:00,0.0,0.0,25.512056642857143,23.417770357142853,19,31,5,0
2020-05-31 19:45:00,0.0,0.0,25.28888553333333,22.996480466666664,19,31,5,0
2020-05-31 20:00:00,0.0,0.0,25.0992248,22.6188314,20,31,5,0
2020-05-31 20:15:00,0.0,0.0,24.926983600000003,22.3128926,20,31,5,0
2020-05-31 20:30:00,0.0,0.0,24.734248933333333,22.05540973333333,20,31,5,0
2020-05-31 20:45:00,0.0,0.0,24.591292266666663,22.104187,20,31,5,0
2020-05-31 21:00:00,0.0,0.0,24.463079733333327,22.1804992,21,31,5,0
2020-05-31 21:15:00,0.0,0.0,24.313775733333333,22.179577666666667,21,31,5,0
2020-05-31 21:30:00,0.0,0.0,24.13310953333333,22.0253376,21,31,5,0
2020-05-31 21:45:00,0.0,0.0,24.018480500000003,21.83034421428572,21,31,5,0
2020-05-31 22:00:00,0.0,0.0,23.910445066666668,21.8468058,22,31,5,0
2020-05-31 22:15:00,0.0,0.0,23.797349066666666,21.6842774,22,31,5,0
2020-05-31 22:30:00,0.0,0.0,23.674768066666665,21.37980553333333,22,31,5,0
2020-05-31 22:45:00,0.0,0.0,23.670292,21.69107053333333,22,31,5,0
2020-05-31 23:00:00,0.0,0.0,23.795434466666663,22.067777533333327,23,31,5,0
2020-05-31 23:15:00,0.0,0.0,23.727901133333337,21.662972000000003,23,31,5,0
2020-05-31 23:30:00,0.0,0.0,23.497284,21.05140173333333,23,31,5,0
2020-05-31 23:45:00,0.0,0.0,23.244697866666662,20.774560466666667,23,31,5,0
2020-06-01 00:00:00,0.0,0.0,23.128673000000003,20.46430528571429,0,1,6,0
2020-06-01 00:15:00,0.0,0.0,23.032562266666663,20.34142853333333,0,1,6,0
2020-06-01 00:30:00,0.0,0.0,22.96749253333333,20.269492666666668,0,1,6,0
2020-06-01 00:45:00,0.0,0.0,22.810593666666666,20.19891753333333,0,1,6,0
2020-06-01 01:00:00,0.0,0.0,22.611436000000005,20.08586626666667,1,1,6,0
2020-06-01 01:15:00,0.0,0.0,22.497412200000003,20.263627133333337,1,1,6,0
2020-06-01 01:30:00,0.0,0.0,22.34894813333333,20.2015706,1,1,6,0
2020-06-01 01:45:00,0.0,0.0,22.151637733333327,20.0454856,1,1,6,0
2020-06-01 02:00:00,0.0,0.0,21.993119266666667,19.941202666666666,2,1,6,0
2020-06-01 02:15:00,0.0,0.0,21.974261533333333,20.0685444,2,1,6,0
2020-06-01 02:30:00,0.0,0.0,21.967161,20.039766642857145,2,1,6,0
2020-06-01 02:45:00,0.0,0.0,21.9381226,20.0180746,2,1,6,0
2020-06-01 03:00:00,0.0,0.0,21.76579393333333,19.6118978,3,1,6,0
2020-06-01 03:15:00,0.0,0.0,21.644565866666667,19.6476928,3,1,6,0
2020-06-01 03:30:00,0.0,0.0,21.570589266666666,19.549098533333336,3,1,6,0
2020-06-01 03:45:00,0.0,0.0,21.468520066666667,19.54833973333333,3,1,6,0
2020-06-01 04:00:00,0.0,0.0,21.497992,19.928173933333333,4,1,6,0
2020-06-01 04:15:00,0.0,0.0,21.513077666666668,19.81860353333333,4,1,6,0
2020-06-01 04:30:00,0.0,0.0,21.489196866666664,19.8354494,4,1,6,0
2020-06-01 04:45:00,0.0,0.0,21.301675,19.44403321428572,4,1,6,0
2020-06-01 05:00:00,0.0,0.0,21.234995533333333,19.2844768,5,1,6,0
2020-06-01 05:15:00,0.0,0.0,21.34605493333333,19.5410582,5,1,6,0
2020-06-01 05:30:00,0.0,0.0,21.31367793333333,19.632078133333334,5,1,6,0
2020-06-01 05:45:00,0.0,0.0001461652226,21.171103933333328,19.48152053333333,5,1,6,0
2020-06-01 06:00:00,7.499107142818182,0.0083067844,21.2783936,19.96554366666667,6,1,6,1
2020-06-01 06:15:00,43.54261363636363,0.0331196089333333,21.563067533333328,20.756795266666668,6,1,6,1
2020-06-01 06:30:00,93.23206168818182,0.0685966837333333,21.887721666666664,21.544547666666663,6,1,6,1
2020-06-01 06:45:00,151.37394480909091,0.1091689054285714,22.247434428571427,22.354954428571432,6,1,6,1
2020-06-01 07:00:00,206.9409090909091,0.1611515566666666,22.77360833333333,23.338553800000003,7,1,6,1
2020-06-01 07:15:00,305.2935064954545,0.2420570666666666,23.262593733333336,24.914294266666666,7,1,6,1
2020-06-01 07:30:00,411.8405844181818,0.3281197973333333,23.855379333333328,28.475939999999994,7,1,6,1
2020-06-01 07:45:00,483.85868505,0.3831310706666666,24.36161093333333,32.225032666666664,7,1,6,1
2020-06-01 08:00:00,602.4824675318182,0.4699400059999999,24.854911266666665,35.20188793333334,8,1,6,1
2020-06-01 08:15:00,563.693506490909,0.4473209473333333,25.21634506666667,37.05501713333334,8,1,6,1
2020-06-01 08:30:00,565.4640422181818,0.4222147773333333,25.806608266666668,40.64385373333334,8,1,6,1
2020-06-01 08:45:00,659.2913149363636,0.507318458,26.156099266666665,40.93814893333334,8,1,6,1
2020-06-01 09:00:00,685.413311690909,0.5360867057142857,26.705200071428568,45.106050571428575,9,1,6,1
2020-06-01 09:15:00,579.0625000045455,0.4202787366666667,26.58655813333333,42.300410866666674,9,1,6,1
2020-06-01 09:30:00,606.4823051909091,0.4341309313333333,26.98462526666667,43.369055266666656,9,1,6,1
2020-06-01 09:45:00,720.2883928590909,0.5377770619999998,27.534234666666663,43.0649942,9,1,6,1
2020-06-01 10:00:00,758.7168831136364,0.5835384213333334,27.853426133333333,49.001849333333325,10,1,6,1
2020-06-01 10:15:00,857.1848214272727,0.7230391853333333,28.367919866666668,49.108597866666656,10,1,6,1
2020-06-01 10:30:00,1149.5712661772727,0.92426021,29.10705953333333,54.622047866666655,10,1,6,1
2020-06-01 10:45:00,1130.6857142727274,0.931341062,29.4410646,56.354778933333336,10,1,6,1
2020-06-01 11:00:00,1042.7365258863638,1.016641412,29.58492026666667,58.597363133333324,11,1,6,1
2020-06-01 11:15:00,989.4493506363636,0.4945148071428571,29.76473564285714,55.351970142857134,11,1,6,1
2020-06-01 11:30:00,1199.7187499409092,1.0894755359999997,29.817582266666665,54.12078233333333,11,1,6,1
2020-06-01 11:45:00,553.287256490909,0.3712747633333333,29.742185466666665,52.615881266666655,11,1,6,1
2020-06-01 12:00:00,515.9566558454545,0.3569624046666666,28.940915933333333,42.71684573333333,12,1,6,1
2020-06-01 12:15:00,675.5885552,0.6197431146666665,29.6550456,49.0828572,12,1,6,1
2020-06-01 12:30:00,732.5229707818181,0.580272074,29.979579800000003,49.852822,12,1,6,1
2020-06-01 12:45:00,393.8826298636364,0.2833920893333333,29.42465813333333,43.14005753333333,12,1,6,1
2020-06-01 13:00:00,670.3885551954546,0.4579382833333333,28.995208666666663,39.9702698,13,1,6,1
2020-06-01 13:15:00,917.6799513272728,0.7342295764285713,29.63224571428572,50.96551314285714,13,1,6,1
2020-06-01 13:30:00,952.6248377,0.6673560326666667,27.7970438,36.62138300000001,13,1,6,1
2020-06-01 13:45:00,635.0295454545454,0.480327483076923,28.47627846153846,42.37028861538461,13,1,6,1
2020-06-01 14:00:00,279.0493506454546,0.1937693263333333,28.7127584,40.05736913333333,14,1,6,1
2020-06-01 14:15:00,326.55056818181816,0.2159930109999999,26.093007466666663,26.907125,14,1,6,1
2020-06-01 14:30:00,491.1363636318181,0.3338253060000001,26.54801433333333,32.771891,14,1,6,1
2020-06-01 14:45:00,293.5460227272727,0.197582556,26.772544533333328,32.65239666666667,14,1,6,1
2020-06-01 15:00:00,284.3077922045455,0.1836250126666666,26.8806398,31.682238933333327,15,1,6,1
2020-06-01 15:15:00,195.46818181818185,0.1274455812,26.798168933333333,30.744077466666667,15,1,6,1
2020-06-01 15:30:00,172.47272726363636,0.1128437932,26.589176466666665,29.4781636,15,1,6,1
2020-06-01 15:45:00,141.13125,0.0940941717857142,26.5301995,28.573238,15,1,6,1
2020-06-01 16:00:00,164.68051948181818,0.1077558996666666,26.572758,28.462253866666668,16,1,6,1
2020-06-01 16:15:00,191.21079545454543,0.1279617990666666,26.67944946666666,29.282659866666663,16,1,6,1
2020-06-01 16:30:00,170.3500000090909,0.1144654460666666,26.8031698,29.5815856,16,1,6,1
2020-06-01 16:45:00,157.9576298681818,0.1060586724666666,26.71589153333333,29.159596866666664,16,1,6,1
2020-06-01 17:00:00,128.1497565,0.0866831524666666,26.14214893333333,28.067810066666667,17,1,6,1
2020-06-01 17:15:00,95.13344155863636,0.0639746532,25.8629782,26.99750153333333,17,1,6,1
2020-06-01 17:30:00,66.94788961,0.0458670224666666,25.6956218,26.355127000000003,17,1,6,1
2020-06-01 17:45:00,67.66599025954545,0.0509346373333333,25.624135333333328,25.999684533333333,17,1,6,1
2020-06-01 18:00:00,53.09318181772728,0.0397878830714285,25.59105335714285,25.627179785714283,18,1,6,1
2020-06-01 18:15:00,25.974675325454545,0.0204065283666666,25.387085133333333,24.88775633333333,18,1,6,1
2020-06-01 18:30:00,2.1857954545454543,0.0029981865438,25.1545614,23.882541866666667,18,1,6,1
2020-06-01 18:45:00,0.0,0.0,24.999057866666668,23.405692466666665,18,1,6,1
2020-06-01 19:00:00,0.0,0.0,24.846169133333333,23.101715066666667,19,1,6,0
2020-06-01 19:15:00,0.0,0.0,24.608805333333333,22.68060506666667,19,1,6,0
2020-06-01 19:30:00,0.0,0.0,24.410335333333336,22.3832622,19,1,6,0
2020-06-01 19:45:00,0.0,0.0,24.1902162,22.21749673333333,19,1,6,0
2020-06-01 20:00:00,0.0,0.0,23.947261533333336,21.9522502,20,1,6,0
2020-06-01 20:15:00,0.0,0.0,23.938940785714287,21.795329428571428,20,1,6,0
2020-06-01 20:30:00,0.0,0.0,23.8475444,21.392598400000004,20,1,6,0
2020-06-01 20:45:00,0.0,0.0,23.6931112,21.093284000000004,20,1,6,0
2020-06-01 21:00:00,0.0,0.0,23.645367466666663,21.15811773333333,21,1,6,0
2020-06-01 21:15:00,0.0,0.0,23.468129466666667,20.998059,21,1,6,0
2020-06-01 21:30:00,0.0,0.0,23.392171266666665,21.06486206666667,21,1,6,0
2020-06-01 21:45:00,0.0,0.0,23.3535358,20.933164466666664,21,1,6,0
2020-06-01 22:00:00,0.0,0.0,23.199686666666665,20.57610073333333,22,1,6,0
2020-06-01 22:15:00,0.0,0.0,23.0557068,20.388511133333328,22,1,6,0
2020-06-01 22:30:00,0.0,0.0,22.929178933333333,20.3185078,22,1,6,0
2020-06-01 22:45:00,0.0,0.0,22.69777992857143,20.19735485714285,22,1,6,0
2020-06-01 23:00:00,0.0,0.0,22.48435466666667,20.19821986666667,23,1,6,0
2020-06-01 23:15:00,0.0,0.0,22.33361413333333,20.1576844,23,1,6,0
2020-06-01 23:30:00,0.0,0.0,22.1236104,20.050547466666668,23,1,6,0
2020-06-01 23:45:00,0.0,0.0,22.122522,20.021327733333333,23,1,6,0
2020-06-02 00:00:00,0.0,0.0,22.54657193333333,20.3145366,0,2,6,0
2020-06-02 00:15:00,0.0,0.0,22.67315273333333,20.379530866666663,0,2,6,0
2020-06-02 00:30:00,0.0,0.0,22.564072666666664,20.113968933333336,0,2,6,0
2020-06-02 00:45:00,0.0,0.0,22.329016133333333,20.000305133333327,0,2,6,0
2020-06-02 01:00:00,0.0,0.0,22.119201642857146,20.14195692857143,1,2,6,0
2020-06-02 01:15:00,0.0,0.0,21.952612266666662,20.08414726666667,1,2,6,0
2020-06-02 01:30:00,0.0,0.0,21.824880066666665,19.989398066666663,1,2,6,0
2020-06-02 01:45:00,0.0,0.0,21.7592834,19.943420266666667,1,2,6,0
2020-06-02 02:00:00,0.0,0.0,21.683178800000004,19.743534333333333,2,2,6,0
2020-06-02 02:15:00,0.0,0.0,21.65743613333333,19.616025800000003,2,2,6,0
2020-06-02 02:30:00,0.0,0.0,21.54586786666667,19.50660173333333,2,2,6,0
2020-06-02 02:45:00,0.0,0.0,21.469700066666668,19.74697253333333,2,2,6,0
2020-06-02 03:00:00,0.0,0.0,21.4014854,19.5980612,3,2,6,0
2020-06-02 03:15:00,0.0,0.0,21.200297,19.403820666666665,3,2,6,0
2020-06-02 03:30:00,0.0,0.0,21.25917921428572,19.736718428571425,3,2,6,0
2020-06-02 03:45:00,0.0,0.0,21.363769533333336,19.8283386,3,2,6,0
2020-06-02 04:00:00,0.0,0.0,21.408616066666664,19.79703366666667,4,2,6,0
2020-06-02 04:15:00,0.0,0.0,21.423315266666663,19.733837800000003,4,2,6,0
2020-06-02 04:30:00,0.0,0.0,21.5165366,20.011324,4,2,6,0
2020-06-02 04:45:00,0.0,0.0,21.640098066666663,20.305562266666666,4,2,6,0
2020-06-02 05:00:00,0.0,0.0,21.7093078,20.37031453333333,5,2,6,0
2020-06-02 05:15:00,0.0,0.0,21.725348,20.16880693333333,5,2,6,0
2020-06-02 05:30:00,0.0,0.0,21.639232142857143,20.188685785714288,5,2,6,0
2020-06-02 05:45:00,0.0,7.79209073e-05,21.658839866666664,19.984273200000004,5,2,6,0
2020-06-02 06:00:00,7.454383117,0.0079012560333333,21.586885533333334,20.010978066666667,6,2,6,1
2020-06-02 06:15:00,38.81087662409091,0.0291271211333333,21.792812133333328,21.38340246666667,6,2,6,1
2020-06-02 06:30:00,46.82727272727273,0.0350118484,22.081197066666665,22.1293234,6,2,6,1
2020-06-02 06:45:00,78.4181006490909,0.0563297377333333,22.335227666666665,22.75865906666667,6,2,6,1
2020-06-02 07:00:00,164.76209415454545,0.117114942,22.607889933333336,23.6078104,7,2,6,1
2020-06-02 07:15:00,170.44862012727273,0.1162776123333333,23.02395633333333,24.594645266666667,7,2,6,1
2020-06-02 07:30:00,205.46436689090908,0.141257299,23.249164,25.248394733333328,7,2,6,1
2020-06-02 07:45:00,231.1537337636364,0.1599368057142857,23.54752671428572,27.40564621428572,7,2,6,1
2020-06-02 08:00:00,411.9662337681818,0.278052918,24.027254133333333,30.348887333333334,8,2,6,1
2020-06-02 08:15:00,807.4322240227273,0.6295824313333332,24.937853933333333,40.45452453333333,8,2,6,1
2020-06-02 08:30:00,804.4074675363637,0.6403686593333334,25.4514526,47.501263533333336,8,2,6,1
2020-06-02 08:45:00,722.5280032454546,0.546798932,26.107157266666665,45.982417866666665,8,2,6,1
2020-06-02 09:00:00,645.7396103818181,0.4845541833333333,26.1504356,43.0666302,9,2,6,1
2020-06-02 09:15:00,874.7055194772728,0.6400822713333334,26.43365886666667,45.66096399999999,9,2,6,1
2020-06-02 09:30:00,930.9451298909092,0.717151316,26.793420266666665,47.4213378,9,2,6,1
2020-06-02 09:45:00,967.0334415545454,0.7472785953333334,27.397644133333333,51.1395304,9,2,6,1
2020-06-02 10:00:00,924.2497564954546,0.7029814421428571,27.539448499999995,50.47200221428572,10,2,6,1
2020-06-02 10:15:00,690.4161525999999,0.5029802726666666,27.562856066666672,46.39747086666667,10,2,6,1
2020-06-02 10:30:00,681.4155844136363,0.4806645453333333,27.00929553333333,40.641495866666666,10,2,6,1
2020-06-02 10:45:00,904.5043831136364,0.6438703946666667,27.363865266666664,43.500976533333336,10,2,6,1
2020-06-02 11:00:00,906.5189935045456,0.67195934,27.677307066666668,46.2067344,11,2,6,1
2020-06-02 11:15:00,679.1791396181818,0.483302472,27.63629753333333,44.50241260000001,11,2,6,1
2020-06-02 11:30:00,624.8222402545454,0.4341641846666666,27.51463213333333,40.48357553333333,11,2,6,1
2020-06-02 11:45:00,603.6383116909091,0.416091588,27.42642006666667,39.88621046666666,11,2,6,1
2020-06-02 12:00:00,805.9597402636363,0.5638615457142857,27.46658328571429,40.11592957142858,12,2,6,1
2020-06-02 12:15:00,938.7162337545454,0.6928162013333334,28.011470400000004,45.227401,12,2,6,1
2020-06-02 12:30:00,878.137256490909,0.6629108933333333,27.61693933333333,44.15874253333334,12,2,6,1
2020-06-02 12:45:00,1066.0607953636363,0.7908823293333332,27.777927533333337,47.3377034,12,2,6,1
2020-06-02 13:00:00,1210.1176948181817,0.8852643266666665,27.964561,48.2827824,13,2,6,1
2020-06-02 13:15:00,1173.2405032272727,0.8743407746666668,27.962351466666668,49.06862826666667,13,2,6,1
2020-06-02 13:30:00,990.6086850772728,0.7079364073333333,27.636714733333328,45.63386426666667,13,2,6,1
2020-06-02 13:45:00,1241.068668909091,0.9342755213333332,27.7742168,49.33662146666668,13,2,6,1
2020-06-02 14:00:00,658.2113636318181,0.4637642506666667,27.262479733333336,43.4918152,14,2,6,1
2020-06-02 14:15:00,712.9020292181818,0.5004139214285713,26.947897642857143,39.81178307142858,14,2,6,1
2020-06-02 14:30:00,872.1118506545455,0.642086792,26.913202066666663,39.42475606666666,14,2,6,1
2020-06-02 14:45:00,872.5332792181817,0.6382544986666667,27.6148946,45.10698460000001,14,2,6,1
2020-06-02 15:00:00,650.7240259772727,0.4526467746666667,27.04379893333333,40.5363764,15,2,6,1
2020-06-02 15:15:00,528.6554383090909,0.3633331566666667,26.5449136,36.56665873333333,15,2,6,1
2020-06-02 15:30:00,584.8559253227272,0.4026979686666666,26.279598133333334,36.349589,15,2,6,1
2020-06-02 15:45:00,638.25949675,0.4304919446666666,26.519590333333333,37.54320873333334,15,2,6,1
2020-06-02 16:00:00,672.3296266227272,0.4788621826666666,26.6184204,38.264609666666665,16,2,6,1
2020-06-02 16:15:00,487.2495129863637,0.331931245,26.8432725,37.85230385714286,16,2,6,1
2020-06-02 16:30:00,446.7439935,0.3038333933333333,26.13088566666667,34.19353846666667,16,2,6,1
2020-06-02 16:45:00,305.15300325000004,0.21379486,25.7980978,31.919557666666662,16,2,6,1
2020-06-02 17:00:00,273.5793831227273,0.1890867986666666,25.5590068,29.73031406666666,17,2,6,1
2020-06-02 17:15:00,150.76185065,0.1091103762666666,25.315805933333333,28.12346393333333,17,2,6,1
2020-06-02 17:30:00,90.47045454545454,0.0669730784,25.183624333333327,26.1870504,17,2,6,1
2020-06-02 17:45:00,58.22970779272728,0.0453966223333333,25.066615933333328,25.4084758,17,2,6,1
2020-06-02 18:00:00,33.162635281363634,0.0277481900666666,24.707338533333328,24.479459666666667,18,2,6,1
2020-06-02 18:15:00,28.78125,0.0213697816666666,24.5652384,23.850461733333333,18,2,6,1
2020-06-02 18:30:00,6.111989795785715,0.0064823013785714,24.523747071428573,23.540012857142862,18,2,6,1
2020-06-02 18:45:00,0.0,0.0001651499813333,24.480450466666667,23.12403173333333,18,2,6,1
2020-06-02 19:00:00,0.0,0.0,24.41660966666667,22.7959472,19,2,6,0
2020-06-02 19:15:00,0.0,0.0,24.300563533333328,22.399615600000004,19,2,6,0
2020-06-02 19:30:00,0.0,0.0,24.10461833333333,21.834912200000005,19,2,6,0
2020-06-02 19:45:00,0.0,0.0,24.030802466666668,21.673779266666664,19,2,6,0
2020-06-02 20:00:00,0.0,0.0,23.870035866666665,21.517218066666665,20,2,6,0
2020-06-02 20:15:00,0.0,0.0,23.69544473333333,21.070044,20,2,6,0
2020-06-02 20:30:00,0.0,0.0,23.532930466666656,20.721944066666666,20,2,6,0
2020-06-02 20:45:00,0.0,0.0,23.400419,20.67472835714285,20,2,6,0
2020-06-02 21:00:00,0.0,0.0,23.181156533333333,20.4064982,21,2,6,0
2020-06-02 21:15:00,0.0,0.0,23.0872802,20.397253666666668,21,2,6,0
2020-06-02 21:30:00,0.0,0.0,23.0178122,20.391391933333328,21,2,6,0
2020-06-02 21:45:00,0.0,0.0,23.030607066666665,20.322650133333333,21,2,6,0
2020-06-02 22:00:00,0.0,0.0,23.1034912,20.658549266666665,22,2,6,0
2020-06-02 22:15:00,0.0,0.0,23.0956054,20.8178508,22,2,6,0
2020-06-02 22:30:00,0.0,0.0,23.077539066666667,21.05610346666667,22,2,6,0
2020-06-02 22:45:00,0.0,0.0,23.097322666666663,21.322857666666668,22,2,6,0
2020-06-02 23:00:00,0.0,0.0,23.029817857142856,21.02276614285714,23,2,6,0
2020-06-02 23:15:00,0.0,0.0,23.154599933333333,21.314619866666668,23,2,6,0
2020-06-02 23:30:00,0.0,0.0,23.1262676,21.27200126666667,23,2,6,0
2020-06-02 23:45:00,0.0,0.0,23.185095266666664,21.173158933333333,23,2,6,0
2020-06-03 00:00:00,0.0,0.0,23.1571288,20.89146513333333,0,3,6,0
2020-06-03 00:15:00,0.0,0.0,22.974324466666666,20.576291866666665,0,3,6,0
2020-06-03 00:30:00,0.0,0.0,22.67297173333333,20.458264266666664,0,3,6,0
2020-06-03 00:45:00,0.0,0.0,22.598681599999995,20.54110713333333,0,3,6,0
2020-06-03 01:00:00,0.0,0.0,22.704483933333336,21.236881666666665,1,3,6,0
2020-06-03 01:15:00,0.0,0.0,22.80064392857143,21.723000642857144,1,3,6,0
2020-06-03 01:30:00,0.0,0.0,22.88334766666667,21.585738133333333,1,3,6,0
2020-06-03 01:45:00,0.0,0.0,22.937446866666665,21.3681458,1,3,6,0
2020-06-03 02:00:00,0.0,0.0,22.842895466666665,21.206132000000004,2,3,6,0
2020-06-03 02:15:00,0.0,0.0,22.660235666666665,20.99209193333333,2,3,6,0
2020-06-03 02:30:00,0.0,0.0,22.50123506666667,21.111612933333337,2,3,6,0
2020-06-03 02:45:00,0.0,0.0,22.459503133333328,21.399143466666665,2,3,6,0
2020-06-03 03:00:00,0.0,0.0,22.44995926666667,21.3038554,3,3,6,0
2020-06-03 03:15:00,0.0,0.0,22.509222928571425,20.78928271428571,3,3,6,0
2020-06-03 03:30:00,0.0,0.0,22.4485492,20.51603193333333,3,3,6,0
2020-06-03 03:45:00,0.0,0.0,22.349910333333334,20.45167633333333,3,3,6,0
2020-06-03 04:00:00,0.0,0.0,22.364552866666667,20.554268266666668,4,3,6,0
2020-06-03 04:15:00,0.0,0.0,22.34726146666667,20.68842773333333,4,3,6,0
2020-06-03 04:30:00,0.0,0.0,22.3204386,20.8757264,4,3,6,0
2020-06-03 04:45:00,0.0,0.0,22.3295206,21.20482786666667,4,3,6,0
2020-06-03 05:00:00,0.0,0.0,22.29955246666667,21.041841466666664,5,3,6,0
2020-06-03 05:15:00,0.0,0.0,22.230548066666667,21.1730612,5,3,6,0
2020-06-03 05:30:00,0.0,0.0,22.029776500000004,21.009530285714284,5,3,6,0
2020-06-03 05:45:00,0.0,0.000166865986,21.9093404,20.571130533333328,5,3,6,0
2020-06-03 06:00:00,5.548538961045455,0.0066135848333333,21.8664428,20.341811066666665,6,3,6,1
2020-06-03 06:15:00,32.42061688363636,0.0238564609333333,21.8627444,20.6966776,6,3,6,1
2020-06-03 06:30:00,58.63400974045454,0.0422210322666666,21.970450733333333,21.57549253333333,6,3,6,1
2020-06-03 06:45:00,88.22061688272727,0.0625831249333333,22.115535533333336,22.72741286666667,6,3,6,1
2020-06-03 07:00:00,139.96582792272727,0.099085612,22.39704986666667,24.1448362,7,3,6,1
2020-06-03 07:15:00,217.12662337727272,0.1566565473333333,22.7777608,26.293044066666663,7,3,6,1
2020-06-03 07:30:00,273.60787338181814,0.196718574,23.2902242,28.91189793333333,7,3,6,1
2020-06-03 07:45:00,325.07759740454543,0.2355113593333333,23.853275466666663,30.580068,7,3,6,1
2020-06-03 08:00:00,422.2500000045455,0.3050666364285714,24.27014585714286,31.983365928571427,8,3,6,1
2020-06-03 08:15:00,440.6946428636364,0.3131774186666666,24.698665266666666,34.0502216,8,3,6,1
2020-06-03 08:30:00,443.6051136363636,0.3114204379999999,25.202730200000005,34.808233666666666,8,3,6,1
2020-06-03 08:45:00,501.332305190909,0.3506713633333333,25.524094533333333,34.50640073333333,8,3,6,1
2020-06-03 09:00:00,617.4530844136364,0.4392469226666666,25.790447933333336,36.467413466666656,9,3,6,1
2020-06-03 09:15:00,613.9961039,0.4313674273333333,25.9910524,37.30622160000001,9,3,6,1
2020-06-03 09:30:00,565.7625811636364,0.3919119666666666,26.019221933333327,36.83065146666666,9,3,6,1
2020-06-03 09:45:00,580.3283279227272,0.4066447513333333,25.796405,36.3065082,9,3,6,1
2020-06-03 10:00:00,576.0151785727272,0.401583068,25.976375266666665,36.446625,10,3,6,1
2020-06-03 10:15:00,594.285551940909,0.4154079433333333,26.170804866666664,36.67445066666666,10,3,6,1
2020-06-03 10:30:00,862.6870941545454,0.615580315,26.6612375,39.588428785714285,10,3,6,1
2020-06-03 10:45:00,1054.3736201636364,0.77591557,27.452661200000005,45.572745666666655,10,3,6,1
2020-06-03 11:00:00,952.3738636272728,0.7143712646666666,27.96947633333333,47.941911000000005,11,3,6,1
2020-06-03 11:15:00,913.960308440909,0.6610665566666664,27.98884273333333,46.194077866666674,11,3,6,1
2020-06-03 11:30:00,1050.9995941363636,0.8066293299999999,27.941221066666667,45.770940866666656,11,3,6,1
2020-06-03 11:45:00,1270.2027598636364,1.0191046553333334,28.590588400000005,54.7813884,11,3,6,1
2020-06-03 12:00:00,913.1093344136364,0.663942404,28.481665066666665,50.63946126666667,12,3,6,1
2020-06-03 12:15:00,987.4667208136362,0.7152714659999999,28.058274466666663,47.815446,12,3,6,1
2020-06-03 12:30:00,1099.9633117272726,0.8113028464285714,28.570162142857143,49.94027492857144,12,3,6,1
2020-06-03 12:45:00,1222.1091721363637,0.8961615320000001,28.792797866666664,51.43322746666667,12,3,6,1
2020-06-03 13:00:00,1071.6797889090908,0.7998929533333332,29.06769213333333,51.64617686666667,13,3,6,1
2020-06-03 13:15:00,968.2062500363636,0.711361128,28.884842666666664,48.98813886666667,13,3,6,1
2020-06-03 13:30:00,1004.4603895772726,0.7504526286666667,28.559281400000003,48.776688333333325,13,3,6,1
2020-06-03 13:45:00,817.0348484863637,0.6152726233333333,27.86218783333333,46.6314395,13,3,6,1
2020-06-03 14:15:00,954.2180195045454,0.7166804542857143,28.36199285714285,50.62704278571428,14,3,6,1
2020-06-03 14:30:00,914.266396109091,0.673311722,28.309356666666663,47.377396733333335,14,3,6,1
2020-06-03 14:45:00,976.9872564863635,0.73095554,28.27815892857143,45.06816992857143,14,3,6,1
2020-06-03 15:00:00,1162.3448051363637,0.867350566,28.8466328,50.68633446666667,15,3,6,1
2020-06-03 15:15:00,1072.2496753636365,0.7781302413333333,28.85288293333333,50.806604,15,3,6,1
2020-06-03 15:30:00,678.9658279227273,0.5263113173333333,28.367865,46.1937744,15,3,6,1
2020-06-03 15:45:00,552.3404220818182,0.4154654033333333,28.200909666666668,40.34545073333332,15,3,6,1
2020-06-03 16:00:00,504.25543830909095,0.3453362106666667,27.406433066666665,36.756546933333325,16,3,6,1
2020-06-03 16:15:00,377.66712662272727,0.2754312246666665,27.123667466666664,35.691247399999995,16,3,6,1
2020-06-03 16:30:00,252.52134740454545,0.1812308813333333,26.773728333333327,32.29846993333332,16,3,6,1
2020-06-03 16:45:00,428.2407467545455,0.2930501007142857,26.6105695,32.19503142857143,16,3,6,1
2020-06-03 17:00:00,535.0099025954546,0.3938906479999999,27.07719326666667,36.6476562,17,3,6,1
2020-06-03 17:15:00,275.16331168636367,0.2100267246666666,26.4934388,33.26473993333333,17,3,6,1
2020-06-03 17:30:00,205.9996753136364,0.1741178993333333,26.160349600000004,29.8308308,17,3,6,1
2020-06-03 17:45:00,115.55974025454545,0.1089596830666666,25.95564166666666,27.818965666666667,17,3,6,1
2020-06-03 18:00:00,65.01363636409091,0.0555260570666666,25.628292,26.26652213333333,18,3,6,1
2020-06-03 18:15:00,35.14082792181818,0.0276320394666666,25.138563999999995,24.528363066666664,18,3,6,1
2020-06-03 18:30:00,9.136120129818185,0.00798223048,24.8869608,23.35773320000001,18,3,6,1
2020-06-03 18:45:00,0.0,8.352672366666667e-05,24.68722533333333,22.586967066666663,18,3,6,1
2020-06-03 19:00:00,0.0,0.0,24.47928673333333,21.997491533333328,19,3,6,0
2020-06-03 19:15:00,0.0,0.0,24.196650928571422,21.709464,19,3,6,0
2020-06-03 19:30:00,0.0,0.0,23.983721866666667,21.4879578,19,3,6,0
2020-06-03 19:45:00,0.0,0.0,23.86744786666667,21.385422733333336,19,3,6,0
2020-06-03 20:00:00,0.0,0.0,23.7355346,21.4588258,20,3,6,0
2020-06-03 20:15:00,0.0,0.0,23.68221646666667,21.54895426666667,20,3,6,0
2020-06-03 20:30:00,0.0,0.0,23.664009666666665,21.192350066666663,20,3,6,0
2020-06-03 20:45:00,0.0,0.0,23.60763366666666,21.040781666666668,20,3,6,0
2020-06-03 21:00:00,0.0,0.0,23.581404733333333,21.031243933333336,21,3,6,0
2020-06-03 21:15:00,0.0,0.0,23.54292971428572,21.00041857142857,21,3,6,0
2020-06-03 21:30:00,0.0,0.0,23.35550553333333,20.846651266666665,21,3,6,0
2020-06-03 21:45:00,0.0,0.0,23.153045666666667,20.723840333333328,21,3,6,0
2020-06-03 22:00:00,0.0,0.0,23.12093293333333,20.880371199999995,22,3,6,0
2020-06-03 22:15:00,0.0,0.0,23.2737874,21.277950066666666,22,3,6,0
2020-06-03 22:30:00,0.0,0.0,23.410107466666663,21.48009253333333,22,3,6,0
2020-06-03 22:45:00,0.0,0.0,23.3567708,21.421516933333333,22,3,6,0
2020-06-03 23:00:00,0.0,0.0,23.29439086666667,21.5673136,23,3,6,0
2020-06-03 23:15:00,0.0,0.0,23.268082733333333,21.781003666666667,23,3,6,0
2020-06-03 23:30:00,0.0,0.0,23.3125675,21.87289435714285,23,3,6,0
2020-06-03 23:45:00,0.0,0.0,23.3070944,22.12236753333333,23,3,6,0
2020-06-04 00:00:00,0.0,0.0,23.232509466666663,21.74905586666667,0,4,6,0
2020-06-04 00:15:00,0.0,0.0,23.2305298,22.0874878,0,4,6,0
2020-06-04 00:30:00,0.0,0.0,23.239691066666666,22.0754842,0,4,6,0
2020-06-04 00:45:00,0.0,0.0,23.223148533333337,21.49751793333333,0,4,6,0
2020-06-04 01:00:00,0.0,0.0,23.04567046666667,20.8985536,1,4,6,0
2020-06-04 01:15:00,0.0,0.0,22.96156013333333,20.781929533333333,1,4,6,0
2020-06-04 01:30:00,0.0,0.0,22.874760071428568,20.64805378571429,1,4,6,0
2020-06-04 01:45:00,0.0,0.0,22.878147466666665,21.0011492,1,4,6,0
2020-06-04 02:00:00,0.0,0.0,22.99037886666667,21.9415954,2,4,6,0
2020-06-04 02:15:00,0.0,0.0,22.9795756,21.582159600000004,2,4,6,0
2020-06-04 02:30:00,0.0,0.0,23.002805466666665,21.08051346666667,2,4,6,0
2020-06-04 02:45:00,0.0,0.0,22.77749013333333,20.272725466666664,2,4,6,0
2020-06-04 03:00:00,0.0,0.0,22.51006266666667,19.9091552,3,4,6,0
2020-06-04 03:15:00,0.0,0.0,22.36554566666667,19.8938822,3,4,6,0
2020-06-04 03:30:00,0.0,0.0,22.11158453333333,19.4302042,3,4,6,0
2020-06-04 03:45:00,0.0,0.0,21.8316998,19.176412,3,4,6,0
2020-06-04 04:00:00,0.0,0.0,21.814058571428568,19.201707928571427,4,4,6,0
2020-06-04 04:15:00,0.0,0.0,21.781632533333337,19.239917066666667,4,4,6,0
2020-06-04 04:30:00,0.0,0.0,21.7417174,19.2718446,4,4,6,0
2020-06-04 04:45:00,0.0,0.0,21.9011658,19.596323666666663,4,4,6,0
2020-06-04 05:00:00,0.0,0.0,22.10740133333333,19.78210866666667,5,4,6,0
2020-06-04 05:15:00,0.0,0.0,22.293249466666666,20.07742533333333,5,4,6,0
2020-06-04 05:30:00,0.0,0.0,22.30016693333333,20.21210933333333,5,4,6,0
2020-06-04 05:45:00,0.0,0.000426552467,22.331740266666667,20.44576413333333,5,4,6,0
2020-06-04 06:00:00,6.615665584409092,0.00815802132,22.37077833333333,20.5307474,6,4,6,1
2020-06-04 06:15:00,37.02183441636364,0.027412691,22.37073828571429,20.5436425,6,4,6,1
2020-06-04 06:30:00,71.58831168818182,0.0525060624,22.413663666666665,20.99587586666667,6,4,6,1
2020-06-04 06:45:00,117.30186688181816,0.0880664663333333,22.569683933333334,21.829941666666667,6,4,6,1
2020-06-04 07:00:00,182.00819805454543,0.1541802237333333,22.91924653333333,22.999210466666668,7,4,6,1
2020-06-04 07:15:00,245.7304383136364,0.201037406,23.307012799999995,25.084910200000003,7,4,6,1
2020-06-04 07:30:00,252.4897727318182,0.2021267246666666,23.6712912,28.608892933333333,7,4,6,1
2020-06-04 07:45:00,332.6404220727273,0.2576330546666666,24.115726666666664,29.42869673333333,7,4,6,1
2020-06-04 08:00:00,483.4267045409091,0.3536178413333332,24.827956066666665,34.91220333333333,8,4,6,1
2020-06-04 08:15:00,518.2440746681818,0.3698281293333333,25.16537493333333,36.236173666666666,8,4,6,1
2020-06-04 08:30:00,626.5418831181819,0.50896689,25.49385071428572,40.286078142857136,8,4,6,1
2020-06-04 08:45:00,474.0635552,0.339791978,25.7016844,38.59687113333333,8,4,6,1
2020-06-04 09:00:00,751.5228084454545,0.5240877666666666,26.23224886666667,41.591343,9,4,6,1
2020-06-04 09:15:00,643.1554383136364,0.4329602066666666,26.67907113333333,42.56844686666666,9,4,6,1
2020-06-04 09:30:00,653.0469155863636,0.4031702393333333,26.958341533333336,42.141090666666656,9,4,6,1
2020-06-04 09:45:00,657.5942370090909,0.5299622466666666,27.355015066666667,42.377244466666674,9,4,6,1
2020-06-04 10:00:00,946.1109577590908,0.6935108126666668,27.51010546666667,45.047931266666666,10,4,6,1
2020-06-04 10:15:00,794.9379870090908,0.5722798133333333,27.60956433333333,43.5676756,10,4,6,1
2020-06-04 10:30:00,951.5799513181818,0.740527077142857,27.75967185714285,46.865433142857135,10,4,6,1
2020-06-04 10:45:00,1191.1986201363636,0.9900746606666666,28.609558066666665,53.49905786666666,10,4,6,1
2020-06-04 11:00:00,966.6199675545454,0.7482029,28.900441466666667,52.5498042,11,4,6,1
2020-06-04 11:15:00,960.7806818272728,0.7289688126666665,29.128914533333333,53.990102,11,4,6,1
2020-06-04 11:30:00,918.1064123318182,0.6855142546666666,28.9166118,49.0042542,11,4,6,1
2020-06-04 11:45:00,1039.008441531818,0.819862228,28.901027466666665,50.7513082,11,4,6,1
2020-06-04 12:00:00,1130.799188377273,0.8495404559999999,29.428778066666663,54.02926233333333,12,4,6,1
2020-06-04 12:15:00,1073.1541396818182,0.873090314,29.520699200000003,53.681734000000006,12,4,6,1
2020-06-04 12:30:00,913.0463473909092,0.7917845233333333,29.7818786,52.660978,12,4,6,1
2020-06-04 12:45:00,795.5770292227272,0.5456316214285714,29.397380285714288,47.38953071428571,12,4,6,1
2020-06-04 13:00:00,1205.0870941818182,0.9989916353333332,30.0188802,53.659336200000006,13,4,6,1
2020-06-04 13:15:00,1214.1790585,1.0396661320000002,30.470314466666665,57.810960066666674,13,4,6,1
2020-06-04 13:30:00,772.9456980499999,0.5834999766666668,29.7998332,51.68366739999999,13,4,6,1
2020-06-04 13:45:00,1102.2647727727274,0.8152746660000002,29.653444333333336,49.9063132,13,4,6,1
2020-06-04 14:00:00,789.4220779227272,0.638300066,29.892468333333333,49.5533302,14,4,6,1
2020-06-04 14:15:00,716.2980519545455,0.5060438120000001,29.012854,42.45200799999999,14,4,6,1
2020-06-04 14:30:00,688.6982142863636,0.4784254099999999,29.053249066666663,43.63637693333334,14,4,6,1
2020-06-04 14:45:00,990.842288959091,0.6831317153333333,29.025638800000003,45.191560933333335,14,4,6,1
2020-06-04 15:00:00,1103.7961038636363,0.828218792857143,29.31660471428572,50.0400065,15,4,6,1
2020-06-04 15:15:00,815.9725649272727,0.5762455473333332,28.8240906,47.455545866666654,15,4,6,1
2020-06-04 15:30:00,843.9656655818181,0.6145960239999999,28.671067200000003,44.87971400000001,15,4,6,1
2020-06-04 15:45:00,804.7387175363637,0.6258264913333333,28.89003293333333,46.50682566666666,15,4,6,1
2020-06-04 16:00:00,762.2341720772728,0.5470587466666667,28.524460866666665,44.30379226666666,16,4,6,1
2020-06-04 16:15:00,660.4565746727272,0.4802661793333333,28.310963866666665,41.930027,16,4,6,1
2020-06-04 16:30:00,579.6366883090909,0.423149908,28.2263,39.781593666666666,16,4,6,1
2020-06-04 16:45:00,376.4071428590909,0.2771371,27.911383066666662,36.725531333333336,16,4,6,1
2020-06-04 17:00:00,397.3521915590909,0.2966284521428571,27.408913857142856,33.94200785714286,17,4,6,1
2020-06-04 17:15:00,375.4474837681818,0.286518426,27.39092606666667,34.17826959999999,17,4,6,1
2020-06-04 17:30:00,298.7677759772727,0.2333632346666666,27.4676554,33.31872753333333,17,4,6,1
2020-06-04 17:45:00,185.37305195,0.1478736336,27.015501000000004,30.925701933333333,17,4,6,1
2020-06-04 18:00:00,84.55487013,0.0703570209333333,26.4737508,28.1798118,18,4,6,1
2020-06-04 18:15:00,28.349107143636363,0.0225988850666666,25.879600133333334,25.6452434,18,4,6,1
2020-06-04 18:30:00,4.534632034590909,0.0048826057146666,25.49142246666667,23.901588933333336,18,4,6,1
2020-06-04 18:45:00,0.0,0.0,25.1925436,22.83024093333333,18,4,6,1
2020-06-04 19:00:00,0.0,0.0,24.911574333333327,22.163502866666665,19,4,6,0
2020-06-04 19:15:00,0.0,0.0,24.712389285714284,21.731079,19,4,6,0
2020-06-04 19:30:00,0.0,0.0,24.54659833333333,21.6505168,19,4,6,0
2020-06-04 19:45:00,0.0,0.0,24.379534866666667,21.8173706,19,4,6,0
2020-06-04 20:00:00,0.0,0.0,24.203576466666668,21.570215,20,4,6,0
2020-06-04 20:15:00,0.0,0.0,24.101764000000003,21.23585813333333,20,4,6,0
2020-06-04 20:30:00,0.0,0.0,23.965206,21.24692586666667,20,4,6,0
2020-06-04 20:45:00,0.0,0.0,23.83537586666668,21.202567533333333,20,4,6,0
2020-06-04 21:00:00,0.0,0.0,23.622412133333327,20.969897533333327,21,4,6,0
2020-06-04 21:15:00,0.0,0.0,23.4776306,20.89159753333333,21,4,6,0
2020-06-04 21:30:00,0.0,0.0,23.413728857142857,20.771161785714288,21,4,6,0
2020-06-04 21:45:00,0.0,0.0,23.33440973333333,20.6240682,21,4,6,0
2020-06-04 22:00:00,0.0,0.0,23.249265666666663,20.51773266666667,22,4,6,0
2020-06-04 22:15:00,0.0,0.0,23.155983466666665,20.41728313333333,22,4,6,0
2020-06-04 22:30:00,0.0,0.0,23.038757333333333,20.23143106666667,22,4,6,0
2020-06-04 22:45:00,0.0,0.0,22.871164866666668,19.952642666666662,22,4,6,0
2020-06-04 23:00:00,0.0,0.0,22.668090866666663,19.605348533333327,23,4,6,0
2020-06-04 23:15:00,0.0,0.0,22.45358486666667,19.460750333333333,23,4,6,0
2020-06-04 23:30:00,0.0,0.0,22.22497335714285,19.48148457142857,23,4,6,0
2020-06-04 23:45:00,0.0,0.0,22.242348199999995,19.674829133333336,23,4,6,0
2020-06-05 00:00:00,0.0,0.0,22.369673533333334,19.865987266666668,0,5,6,0
2020-06-05 00:15:00,0.0,0.0,22.405242866666665,19.973746666666667,0,5,6,0
2020-06-05 00:30:00,0.0,0.0,22.451550266666665,20.014420466666664,0,5,6,0
2020-06-05 00:45:00,0.0,0.0,22.355903933333337,19.858323266666662,0,5,6,0
2020-06-05 01:00:00,0.0,0.0,22.390741066666664,19.870471266666662,1,5,6,0
2020-06-05 01:15:00,0.0,0.0,22.2637308,19.622493400000003,1,5,6,0
2020-06-05 01:30:00,0.0,0.0,22.06980021428572,19.27036821428572,1,5,6,0
2020-06-05 01:45:00,0.0,0.0,21.93583573333333,19.1575074,1,5,6,0
2020-06-05 02:00:00,0.0,0.0,22.032619133333327,19.467915866666672,2,5,6,0
2020-06-05 02:15:00,0.0,0.0,21.996008466666662,19.4962546,2,5,6,0
2020-06-05 02:30:00,0.0,0.0,21.915641266666665,19.503106733333333,2,5,6,0
2020-06-05 02:45:00,0.0,0.0,21.971559666666664,19.6524252,2,5,6,0
2020-06-05 03:00:00,0.0,0.0,21.960252,19.70383693333333,3,5,6,0
2020-06-05 03:15:00,0.0,0.0,21.962046333333333,19.6375468,3,5,6,0
2020-06-05 03:30:00,0.0,0.0,21.864501933333333,19.492871133333328,3,5,6,0
2020-06-05 03:45:00,0.0,0.0,21.829637785714283,19.66063135714285,3,5,6,0
2020-06-05 04:00:00,0.0,0.0,21.81910206666667,19.6920982,4,5,6,0
2020-06-05 04:15:00,0.0,0.0,21.70368653333333,19.42711973333333,4,5,6,0
2020-06-05 04:30:00,0.0,0.0,21.62841786666667,19.356872600000003,4,5,6,0
2020-06-05 04:45:00,0.0,0.0,21.594506866666663,19.278796600000003,4,5,6,0
2020-06-05 05:00:00,0.0,0.0,21.4732484,19.290275066666663,5,5,6,0
2020-06-05 05:15:00,0.0,0.0,21.5055624,19.3941224,5,5,6,0
2020-06-05 05:30:00,0.0,0.0,21.6951396,19.82488413333333,5,5,6,0
2020-06-05 05:45:00,0.0,0.0008480133085714,21.663992714285715,19.75165221428572,5,5,6,0
2020-06-05 06:00:00,8.824594155590908,0.0091445350066666,21.581693466666664,19.651005,6,5,6,1
2020-06-05 06:15:00,29.08668831136364,0.0237962576,21.653328466666665,19.7878378,6,5,6,1
2020-06-05 06:30:00,55.76818181863637,0.0381347714,21.863590533333333,20.2624066,6,5,6,1
2020-06-05 06:45:00,133.8641233818182,0.0946579585333333,22.2525206,21.710430866666663,6,5,6,1
2020-06-05 07:00:00,141.79821428636365,0.1046293030666666,22.578601066666668,23.143766266666663,7,5,6,1
2020-06-05 07:15:00,187.43676947727272,0.1354008960666666,22.74705013333333,24.6323364,7,5,6,1
2020-06-05 07:30:00,209.9159902590909,0.1550759426666666,22.947841333333333,26.071952400000004,7,5,6,1
2020-06-05 07:45:00,230.13116883636368,0.1674217992857143,23.115711714285712,26.6308375,7,5,6,1
2020-06-05 08:00:00,278.36201298636365,0.2060087846666666,23.45101913333333,28.194765,8,5,6,1
2020-06-05 08:15:00,516.2728896136364,0.3701208159999999,23.990735,31.34313753333333,8,5,6,1
2020-06-05 08:30:00,680.6812499954546,0.5538165126666666,24.78111993333333,37.137320933333335,8,5,6,1
2020-06-05 08:45:00,725.2302759772728,0.6010126913333332,25.71807246666667,42.10721,8,5,6,1
2020-06-05 09:00:00,712.8199675363637,0.4937874026666666,26.1081848,44.455601,9,5,6,1
2020-06-05 09:15:00,863.0491883090908,0.661408742,26.326908333333336,43.22573646666668,9,5,6,1
2020-06-05 09:30:00,954.4511363318182,0.6939978406666665,27.173240066666672,47.9939452,9,5,6,1
2020-06-05 09:45:00,565.3234577909091,0.403045044,27.300339800000003,45.74378906666668,9,5,6,1
2020-06-05 10:00:00,1037.0399351772728,0.7867404085714285,27.44654421428572,46.09474850000001,10,5,6,1
2020-06-05 10:15:00,634.693506490909,0.4621650586666667,27.920831266666664,48.78672900000001,10,5,6,1
2020-06-05 10:30:00,992.8606331090908,0.7480077733333332,27.469006399999994,45.76378179999999,10,5,6,1
2020-06-05 10:45:00,985.0421266454543,0.7114153480000001,28.038039066666663,54.683736466666666,10,5,6,1
2020-06-05 11:00:00,926.7012175272728,0.6841737733333335,27.55344846666667,47.8497312,11,5,6,1
2020-06-05 11:15:00,1043.0920454590907,0.9138139586666668,28.1088298,54.984794066666666,11,5,6,1
2020-06-05 11:30:00,1207.3021916363637,1.0468158086666666,28.699442466666667,59.51716313333333,11,5,6,1
2020-06-05 11:45:00,1123.9916396545457,0.9516839406666668,28.785264266666665,60.75704953333334,11,5,6,1
2020-06-05 12:00:00,462.6734577863636,0.3794895364285714,28.726664714285715,48.51885335714286,12,5,6,1
2020-06-05 12:15:00,457.8133116863637,0.323248656,27.64007353333333,40.50380226666666,12,5,6,1
2020-06-05 12:30:00,355.2691558454545,0.2201477426666666,24.78254793333333,27.2943788,12,5,6,1
2020-06-05 12:45:00,525.7703733727272,0.3283600913333332,23.833673,27.06917933333333,12,5,6,1
2020-06-05 13:00:00,823.5297889499999,0.549665794,24.98657813333333,35.3831992,13,5,6,1
2020-06-05 13:15:00,790.7083603909091,0.5586564773333333,25.75082,43.90548686666667,13,5,6,1
2020-06-05 13:30:00,1003.6529221,0.7687173853333333,26.45047,45.249314466666654,13,5,6,1
2020-06-05 13:45:00,1276.6551947272726,0.9986998006666664,28.032407666666664,55.623793733333336,13,5,6,1
2020-06-05 14:00:00,1160.1222402272726,0.88675423,29.018203714285715,57.50350071428572,14,5,6,1
2020-06-05 14:15:00,608.7767857136364,0.4664396726666666,28.8636616,49.925148466666656,14,5,6,1
2020-06-05 14:30:00,1124.159902590909,0.8546898013333333,29.279667000000003,49.60990173333333,14,5,6,1
2020-06-05 14:45:00,1055.4147728363637,0.7957694813333333,29.678208266666665,52.84774173333333,14,5,6,1
2020-06-05 15:00:00,862.2121753318181,0.6257630746666667,29.9443218,51.73378113333333,15,5,6,1
2020-06-05 15:15:00,669.4463474090909,0.495956084,29.553806533333333,46.45627853333334,15,5,6,1
2020-06-05 15:30:00,422.74383116818177,0.330956198,28.67100406666667,38.05905166666666,15,5,6,1
2020-06-05 15:45:00,862.69310065,0.630338126,28.982812333333328,44.096299066666674,15,5,6,1
2020-06-05 16:00:00,726.2062499954545,0.5304860364285712,29.360011642857145,44.37733914285714,16,5,6,1
2020-06-05 16:15:00,638.2888798636363,0.4668261126666666,29.21803193333333,42.5737022,16,5,6,1
2020-06-05 16:30:00,594.8299512909091,0.4489735653333333,29.177992733333337,41.37456040000001,16,5,6,1
2020-06-05 16:45:00,454.25251623181816,0.341884376,28.7667054,38.25223593333334,16,5,6,1
2020-06-05 17:00:00,402.6357954590909,0.2911635239999999,28.383642466666668,36.3026832,17,5,6,1
2020-06-05 17:15:00,380.28295455,0.2869888493333333,28.329986466666664,35.2929974,17,5,6,1
2020-06-05 17:30:00,361.6987824681818,0.274644008,28.312951533333333,34.75277326666667,17,5,6,1
2020-06-05 17:45:00,221.7285714227273,0.1736663853333333,28.13737193333333,33.33803933333334,17,5,6,1
2020-06-05 18:00:00,113.05438310863636,0.0959535507857142,27.676138642857143,30.6434,18,5,6,1
2020-06-05 18:15:00,52.598944805909085,0.0424932424666666,27.09036053333333,28.24562973333333,18,5,6,1
2020-06-05 18:30:00,11.503679653818182,0.0086745569666666,26.31346433333333,25.84845173333333,18,5,6,1
2020-06-05 18:45:00,0.0,0.000129449935,25.68867206666667,23.948681533333332,18,5,6,1
2020-06-05 19:00:00,0.0,0.0,25.31771846666667,23.1047118,19,5,6,0
2020-06-05 19:15:00,0.0,0.0,24.977532733333334,22.49722306666667,19,5,6,0
2020-06-05 19:30:00,0.0,0.0,24.76062213333333,22.101621533333333,19,5,6,0
2020-06-05 19:45:00,0.0,0.0,24.567763266666667,21.854593933333334,19,5,6,0
2020-06-05 20:00:00,0.0,0.0,24.40181171428572,21.609599642857145,20,5,6,0
2020-06-05 20:15:00,0.0,0.0,24.2519918,21.444433733333334,20,5,6,0
2020-06-05 20:30:00,0.0,0.0,24.041046266666665,21.321700266666667,20,5,6,0
2020-06-05 20:45:00,0.0,0.0,23.881455466666665,21.0441874,20,5,6,0
2020-06-05 21:00:00,0.0,0.0,23.661025,20.71221926666667,21,5,6,0
2020-06-05 21:15:00,0.0,0.0,23.538511133333333,20.65864653333333,21,5,6,0
2020-06-05 21:30:00,0.0,0.0,23.4621744,20.5305968,21,5,6,0
2020-06-05 21:45:00,0.0,0.0,23.38109546666667,20.44203673333333,21,5,6,0
2020-06-05 22:00:00,0.0,0.0,23.249294066666664,20.27038166666667,22,5,6,0
2020-06-05 22:15:00,0.0,0.0,23.10435485714285,20.18705107142857,22,5,6,0
2020-06-05 22:30:00,0.0,0.0,22.92467253333333,20.01558633333333,22,5,6,0
2020-06-05 22:45:00,0.0,0.0,22.75687046666667,19.76906513333333,22,5,6,0
2020-06-05 23:00:00,0.0,0.0,22.555259266666667,19.601790333333337,23,5,6,0
2020-06-05 23:15:00,0.0,0.0,22.5601338,19.6811666,23,5,6,0
2020-06-05 23:30:00,0.0,0.0,22.5417704,19.7616006,23,5,6,0
2020-06-05 23:45:00,0.0,0.0,22.524619466666667,19.7942504,23,5,6,0
2020-06-06 00:00:00,0.0,0.0,22.4748738,19.6556172,0,6,6,0
2020-06-06 00:15:00,0.0,0.0,22.446710466666666,19.7401856,0,6,6,0
2020-06-06 00:30:00,0.0,0.0,22.32631013333333,19.624399800000003,0,6,6,0
2020-06-06 00:45:00,0.0,0.0,22.243926857142856,19.516771785714287,0,6,6,0
2020-06-06 01:00:00,0.0,0.0,22.207804266666663,19.5121276,1,6,6,0
2020-06-06 01:15:00,0.0,0.0,22.23102213333333,19.660040066666667,1,6,6,0
2020-06-06 01:30:00,0.0,0.0,22.152329466666668,19.582956933333328,1,6,6,0
2020-06-06 01:45:00,0.0,0.0,21.9829162,19.36170873333333,1,6,6,0
2020-06-06 02:00:00,0.0,0.0,21.92101433333333,19.488366666666664,2,6,6,0
2020-06-06 02:15:00,0.0,0.0,21.976127066666663,19.5315044,2,6,6,0
2020-06-06 02:30:00,0.0,0.0,21.894398866666663,19.45133666666668,2,6,6,0
2020-06-06 02:45:00,0.0,0.0,21.701495466666668,19.232078066666663,2,6,6,0
2020-06-06 03:00:00,0.0,0.0,21.51942878571429,19.068950142857144,3,6,6,0
2020-06-06 03:15:00,0.0,0.0,21.438657733333336,19.052948066666666,3,6,6,0
2020-06-06 03:30:00,0.0,0.0,21.588897933333328,19.275600133333327,3,6,6,0
2020-06-06 03:45:00,0.0,0.0,21.5690164,19.236916333333333,3,6,6,0
2020-06-06 04:00:00,0.0,0.0,21.469618733333327,19.0515952,4,6,6,0
2020-06-06 04:15:00,0.0,0.0,21.32059926666667,18.93925773333333,4,6,6,0
2020-06-06 04:30:00,0.0,0.0,21.27923166666667,19.024615466666663,4,6,6,0
2020-06-06 04:45:00,0.0,0.0,21.113210066666667,18.840543666666665,4,6,6,0
2020-06-06 05:00:00,0.0,0.0,20.971514,18.501708928571425,5,6,6,0
2020-06-06 05:15:00,0.0,0.0,20.875439533333328,18.285264066666663,5,6,6,0
2020-06-06 05:30:00,0.0,0.0,20.4631672,18.140415466666663,5,6,6,0
2020-06-06 05:45:00,0.0,0.001050105428,20.398504866666663,18.24230753333333,5,6,6,0
2020-06-06 06:00:00,12.997321428181818,0.0112804514933333,20.426454666666668,18.25406093333333,6,6,6,1
2020-06-06 06:15:00,40.888555194545454,0.0318784349333333,21.026063933333333,19.1683044,6,6,6,1
2020-06-06 06:30:00,72.42118506454545,0.0505427079333333,21.30387786666667,19.903894,6,6,6,1
2020-06-06 06:45:00,141.82491883181817,0.1083668231333333,21.7675536,21.045220800000003,6,6,6,1
2020-06-06 07:00:00,259.3386363590909,0.241690604,22.418231133333336,24.00137146666667,7,6,6,1
2020-06-06 07:15:00,328.57581168636364,0.291636115,23.072224285714285,26.810551285714286,7,6,6,1
2020-06-06 07:30:00,376.4215909136364,0.3192179526666666,23.4391542,29.62755733333333,7,6,6,1
2020-06-06 07:45:00,447.2762175272728,0.3658943839999999,24.040710200000003,33.153322333333335,7,6,6,1
2020-06-06 08:00:00,509.7495129909091,0.4089987206666667,24.8309816,37.33390526666666,8,6,6,1
2020-06-06 08:15:00,528.2121753181818,0.4213385493333333,25.26646733333333,38.90950326666666,8,6,6,1
2020-06-06 08:30:00,685.8579545454545,0.5379956300000001,25.8001344,42.2704184,8,6,6,1
2020-06-06 08:45:00,596.0063311636363,0.458073066,26.29952173333333,42.8193886,8,6,6,1
2020-06-06 09:00:00,375.76647726818186,0.2645778099999999,26.346307466666666,38.737007666666656,9,6,6,1
2020-06-06 09:15:00,516.4323863681818,0.3741500186666666,26.485955866666668,36.686997266666665,9,6,6,1
2020-06-06 09:30:00,895.5294642909091,0.6841655264285715,26.816632928571423,41.40657221428572,9,6,6,1
2020-06-06 09:45:00,676.8593344181818,0.5831875886666666,27.40662013333333,45.656620466666666,9,6,6,1
2020-06-06 10:00:00,1025.270698059091,0.7896276833333333,27.516166266666666,48.38149606666668,10,6,6,1
2020-06-06 10:15:00,842.7323052136363,0.660908664,27.909726666666668,53.5194478,10,6,6,1
2020-06-06 10:30:00,897.9817370090909,0.7134718886666666,27.891768466666665,46.3823122,10,6,6,1
2020-06-06 10:45:00,829.0087662363636,0.592244042,28.858711866666663,49.9206544,10,6,6,1
2020-06-06 11:00:00,986.9080356772728,0.833716566,29.0410462,52.9128622,11,6,6,1
2020-06-06 11:15:00,1100.3173700727273,0.8457802326666666,29.5964662,54.43137613333333,11,6,6,1
2020-06-06 11:30:00,737.6482142863637,0.442447935,29.662364357142856,49.18731492857143,11,6,6,1
2020-06-06 11:45:00,511.5519480545455,0.4059969573333333,29.043869866666665,43.17022886666666,11,6,6,1
2020-06-06 12:00:00,797.5087662318182,0.6368961286666666,28.9149232,43.233393066666665,12,6,6,1
2020-06-06 12:15:00,854.6705357090909,0.6880469099999998,29.854372133333328,53.01691526666667,12,6,6,1
2020-06-06 12:30:00,987.4127435272728,0.7764533440000001,29.957515466666667,48.48572366666667,12,6,6,1
2020-06-06 12:45:00,851.0449675318182,0.7886542966666666,30.168788466666665,52.53135606666668,12,6,6,1
2020-06-06 13:00:00,1221.5374187727273,0.9654513833333332,30.398728400000003,55.526068,13,6,6,1
2020-06-06 13:15:00,399.7379870090909,0.3182395246666667,29.198299066666667,45.0946062,13,6,6,1
2020-06-06 13:30:00,819.9690746772728,0.5331907740000001,26.463971,30.740364866666663,13,6,6,1
2020-06-06 13:45:00,995.173863740909,0.76237895,28.371896071428573,46.56454507142857,13,6,6,1
2020-06-06 14:00:00,739.9443181818182,0.456957692,28.25725513333333,43.641306466666656,14,6,6,1
2020-06-06 14:15:00,1167.0670455909092,0.9430199413333334,27.5224672,50.04055993333334,14,6,6,1
2020-06-06 14:30:00,443.5808441545455,0.3527128088,28.193302266666667,48.016939066666666,14,6,6,1
2020-06-06 14:45:00,236.93092532727272,0.1509989932,25.385963933333336,27.446895466666668,14,6,6,1
2020-06-06 15:00:00,399.8171266227273,0.254934934,25.10567633333333,26.625590066666664,15,6,6,1
2020-06-06 15:15:00,486.6549513045455,0.325346652,25.97744133333333,31.4134398,15,6,6,1
2020-06-06 15:30:00,422.8274350681818,0.28833439,26.587683066666667,34.3489056,15,6,6,1
2020-06-06 15:45:00,325.0534090909091,0.2204616164285714,26.64763521428571,33.14010199999999,15,6,6,1
2020-06-06 16:00:00,262.6055194863636,0.1760581826666666,26.31139526666667,31.449766266666668,16,6,6,1
2020-06-06 16:15:00,150.66144480454545,0.1018763052666666,26.046683800000004,29.318176333333334,16,6,6,1
2020-06-06 16:30:00,132.92938311818182,0.0869533126666666,25.648555266666666,27.703678333333333,16,6,6,1
2020-06-06 16:45:00,125.06363636818182,0.0816072844666666,25.334818533333337,27.200339666666668,16,6,6,1
2020-06-06 17:00:00,90.09245129909092,0.0596414616666666,24.9111592,26.31437593333333,17,6,6,1
2020-06-06 17:15:00,62.30235389545455,0.0415707431333333,24.6149332,25.334737333333333,17,6,6,1
2020-06-06 17:30:00,43.73376623363636,0.0294998014666666,24.514550666666665,24.669201600000005,17,6,6,1
2020-06-06 17:45:00,31.86639610454545,0.0218913211333333,24.373624600000003,24.219653266666665,17,6,6,1
2020-06-06 18:00:00,21.18603896136364,0.0164651889285714,24.214307571428574,23.84339257142857,18,6,6,1
2020-06-06 18:15:00,10.3639285727,0.0088829525333333,24.0314636,23.445373466666663,18,6,6,1
2020-06-06 18:30:00,0.0,0.002114633124,23.8018982,23.067795866666664,18,6,6,1
2020-06-06 18:45:00,0.0,0.0,23.566296399999995,22.568906800000004,18,6,6,1
2020-06-06 19:00:00,0.0,0.0,23.388924066666664,22.3684164,19,6,6,0
2020-06-06 19:15:00,0.0,0.0,23.17833453333333,22.046354066666662,19,6,6,0
2020-06-06 19:30:00,0.0,0.0,23.032047533333333,21.725838133333333,19,6,6,0
2020-06-06 19:45:00,0.0,0.0,22.61733606666667,21.18924546666667,19,6,6,0
2020-06-06 20:00:00,0.0,0.0,22.435105266666664,20.8517252,20,6,6,0
2020-06-06 20:15:00,0.0,0.0,22.393408266666665,20.394838466666663,20,6,6,0
2020-06-06 20:30:00,0.0,0.0,22.334638285714284,20.134107285714283,20,6,6,0
2020-06-06 20:45:00,0.0,0.0,22.187079066666666,20.1460408,20,6,6,0
2020-06-06 21:00:00,0.0,0.0,22.1833922,20.334501,21,6,6,0
2020-06-06 21:15:00,0.0,0.0,22.210577533333336,20.432326266666664,21,6,6,0
2020-06-06 21:30:00,0.0,0.0,22.211206066666666,20.508386266666665,21,6,6,0
2020-06-06 21:45:00,0.0,0.0,22.21850393333333,20.4641012,21,6,6,0
2020-06-06 22:00:00,0.0,0.0,22.19037266666667,20.292954466666668,22,6,6,0
2020-06-06 22:15:00,0.0,0.0,22.1516112,20.19132286666667,22,6,6,0
2020-06-06 22:30:00,0.0,0.0,22.1585,20.181113866666664,22,6,6,0
2020-06-06 22:45:00,0.0,0.0,22.119533266666664,20.250876933333327,22,6,6,0
2020-06-06 23:00:00,0.0,0.0,22.125963571428567,20.27607721428572,23,6,6,0
2020-06-06 23:15:00,0.0,0.0,22.194932066666663,20.21912826666667,23,6,6,0
2020-06-06 23:30:00,0.0,0.0,22.081917266666665,20.148321600000003,23,6,6,0
2020-06-06 23:45:00,0.0,0.0,22.123830266666666,20.20074466666667,23,6,6,0
2020-06-07 00:00:00,0.0,0.0,22.05573953333333,20.297180266666665,0,7,6,0
2020-06-07 00:15:00,0.0,0.0,22.10319206666666,20.39622393333333,0,7,6,0
2020-06-07 00:30:00,0.0,0.0,22.224560666666665,20.518798866666668,0,7,6,0
2020-06-07 00:45:00,0.0,0.0,22.30642906666667,20.727630533333336,0,7,6,0
2020-06-07 01:00:00,0.0,0.0,22.26318146666667,20.769368466666663,1,7,6,0
2020-06-07 01:15:00,0.0,0.0,22.224988642857145,20.794174357142857,1,7,6,0
2020-06-07 01:30:00,0.0,0.0,22.250954266666668,20.80826,1,7,6,0
2020-06-07 01:45:00,0.0,0.0,22.245330666666668,20.7225952,1,7,6,0
2020-06-07 02:00:00,0.0,0.0,22.1836792,20.5272158,2,7,6,0
2020-06-07 02:15:00,0.0,0.0,22.071877,20.389953666666667,2,7,6,0
2020-06-07 02:30:00,0.0,0.0,22.029390266666667,20.386875133333337,2,7,6,0
2020-06-07 02:45:00,0.0,0.0,21.9825462,20.358048333333333,2,7,6,0
2020-06-07 03:00:00,0.0,0.0,21.9359068,20.357409733333327,3,7,6,0
2020-06-07 03:15:00,0.0,0.0,21.953224666666664,20.30524486666668,3,7,6,0
2020-06-07 03:30:00,0.0,0.0,21.89431971428571,20.10399957142857,3,7,6,0
2020-06-07 03:45:00,0.0,0.0,21.831136,20.094527266666667,3,7,6,0
2020-06-07 04:00:00,0.0,0.0,21.918208866666667,20.265173333333333,4,7,6,0
2020-06-07 04:15:00,0.0,0.0,21.9437256,20.334055600000003,4,7,6,0
2020-06-07 04:30:00,0.0,0.0,21.946582066666668,20.434261,4,7,6,0
2020-06-07 04:45:00,0.0,0.0,21.94075313333333,20.4068746,4,7,6,0
2020-06-07 05:00:00,0.0,0.0,21.97220246666667,20.491691,5,7,6,0
2020-06-07 05:15:00,0.0,0.0,22.0670024,20.666540466666667,5,7,6,0
2020-06-07 05:30:00,0.0,0.0,22.19018973333333,20.891292133333334,5,7,6,0
2020-06-07 05:45:00,0.0,0.0002446326267021,22.18672828571429,20.98682278571429,5,7,6,0
2020-06-07 06:00:00,5.83027597409091,0.0071169433199999,22.086163266666663,20.94403673333333,6,7,6,1
2020-06-07 06:15:00,38.65527597363637,0.0289893672,22.0659282,21.123944133333328,6,7,6,1
2020-06-07 06:30:00,76.79748376590909,0.0563336587333333,22.062723666666667,21.586832733333328,6,7,6,1
2020-06-07 06:45:00,144.27240259545454,0.1072139355999999,22.173250333333336,22.970973666666666,6,7,6,1
2020-06-07 07:00:00,172.46404220454545,0.1285492849999999,22.4537842,25.09706033333333,7,7,6,1
2020-06-07 07:15:00,181.16964285454543,0.1265910513333333,22.4785766,25.566410266666665,7,7,6,1
2020-06-07 07:30:00,201.96168831818184,0.1389610499999999,22.61050626666667,26.383687266666666,7,7,6,1
2020-06-07 07:45:00,245.19902597727275,0.1693729433333333,22.6054098,27.0571594,7,7,6,1
2020-06-07 08:00:00,331.6589285772727,0.2271388021428571,22.874956357142857,28.931237142857142,8,7,6,1
2020-06-07 08:15:00,347.8891233772727,0.2377031446666667,23.19970913333333,30.617470133333327,8,7,6,1
2020-06-07 08:30:00,355.2099837681818,0.2436291773333333,23.165612733333333,30.43214306666667,8,7,6,1
2020-06-07 08:45:00,491.1068181818182,0.3413168086666666,23.40423586666667,31.958345733333328,8,7,6,1
2020-06-07 09:00:00,899.0898538954546,0.6309158766666667,23.9829488,38.8167622,9,7,6,1
2020-06-07 09:15:00,819.7475649318181,0.5920114606666667,24.389473466666665,42.34455979999999,9,7,6,1
2020-06-07 09:30:00,678.8939935045454,0.4748543633333333,24.661753399999995,42.03903773333332,9,7,6,1
2020-06-07 09:45:00,606.5543831181818,0.4301018386666667,24.460260066666663,38.327647133333336,9,7,6,1
2020-06-07 10:00:00,654.8292207772728,0.4554531606666666,24.88059273333333,39.5672728,10,7,6,1
2020-06-07 10:15:00,762.622808440909,0.537035125,25.09010971428572,39.83215985714286,10,7,6,1
2020-06-07 10:30:00,939.1711850636364,0.6541739533333331,25.68664953333333,43.83857633333333,10,7,6,1
2020-06-07 10:45:00,1275.1126622727272,1.0379223366666668,26.655895933333333,52.52440386666667,10,7,6,1
2020-06-07 11:00:00,1116.6614448181815,0.8485740693333333,27.075844133333334,53.64908433333333,11,7,6,1
2020-06-07 11:15:00,1318.1693993636363,1.093312369333333,27.4672506,58.268178266666666,11,7,6,1
2020-06-07 11:30:00,1134.296915590909,0.855925206,27.8593812,57.1712628,11,7,6,1
2020-06-07 11:45:00,1084.3246753318183,0.8263966746666666,27.78503,53.52336233333334,11,7,6,1
2020-06-07 12:00:00,1279.7561688636365,1.017537535,28.042243,56.312655,12,7,6,1
2020-06-07 12:15:00,1127.713474031818,1.0242290946666668,28.7483338,59.98777086666667,12,7,6,1
2020-06-07 12:30:00,1046.1435876818182,1.00650392,28.884908,59.149143266666655,12,7,6,1
2020-06-07 12:45:00,958.7897727272727,0.9985397593333332,29.4468058,57.7418068,12,7,6,1
2020-06-07 13:00:00,896.3603084090909,0.9434325606666668,30.082822666666665,56.89508453333334,13,7,6,1
2020-06-07 13:15:00,901.199431818182,0.954714792,30.003688533333328,56.585726,13,7,6,1
2020-06-07 13:30:00,793.7895292000001,0.8324597433333333,29.89033,55.8342632,13,7,6,1
2020-06-07 13:45:00,561.6579545454546,0.5917694113333333,29.951885866666665,49.84045633333334,13,7,6,1
2020-06-07 14:00:00,930.9095779,0.7634629593333334,29.934474666666667,48.0433046,14,7,6,1
2020-06-07 14:15:00,833.6029220727272,0.6577993407142857,30.526469571428567,52.11067421428572,14,7,6,1
2020-06-07 14:30:00,687.0747564954545,0.5078556253333332,30.276324400000004,46.78619793333333,14,7,6,1
2020-06-07 14:45:00,442.7263798718182,0.3273317526666667,29.847798466666667,42.69290366666666,14,7,6,1
2020-06-07 15:00:00,894.4336038954546,0.62916335,30.049153666666665,45.10961906666667,15,7,6,1
2020-06-07 15:15:00,684.41939935,0.493897726,30.311199866666666,45.478786266666674,15,7,6,1
2020-06-07 15:30:00,769.2045454636365,0.5565673573333334,30.26257326666667,45.12008893333333,15,7,6,1
2020-06-07 15:45:00,622.5813311681818,0.4599821506666666,30.42411086666667,46.23066786666667,15,7,6,1
2020-06-07 16:00:00,715.8720779227273,0.5092201013333332,30.24165666666667,42.94891766666666,16,7,6,1
2020-06-07 16:15:00,598.1289772727273,0.4548798128571428,30.361437285714285,42.96282521428572,16,7,6,1
2020-06-07 16:30:00,339.33814934090907,0.263809032,29.8172668,39.14588853333333,16,7,6,1
2020-06-07 16:45:00,497.37954545,0.3538028446666666,29.1737934,37.11314493333333,16,7,6,1
2020-06-07 17:00:00,328.0093344227273,0.2442546013333333,28.939170133333327,36.249540200000006,17,7,6,1
2020-06-07 17:15:00,334.3073863681818,0.2501518,28.74334113333333,34.1222822,17,7,6,1
2020-06-07 17:30:00,212.8777597454545,0.1567773945333333,28.263501133333328,32.293276,17,7,6,1
2020-06-07 17:45:00,114.46055194545455,0.0808109167333333,27.518345000000004,29.254244,17,7,6,1
2020-06-07 18:00:00,64.38904220818182,0.0459691700666666,26.890378866666666,27.107940666666668,18,7,6,1
2020-06-07 18:15:00,29.14431818181818,0.02162753825,26.388253500000005,25.75343757142857,18,7,6,1
2020-06-07 18:30:00,5.836525974045455,0.0059234326933333,25.811604733333333,24.302943866666663,18,7,6,1
2020-06-07 18:45:00,0.0,6.189576866666667e-05,25.57590346666667,23.5736836,18,7,6,1
2020-06-07 19:00:00,0.0,0.0,25.26825146666667,23.117767266666668,19,7,6,0
2020-06-07 19:15:00,0.0,0.0,24.971708133333333,22.590867266666667,19,7,6,0
2020-06-07 19:30:00,0.0,0.0,24.6788004,22.31903893333333,19,7,6,0
2020-06-07 19:45:00,0.0,0.0,24.43683873333333,22.21263826666667,19,7,6,0
2020-06-07 20:00:00,0.0,0.0,24.214486357142857,22.019662,20,7,6,0
2020-06-07 20:15:00,0.0,0.0,24.0908446,22.044309533333337,20,7,6,0
2020-06-07 20:30:00,0.0,0.0,24.030011066666667,22.1147014,20,7,6,0
2020-06-07 20:45:00,0.0,0.0,23.948044733333337,22.21106766666667,20,7,6,0
2020-06-07 21:00:00,0.0,0.0,23.908459466666663,22.34423213333333,21,7,6,0
2020-06-07 21:15:00,0.0,0.0,23.7859924,22.157234666666668,21,7,6,0
2020-06-07 21:30:00,0.0,0.0,23.628920533333336,22.05108853333333,21,7,6,0
2020-06-07 21:45:00,0.0,0.0,23.4653096,21.887560933333337,21,7,6,0
2020-06-07 22:00:00,0.0,0.0,23.3559875,21.672494,22,7,6,0
2020-06-07 22:15:00,0.0,0.0,23.23333333333333,21.3967896,22,7,6,0
2020-06-07 22:30:00,0.0,0.0,23.10634146666667,21.14976193333333,22,7,6,0
2020-06-07 22:45:00,0.0,0.0,23.106390333333334,21.290132733333333,22,7,6,0
2020-06-07 23:00:00,0.0,0.0,23.136674066666668,21.55108446666667,23,7,6,0
2020-06-07 23:15:00,0.0,0.0,23.212194733333337,21.89227706666667,23,7,6,0
2020-06-07 23:30:00,0.0,0.0,23.321769133333333,22.1704956,23,7,6,0
2020-06-07 23:45:00,0.0,0.0,23.338594466666667,22.251352866666664,23,7,6,0
2020-06-08 00:00:00,0.0,0.0,23.31643,22.21773421428572,0,8,6,0
2020-06-08 00:15:00,0.0,0.0,23.257477,22.07641986666667,0,8,6,0
2020-06-08 00:30:00,0.0,0.0,23.05741173333333,21.816440933333336,0,8,6,0
2020-06-08 00:45:00,0.0,0.0,22.822715266666663,21.3458352,0,8,6,0
2020-06-08 01:00:00,0.0,0.0,22.663851,20.767582200000003,1,8,6,0
2020-06-08 01:15:00,0.0,0.0,22.5861776,20.7061768,1,8,6,0
2020-06-08 01:30:00,0.0,0.0,22.593149866666668,21.09493413333333,1,8,6,0
2020-06-08 01:45:00,0.0,0.0,22.584224142857146,21.25341378571429,1,8,6,0
2020-06-08 02:00:00,0.0,0.0,22.550337733333336,21.27018826666666,2,8,6,0
2020-06-08 02:15:00,0.0,0.0,22.486499,21.208319133333337,2,8,6,0
2020-06-08 02:30:00,0.0,0.0,22.406974266666666,21.0984478,2,8,6,0
2020-06-08 02:45:00,0.0,0.0,22.321024533333333,21.0637756,2,8,6,0
2020-06-08 03:00:00,0.0,0.0,22.250909466666663,21.1413372,3,8,6,0
2020-06-08 03:15:00,0.0,0.0,22.15685633333333,21.056901000000003,3,8,6,0
2020-06-08 03:30:00,0.0,0.0,22.115911933333336,20.916247533333333,3,8,6,0
2020-06-08 03:45:00,0.0,0.0,22.099921214285715,20.814019357142858,3,8,6,0
2020-06-08 04:00:00,0.0,0.0,22.113940533333327,20.84771533333333,4,8,6,0
2020-06-08 04:15:00,0.0,0.0,22.091783785714288,20.774348642857145,4,8,6,0
2020-06-08 04:30:00,0.0,0.0,21.984562066666665,20.695650066666666,4,8,6,0
2020-06-08 04:45:00,0.0,0.0,21.846445666666664,20.4833924,4,8,6,0
2020-06-08 05:00:00,0.0,0.0,21.70021153333333,20.267336066666665,5,8,6,0
2020-06-08 05:15:00,0.0,0.0,21.57822073333333,20.21853233333333,5,8,6,0
2020-06-08 05:30:00,0.0,0.0,21.538749066666668,20.1673342,5,8,6,0
2020-06-08 05:45:00,0.0,0.0010356957873333,21.5162558,20.20396513333333,5,8,6,0
2020-06-08 06:00:00,9.827678571681815,0.0094697153714285,21.456706357142856,20.32755842857143,6,8,6,1
2020-06-08 06:15:00,43.55811688318182,0.0306464463999999,21.47708533333333,20.763635333333333,6,8,6,1
2020-06-08 06:30:00,81.86241883136364,0.0579955505333333,21.680248933333328,21.65212806666667,6,8,6,1
2020-06-08 06:45:00,107.5213474,0.0781386402,21.8746846,22.385380200000004,6,8,6,1
2020-06-08 07:00:00,151.20925325,0.1196465384666666,22.075207466666665,23.212565,7,8,6,1
2020-06-08 07:15:00,189.1826298681818,0.1471483106666666,22.4391438,25.193231133333327,7,8,6,1
2020-06-08 07:30:00,240.88530845000005,0.18606803,22.7113486,26.3737446,7,8,6,1
2020-06-08 07:45:00,383.25211039090914,0.2930392133333333,23.1475484,30.10846553333333,7,8,6,1
2020-06-08 08:00:00,405.7889610409091,0.3029486386666666,23.706215533333328,33.3340642,8,8,6,1
2020-06-08 08:15:00,326.3625811636364,0.2416248742857143,23.957190357142856,33.04921178571428,8,8,6,1
2020-06-08 08:30:00,534.5236201272727,0.3876267686666667,24.36926893333333,33.90226446666667,8,8,6,1
2020-06-08 08:45:00,708.6160714272727,0.519743282,24.83987853333333,40.04876733333333,8,8,6,1
2020-06-08 09:00:00,663.9374188227273,0.4867305466666667,25.66906733333333,41.449745733333344,9,8,6,1
2020-06-08 09:15:00,912.0797294409092,0.6613730869230768,26.13696276923077,42.4293093076923,9,8,6,1
2020-06-08 09:30:00,1092.8892857409091,0.8462327415384615,26.860954846153845,51.02621476923077,9,8,6,1
2020-06-08 09:45:00,1113.080762909091,0.8597301164285714,27.848698214285715,52.77142364285714,9,8,6,1
2020-06-08 10:00:00,1185.646672090909,0.9226384173333332,27.8729086,53.675834,10,8,6,1
2020-06-08 10:15:00,1053.74472395,0.7926809900000001,28.32269292857143,53.273069,10,8,6,1
2020-06-08 10:30:00,1120.8784902681818,0.890231224,28.07024346666667,50.669427600000006,10,8,6,1
2020-06-08 10:45:00,1118.2418019090908,0.8419270273333334,28.479555266666665,50.63910959999999,10,8,6,1
2020-06-08 11:00:00,1159.836525954545,0.8870374373333332,28.487312733333336,52.2207926,11,8,6,1
2020-06-08 11:15:00,1092.838311709091,0.8209725893333333,28.845757866666663,51.12463166666667,11,8,6,1
2020-06-08 11:30:00,1000.7963474,0.7561285946666667,28.81794433333333,49.03407186666667,11,8,6,1
2020-06-08 11:45:00,1010.9741882545457,0.7681858726666667,28.96788953333333,48.28042806666666,11,8,6,1
2020-06-08 12:00:00,998.6084415454544,0.7595703319999999,28.983550933333333,47.150412800000005,12,8,6,1
2020-06-08 12:15:00,861.9051948,0.6268856413333332,29.0513102,46.425813733333335,12,8,6,1
2020-06-08 12:30:00,1146.822646090909,0.8942029785714286,29.023849428571427,47.74052392857144,12,8,6,1
2020-06-08 12:45:00,752.591558440909,0.5889013319999999,29.55849613333333,48.52688860000001,12,8,6,1
2020-06-08 13:00:00,946.5570616818184,0.7446046793333331,29.653950933333327,48.487363866666655,13,8,6,1
2020-06-08 13:15:00,867.7972402590909,0.7097949053333333,30.076267400000003,53.77259313333333,13,8,6,1
2020-06-08 13:30:00,789.7952110409092,0.6660282526666667,29.864121533333336,48.110203000000006,13,8,6,1
2020-06-08 13:45:00,974.6355519272728,0.8238694766666665,30.200903066666665,51.813018666666665,13,8,6,1
2020-06-08 14:00:00,970.9301948181818,0.7729503573333332,30.39099113333333,53.7158892,14,8,6,1
2020-06-08 14:15:00,1024.5344967363635,0.8049972373333332,30.42245486666667,51.15997893333333,14,8,6,1
2020-06-08 14:30:00,1081.7112012272728,0.7918533413333332,30.9528036,53.510760266666665,14,8,6,1
2020-06-08 14:45:00,941.0629058454546,0.6676724242857142,30.929628642857143,52.4254235,14,8,6,1
2020-06-08 15:00:00,970.0624188045456,0.7478432246666665,30.896520866666663,49.9358562,15,8,6,1
2020-06-08 15:15:00,910.4172889590908,0.7102237526666668,31.104663,49.31515293333333,15,8,6,1
2020-06-08 15:30:00,674.8384740181818,0.4696780846666667,30.64887906666667,45.644804066666666,15,8,6,1
2020-06-08 15:45:00,699.0844967545455,0.4645947773333333,30.492716666666663,44.21325053333334,15,8,6,1
2020-06-08 16:00:00,469.5026785727272,0.3384765497333333,30.0527444,42.11031486666668,16,8,6,1
2020-06-08 16:15:00,330.5275162363636,0.250397254,29.425960266666667,36.528108333333336,16,8,6,1
2020-06-08 16:30:00,535.8391233772727,0.383318604,28.0150064,35.23329273333334,16,8,6,1
2020-06-08 16:45:00,532.6136363681818,0.388584996,28.595495666666668,38.5366638,16,8,6,1
2020-06-08 17:00:00,323.1591720818182,0.2491690678571428,28.989379857142858,37.32118635714286,17,8,6,1
2020-06-08 17:15:00,227.6177759727273,0.174294533,28.7508078,33.324613199999995,17,8,6,1
2020-06-08 17:30:00,190.3707792227273,0.154667054,28.5177898,31.437489733333333,17,8,6,1
2020-06-08 17:45:00,123.78855519090908,0.1064024638666666,28.333721866666668,30.3950194,17,8,6,1
2020-06-08 18:00:00,78.55649350636364,0.0711483807333333,27.9018616,28.519918,18,8,6,1
2020-06-08 18:15:00,43.32199675318182,0.0355560784666666,27.304530933333336,26.9788308,18,8,6,1
2020-06-08 18:30:00,11.607386362727272,0.00998024594,26.836218333333328,25.515785533333336,18,8,6,1
2020-06-08 18:45:00,0.0,0.0008603421582,26.470400066666667,24.559830733333328,18,8,6,1
2020-06-08 19:00:00,0.0,0.0,25.99734293333333,23.86692093333333,19,8,6,0
2020-06-08 19:15:00,0.0,0.0,25.64765271428572,23.230061,19,8,6,0
2020-06-08 19:30:00,0.0,0.0,25.331020066666667,22.70933033333333,19,8,6,0
2020-06-08 19:45:00,0.0,0.0,25.03207186666667,22.2262248,19,8,6,0
2020-06-08 20:00:00,0.0,0.0,24.80070386666667,21.85834973333333,20,8,6,0
2020-06-08 20:15:00,0.0,0.0,24.524369400000005,21.2573832,20,8,6,0
2020-06-08 20:30:00,0.0,0.0,24.091544666666664,20.82428393333333,20,8,6,0
2020-06-08 20:45:00,0.0,0.0,23.884928333333328,20.60881153333333,20,8,6,0
2020-06-08 21:00:00,0.0,0.0,23.78245833333333,20.775785200000005,21,8,6,0
2020-06-08 21:15:00,0.0,0.0,23.71181633333333,20.849894133333333,21,8,6,0
2020-06-08 21:30:00,0.0,0.0,23.427514142857145,20.46247421428572,21,8,6,0
2020-06-08 21:45:00,0.0,0.0,23.135550933333327,20.27771806666667,21,8,6,0
2020-06-08 22:00:00,0.0,0.0,23.16300233333333,20.393292266666663,22,8,6,0
2020-06-08 22:15:00,0.0,0.0,23.182796133333337,20.5698486,22,8,6,0
2020-06-08 22:30:00,0.0,0.0,23.24828273333333,20.992332,22,8,6,0
2020-06-08 22:45:00,0.0,0.0,23.1708048,21.03197846666667,22,8,6,0
2020-06-08 23:00:00,0.0,0.0,23.1155682,20.764007666666664,23,8,6,0
2020-06-08 23:15:00,0.0,0.0,22.929185,20.342742933333334,23,8,6,0
2020-06-08 23:30:00,0.0,0.0,22.61636746666667,20.058746266666667,23,8,6,0
2020-06-08 23:45:00,0.0,0.0,22.369203733333336,19.744277,23,8,6,0
2020-06-09 00:00:00,0.0,0.0,22.394712071428568,19.520928571428573,0,9,6,0
2020-06-09 00:15:00,0.0,0.0,22.2603392,19.43515213333333,0,9,6,0
2020-06-09 00:30:00,0.0,0.0,22.07046713333333,19.244576066666664,0,9,6,0
2020-06-09 00:45:00,0.0,0.0,22.147100866666666,19.34456793333333,0,9,6,0
2020-06-09 01:00:00,0.0,0.0,22.046030666666667,19.464695133333336,1,9,6,0
2020-06-09 01:15:00,0.0,0.0,21.911110466666667,19.602132133333328,1,9,6,0
2020-06-09 01:30:00,0.0,0.0,21.777062866666668,19.580401600000005,1,9,6,0
2020-06-09 01:45:00,0.0,0.0,21.64939373333333,19.30126753333333,1,9,6,0
2020-06-09 02:00:00,0.0,0.0,21.49035633333333,18.986755333333328,2,9,6,0
2020-06-09 02:15:00,0.0,0.0,21.363643,19.02554985714286,2,9,6,0
2020-06-09 02:30:00,0.0,0.0,21.38877553333333,19.293451,2,9,6,0
2020-06-09 02:45:00,0.0,0.0,21.4268412,19.4470174,2,9,6,0
2020-06-09 03:00:00,0.0,0.0,21.33233446666667,19.382389266666667,3,9,6,0
2020-06-09 03:15:00,0.0,0.0,21.3412516,19.418463133333333,3,9,6,0
2020-06-09 03:30:00,0.0,0.0,21.33793146666667,19.33086346666667,3,9,6,0
2020-06-09 03:45:00,0.0,0.0,21.24451273333333,19.1137146,3,9,6,0
2020-06-09 04:00:00,0.0,0.0,21.1673442,19.38418393333333,4,9,6,0
2020-06-09 04:15:00,0.0,0.0,21.2718855,19.7034935,4,9,6,0
2020-06-09 04:30:00,0.0,0.0,21.4086548,19.872054066666667,4,9,6,0
2020-06-09 04:45:00,0.0,0.0,21.372410133333336,19.7928222,4,9,6,0
2020-06-09 05:00:00,0.0,0.0,21.358131866666668,19.8575724,5,9,6,0
2020-06-09 05:15:00,0.0,0.0,21.25706573333333,19.69253353333333,5,9,6,0
2020-06-09 05:30:00,0.0,0.0,21.154750333333336,19.1813436,5,9,6,0
2020-06-09 05:45:00,0.0,0.0009824882666666,21.082100399999995,18.921358066666667,5,9,6,0
2020-06-09 06:00:00,15.51485389590909,0.0129515775266666,21.290627133333327,19.30538333333333,6,9,6,1
2020-06-09 06:15:00,47.00202922090909,0.0358883196666666,21.44021593333333,19.8552002,6,9,6,1
2020-06-09 06:30:00,81.9693993509091,0.0578216434285714,21.67111642857143,20.642885571428568,6,9,6,1
2020-06-09 06:45:00,139.6287337772727,0.0975767968666666,22.135064666666665,21.531044466666668,6,9,6,1
2020-06-09 07:00:00,218.68644480909091,0.2020374493333333,22.7244914,23.87672733333333,7,9,6,1
2020-06-09 07:15:00,262.5157467454546,0.2366774426666666,23.15576373333333,26.169586200000005,7,9,6,1
2020-06-09 07:30:00,269.4815746727273,0.2372982906666666,23.595208533333327,28.269993133333333,7,9,6,1
2020-06-09 07:45:00,246.61672077727272,0.1992273946666666,23.671679533333336,28.50362966666667,7,9,6,1
2020-06-09 08:00:00,515.1802759772728,0.4016198786666667,24.25037833333333,33.30309460000001,8,9,6,1
2020-06-09 08:15:00,610.2418019454545,0.4785613493333333,25.00489506666667,39.233233733333336,8,9,6,1
2020-06-09 08:30:00,676.4044642863636,0.5463582793333333,25.744004266666664,41.03405133333333,8,9,6,1
2020-06-09 08:45:00,746.3701298681818,0.5768498564285715,26.306878285714287,42.7021635,8,9,6,1
2020-06-09 09:00:00,843.2465909045454,0.6503182173333333,26.633241666666667,45.43911179999999,9,9,6,1
2020-06-09 09:15:00,794.0741883136362,0.5939330333333332,27.3424154,47.41862173333334,9,9,6,1
2020-06-09 09:30:00,863.2005681954546,0.693143726,27.63543293333333,46.078991866666655,9,9,6,1
2020-06-09 09:45:00,941.6465097363636,0.7191839106666666,28.3880454,49.06960486666667,9,9,6,1
2020-06-09 10:00:00,555.5111201318182,0.4062958466666666,27.494000133333333,40.65558086666666,10,9,6,1
2020-06-09 10:15:00,962.9025162545456,0.7673879126666666,27.778367,44.30236186666666,10,9,6,1
2020-06-09 10:30:00,1205.9898537727274,0.907252704,28.7513204,52.048053133333326,10,9,6,1
2020-06-09 10:45:00,1157.8885551818182,0.9500225986666668,29.42598253333333,55.1536072,10,9,6,1
2020-06-09 11:00:00,1127.7004870136363,0.94011294,29.910441928571423,55.183059642857145,11,9,6,1
2020-06-09 11:15:00,1138.1999188272728,0.9227545226666668,30.3790954,57.830800333333336,11,9,6,1
2020-06-09 11:30:00,842.3051948,0.622338436,29.469486666666665,48.266762,11,9,6,1
2020-06-09 11:45:00,1171.870048727273,0.917001178,30.10877073333333,56.5026448,11,9,6,1
2020-06-09 12:00:00,899.4736201272727,0.6967051026666666,30.3104532,51.566701466666665,12,9,6,1
2020-06-09 12:15:00,792.9071428590909,0.6296874326666666,30.598740733333337,51.564969866666665,12,9,6,1
2020-06-09 12:30:00,1024.9515421590909,0.7802876913333333,30.08868206666667,48.752494133333336,12,9,6,1
2020-06-09 12:45:00,971.9331980181818,0.7895503819999999,30.58775246666667,52.985744666666655,12,9,6,1
2020-06-09 13:00:00,1028.4099025636365,0.84871055,30.5386128,54.49439886666666,13,9,6,1
2020-06-09 13:15:00,1027.7901785454544,0.8512261735714286,31.37843957142857,59.80717471428572,13,9,6,1
2020-06-09 13:30:00,917.0012175227272,0.6648343986666667,31.16986893333333,54.52318526666667,13,9,6,1
2020-06-09 13:45:00,882.7846590909091,0.6735253459999999,31.263549933333337,50.6611794,13,9,6,1
2020-06-09 14:00:00,596.8184253272727,0.437669044,31.3439494,48.177488333333336,14,9,6,1
2020-06-09 14:15:00,638.0003246818181,0.466744864,30.51236366666667,42.5576074,14,9,6,1
2020-06-09 14:30:00,850.4249188363636,0.5976702813333334,30.8700052,46.78769106666667,14,9,6,1
2020-06-09 14:45:00,762.7951298727272,0.5432410099999999,30.576977533333327,44.940977,14,9,6,1
2020-06-09 15:00:00,807.5119318136364,0.5735764053333332,31.041467333333333,47.85286426666667,15,9,6,1
2020-06-09 15:15:00,801.1542207727272,0.581595316,30.592580066666667,44.846677466666655,15,9,6,1
2020-06-09 15:30:00,825.3092532545455,0.6008947264285714,30.38283207142857,44.99036521428571,15,9,6,1
2020-06-09 15:45:00,735.2025974136363,0.5342717266666666,30.2250672,44.1388428,15,9,6,1
2020-06-09 16:00:00,627.63319805,0.46231383,30.180094333333333,42.5790158,16,9,6,1
2020-06-09 16:15:00,546.0521103863637,0.3971458206666666,29.8809834,40.778582533333335,16,9,6,1
2020-06-09 16:30:00,504.06704545,0.3661181566666667,29.803035600000005,39.41787906666666,16,9,6,1
2020-06-09 16:45:00,413.0337662363637,0.302090306,29.61870526666667,37.96412553333333,16,9,6,1
2020-06-09 17:00:00,316.4479707818182,0.2322751866666666,29.1915486,35.55735073333334,17,9,6,1
2020-06-09 17:15:00,265.3360389636364,0.194773326,28.551151466666663,33.27215386666667,17,9,6,1
2020-06-09 17:30:00,205.85819805,0.1512628246666666,28.141567066666667,31.68454,17,9,6,1
2020-06-09 17:45:00,139.4240259681818,0.1033491631428571,27.74433471428572,30.04228421428571,17,9,6,1
2020-06-09 18:00:00,82.66006493500001,0.0619993643333333,27.397143533333328,28.361094066666663,18,9,6,1
2020-06-09 18:15:00,41.05495129909091,0.03094462,27.1000306,26.8339234,18,9,6,1
2020-06-09 18:30:00,8.975000000045455,0.0084486021133333,26.634965,25.6072164,18,9,6,1
2020-06-09 18:45:00,0.0,0.0001658766313333,26.056652733333333,24.46637366666667,18,9,6,1
2020-06-09 19:00:00,0.0,0.0,25.74157933333333,23.5481262,19,9,6,0
2020-06-09 19:15:00,0.0,0.0,25.408785,23.105635666666664,19,9,6,0
2020-06-09 19:30:00,0.0,0.0,25.168434733333328,22.873846333333336,19,9,6,0
2020-06-09 19:45:00,0.0,0.0,25.07621266666667,22.72139693333333,19,9,6,0
2020-06-09 20:00:00,0.0,0.0,24.950962571428573,22.476462357142857,20,9,6,0
2020-06-09 20:15:00,0.0,0.0,24.670693000000004,22.23764033333333,20,9,6,0
2020-06-09 20:30:00,0.0,0.0,24.41775913333333,22.03767506666667,20,9,6,0
2020-06-09 20:45:00,0.0,0.0,24.260123600000004,21.96341146666666,20,9,6,0
2020-06-09 21:00:00,0.0,0.0,24.0924174,21.810034266666666,21,9,6,0
2020-06-09 21:15:00,0.0,0.0,23.906719933333328,21.5963338,21,9,6,0
2020-06-09 21:30:00,0.0,0.0,23.705725066666663,21.280470866666665,21,9,6,0
2020-06-09 21:45:00,0.0,0.0,23.53315420000001,21.05003653333333,21,9,6,0
2020-06-09 22:00:00,0.0,0.0,23.41632073333333,20.97011306666667,22,9,6,0
2020-06-09 22:15:00,0.0,0.0,23.20092335714285,20.7300525,22,9,6,0
2020-06-09 22:30:00,0.0,0.0,23.082973333333328,20.659122666666665,22,9,6,0
2020-06-09 22:45:00,0.0,0.0,22.946915466666667,20.55419913333333,22,9,6,0
2020-06-09 23:00:00,0.0,0.0,22.88319513333333,20.490859,23,9,6,0
2020-06-09 23:15:00,0.0,0.0,22.89231373333333,20.5713644,23,9,6,0
2020-06-09 23:30:00,0.0,0.0,22.8668152,20.661737066666667,23,9,6,0
2020-06-09 23:45:00,0.0,0.0,22.825907333333337,20.686539866666667,23,9,6,0
2020-06-10 00:00:00,0.0,0.0,22.8427876,20.7872398,0,10,6,0
2020-06-10 00:15:00,0.0,0.0,22.775156466666665,20.82377526666667,0,10,6,0
2020-06-10 00:30:00,0.0,0.0,22.709958785714285,20.85670028571428,0,10,6,0
2020-06-10 00:45:00,0.0,0.0,22.7072754,20.97303453333333,0,10,6,0
2020-06-10 01:00:00,0.0,0.0,22.628609266666665,20.859824600000003,1,10,6,0
2020-06-10 01:15:00,0.0,0.0,22.56594833333333,20.73139866666667,1,10,6,0
2020-06-10 01:30:00,0.0,0.0,22.507914333333336,20.614268066666664,1,10,6,0
2020-06-10 01:45:00,0.0,0.0,22.3333334,20.51122013333333,1,10,6,0
2020-06-10 02:00:00,0.0,0.0,22.2797972,20.55592453333333,2,10,6,0
2020-06-10 02:15:00,0.0,0.0,22.323323733333336,20.62407426666667,2,10,6,0
2020-06-10 02:30:00,0.0,0.0,22.42767333333333,20.7307984,2,10,6,0
2020-06-10 02:45:00,0.0,0.0,22.395074,20.697845428571423,2,10,6,0
2020-06-10 03:00:00,0.0,0.0,22.332193866666668,20.47033066666667,3,10,6,0
2020-06-10 03:15:00,0.0,0.0,22.251780066666665,20.1620504,3,10,6,0
2020-06-10 03:30:00,0.0,0.0,22.111023000000003,19.952040666666665,3,10,6,0
2020-06-10 03:45:00,0.0,0.0,22.039939333333336,19.941762333333333,3,10,6,0
2020-06-10 04:00:00,0.0,0.0,21.9428224,19.8509522,4,10,6,0
2020-06-10 04:15:00,0.0,0.0,21.84420573333333,19.80890100000001,4,10,6,0
2020-06-10 04:30:00,0.0,0.0,21.8886394,19.82512,4,10,6,0
2020-06-10 04:45:00,0.0,0.0,21.924647928571428,19.85022171428572,4,10,6,0
2020-06-10 05:00:00,0.0,0.0,21.943217000000004,19.759975333333333,5,10,6,0
2020-06-10 05:15:00,0.0,0.0,21.934802266666665,19.634918133333333,5,10,6,0
2020-06-10 05:30:00,0.0,0.0,21.806713866666662,19.316455,5,10,6,0
2020-06-10 05:45:00,0.0,0.0002504884802,21.7722168,19.202215400000007,5,10,6,0
2020-06-10 06:00:00,9.333279220545457,0.0090791752333333,21.767089866666662,19.32609053333333,6,10,6,1
2020-06-10 06:15:00,41.576298700454544,0.0315773199333333,21.83029386666667,19.779553133333337,6,10,6,1
2020-06-10 06:30:00,84.27102272818182,0.0600698337999999,22.186450266666665,20.73989253333333,6,10,6,1
2020-06-10 06:45:00,130.0588474,0.0952975517857143,22.50998785714286,22.357663928571423,6,10,6,1
2020-06-10 07:00:00,197.60340909090908,0.1765047716666666,22.87512186666667,23.57799266666667,7,10,6,1
2020-06-10 07:15:00,251.2254870090909,0.224655888,23.399713266666662,26.031282600000004,7,10,6,1
2020-06-10 07:30:00,329.0461850636364,0.2815921433333333,23.833986466666666,30.019337866666667,7,10,6,1
2020-06-10 07:45:00,407.7610389636364,0.337822402,24.35052086666667,33.07170006666667,7,10,6,1
2020-06-10 08:00:00,421.13262986818177,0.2994385973333333,24.7890238,35.48205766666666,8,10,6,1
2020-06-10 08:15:00,289.5117694818182,0.2062544126666666,25.02677213333333,33.531537,8,10,6,1
2020-06-10 08:30:00,350.73384740454543,0.2482180333333333,25.16503906666667,32.88677139999999,8,10,6,1
2020-06-10 08:45:00,642.7254870181819,0.47398864,25.693823266666666,36.7325926,8,10,6,1
2020-06-10 09:00:00,674.7639610409091,0.47842251,26.275140333333333,41.8781982,9,10,6,1
2020-06-10 09:15:00,752.8187499954546,0.5869376799999999,26.62600271428571,41.63306128571429,9,10,6,1
2020-06-10 09:30:00,797.1011363636363,0.576820234,27.044360466666664,43.41336893333333,9,10,6,1
2020-06-10 09:45:00,579.2221590863636,0.4474333473333334,27.166434800000005,41.88674519999999,9,10,6,1
2020-06-10 10:00:00,469.0849837636364,0.3198755806666667,26.92045893333333,36.647984066666666,10,10,6,1
2020-06-10 10:15:00,679.4288149318182,0.480099376,27.128527933333327,38.26693913333333,10,10,6,1
2020-06-10 10:30:00,669.4200486954545,0.5104950893333333,27.5968486,42.3875894,10,10,6,1
2020-06-10 10:45:00,576.0163149363636,0.4285554833333333,27.74402266666667,40.183040466666654,10,10,6,1
2020-06-10 11:00:00,473.3697240272728,0.320387256,27.95182086666667,38.8228558,11,10,6,1
2020-06-10 11:15:00,749.7855519454545,0.601040456,27.86605026666667,39.599638000000006,11,10,6,1
2020-06-10 11:30:00,865.7629058227274,0.683142175,28.374143285714283,47.20608521428572,11,10,6,1
2020-06-10 11:45:00,893.1525974181818,0.6853178500000001,28.499033466666667,45.56717713333333,11,10,6,1
2020-06-10 12:00:00,1292.0341721363636,1.0311831480000002,29.79234406666667,53.1358704,12,10,6,1
2020-06-10 12:15:00,1015.5333603818182,0.869060306,30.189037933333328,54.239634266666656,12,10,6,1
2020-06-10 12:30:00,1187.5012987272728,0.8686483159999999,30.080072133333328,53.7302392,12,10,6,1
2020-06-10 12:45:00,1125.7138798636363,0.8653040006666666,30.85634553333333,54.68991706666667,12,10,6,1
2020-06-10 13:00:00,939.068587668182,0.7052360026666665,30.97860513333333,51.86274186666666,13,10,6,1
2020-06-10 13:15:00,766.4435876590909,0.5753350319999999,30.685426933333336,46.79792493333333,13,10,6,1
2020-06-10 13:30:00,1121.8341721363636,0.8527403740000001,31.166330933333327,50.69978426666668,13,10,6,1
2020-06-10 13:45:00,921.0856331136364,0.6546923735714285,31.30421228571429,51.35374028571429,13,10,6,1
2020-06-10 14:00:00,705.5792207772728,0.5378590466666667,31.09232593333333,46.04329853333333,14,10,6,1
2020-06-10 14:15:00,910.5335227318182,0.6801754139999999,31.361989333333334,48.560525000000005,14,10,6,1
2020-06-10 14:30:00,578.9488636363636,0.444713674,31.511543666666668,48.153831,14,10,6,1
2020-06-10 14:45:00,94.79707792272728,0.0639606361333333,26.491621866666662,29.685520466666663,14,10,6,1
2020-06-10 15:00:00,207.43717531818183,0.1306238946666666,23.6877706,23.490259000000005,15,10,6,1
2020-06-10 15:15:00,339.6928571409091,0.2161701353333333,24.0490642,25.863409466666663,15,10,6,1
2020-06-10 15:30:00,458.3695616954546,0.2919487846666666,25.028104666666668,29.65835566666667,15,10,6,1
2020-06-10 15:45:00,374.6539772681818,0.2474112733333333,25.1799176,32.45616233333334,15,10,6,1
2020-06-10 16:00:00,409.0476461045455,0.2724546621428571,25.529737071428567,33.1866565,16,10,6,1
2020-06-10 16:15:00,520.4775162409092,0.3537411073333333,26.168872133333338,35.321976600000006,16,10,6,1
2020-06-10 16:30:00,343.2676948,0.2438012486666666,26.560512333333328,35.3695456,16,10,6,1
2020-06-10 16:45:00,272.4262987,0.1932886153333333,26.307415666666667,32.08403093333333,16,10,6,1
2020-06-10 17:00:00,238.57873376818185,0.1673700179999999,26.02376913333333,30.4908548,17,10,6,1
2020-06-10 17:15:00,240.59935065,0.17003262,26.0763428,30.701261466666665,17,10,6,1
2020-06-10 17:30:00,145.2784090909091,0.1014331655,25.9601472,29.5002533,17,10,6,1
2020-06-10 17:45:00,115.15779219545452,0.0826623008571428,25.69048421428572,27.85878635714285,17,10,6,1
2020-06-10 18:00:00,54.23181818136364,0.0386987639333333,25.403283666666667,26.133491933333328,18,10,6,1
2020-06-10 18:15:00,11.232954545454543,0.0091324596666666,25.1838216,24.934887866666667,18,10,6,1
2020-06-10 18:30:00,0.0,0.0013383184030266,25.0308594,24.326002933333328,18,10,6,1
2020-06-10 18:45:00,0.0,0.0,24.898394866666667,24.0229962,18,10,6,1
2020-06-10 19:00:00,0.0,0.0,24.796325666666664,23.751652,19,10,6,0
2020-06-10 19:15:00,0.0,0.0,24.6726442,23.437866333333336,19,10,6,0
2020-06-10 19:30:00,0.0,0.0,24.4905418,22.90063273333333,19,10,6,0
2020-06-10 19:45:00,0.0,0.0,24.240319214285712,22.724879500000004,19,10,6,0
2020-06-10 20:00:00,0.0,0.0,23.8389954,22.53573606666667,20,10,6,0
2020-06-10 20:15:00,0.0,0.0,23.097306266666667,21.900569666666662,20,10,6,0
2020-06-10 20:30:00,0.0,0.0,22.638631266666664,21.44738153333333,20,10,6,0
2020-06-10 20:45:00,0.0,0.0,22.402168866666667,21.304317066666663,20,10,6,0
2020-06-10 21:00:00,0.0,0.0,22.29684226666667,21.24188433333333,21,10,6,0
2020-06-10 21:15:00,0.0,0.0,22.301875866666663,21.22502233333333,21,10,6,0
2020-06-10 21:30:00,0.0,0.0,22.351090466666665,21.098295066666672,21,10,6,0
2020-06-10 21:45:00,0.0,0.0,22.359759533333328,20.81857506666667,21,10,6,0
2020-06-10 22:00:00,0.0,0.0,22.1506266,20.516988066666663,22,10,6,0
2020-06-10 22:15:00,0.0,0.0,22.00165442857143,20.468538571428567,22,10,6,0
2020-06-10 22:30:00,0.0,0.0,21.997644,20.7359436,22,10,6,0
2020-06-10 22:45:00,0.0,0.0,22.014015666666666,20.85657953333333,22,10,6,0
2020-06-10 23:00:00,0.0,0.0,22.087756466666665,20.8401488,23,10,6,0
2020-06-10 23:15:00,0.0,0.0,22.24785753333333,20.93400873333333,23,10,6,0
2020-06-10 23:30:00,0.0,0.0,22.4090638,21.169836533333328,23,10,6,0
2020-06-10 23:45:00,0.0,0.0,22.643738066666664,21.613045333333336,23,10,6,0
2020-06-11 00:00:00,0.0,0.0,22.739367733333328,21.784452266666666,0,11,6,0
2020-06-11 00:15:00,0.0,0.0,22.770773785714287,21.83486957142857,0,11,6,0
2020-06-11 00:30:00,0.0,0.0,22.346177133333327,21.4652264,0,11,6,0
2020-06-11 00:45:00,0.0,0.0,22.243847666666667,21.32475,0,11,6,0
2020-06-11 01:00:00,0.0,0.0,22.373763,21.36869693333333,1,11,6,0
2020-06-11 01:15:00,0.0,0.0,22.274361200000005,21.019885333333328,1,11,6,0
2020-06-11 01:30:00,0.0,0.0,22.2262044,20.8927876,1,11,6,0
2020-06-11 01:45:00,0.0,0.0,22.188857066666667,20.82486373333333,1,11,6,0
2020-06-11 02:00:00,0.0,0.0,22.104992666666668,20.830979533333338,2,11,6,0
2020-06-11 02:15:00,0.0,0.0,22.014145733333336,20.67282113333334,2,11,6,0
2020-06-11 02:30:00,0.0,0.0,21.882257133333333,20.452899066666667,2,11,6,0
2020-06-11 02:45:00,0.0,0.0,21.722754285714284,20.269165,2,11,6,0
2020-06-11 03:00:00,0.0,0.0,21.6394612,20.0675924,3,11,6,0
2020-06-11 03:15:00,0.0,0.0,21.511769733333328,19.800008133333336,3,11,6,0
2020-06-11 03:30:00,0.0,0.0,21.408011866666666,19.59883613333333,3,11,6,0
2020-06-11 03:45:00,0.0,0.0,21.25261846666667,19.653346666666668,3,11,6,0
2020-06-11 04:00:00,0.0,0.0,21.17042653333333,19.669116266666663,4,11,6,0
2020-06-11 04:15:00,0.0,0.0,21.137506066666667,19.666155866666664,4,11,6,0
2020-06-11 04:30:00,0.0,0.0,21.11148893333333,19.4949688,4,11,6,0
2020-06-11 04:45:00,0.0,0.0,21.1515158,19.529553,4,11,6,0
2020-06-11 05:00:00,0.0,0.0,21.679722142857145,19.958999571428567,5,11,6,0
2020-06-11 05:15:00,0.0,0.0,21.8479166,20.282653666666665,5,11,6,0
2020-06-11 05:30:00,0.0,0.0,21.764787,20.28937980000001,5,11,6,0
2020-06-11 05:45:00,0.0,0.0,21.841320666666665,20.434340400000004,5,11,6,0
2020-06-11 06:00:00,0.0,0.0024945839982,21.80440273333333,20.4181316,6,11,6,1
2020-06-11 06:15:00,14.457954545454545,0.0115848330599999,21.87074993333333,20.6757548,6,11,6,1
2020-06-11 06:30:00,35.143668831363634,0.0245571073333333,21.9280518,21.149878,6,11,6,1
2020-06-11 06:45:00,51.290827922272726,0.0349704387333333,21.8738464,21.782067666666663,6,11,6,1
2020-06-11 07:00:00,76.21258116863636,0.0519139962857142,22.074057499999995,22.67060192857143,7,11,6,1
2020-06-11 07:15:00,116.88027596363636,0.0771933347333333,22.155832933333333,23.475118133333336,7,11,6,1
2020-06-11 07:30:00,143.44805194545455,0.0940940934,22.33260493333333,24.388740933333327,7,11,6,1
2020-06-11 07:45:00,197.8004058454545,0.1302281486666666,22.53172193333333,25.608616266666665,7,11,6,1
2020-06-11 08:00:00,253.48944805,0.1688907413333333,22.849924866666672,27.304630533333327,8,11,6,1
2020-06-11 08:15:00,283.4019480590909,0.1892255126666666,23.1288086,28.704862466666665,8,11,6,1
2020-06-11 08:30:00,296.26761363636365,0.1961367113333333,23.5816488,29.4664654,8,11,6,1
2020-06-11 08:45:00,334.50519480909094,0.219947506,24.069722533333334,30.364528333333336,8,11,6,1
2020-06-11 09:00:00,372.26590909090913,0.2430901692857142,24.30036257142857,31.44437728571429,9,11,6,1
2020-06-11 09:15:00,410.8448052045455,0.2680125333333333,24.295941266666667,32.440757133333335,9,11,6,1
2020-06-11 09:30:00,436.84366883181815,0.286548186,24.4268352,33.25334266666667,9,11,6,1
2020-06-11 09:45:00,467.6214285727273,0.30827921,24.623516666666664,34.098657333333335,9,11,6,1
2020-06-11 10:00:00,504.1805194818182,0.3341347466666667,24.80515553333333,34.56906553333334,10,11,6,1
2020-06-11 10:15:00,548.5484577909091,0.3664925886666666,25.031361933333333,35.71532393333333,10,11,6,1
2020-06-11 10:30:00,560.0412337727273,0.3750224913333333,25.47613733333333,36.90983686666667,10,11,6,1
2020-06-11 10:45:00,580.5198051909091,0.388530498,25.753749666666668,36.50444326666668,10,11,6,1
2020-06-11 11:00:00,704.7694805181818,0.4865309580000001,26.2963116,38.61497386666667,11,11,6,1
2020-06-11 11:15:00,762.9482142863636,0.5315657121428571,26.492523071428568,40.41920307142857,11,11,6,1
2020-06-11 11:30:00,717.5960227272727,0.4960136759999999,26.57368573333333,40.655814933333325,11,11,6,1
2020-06-11 11:45:00,807.4582792181819,0.5611673299999999,26.907450200000007,42.12864373333333,11,11,6,1
2020-06-11 12:00:00,907.8607954636364,0.6383058133333332,27.16000973333333,43.574774533333326,12,11,6,1
2020-06-11 12:15:00,873.0563311727274,0.6140467053333332,27.4697428,43.46879073333333,12,11,6,1
2020-06-11 12:30:00,775.0098214272726,0.5518808986666666,27.567753066666665,42.5188598,12,11,6,1
2020-06-11 12:45:00,569.5050324636363,0.384930638,27.667081733333337,39.6965698,12,11,6,1
2020-06-11 13:00:00,662.8032467454545,0.4614137253333333,27.793925066666667,40.65225413333333,13,11,6,1
2020-06-11 13:15:00,713.9130681818182,0.5024805850000001,27.97164264285714,40.74435871428572,13,11,6,1
2020-06-11 13:30:00,473.29220779545454,0.3363512746666666,28.019702266666663,39.3556314,13,11,6,1
2020-06-11 13:45:00,627.8504870136363,0.4294617333333333,27.88819186666667,37.721638866666666,13,11,6,1
2020-06-11 14:00:00,660.9698051954546,0.463052552,28.2268556,39.822216533333325,14,11,6,1
2020-06-11 14:15:00,919.3581169045456,0.6541221086666666,28.652787199999995,42.90342799999999,14,11,6,1
2020-06-11 14:30:00,1010.897240259091,0.702585196,28.91200753333333,46.4054178,14,11,6,1
2020-06-11 14:45:00,604.9468344090909,0.4346433879999999,28.541935266666663,42.981264133333326,14,11,6,1
2020-06-11 15:00:00,724.7412337681818,0.5243561353333333,28.41093753333333,41.019122266666656,15,11,6,1
2020-06-11 15:15:00,617.9139610409092,0.4330104273333333,28.499876,40.864774533333325,15,11,6,1
2020-06-11 15:30:00,701.274594159091,0.5047613450000001,28.5198495,39.834891285714285,15,11,6,1
2020-06-11 15:45:00,620.8624188272727,0.4242669086666667,28.490726733333336,39.98254813333334,15,11,6,1
2020-06-11 16:00:00,471.46534090909086,0.3353831253333333,28.066652533333336,37.5957134,16,11,6,1
2020-06-11 16:15:00,437.0112824681818,0.3022549713333332,27.5691588,35.038138866666664,16,11,6,1
2020-06-11 16:30:00,354.21785713636365,0.2453987326666666,27.460978266666665,33.56361520000001,16,11,6,1
2020-06-11 16:45:00,309.60900974545456,0.2141466953333333,27.1531046,30.6198468,16,11,6,1
2020-06-11 17:00:00,234.4737824681818,0.163458322,26.86789553333333,27.269881133333328,17,11,6,1
2020-06-11 17:15:00,184.91298701363635,0.1298209161333333,26.575002,28.584523666666666,17,11,6,1
2020-06-11 17:30:00,138.6909090909091,0.0971864702,26.33208213333333,27.7955018,17,11,6,1
2020-06-11 17:45:00,95.70389610409092,0.0679638256428571,26.070382142857145,26.87296621428572,17,11,6,1
2020-06-11 18:00:00,61.180681818636366,0.04432217,25.856518466666664,25.91061213333333,18,11,6,1
2020-06-11 18:15:00,28.779626622727275,0.0214776268,25.545349066666663,24.837803066666662,18,11,6,1
2020-06-11 18:30:00,5.657386363590909,0.0059466362266666,25.260909000000005,23.9481894,18,11,6,1
2020-06-11 18:45:00,0.0,5.161001586666666e-05,25.032338466666666,23.32562873333333,18,11,6,1
2020-06-11 19:00:00,0.0,0.0,24.81229646666667,23.04192926666667,19,11,6,0
2020-06-11 19:15:00,0.0,0.0,24.601367133333333,22.8550334,19,11,6,0
2020-06-11 19:30:00,0.0,0.0,24.368300400000003,22.5817038,19,11,6,0
2020-06-11 19:45:00,0.0,0.0,24.173594857142856,22.5616825,19,11,6,0
2020-06-11 20:00:00,0.0,0.0,24.0864298,22.66164153333333,20,11,6,0
2020-06-11 20:15:00,0.0,0.0,24.059523533333333,22.747019333333327,20,11,6,0
2020-06-11 20:30:00,0.0,0.0,24.018544466666665,22.83385,20,11,6,0
2020-06-11 20:45:00,0.0,0.0,23.949184266666663,22.594362466666663,20,11,6,0
2020-06-11 21:00:00,0.0,0.0,23.82512006666667,22.368981933333338,21,11,6,0
2020-06-11 21:15:00,0.0,0.0,23.73761393333333,22.361889533333333,21,11,6,0
2020-06-11 21:30:00,0.0,0.0,23.686230533333333,22.271466200000003,21,11,6,0
2020-06-11 21:45:00,0.0,0.0,23.684969285714285,22.301834000000003,21,11,6,0
2020-06-11 22:00:00,0.0,0.0,23.6376038,22.34254746666667,22,11,6,0
2020-06-11 22:15:00,0.0,0.0,23.57180973333333,22.367293333333333,22,11,6,0
2020-06-11 22:30:00,0.0,0.0,23.48927,22.27728473333333,22,11,6,0
2020-06-11 22:45:00,0.0,0.0,23.41901453333333,22.2010274,22,11,6,0
2020-06-11 23:00:00,0.0,0.0,23.328574733333333,21.94969073333333,23,11,6,0
2020-06-11 23:15:00,0.0,0.0,23.19511326666668,21.619791733333333,23,11,6,0
2020-06-11 23:30:00,0.0,0.0,23.027634733333333,21.0713054,23,11,6,0
2020-06-11 23:45:00,0.0,0.0,22.88335085714285,20.635208142857145,23,11,6,0
2020-06-12 00:00:00,0.0,0.0,22.799922733333336,20.528210533333333,0,12,6,0
2020-06-12 00:15:00,0.0,0.0,22.69196986666667,20.668831466666663,0,12,6,0
2020-06-12 00:30:00,0.0,0.0,22.757900000000003,21.138439800000004,0,12,6,0
2020-06-12 00:45:00,0.0,0.0,22.682067866666667,20.969073466666664,0,12,6,0
2020-06-12 01:00:00,0.0,0.0,22.602435133333337,20.8421712,1,12,6,0
2020-06-12 01:15:00,0.0,0.0,22.522731466666663,20.5014038,1,12,6,0
2020-06-12 01:30:00,0.0,0.0,22.480474866666665,20.49038893333333,1,12,6,0
2020-06-12 01:45:00,0.0,0.0,22.407838933333327,20.556685333333338,1,12,6,0
2020-06-12 02:00:00,0.0,0.0,22.360552285714288,20.44197957142857,2,12,6,0
2020-06-12 02:15:00,0.0,0.0,22.22029006666667,19.791581266666668,2,12,6,0
2020-06-12 02:30:00,0.0,0.0,22.049361200000003,19.63535353333333,2,12,6,0
2020-06-12 02:45:00,0.0,0.0,21.818412266666662,19.3708762,2,12,6,0
2020-06-12 03:00:00,0.0,0.0,21.680625333333328,19.39233373333333,3,12,6,0
2020-06-12 03:15:00,0.0,0.0,21.79938153333333,20.0586528,3,12,6,0
2020-06-12 03:30:00,0.0,0.0,22.14472873333333,20.548067333333336,3,12,6,0
2020-06-12 03:45:00,0.0,0.0,22.11750466666667,21.4555846,3,12,6,0
2020-06-12 04:00:00,0.0,0.0,21.33571573333333,20.44492186666667,4,12,6,0
2020-06-12 04:15:00,0.0,0.0,21.16746521428572,19.544621,4,12,6,0
2020-06-12 04:30:00,0.0,0.0,21.14945466666667,19.437854,4,12,6,0
2020-06-12 04:45:00,0.0,0.0,21.176210533333336,19.930458466666664,4,12,6,0
2020-06-12 05:00:00,0.0,0.0,21.17710573333333,20.062982066666663,5,12,6,0
2020-06-12 05:15:00,0.0,0.0,21.0787292,20.025736533333337,5,12,6,0
2020-06-12 05:30:00,0.0,0.0,20.894081466666663,19.889562933333337,5,12,6,0
2020-06-12 05:45:00,0.0,0.0001221914806666,20.751308333333327,19.813110266666666,5,12,6,0
2020-06-12 06:00:00,0.0,0.0033814346733333,20.89739573333333,20.124570866666662,6,12,6,1
2020-06-12 06:15:00,15.38652597409091,0.0133244222,21.11287226666667,20.467968733333333,6,12,6,1
2020-06-12 06:30:00,35.257142857727274,0.0257571987857142,21.31159314285714,20.909787928571426,6,12,6,1
2020-06-12 06:45:00,67.38303571454546,0.0471279440666666,21.4945944,21.6351522,6,12,6,1
2020-06-12 07:00:00,90.55892857136364,0.0630958514666666,21.6540956,22.649001066666667,7,12,6,1
2020-06-12 07:15:00,103.24626622727271,0.0711178362666666,21.774928866666663,23.340763133333333,7,12,6,1
2020-06-12 07:30:00,90.75681818227272,0.0617966885999999,21.926344866666668,23.469942133333333,7,12,6,1
2020-06-12 07:45:00,126.8146103909091,0.084014334,22.160595666666666,23.656638733333327,7,12,6,1
2020-06-12 08:00:00,175.37102272727273,0.1192626860666666,22.443727666666664,24.81898393333333,8,12,6,1
2020-06-12 08:15:00,274.0238636363636,0.1853613693333333,22.82434493333333,26.831990666666663,8,12,6,1
2020-06-12 08:30:00,310.28246754090907,0.2082250053333333,23.0203716,26.054441200000003,8,12,6,1
2020-06-12 08:45:00,401.58595779090905,0.2725619585714286,23.184509285714288,27.96154764285714,8,12,6,1
2020-06-12 09:00:00,488.0086850681818,0.340201678,23.590940333333336,31.234486866666668,9,12,6,1
2020-06-12 09:15:00,583.1017857136363,0.4067895253333334,23.993477333333328,34.5792848,9,12,6,1
2020-06-12 09:30:00,521.0282467545454,0.35931397,24.37688393333333,35.00016073333333,9,12,6,1
2020-06-12 09:45:00,635.6509740272727,0.4422391126666667,24.682629266666662,35.93726406666667,9,12,6,1
2020-06-12 10:00:00,566.9148539045455,0.3904689026666667,24.942492866666665,36.7749714,10,12,6,1
2020-06-12 10:15:00,754.4034902681818,0.50926205,25.262884466666662,37.78594966666667,10,12,6,1
2020-06-12 10:30:00,800.9502435090909,0.5591777066666666,25.460363866666665,37.3852784,10,12,6,1
2020-06-12 10:45:00,654.71444805,0.4420255493333332,25.431754533333333,38.33857613333334,10,12,6,1
2020-06-12 11:00:00,595.1574675363637,0.3929380471428571,25.35791885714286,35.92258564285714,11,12,6,1
2020-06-12 11:15:00,813.3492694863636,0.5402542266666664,25.700242133333333,36.99481373333333,11,12,6,1
2020-06-12 11:30:00,971.6541396454544,0.6753042113333334,25.79386393333333,40.80645753333332,11,12,6,1
2020-06-12 11:45:00,912.0416396136364,0.6536209333333333,26.294516866666665,43.60148279999999,11,12,6,1
2020-06-12 12:00:00,993.6200487272728,0.7228255413333333,26.7209514,47.15762106666666,12,12,6,1
2020-06-12 12:15:00,715.7369318181818,0.507273356,27.061141066666668,45.5239648,12,12,6,1
2020-06-12 12:30:00,693.6318181863636,0.4839689073333333,27.073685666666663,42.09396553333334,12,12,6,1
2020-06-12 12:45:00,768.5413149318182,0.544320384,27.122843333333336,40.93966879999999,12,12,6,1
2020-06-12 13:00:00,787.3210227272727,0.563254726,27.410540933333333,42.2459552,13,12,6,1
2020-06-12 13:15:00,766.3724025909091,0.5366972139999999,27.47486573333333,42.54781693333334,13,12,6,1
2020-06-12 13:30:00,815.0492694772728,0.576459514,27.546154666666663,42.22754713333333,13,12,6,1
2020-06-12 13:45:00,933.7699675318182,0.6685085735714286,28.10111792857143,44.812733142857134,13,12,6,1
2020-06-12 14:00:00,856.2919642863636,0.6257596313333335,28.347310466666663,45.494661266666654,14,12,6,1
2020-06-12 14:15:00,721.1457792227274,0.5180401986666665,28.47677,43.1335732,14,12,6,1
2020-06-12 14:30:00,625.7528409136364,0.4465655733333333,28.4605286,40.83483906666668,14,12,6,1
2020-06-12 14:45:00,583.9663149363637,0.4153775066666666,28.428057933333328,39.44832773333333,14,12,6,1
2020-06-12 15:00:00,561.839285709091,0.3964643046666666,28.2338074,38.32697326666667,15,12,6,1
2020-06-12 15:15:00,480.1227272727273,0.3378309306666666,28.035068666666664,36.771075733333326,15,12,6,1
2020-06-12 15:30:00,569.8934253272727,0.3998539546666666,27.8538696,36.6129212,15,12,6,1
2020-06-12 15:45:00,449.9478084363636,0.3118431713333333,27.934391200000004,36.66382873333334,15,12,6,1
2020-06-12 16:00:00,283.0393668772727,0.1978581207142857,27.573211642857142,33.399052142857144,16,12,6,1
2020-06-12 16:15:00,266.88652597272727,0.1830355166666666,27.3096638,31.48711953333333,16,12,6,1
2020-06-12 16:30:00,268.6620129909091,0.186726818,27.037646333333328,31.166569066666664,16,12,6,1
2020-06-12 16:45:00,256.2505681818181,0.1810615513333333,26.854547133333337,30.850948,16,12,6,1
2020-06-12 17:00:00,188.6934253318182,0.1357463066666666,26.6788758,29.970585,17,12,6,1
2020-06-12 17:15:00,176.41826298636363,0.1273159356666666,26.388924133333333,28.81902473333333,17,12,6,1
2020-06-12 17:30:00,213.17792208181817,0.1581062406666667,26.4417156,28.935205133333334,17,12,6,1
2020-06-12 17:45:00,152.5512987,0.1159292518,26.462915066666664,28.923132466666665,17,12,6,1
2020-06-12 18:00:00,80.33125,0.0596401831333333,26.235536666666665,27.3688028,18,12,6,1
2020-06-12 18:15:00,35.96274350681818,0.0264554836,25.90362353333333,26.05394893333333,18,12,6,1
2020-06-12 18:30:00,7.822483766181818,0.0077439426142857,25.55980335714285,24.90223478571428,18,12,6,1
2020-06-12 18:45:00,0.0,0.000143387096,25.324770066666662,24.317897533333333,18,12,6,1
2020-06-12 19:00:00,0.0,0.0,24.899776066666668,23.7660442,19,12,6,0
2020-06-12 19:15:00,0.0,0.0,24.384317933333328,23.15259813333333,19,12,6,0
2020-06-12 19:30:00,0.0,0.0,23.99760953333333,22.36348273333333,19,12,6,0
2020-06-12 19:45:00,0.0,0.0,23.60764766666667,21.81601153333333,19,12,6,0
2020-06-12 20:00:00,0.0,0.0,23.3088806,21.7585368,20,12,6,0
2020-06-12 20:15:00,0.0,0.0,23.036924333333328,21.592647466666666,20,12,6,0
2020-06-12 20:30:00,0.0,0.0,22.773077400000005,21.2763896,20,12,6,0
2020-06-12 20:45:00,0.0,0.0,22.748559142857147,21.08551028571429,20,12,6,0
2020-06-12 21:00:00,0.0,0.0,22.71641853333333,21.064766599999995,21,12,6,0
2020-06-12 21:15:00,0.0,0.0,22.585485866666662,21.05030713333333,21,12,6,0
2020-06-12 21:30:00,0.0,0.0,22.537847933333328,20.9415284,21,12,6,0
2020-06-12 21:45:00,0.0,0.0,22.53233033333333,20.917602666666667,21,12,6,0
2020-06-12 22:00:00,0.0,0.0,22.543857733333333,20.942254666666663,22,12,6,0
2020-06-12 22:15:00,0.0,0.0,22.565901533333328,20.975079333333333,22,12,6,0
2020-06-12 22:30:00,0.0,0.0,22.6292034,21.1653016,22,12,6,0
2020-06-12 22:45:00,0.0,0.0,22.599839266666667,21.0623922,22,12,6,0
2020-06-12 23:00:00,0.0,0.0,22.504606133333336,20.695809,23,12,6,0
2020-06-12 23:15:00,0.0,0.0,22.398563857142857,20.52727628571429,23,12,6,0
2020-06-12 23:30:00,0.0,0.0,22.1450378,19.8951722,23,12,6,0
2020-06-12 23:45:00,0.0,0.0,21.820540333333334,19.3403564,23,12,6,0
2020-06-13 00:00:00,0.0,0.0,21.771612666666663,19.357529733333337,0,13,6,0
2020-06-13 00:15:00,0.0,0.0,21.73004566666667,19.504081266666667,0,13,6,0
2020-06-13 00:30:00,0.0,0.0,21.68706846666667,19.5628032,0,13,6,0
2020-06-13 00:45:00,0.0,0.0,21.619232066666665,19.559181866666663,0,13,6,0
2020-06-13 01:00:00,0.0,0.0,21.62596846666667,19.7870584,1,13,6,0
2020-06-13 01:15:00,0.0,0.0,21.6098348,19.668430666666666,1,13,6,0
2020-06-13 01:30:00,0.0,0.0,21.69312946666667,19.528464800000005,1,13,6,0
2020-06-13 01:45:00,0.0,0.0,21.82476585714286,19.508193785714283,1,13,6,0
2020-06-13 02:00:00,0.0,0.0,21.8943176,19.922452733333337,2,13,6,0
2020-06-13 02:15:00,0.0,0.0,21.80948073333333,19.62547406666667,2,13,6,0
2020-06-13 02:30:00,0.0,0.0,21.824768133333333,19.722699,2,13,6,0
2020-06-13 02:45:00,0.0,0.0,21.762382066666667,19.78051553333333,2,13,6,0
2020-06-13 03:00:00,0.0,0.0,21.80184526666667,19.9007874,3,13,6,0
2020-06-13 03:15:00,0.0,0.0,21.800122066666667,19.8409138,3,13,6,0
2020-06-13 03:30:00,0.0,0.0,21.771885066666663,19.845127266666665,3,13,6,0
2020-06-13 03:45:00,0.0,0.0,21.75163373333333,19.8883016,3,13,6,0
2020-06-13 04:00:00,0.0,0.0,21.695316785714287,19.80174035714285,4,13,6,0
2020-06-13 04:15:00,0.0,0.0,21.687630066666667,19.7502948,4,13,6,0
2020-06-13 04:30:00,0.0,0.0,21.6996928,19.72627573333333,4,13,6,0
2020-06-13 04:45:00,0.0,0.0,21.70644933333333,19.613462266666662,4,13,6,0
2020-06-13 05:00:00,0.0,0.0,21.69656973333333,19.487091133333333,5,13,6,0
2020-06-13 05:15:00,0.0,0.0,21.651534,19.3644714,5,13,6,0
2020-06-13 05:30:00,0.0,0.0,21.506585666666663,19.00236393333333,5,13,6,0
2020-06-13 05:45:00,0.0,0.0001515382176666,21.320007266666668,18.526363133333334,5,13,6,0
2020-06-13 06:00:00,9.039285714272728,0.0083566124785714,21.28513,18.49177971428572,6,13,6,1
2020-06-13 06:15:00,34.92573051954545,0.0266036344666666,21.227468,18.72892853333333,6,13,6,1
2020-06-13 06:30:00,57.67564935136363,0.0437152266,21.14960933333333,19.30752746666667,6,13,6,1
2020-06-13 06:45:00,105.07508116590908,0.0749735576,21.4259318,20.3191406,6,13,6,1
2020-06-13 07:00:00,175.53019480454546,0.161645104,22.15570466666667,22.733018,7,13,6,1
2020-06-13 07:15:00,258.5040584454545,0.2261299179999999,22.832635466666662,26.273624666666667,7,13,6,1
2020-06-13 07:30:00,330.70844155454546,0.27848515,23.55732406666667,29.705493133333327,7,13,6,1
2020-06-13 07:45:00,420.6401785636363,0.3412023106666666,24.221519,32.6289328,7,13,6,1
2020-06-13 08:00:00,510.3299512954545,0.4043418426666666,24.7192118,35.47181186666666,8,13,6,1
2020-06-13 08:15:00,613.5013798727273,0.4780336921428571,25.18008221428571,37.9038915,8,13,6,1
2020-06-13 08:30:00,674.8340097454546,0.5138973833333333,25.640753066666665,39.91504320000001,8,13,6,1
2020-06-13 08:45:00,726.8229707772726,0.5205082880000002,26.137734,41.55750153333333,8,13,6,1
2020-06-13 09:00:00,775.2099025909091,0.5899908493333333,26.32546173333333,43.22846253333333,9,13,6,1
2020-06-13 09:15:00,820.4379870181818,0.5980412346666665,26.5877218,43.06868493333333,9,13,6,1
2020-06-13 09:30:00,790.7288961136364,0.6172084186666666,26.939325000000004,44.3578572,9,13,6,1
2020-06-13 09:45:00,851.2034902954546,0.6706322820000001,27.206691533333327,45.463765,9,13,6,1
2020-06-13 10:00:00,874.5278408863636,0.6152538133333332,27.573553600000004,46.448215666666655,10,13,6,1
2020-06-13 10:15:00,1007.4842532181818,0.7577599673333335,27.727917533333333,45.92864793333334,10,13,6,1
2020-06-13 10:30:00,1129.8960227272728,0.864056662,28.03033873333333,50.452891,10,13,6,1
2020-06-13 10:45:00,1063.9804382863638,0.7403816392857143,28.62208571428572,50.49866800000001,10,13,6,1
2020-06-13 11:00:00,1075.8103895863635,0.8167528573333332,28.6059632,49.59524293333333,11,13,6,1
2020-06-13 11:15:00,1244.9300325000002,0.9622691533333332,29.197790533333333,52.5881082,11,13,6,1
2020-06-13 11:30:00,1219.0226461363636,0.8554001073333332,29.45011986666667,53.953094466666656,11,13,6,1
2020-06-13 11:45:00,1240.9263798818183,1.0166871813333331,29.6048524,54.930332333333325,11,13,6,1
2020-06-13 12:00:00,1265.6053570909091,0.9582277686666664,29.6144756,54.57635513333332,12,13,6,1
2020-06-13 12:15:00,1063.1839285772728,0.8893022273333333,29.873128133333328,53.62572206666666,12,13,6,1
2020-06-13 12:30:00,1156.2242695,0.8805713933333333,29.448215866666665,51.5198242,12,13,6,1
2020-06-13 12:45:00,1195.0725649545454,0.9068482053333332,29.577811800000003,51.7647218,12,13,6,1
2020-06-13 13:00:00,958.3615259727272,0.725001628,30.0071574,52.9624858,13,13,6,1
2020-06-13 13:15:00,868.8907467590908,0.6002171826666667,27.568512066666667,40.19833379999999,13,13,6,1
2020-06-13 13:30:00,758.9996753272727,0.5372325964285714,27.409600500000003,43.26149878571428,13,13,6,1
2020-06-13 13:45:00,818.6502434954546,0.597535766,26.354994666666663,39.2412842,13,13,6,1
2020-06-13 14:00:00,1192.4967532272728,0.8979147206666667,26.66739493333333,44.267293333333335,14,13,6,1
2020-06-13 14:15:00,1088.9216720272727,0.812712094,26.824531933333333,48.231018133333336,14,13,6,1
2020-06-13 14:30:00,857.8277597454545,0.6269522933333334,26.771419266666665,46.43292826666667,14,13,6,1
2020-06-13 14:45:00,1030.5607955045457,0.7655651646666665,26.828759866666665,46.3600118,14,13,6,1
2020-06-13 15:00:00,1014.4491882409092,0.7337197726666665,27.583284533333337,47.94728993333333,15,13,6,1
2020-06-13 15:15:00,970.3850648863636,0.7478824706666666,28.077185133333334,46.80665106666667,15,13,6,1
2020-06-13 15:30:00,744.1074675318182,0.5669934953333333,28.1128438,46.23971173333333,15,13,6,1
2020-06-13 15:45:00,567.7925324727273,0.4037250264285714,27.57890557142857,40.546388785714285,15,13,6,1
2020-06-13 16:00:00,660.9325487045454,0.4595029573333333,27.66269933333333,40.34541599999999,16,13,6,1
2020-06-13 16:15:00,292.09569805,0.2199188633333333,27.509313866666663,37.922645866666656,16,13,6,1
2020-06-13 16:30:00,368.1324675318182,0.2536736326666666,26.81922213333333,33.402895400000006,16,13,6,1
2020-06-13 16:45:00,205.52215908181816,0.1492018317333333,26.540883333333333,32.085792999999995,16,13,6,1
2020-06-13 17:00:00,160.6070616909091,0.1145979226666666,26.300193266666668,29.8108662,17,13,6,1
2020-06-13 17:15:00,173.56404221363638,0.1254085300666666,26.03677973333333,29.186376866666667,17,13,6,1
2020-06-13 17:30:00,120.9543831181818,0.0888713367333333,25.933880733333336,28.44586786666666,17,13,6,1
2020-06-13 17:45:00,91.553165585,0.0694941764,25.574387666666663,27.23193773333333,17,13,6,1
2020-06-13 18:00:00,57.72629870181818,0.0459627706428571,25.404423357142857,26.38234157142857,18,13,6,1
2020-06-13 18:15:00,27.72621753136364,0.0224368066666666,25.2186848,25.28525993333333,18,13,6,1
2020-06-13 18:30:00,6.668181818227273,0.0072804718466666,24.8120402,23.99075733333333,18,13,6,1
2020-06-13 18:45:00,0.0,0.0001250367553333,24.372711266666663,22.6416768,18,13,6,1
2020-06-13 19:00:00,0.0,0.0,24.117745,21.8455302,19,13,6,0
2020-06-13 19:15:00,0.0,0.0,24.000767066666665,21.948254400000003,19,13,6,0
2020-06-13 19:30:00,0.0,0.0,23.96617026666668,22.251898266666664,19,13,6,0
2020-06-13 19:45:00,0.0,0.0,23.870741666666667,22.224393733333336,19,13,6,0
2020-06-13 20:00:00,0.0,0.0,23.7636984,21.9795776,20,13,6,0
2020-06-13 20:15:00,0.0,0.0,23.71126457142857,22.21554785714285,20,13,6,0
2020-06-13 20:30:00,0.0,0.0,23.6953736,22.675797466666666,20,13,6,0
2020-06-13 20:45:00,0.0,0.0,23.479001866666664,22.0222046,20,13,6,0
2020-06-13 21:00:00,0.0,0.0,23.2034668,21.3150636,21,13,6,0
2020-06-13 21:15:00,0.0,0.0,23.0506512,21.006146266666665,21,13,6,0
2020-06-13 21:30:00,0.0,0.0,22.873112066666668,20.6070172,21,13,6,0
2020-06-13 21:45:00,0.0,0.0,22.8499696,20.56525273333333,21,13,6,0
2020-06-13 22:00:00,0.0,0.0,22.700738533333336,20.3067446,22,13,6,0
2020-06-13 22:15:00,0.0,0.0,22.5735414,20.2055216,22,13,6,0
2020-06-13 22:30:00,0.0,0.0,22.44969607142857,20.013902785714283,22,13,6,0
2020-06-13 22:45:00,0.0,0.0,22.26599313333333,19.82663193333333,22,13,6,0
2020-06-13 23:00:00,0.0,0.0,22.2271688,19.828367333333336,23,13,6,0
2020-06-13 23:15:00,0.0,0.0,22.3342062,20.330838933333336,23,13,6,0
2020-06-13 23:30:00,0.0,0.0,22.237394333333327,20.012465333333328,23,13,6,0
2020-06-13 23:45:00,0.0,0.0,22.205029333333336,20.459212133333327,23,13,6,0
2020-06-14 00:00:00,0.0,0.0,22.309425866666672,21.2856466,0,14,6,0
2020-06-14 00:15:00,0.0,0.0,22.28362820000001,20.812499933333328,0,14,6,0
2020-06-14 00:30:00,0.0,0.0,22.41726073333333,20.8414306,0,14,6,0
2020-06-14 00:45:00,0.0,0.0,22.447642785714287,20.77917907142857,0,14,6,0
2020-06-14 01:00:00,0.0,0.0,22.3396992,20.416589466666668,1,14,6,0
2020-06-14 01:15:00,0.0,0.0,22.3263162,20.45705973333333,1,14,6,0
2020-06-14 01:30:00,0.0,0.0,22.5932068,21.25759886666667,1,14,6,0
2020-06-14 01:45:00,0.0,0.0,22.831146266666664,21.715635266666663,1,14,6,0
2020-06-14 02:00:00,0.0,0.0,22.801694666666663,21.8035766,2,14,6,0
2020-06-14 02:15:00,0.0,0.0,22.66150713333333,21.765783666666668,2,14,6,0
2020-06-14 02:30:00,0.0,0.0,22.49683426666666,21.054260400000004,2,14,6,0
2020-06-14 02:45:00,0.0,0.0,22.413197866666668,20.7593812,2,14,6,0
2020-06-14 03:00:00,0.0,0.0,22.301548357142856,20.912530071428574,3,14,6,0
2020-06-14 03:15:00,0.0,0.0,22.193670666666662,20.3701516,3,14,6,0
2020-06-14 03:30:00,0.0,0.0,22.1761332,20.17767333333333,3,14,6,0
2020-06-14 03:45:00,0.0,0.0,22.184255066666665,20.324055933333334,3,14,6,0
2020-06-14 04:00:00,0.0,0.0,22.235868333333336,20.6231182,4,14,6,0
2020-06-14 04:15:00,0.0,0.0,22.29215506666667,20.591811133333334,4,14,6,0
2020-06-14 04:30:00,0.0,0.0,22.25429486666667,20.381935666666667,4,14,6,0
2020-06-14 04:45:00,0.0,0.0,22.1893432,20.356459600000004,4,14,6,0
2020-06-14 05:00:00,0.0,0.0,22.2997984,20.906852200000003,5,14,6,0
2020-06-14 05:15:00,0.0,0.0,22.43938771428571,21.318453142857145,5,14,6,0
2020-06-14 05:30:00,0.0,0.0,22.441363466666665,21.168267866666667,5,14,6,0
2020-06-14 05:45:00,0.0,0.0005078938726666,22.522914733333334,21.450738666666663,5,14,6,0
2020-06-14 06:00:00,4.67662337659091,0.0071151917066666,22.556378266666663,21.5976542,6,14,6,1
2020-06-14 06:15:00,30.990990259545452,0.0241719286666666,22.56817026666667,21.94776,6,14,6,1
2020-06-14 06:30:00,64.35016233818182,0.0487669142,22.65616866666667,22.658846066666666,6,14,6,1
2020-06-14 06:45:00,105.04310064545456,0.0770268140666666,22.915026866666665,23.98563853333333,6,14,6,1
2020-06-14 07:00:00,192.6606331227273,0.1471822867333333,23.208211133333336,25.60406513333333,7,14,6,1
2020-06-14 07:15:00,314.45689935454544,0.2255217446666666,23.6073304,28.074818866666668,7,14,6,1
2020-06-14 07:30:00,314.35340909090905,0.2196392886666666,23.587081,28.0358926,7,14,6,1
2020-06-14 07:45:00,421.5907467545454,0.3072239171428571,23.75348328571429,30.263634785714284,7,14,6,1
2020-06-14 08:00:00,415.07987013181815,0.298065064,23.90954793333333,31.63181366666667,8,14,6,1
2020-06-14 08:15:00,351.2326298636364,0.2447378533333333,23.763501066666667,28.384606933333338,8,14,6,1
2020-06-14 08:30:00,487.1603896045454,0.3353547692857142,23.90183135714286,29.702830928571423,8,14,6,1
2020-06-14 08:45:00,530.6702922045455,0.3819702386666666,24.130067933333336,33.0580506,8,14,6,1
2020-06-14 09:00:00,590.8113636318182,0.4278343173333333,24.52345993333333,35.5528282,9,14,6,1
2020-06-14 09:15:00,794.2449675272727,0.5664324566666666,25.093788666666665,38.5421514,9,14,6,1
2020-06-14 09:30:00,786.4435064954545,0.5574083926666665,25.808286599999995,41.24847206666666,9,14,6,1
2020-06-14 09:45:00,803.9576298636365,0.5722872473333334,26.1179402,42.4683164,9,14,6,1
2020-06-14 10:00:00,829.6119318136364,0.5856356821428572,26.354372285714287,43.27517914285714,10,14,6,1
2020-06-14 10:15:00,759.3202110454546,0.5289236226666665,26.09553013333333,40.98323173333333,10,14,6,1
2020-06-14 10:30:00,1033.7416396136364,0.7195252226666667,26.36005846666667,38.9274884,10,14,6,1
2020-06-14 10:45:00,1114.4287337727274,0.8330450946666667,26.533363733333328,42.528473,10,14,6,1
2020-06-14 11:00:00,889.9112012999999,0.6406613233333333,27.081068733333336,47.275213466666656,11,14,6,1
2020-06-14 11:15:00,845.7551136363636,0.6502135673333332,26.948706133333328,43.94926386666666,11,14,6,1
2020-06-14 11:30:00,858.8445616954546,0.6621523706666665,26.8470704,46.03145753333334,11,14,6,1
2020-06-14 11:45:00,563.8968344181818,0.4262345726666666,25.92304106666667,38.486489133333336,11,14,6,1
2020-06-14 12:00:00,661.4086850681819,0.4920235971428571,25.21828571428572,37.81592471428572,12,14,6,1
2020-06-14 12:15:00,632.8625000045454,0.4727646679999999,24.93256013333333,36.6068582,12,14,6,1
2020-06-14 12:30:00,618.4902597454546,0.454945416,24.945296133333336,35.61483133333333,12,14,6,1
2020-06-14 12:45:00,700.0752435090909,0.519268844,25.431060866666662,37.15700086666667,12,14,6,1
2020-06-14 13:00:00,778.4044642818182,0.5761803393333333,25.37993566666667,34.78068233333334,13,14,6,1
2020-06-14 13:15:00,966.3091720909092,0.7343688020000001,25.898872933333333,42.364294333333326,13,14,6,1
2020-06-14 13:30:00,917.1741883045456,0.7277635133333333,26.6301878,45.9655842,13,14,6,1
2020-06-14 13:45:00,1049.3838474090908,0.9066149006666668,27.04890353333333,47.9602314,13,14,6,1
2020-06-14 14:00:00,1267.9563311363636,1.2216518466666668,27.848915600000005,59.386079333333335,14,14,6,1
2020-06-14 14:15:00,1081.0198052272726,0.91048926,28.22232285714286,58.59664692857143,14,14,6,1
2020-06-14 14:30:00,773.6200487045454,0.5639184546666666,27.5785664,49.444277133333344,14,14,6,1
2020-06-14 14:45:00,630.6330357090909,0.4497933986666666,27.1061442,42.90284833333333,14,14,6,1
2020-06-14 15:00:00,840.9553571363635,0.5869389626666666,26.949993866666667,41.82487593333333,15,14,6,1
2020-06-14 15:15:00,971.5331168818182,0.7094795186666665,27.40871386666667,47.941766400000006,15,14,6,1
2020-06-14 15:30:00,649.6116883045455,0.4602610826666666,27.449349066666663,43.6625044,15,14,6,1
2020-06-14 15:45:00,576.3689935090908,0.4082271193333333,27.087241533333334,38.89504786666667,15,14,6,1
2020-06-14 16:00:00,569.7278409136363,0.4008640346666667,27.05220753333333,38.234853066666666,16,14,6,1
2020-06-14 16:15:00,406.0103896181818,0.2853623193333333,26.809796066666664,35.90520226666667,16,14,6,1
2020-06-14 16:30:00,281.5887175272728,0.1992258571428571,26.423555642857146,32.757710357142855,16,14,6,1
2020-06-14 16:45:00,215.28506493636365,0.1544666584,26.0342224,30.358787133333337,16,14,6,1
2020-06-14 17:00:00,172.70844155909091,0.1235932831333333,25.98669446666667,29.146844466666664,17,14,6,1
2020-06-14 17:15:00,162.98977272272725,0.1121953106,25.845591266666663,28.6533284,17,14,6,1
2020-06-14 17:30:00,99.14099026,0.0712777123333333,25.6701172,27.996036799999995,17,14,6,1
2020-06-14 17:45:00,55.898782466818176,0.0428979898,25.536855066666668,26.63404133333333,17,14,6,1
2020-06-14 18:00:00,37.78116883136364,0.0297671323333333,25.3053914,25.30308846666667,18,14,6,1
2020-06-14 18:15:00,24.15470779227273,0.019033676,25.1361024,24.7232728,18,14,6,1
2020-06-14 18:30:00,6.096428571409091,0.00675433608,25.052579666666663,24.514713333333333,18,14,6,1
2020-06-14 18:45:00,0.0,0.000455513202,24.892543142857136,24.072802000000003,18,14,6,1
2020-06-14 19:00:00,0.0,0.0,24.703763866666662,23.564217066666668,19,14,6,0
2020-06-14 19:15:00,0.0,0.0,24.54298286666667,23.092030733333328,19,14,6,0
2020-06-14 19:30:00,0.0,0.0,24.398594266666667,22.771372466666666,19,14,6,0
2020-06-14 19:45:00,0.0,0.0,24.24910893333333,22.757745466666663,19,14,6,0
2020-06-14 20:00:00,0.0,0.0,24.07510986666667,22.66186726666666,20,14,6,0
2020-06-14 20:15:00,0.0,0.0,23.94650073333333,22.531148466666668,20,14,6,0
2020-06-14 20:30:00,0.0,0.0,23.86200773333333,22.4192994,20,14,6,0
2020-06-14 20:45:00,0.0,0.0,23.8368284,22.6065692,20,14,6,0
2020-06-14 21:00:00,0.0,0.0,23.87317121428572,23.1115265,21,14,6,0
2020-06-14 21:15:00,0.0,0.0,23.92025353333333,23.285941533333336,21,14,6,0
2020-06-14 21:30:00,0.0,0.0,23.86289053333333,22.984142933333327,21,14,6,0
2020-06-14 21:45:00,0.0,0.0,23.777291,22.35220546666667,21,14,6,0
2020-06-14 22:00:00,0.0,0.0,23.65113126666667,21.9989258,22,14,6,0
2020-06-14 22:15:00,0.0,0.0,23.649532,22.44542833333333,22,14,6,0
2020-06-14 22:30:00,0.0,0.0,23.607413666666663,21.990108266666663,22,14,6,0
2020-06-14 22:45:00,0.0,0.0,23.522460866666663,21.420633933333328,22,14,6,0
2020-06-14 23:00:00,0.0,0.0,23.3865622,21.151995866666667,23,14,6,0
2020-06-14 23:15:00,0.0,0.0,23.331081066666663,21.4704246,23,14,6,0
2020-06-14 23:30:00,0.0,0.0,23.44495271428572,22.455490071428567,23,14,6,0
2020-06-14 23:45:00,0.0,0.0,23.418153933333333,22.447845466666667,23,14,6,0
2020-06-15 00:00:00,0.0,0.0,23.369126333333337,22.693621866666668,0,15,6,0
2020-06-15 00:15:00,0.0,0.0,23.19021186666667,22.545045933333327,0,15,6,0
2020-06-15 00:30:00,0.0,0.0,23.111739066666665,22.314375933333327,0,15,6,0
2020-06-15 00:45:00,0.0,0.0,23.0380188,22.110986266666668,0,15,6,0
2020-06-15 01:00:00,0.0,0.0,23.0133788,22.293188466666667,1,15,6,0
2020-06-15 01:15:00,0.0,0.0,23.006721933333328,22.43304846666667,1,15,6,0
2020-06-15 01:30:00,0.0,0.0,22.5523254,21.5200196,1,15,6,0
2020-06-15 01:45:00,0.0,0.0,22.161108785714287,21.202298785714287,1,15,6,0
2020-06-15 02:00:00,0.0,0.0,22.0657084,21.1699198,2,15,6,0
2020-06-15 02:15:00,0.0,0.0,22.051059866666662,20.977667333333336,2,15,6,0
2020-06-15 02:30:00,0.0,0.0,22.064056266666665,20.769443866666663,2,15,6,0
2020-06-15 02:45:00,0.0,0.0,22.1327738,20.88665566666667,2,15,6,0
2020-06-15 03:00:00,0.0,0.0,22.138987400000005,20.774737666666667,3,15,6,0
2020-06-15 03:15:00,0.0,0.0,22.1016358,21.0114828,3,15,6,0
2020-06-15 03:30:00,0.0,0.0,22.13297933333333,21.463275133333337,3,15,6,0
2020-06-15 03:45:00,0.0,0.0,22.184287,21.606781142857145,3,15,6,0
2020-06-15 04:00:00,0.0,0.0,22.16874793333333,21.5196512,4,15,6,0
2020-06-15 04:15:00,0.0,0.0,21.67616773333333,20.805542066666668,4,15,6,0
2020-06-15 04:30:00,0.0,0.0,21.5948508,20.4898396,4,15,6,0
2020-06-15 04:45:00,0.0,0.0,21.5713258,20.214919066666663,4,15,6,0
2020-06-15 05:00:00,0.0,0.0,21.50873626666667,20.08615913333333,5,15,6,0
2020-06-15 05:15:00,0.0,0.0,21.424306066666663,19.861635466666662,5,15,6,0
2020-06-15 05:30:00,0.0,0.0,21.4322062,19.826896066666663,5,15,6,0
2020-06-15 05:45:00,0.0,0.0005523642353333,21.4640382,20.121873,5,15,6,0
2020-06-15 06:00:00,9.213636363545454,0.0096864394666666,21.53003333333333,20.394429466666665,6,15,6,1
2020-06-15 06:15:00,44.26517857181818,0.0333103492857142,21.65816592857143,20.84060435714285,6,15,6,1
2020-06-15 06:30:00,93.78271103818184,0.067908889,21.957159333333333,22.195896266666672,6,15,6,1
2020-06-15 06:45:00,143.06582791818184,0.1027040146666666,22.312394333333334,24.034580466666668,6,15,6,1
2020-06-15 07:00:00,205.05641234090908,0.1557342913333333,22.742930066666663,25.804111733333336,7,15,6,1
2020-06-15 07:15:00,211.16071428636363,0.1602291469333333,23.27185253333333,27.688370800000005,7,15,6,1
2020-06-15 07:30:00,188.1887987,0.1333380648,23.458431066666662,27.546588133333334,7,15,6,1
2020-06-15 07:45:00,361.70909090909095,0.2642032693333333,23.83686933333333,29.87518726666667,7,15,6,1
2020-06-15 08:00:00,613.0284090863636,0.4586929053333333,24.477518733333334,35.34433613333334,8,15,6,1
2020-06-15 08:15:00,739.2595779272727,0.5363576693333331,25.257212400000004,40.66176133333333,8,15,6,1
2020-06-15 08:30:00,740.6342532454545,0.5785561021428571,25.92686257142857,42.59452828571429,8,15,6,1
2020-06-15 08:45:00,721.2477272772727,0.5342788213333333,26.066546666666667,42.4321838,8,15,6,1
2020-06-15 09:00:00,782.3654220772728,0.5729372046666668,26.192445933333328,42.29481826666667,9,15,6,1
2020-06-15 09:15:00,869.7196428545453,0.6634503566666667,26.40725306666667,44.0128702,9,15,6,1
2020-06-15 09:30:00,870.45625,0.6428513106666667,26.3895486,43.27049353333333,9,15,6,1
2020-06-15 09:45:00,854.5471590909091,0.644579368,26.80618086666667,44.94630113333333,9,15,6,1
2020-06-15 10:00:00,852.52435065,0.6171309093333333,26.95370706666667,43.85072413333333,10,15,6,1
2020-06-15 10:15:00,1154.564935090909,0.888736286,27.5598856,48.580128733333325,10,15,6,1
2020-06-15 10:30:00,953.7315746727272,0.6801742386666666,28.05028693333333,50.1047016,10,15,6,1
2020-06-15 10:45:00,1048.1241883681816,0.8608448592857144,27.778298642857145,46.05228092857142,10,15,6,1
2020-06-15 11:00:00,1005.8559253227272,0.702748034,28.7853558,50.65149946666666,11,15,6,1
2020-06-15 11:15:00,763.2867694909091,0.5736166646666666,28.371838400000005,46.34689126666667,11,15,6,1
2020-06-15 11:30:00,806.3963474,0.6370887293333334,28.375455666666667,45.72413726666667,11,15,6,1
2020-06-15 11:45:00,864.0524350727272,0.664057878,28.39979053333333,44.47907733333333,11,15,6,1
2020-06-15 12:00:00,935.9796266,0.7444816766666666,28.601291866666667,44.703940933333335,12,15,6,1
2020-06-15 12:15:00,604.82694805,0.4327973,28.851655933333333,44.1841634,12,15,6,1
2020-06-15 12:30:00,561.9141233818182,0.3901906573333333,28.54629326666667,39.752722466666654,12,15,6,1
2020-06-15 12:45:00,641.59594155,0.4552512326666666,28.7726258,41.34621800000001,12,15,6,1
2020-06-15 13:00:00,988.4294643045456,0.7324080378571429,29.03071592857143,45.404338142857135,13,15,6,1
2020-06-15 13:15:00,576.2605519454545,0.42740474,29.107385266666668,45.503061933333335,13,15,6,1
2020-06-15 13:30:00,348.8596590909091,0.2453921386666666,28.417808066666662,39.03741653333332,13,15,6,1
2020-06-15 13:45:00,333.9657467636364,0.2260944466666666,27.856903133333333,34.7539672,13,15,6,1
2020-06-15 14:00:00,396.4547077863636,0.2690430446666666,27.197220866666672,33.998970666666665,14,15,6,1
2020-06-15 14:15:00,604.0234577909091,0.423195788,26.7497132,34.74134893333333,14,15,6,1
2020-06-15 14:30:00,981.8008117272728,0.652056834,27.611472733333333,43.56778333333334,14,15,6,1
2020-06-15 14:45:00,678.4836850636364,0.4772766193333333,27.82892866666667,43.3427838,14,15,6,1
2020-06-15 15:00:00,631.8879870090909,0.4233145246666666,27.93405566666667,41.36491266666666,15,15,6,1
2020-06-15 15:15:00,617.9401785772727,0.4511937286666666,28.178857466666667,40.87684526666667,15,15,6,1
2020-06-15 15:30:00,522.9675324772727,0.3822117121428572,27.89843528571428,38.410527071428575,15,15,6,1
2020-06-15 15:45:00,615.6548701272727,0.4502923073333334,28.1680522,40.31551513333334,15,15,6,1
2020-06-15 16:00:00,176.59650974545454,0.1251691066666666,27.743865933333336,34.530938533333334,16,15,6,1
2020-06-15 16:15:00,242.13254870454543,0.1629056366666666,27.32750646666667,31.59433793333333,16,15,6,1
2020-06-15 16:30:00,342.9541396136364,0.238490188,27.34741213333333,33.07997246666667,16,15,6,1
2020-06-15 16:45:00,398.9259740227273,0.2764912,27.16989953333333,33.85005699999999,16,15,6,1
2020-06-15 17:00:00,274.00446428636366,0.193777918,27.25204246666667,33.650572000000004,17,15,6,1
2020-06-15 17:15:00,222.7125811681818,0.1565710793333333,26.9659322,31.59396966666667,17,15,6,1
2020-06-15 17:30:00,140.26095778636363,0.1016916527999999,26.7447368,29.8884196,17,15,6,1
2020-06-15 17:45:00,120.0324675409091,0.0859623972,26.740639133333328,29.0264568,17,15,6,1
2020-06-15 18:00:00,51.68969155772727,0.0388465545,26.430651071428567,27.618528142857144,18,15,6,1
2020-06-15 18:15:00,22.797727272727272,0.0182621793333333,26.3341512,26.6526916,18,15,6,1
2020-06-15 18:30:00,1.695048701272727,0.0040517676866666,26.050742666666668,25.9055684,18,15,6,1
2020-06-15 18:45:00,0.0,0.0001930037933333,25.35520226666667,25.034010666666664,18,15,6,1
2020-06-15 19:00:00,0.0,2.0070272266666667e-05,23.2409404,21.9908934,19,15,6,0
2020-06-15 19:15:00,0.0,0.0,22.767838466666667,21.174566666666667,19,15,6,0
2020-06-15 19:30:00,0.0,0.0,22.987856066666662,21.7699482,19,15,6,0
2020-06-15 19:45:00,0.0,0.0,23.20111713333333,22.1287008,19,15,6,0
2020-06-15 20:00:00,0.0,0.0,23.3763062,22.4887248,20,15,6,0
2020-06-15 20:15:00,0.0,0.0,23.397517642857142,22.45287421428572,20,15,6,0
2020-06-15 20:30:00,0.0,0.0,23.379569466666663,22.127677533333337,20,15,6,0
2020-06-15 20:45:00,0.0,0.0,23.297440666666667,21.76893313333333,20,15,6,0
2020-06-15 21:00:00,0.0,0.0,23.1545876,21.370139466666664,21,15,6,0
2020-06-15 21:15:00,0.0,0.0,23.025012266666664,21.098044733333328,21,15,6,0
2020-06-15 21:30:00,0.0,0.0,23.00178813333333,21.152862666666667,21,15,6,0
2020-06-15 21:45:00,0.0,0.0,22.969417266666667,21.07163493333333,21,15,6,0
2020-06-15 22:00:00,0.0,0.0,22.975063066666667,21.0493896,22,15,6,0
2020-06-15 22:15:00,0.0,0.0,23.13929433333333,21.802388333333337,22,15,6,0
2020-06-15 22:30:00,0.0,0.0,23.4763204,22.651540133333327,22,15,6,0
2020-06-15 22:45:00,0.0,0.0,23.61283221428572,22.879322642857144,22,15,6,0
2020-06-15 23:00:00,0.0,0.0,23.618847800000005,22.86751913333333,23,15,6,0
2020-06-15 23:15:00,0.0,0.0,23.602976466666668,22.941127400000003,23,15,6,0
2020-06-15 23:30:00,0.0,0.0,23.631050666666667,23.077227733333327,23,15,6,0
2020-06-15 23:45:00,0.0,0.0,23.641210800000003,23.05128580000001,23,15,6,0
2020-06-16 00:00:00,0.0,0.0,23.1030456,22.078888133333333,0,16,6,0
2020-06-16 00:15:00,0.0,0.0,22.853855133333333,21.67698573333333,0,16,6,0
2020-06-16 00:30:00,0.0,0.0,22.7012818,21.311032800000003,0,16,6,0
2020-06-16 00:45:00,0.0,0.0,22.620440733333336,20.884556066666665,0,16,6,0
2020-06-16 01:00:00,0.0,0.0,22.585764533333336,20.6971374,1,16,6,0
2020-06-16 01:15:00,0.0,0.0,22.654924857142856,20.882272,1,16,6,0
2020-06-16 01:30:00,0.0,0.0,22.739894666666665,21.476552466666668,1,16,6,0
2020-06-16 01:45:00,0.0,0.0,22.727596,21.583762466666663,1,16,6,0
2020-06-16 02:00:00,0.0,0.0,22.6596518,21.5838462,2,16,6,0
2020-06-16 02:15:00,0.0,0.0,22.60989986666667,21.7492634,2,16,6,0
2020-06-16 02:30:00,0.0,0.0,22.58112373333333,21.858671,2,16,6,0
2020-06-16 02:45:00,0.0,0.0,22.547627866666662,21.670951266666663,2,16,6,0
2020-06-16 03:00:00,0.0,0.0,22.499713000000003,21.391532466666668,3,16,6,0
2020-06-16 03:15:00,0.0,0.0,22.458070800000005,21.181779,3,16,6,0
2020-06-16 03:30:00,0.0,0.0,22.399773714285715,20.989717642857144,3,16,6,0
2020-06-16 03:45:00,0.0,0.0,22.4348244,21.0618022,3,16,6,0
2020-06-16 04:00:00,0.0,0.0,22.5443968,21.4435628,4,16,6,0
2020-06-16 04:15:00,0.0,0.0,22.5694072,21.518406266666663,4,16,6,0
2020-06-16 04:30:00,0.0,0.0,22.590698266666667,21.7528688,4,16,6,0
2020-06-16 04:45:00,0.0,0.0,22.652595733333328,22.0547526,4,16,6,0
2020-06-16 05:00:00,0.0,0.0,22.692254533333333,22.127937733333336,5,16,6,0
2020-06-16 05:15:00,0.0,0.0,22.6955222,21.929762933333333,5,16,6,0
2020-06-16 05:30:00,0.0,0.0,22.571179266666665,21.587780733333336,5,16,6,0
2020-06-16 05:45:00,0.0,4.49041162e-05,22.452933666666667,21.47074393333333,5,16,6,0
2020-06-16 06:00:00,0.3707792207727273,0.003851879775,22.494378142857144,21.69032292857143,6,16,6,1
2020-06-16 06:15:00,18.250324675,0.0141838213333333,22.654567466666663,22.05121253333333,6,16,6,1
2020-06-16 06:30:00,66.887824675,0.0468413084666666,22.7384398,22.45022773333333,6,16,6,1
2020-06-16 06:45:00,97.69675324681818,0.0706118121333333,22.961183666666667,23.921439533333327,6,16,6,1
2020-06-16 07:00:00,140.5489448090909,0.1017261071999999,23.138751200000005,24.801971466666664,7,16,6,1
2020-06-16 07:15:00,230.41761363636363,0.167161456,23.25484613333333,25.770912666666668,7,16,6,1
2020-06-16 07:30:00,277.5077110363636,0.206390628,23.595815066666667,28.376147533333327,7,16,6,1
2020-06-16 07:45:00,348.96120130454545,0.2582670813333333,23.800502533333333,29.75697633333333,7,16,6,1
2020-06-16 08:00:00,479.7742694772727,0.353673456,24.273189266666662,32.9937198,8,16,6,1
2020-06-16 08:15:00,452.4966720772727,0.32255192,24.568143428571428,34.32752778571429,8,16,6,1
2020-06-16 08:30:00,569.6840909090909,0.402276302,24.833713600000003,34.94457799999999,8,16,6,1
2020-06-16 08:45:00,571.4852272772728,0.4147560933333333,25.266322866666663,37.48621606666667,8,16,6,1
2020-06-16 09:00:00,569.9297077909091,0.410816618,25.405088333333328,37.028379066666666,9,16,6,1
2020-06-16 09:15:00,640.3032467545455,0.46019857,25.76177973333333,38.08438906666666,9,16,6,1
2020-06-16 09:30:00,736.8471590909091,0.5521471146666667,26.016273933333327,39.71077913333334,9,16,6,1
2020-06-16 09:45:00,864.36875,0.63615115,26.3412638,42.884138933333325,9,16,6,1
2020-06-16 10:00:00,1094.6801948681818,0.8289793113333334,26.7102622,46.827693800000006,10,16,6,1
2020-06-16 10:15:00,1017.1971591045454,0.7204248719999999,27.3343506,49.562795,10,16,6,1
2020-06-16 10:30:00,827.346266231818,0.5909023807142856,27.42023371428571,47.050576142857146,10,16,6,1
2020-06-16 10:45:00,918.6758116909092,0.6752527859999999,27.318863800000003,45.9083192,10,16,6,1
2020-06-16 11:00:00,1135.3693992727274,0.9182852226666663,27.994940266666667,53.25080986666667,11,16,6,1
2020-06-16 11:15:00,821.3301136409092,0.5986946806666666,27.928853400000005,48.67373446666666,11,16,6,1
2020-06-16 11:30:00,580.9274350636364,0.4207671039999999,27.818320733333337,43.250374533333336,11,16,6,1
2020-06-16 11:45:00,736.8469155863636,0.5218388100000001,28.167818333333337,44.0384016,11,16,6,1
2020-06-16 12:00:00,330.42191558636364,0.2222456033333333,27.874310399999995,38.48475933333333,12,16,6,1
2020-06-16 12:15:00,604.5050324727273,0.429468928,27.3941652,37.038040933333335,12,16,6,1
2020-06-16 12:30:00,644.3940746727272,0.4833998399999999,27.964037071428567,45.40855414285714,12,16,6,1
2020-06-16 12:45:00,705.5847402590908,0.5028826646666666,28.30027873333333,46.0441244,12,16,6,1
2020-06-16 13:00:00,468.43400974545455,0.319418066,27.9916526,41.8464274,13,16,6,1
2020-06-16 13:15:00,715.0124188363636,0.5032727366666667,27.832635533333328,41.04779260000001,13,16,6,1
2020-06-16 13:30:00,792.0390422090909,0.5822891546666668,28.40100513333333,45.513633466666654,13,16,6,1
2020-06-16 13:45:00,586.1318181863636,0.4094128093333333,28.5019692,41.4494812,13,16,6,1
2020-06-16 14:00:00,643.5818181818182,0.430022742,28.79405306666667,43.01357606666667,14,16,6,1
2020-06-16 14:15:00,432.1741883181818,0.3048436553333333,28.30766193333333,38.786185733333326,14,16,6,1
2020-06-16 14:30:00,961.1755681590907,0.7181465133333333,28.7229654,43.40939126666667,14,16,6,1
2020-06-16 14:45:00,710.9341720818182,0.5257635171428571,29.282915285714285,47.94010285714285,14,16,6,1
2020-06-16 15:00:00,402.01875,0.2822451986666666,28.405712933333334,39.4493672,15,16,6,1
2020-06-16 15:15:00,458.6661526045455,0.3201579573333333,28.018060266666662,36.67894273333333,15,16,6,1
2020-06-16 15:30:00,633.8504870136363,0.4274141633333333,27.99871413333333,38.17277626666667,15,16,6,1
2020-06-16 15:45:00,494.5762265545454,0.3585119633333332,28.175795466666663,38.97982593333333,15,16,6,1
2020-06-16 16:00:00,486.9761363590909,0.345676682,28.046335933333328,37.409806,16,16,6,1
2020-06-16 16:15:00,343.43189935454546,0.2479111146666666,27.96042866666667,35.6392172,16,16,6,1
2020-06-16 16:30:00,259.4159902636364,0.1895537733333333,27.695955466666668,32.8359476,16,16,6,1
2020-06-16 16:45:00,216.47061687727276,0.1614167364285714,27.426601,31.4595755,16,16,6,1
2020-06-16 17:00:00,187.9775974,0.138821146,27.1594952,30.26335453333333,17,16,6,1
2020-06-16 17:15:00,170.04472402272725,0.1235097679333333,26.824678533333337,29.386724733333327,17,16,6,1
2020-06-16 17:30:00,141.29399350454543,0.1023283072,26.401951266666664,28.3863546,17,16,6,1
2020-06-16 17:45:00,100.92077922,0.0729025029333333,26.144761066666668,27.2317426,17,16,6,1
2020-06-16 18:00:00,67.31623376590909,0.0488549196666666,25.890207866666664,26.162266133333336,18,16,6,1
2020-06-16 18:15:00,33.270048700454545,0.0247498541333333,25.614040133333333,25.0996826,18,16,6,1
2020-06-16 18:30:00,7.236120129772728,0.0070536268133333,25.386586466666667,24.1691102,18,16,6,1
2020-06-16 18:45:00,0.0,5.614888285714287e-05,25.18057035714285,23.46554121428572,18,16,6,1
2020-06-16 19:00:00,0.0,0.0,24.986523400000003,23.094964466666667,19,16,6,0
2020-06-16 19:15:00,0.0,0.0,24.872993933333333,23.475244266666667,19,16,6,0
2020-06-16 19:30:00,0.0,0.0,24.442285133333336,23.068772466666665,19,16,6,0
2020-06-16 19:45:00,0.0,0.0,24.105043466666668,22.125270533333328,19,16,6,0
2020-06-16 20:00:00,0.0,0.0,23.90370066666667,21.6543518,20,16,6,0
2020-06-16 20:15:00,0.0,0.0,23.837534466666664,21.472778333333338,20,16,6,0
2020-06-16 20:30:00,0.0,0.0,23.731559266666665,21.342250600000003,20,16,6,0
2020-06-16 20:45:00,0.0,0.0,23.63031613333333,21.26215206666667,20,16,6,0
2020-06-16 21:00:00,0.0,0.0,23.54011321428572,21.28716157142857,21,16,6,0
2020-06-16 21:15:00,0.0,0.0,23.47867833333333,21.77463793333333,21,16,6,0
2020-06-16 21:30:00,0.0,0.0,23.456827866666668,21.562624133333337,21,16,6,0
2020-06-16 21:45:00,0.0,0.0,23.27699386666667,21.23533533333333,21,16,6,0
2020-06-16 22:00:00,0.0,0.0,23.0816692,20.936218266666668,22,16,6,0
2020-06-16 22:15:00,0.0,0.0,22.92795193333333,20.6880636,22,16,6,0
2020-06-16 22:30:00,0.0,0.0,22.8635354,20.536962866666663,22,16,6,0
2020-06-16 22:45:00,0.0,0.0,22.87235926666667,20.92511186666667,22,16,6,0
2020-06-16 23:00:00,0.0,0.0,22.962205000000004,21.606494266666665,23,16,6,0
2020-06-16 23:15:00,0.0,0.0,22.947974214285715,21.32625042857143,23,16,6,0
2020-06-16 23:30:00,0.0,0.0,22.9250326,21.164687,23,16,6,0
2020-06-16 23:45:00,0.0,0.0,22.8920044,21.21659966666667,23,16,6,0
2020-06-17 00:00:00,0.0,0.0,22.895672466666667,21.4657734,0,17,6,0
2020-06-17 00:15:00,0.0,0.0,22.868416400000005,21.381974333333336,0,17,6,0
2020-06-17 00:30:00,0.0,0.0,22.826764000000004,21.210284466666668,0,17,6,0
2020-06-17 00:45:00,0.0,0.0,22.795615466666668,21.3571554,0,17,6,0
2020-06-17 01:00:00,0.0,0.0,22.771451866666663,21.47204793333333,1,17,6,0
2020-06-17 01:15:00,0.0,0.0,22.74187364285714,21.349182142857146,1,17,6,0
2020-06-17 01:30:00,0.0,0.0,22.687184666666667,21.247636,1,17,6,0
2020-06-17 01:45:00,0.0,0.0,22.602610333333327,21.096276733333337,1,17,6,0
2020-06-17 02:00:00,0.0,0.0,22.6269064,21.193654466666665,2,17,6,0
2020-06-17 02:15:00,0.0,0.0,22.6140116,21.31661153333333,2,17,6,0
2020-06-17 02:30:00,0.0,0.0,22.663737,21.763271133333337,2,17,6,0
2020-06-17 02:45:00,0.0,0.0,22.774051866666664,22.108378,2,17,6,0
2020-06-17 03:00:00,0.0,0.0,22.852022266666665,22.4946594,3,17,6,0
2020-06-17 03:15:00,0.0,0.0,22.81974493333333,22.48667,3,17,6,0
2020-06-17 03:30:00,0.0,0.0,22.77129513333333,22.362780800000003,3,17,6,0
2020-06-17 03:45:00,0.0,0.0,22.78877485714285,22.275460428571428,3,17,6,0
2020-06-17 04:00:00,0.0,0.0,22.8229758,22.151271533333336,4,17,6,0
2020-06-17 04:15:00,0.0,0.0,22.7428528,21.91627006666667,4,17,6,0
2020-06-17 04:30:00,0.0,0.0,22.554170733333333,21.6825296,4,17,6,0
2020-06-17 04:45:00,0.0,0.0,22.414825466666667,21.4082114,4,17,6,0
2020-06-17 05:00:00,0.0,0.0,22.35033773333333,21.41950486666666,5,17,6,0
2020-06-17 05:15:00,0.0,0.0,22.350765000000003,21.737540666666668,5,17,6,0
2020-06-17 05:30:00,0.0,0.0,22.17537633333333,21.605226666666663,5,17,6,0
2020-06-17 05:45:00,0.0,0.0,21.707153333333327,20.7132262,5,17,6,0
2020-06-17 06:00:00,0.2726461039090909,0.0028424610064285,21.69549992857143,20.599559285714285,6,17,6,1
2020-06-17 06:45:00,39.875,0.045347547,22.335686384615386,23.15451523076923,6,17,6,1
2020-06-17 07:00:00,133.91055194545456,0.0933161474666666,22.482625266666663,24.277018266666666,7,17,6,1
2020-06-17 07:15:00,202.84228896818183,0.1437652418,22.711220200000003,25.8125894,7,17,6,1
2020-06-17 07:30:00,321.0201298636364,0.2278736373333333,22.99848413333333,28.593758200000003,7,17,6,1
2020-06-17 07:45:00,373.5311688363636,0.2681349153333333,23.364750200000003,30.827225666666664,7,17,6,1
2020-06-17 08:00:00,336.61850649090906,0.2345097293333333,23.751955,31.084741200000003,8,17,6,1
2020-06-17 08:15:00,372.0063311681818,0.2610877493333334,24.041337,31.60524686666667,8,17,6,1
2020-06-17 08:30:00,400.0285714227273,0.2754482242857142,24.25599892857143,32.83224278571429,8,17,6,1
2020-06-17 08:45:00,384.2244318181818,0.262713,24.443902533333333,32.258191,8,17,6,1
2020-06-17 09:00:00,495.9571428590909,0.3381332306666667,24.68842373333333,34.1126014,9,17,6,1
2020-06-17 09:15:00,528.6409090909091,0.3666457480000001,24.982682266666668,34.559212133333325,9,17,6,1
2020-06-17 09:30:00,675.1220779181818,0.4660193226666666,25.439449133333333,37.621647133333326,9,17,6,1
2020-06-17 09:45:00,559.3982954545455,0.3833396619999999,25.527582066666668,37.25813600000001,9,17,6,1
2020-06-17 10:00:00,612.0103896090909,0.4246341313333333,25.68465353333333,37.61702466666667,10,17,6,1
2020-06-17 10:15:00,658.3585227272728,0.4543548386666667,25.957446399999995,38.814910666666655,10,17,6,1
2020-06-17 10:30:00,710.8474025954546,0.5010602806666667,26.182826666666664,40.22812886666667,10,17,6,1
2020-06-17 10:45:00,647.2418831181818,0.464913585,26.47013421428571,41.11575328571428,10,17,6,1
2020-06-17 11:00:00,659.5668019590909,0.4508577206666666,26.236733,37.096722333333325,11,17,6,1
2020-06-17 11:15:00,781.7775973954544,0.564246406,26.771500733333337,42.28302813333334,11,17,6,1
2020-06-17 11:30:00,752.2137987045454,0.5372297933333333,27.251393533333328,41.926712666666674,11,17,6,1
2020-06-17 11:45:00,1126.0869318181817,0.892716588,27.742724733333336,46.33160186666667,11,17,6,1
2020-06-17 12:00:00,1125.9570617136362,0.8971673586666666,28.4727662,51.776054,12,17,6,1
2020-06-17 12:15:00,1320.4070617272728,1.0312303086666668,28.649094666666667,53.773537133333335,12,17,6,1
2020-06-17 12:30:00,937.2285714318182,0.718821216,28.941943333333327,51.34074066666668,12,17,6,1
2020-06-17 12:45:00,984.3508928636364,0.7001748986666666,29.028007,47.83913766666667,12,17,6,1
2020-06-17 13:00:00,689.0912337636364,0.4894874157142857,28.579515642857142,43.52298428571428,13,17,6,1
2020-06-17 13:15:00,864.2759740181817,0.6021715766666667,28.496042933333328,42.57935760000001,13,17,6,1
2020-06-17 13:30:00,956.5522727272728,0.6593983766666666,28.954923333333333,44.68992900000001,13,17,6,1
2020-06-17 13:45:00,806.6363636454546,0.5994605753333334,29.05773106666667,45.0513366,13,17,6,1
2020-06-17 14:00:00,615.0613636363637,0.4384577806666666,28.6523418,41.97513206666667,14,17,6,1
2020-06-17 14:15:00,593.0935064909091,0.4106262193333333,28.22970173333333,39.4037556,14,17,6,1
2020-06-17 14:30:00,815.8073863636364,0.58660541,28.766581200000005,42.79567873333334,14,17,6,1
2020-06-17 14:45:00,765.9850649363635,0.5350119733333333,29.11126313333333,44.9506284,14,17,6,1
2020-06-17 15:00:00,466.13514610909095,0.3174531373333333,28.617018666666667,39.946699866666656,15,17,6,1
2020-06-17 15:15:00,151.89569805,0.1042054897142857,27.914616214285715,34.29488935714285,15,17,6,1
2020-06-17 15:30:00,87.64902597454545,0.0553157361333333,25.61776526666667,26.2441224,15,17,6,1
2020-06-17 15:45:00,137.5472402681818,0.085784176,23.556774866666668,23.536191933333328,15,17,6,1
2020-06-17 16:00:00,314.6592532454545,0.1997712573333333,23.40352773333333,24.986667866666668,16,17,6,1
2020-06-17 16:15:00,358.1837662409091,0.235077558,24.1127868,28.996931866666667,16,17,6,1
2020-06-17 16:30:00,179.7685876590909,0.1186300124,24.390767466666667,29.47314233333333,16,17,6,1
2020-06-17 16:45:00,110.06566558181818,0.0716163500666666,24.2918964,26.972265600000004,16,17,6,1
2020-06-17 17:00:00,128.15357142272728,0.0864726348666666,24.191860066666663,25.512402466666668,17,17,6,1
2020-06-17 17:15:00,152.57021103636365,0.1047624446428571,24.196166857142856,26.66497142857143,17,17,6,1
2020-06-17 17:30:00,130.44727272727275,0.0901317685454545,24.278403545454545,26.86244345454546,17,17,6,1
2020-06-17 17:45:00,91.89220779181818,0.0652585639285714,24.17417021428572,25.95027171428572,17,17,6,1
2020-06-17 18:00:00,58.572077922272726,0.0419395646666666,24.130348733333328,25.080924533333327,18,17,6,1
2020-06-17 18:15:00,32.72159090909091,0.0234457014666666,24.038157333333327,24.0682496,18,17,6,1
2020-06-17 18:30:00,7.537662337727273,0.0070068898142857,23.8402385,22.968658428571427,18,17,6,1
2020-06-17 18:45:00,0.0,3.9083115333333336e-05,23.5830486,22.460372,18,17,6,1
2020-06-17 19:00:00,0.0,0.0,23.474888266666667,22.42334993333333,19,17,6,0
2020-06-17 19:15:00,0.0,0.0,23.489280266666665,22.7568808,19,17,6,0
2020-06-17 19:30:00,0.0,0.0,23.45561106666667,22.7176046,19,17,6,0
2020-06-17 19:45:00,0.0,0.0,23.0513224,21.774304133333327,19,17,6,0
2020-06-17 20:00:00,0.0,0.0,23.0032632,21.24322106666667,20,17,6,0
2020-06-17 20:15:00,0.0,0.0,22.890356333333337,20.784727,20,17,6,0
2020-06-17 20:30:00,0.0,0.0,22.891965666666664,20.9494608,20,17,6,0
2020-06-17 20:45:00,0.0,0.0,22.8874295,21.12194821428572,20,17,6,0
2020-06-17 21:00:00,0.0,0.0,22.89988213333333,21.383107466666665,21,17,6,0
2020-06-17 21:15:00,0.0,0.0,22.892598466666666,21.563179466666664,21,17,6,0
2020-06-17 21:30:00,0.0,0.0,22.9965616,21.869773466666665,21,17,6,0
2020-06-17 21:45:00,0.0,0.0,23.137091,22.1259848,21,17,6,0
2020-06-17 22:00:00,0.0,0.0,22.563179466666668,21.164713466666665,22,17,6,0
2020-06-17 22:15:00,0.0,0.0,22.19922893333333,20.51527293333333,22,17,6,0
2020-06-17 22:30:00,0.0,0.0,22.171736666666664,21.0808288,22,17,6,0
2020-06-17 22:45:00,0.0,0.0,22.150569666666662,21.480377266666668,22,17,6,0
2020-06-17 23:00:00,0.0,0.0,22.129815666666666,21.38902386666667,23,17,6,0
2020-06-17 23:15:00,0.0,0.0,22.008274642857145,20.709211357142856,23,17,6,0
2020-06-17 23:30:00,0.0,0.0,21.96949473333333,20.7349628,23,17,6,0
2020-06-17 23:45:00,0.0,0.0,21.909287666666668,20.4279724,23,17,6,0
