mtllib model_4.mtl
usemtl material_4
o model_4
v -0.06600817292928696 1.5874625444412231 3.4490489959716797 
v -0.06600819528102875 1.5874625444412231 3.5674099922180176 
v -0.06600816547870636 1.4529322385787964 3.4490489959716797 
v -0.06600818783044815 1.4529322385787964 3.5674099922180176 
v -0.1304144412279129 1.4605889320373535 3.453848123550415 
v -0.1304144263267517 1.4569621086120605 3.453848123550415 
v -0.1304144412279129 1.4605889320373535 3.4689395427703857 
v -0.1304144412279129 1.4569621086120605 3.4689395427703857 
v -0.1304144412279129 1.4605889320373535 3.4804461002349854 
v -0.1304144412279129 1.4569621086120605 3.4804461002349854 
v -0.1304144412279129 1.4605889320373535 3.536012887954712 
v -0.1304144412279129 1.4569621086120605 3.536012887954712 
v -0.1304144561290741 1.4605889320373535 3.5487914085388184 
v -0.1304144561290741 1.4569621086120605 3.5487914085388184 
v -0.1304144561290741 1.4605889320373535 3.5626108646392822 
v -0.1304144561290741 1.4569621086120605 3.5626108646392822 
v -0.06600818783044815 1.4529322385787964 3.5674099922180176 
v -0.10864482820034027 1.4529322385787964 3.5674099922180176 
v -0.06600816547870636 1.4529322385787964 3.4490489959716797 
v -0.10864481329917908 1.4529322385787964 3.4490489959716797 
v -0.06600819528102875 1.5874625444412231 3.5674099922180176 
v -0.10864483565092087 1.5874625444412231 3.5674099922180176 
v -0.06600818783044815 1.4529322385787964 3.5674099922180176 
v -0.10864482820034027 1.4529322385787964 3.5674099922180176 
v -0.06600817292928696 1.5874625444412231 3.4490489959716797 
v -0.10864482074975967 1.5874625444412231 3.4490489959716797 
v -0.06600819528102875 1.5874625444412231 3.5674099922180176 
v -0.10864483565092087 1.5874625444412231 3.5674099922180176 
v -0.06600816547870636 1.4529322385787964 3.4490489959716797 
v -0.10864481329917908 1.4529322385787964 3.4490489959716797 
v -0.06600817292928696 1.5874625444412231 3.4490489959716797 
v -0.10864482074975967 1.5874625444412231 3.4490489959716797 
v -0.1304144561290741 1.5538803339004517 3.5626108646392822 
v -0.1304144561290741 1.5538803339004517 3.5557878017425537 
v -0.1304144561290741 1.5472309589385986 3.5626108646392822 
v -0.1304144561290741 1.5472309589385986 3.5557878017425537 
v -0.1304144561290741 1.4931637048721313 3.5626108646392822 
v -0.1304144561290741 1.5472309589385986 3.536012887954712 
v -0.1304144561290741 1.5538803339004517 3.536012887954712 
v -0.1304144412279129 1.5538803339004517 3.4804461002349854 
v -0.1304144412279129 1.5472309589385986 3.4804461002349854 
v -0.1304144412279129 1.5472309589385986 3.4593989849090576 
v -0.1304144412279129 1.4931637048721313 3.4804461002349854 
v -0.1304144412279129 1.5472309589385986 3.453848123550415 
v -0.1304144412279129 1.4931637048721313 3.453848123550415 
v -0.1304144412279129 1.5538803339004517 3.4593989849090576 
v -0.1304144412279129 1.5538803339004517 3.453848123550415 
v -0.1304144412279129 1.4931637048721313 3.4689395427703857 
v -0.1304144412279129 1.4836934804916382 3.453848123550415 
v -0.1304144412279129 1.4836934804916382 3.4689395427703857 
v -0.1304144412279129 1.4836934804916382 3.4804461002349854 
v -0.1304144412279129 1.4836934804916382 3.536012887954712 
v -0.1304144412279129 1.4931637048721313 3.536012887954712 
v -0.1304144561290741 1.4931637048721313 3.5487914085388184 
v -0.1304144561290741 1.4836934804916382 3.5487914085388184 
v -0.1304144561290741 1.4836934804916382 3.5626108646392822 
v -0.1304144412279129 1.583432674407959 3.453848123550415 
v -0.1304144412279129 1.5802758932113647 3.453848123550415 
v -0.1304144412279129 1.583432674407959 3.4593989849090576 
v -0.1304144412279129 1.5802758932113647 3.4593989849090576 
v -0.1304144412279129 1.583432674407959 3.4804461002349854 
v -0.1304144412279129 1.5802758932113647 3.4804461002349854 
v -0.1304144561290741 1.583432674407959 3.536012887954712 
v -0.1304144561290741 1.5802758932113647 3.536012887954712 
v -0.1304144561290741 1.583432674407959 3.5557878017425537 
v -0.1304144561290741 1.5802758932113647 3.5557878017425537 
v -0.1304144561290741 1.5802758932113647 3.5626108646392822 
v -0.1304144561290741 1.583432674407959 3.5626108646392822 
v -0.1304144412279129 1.5472309589385986 3.4804461002349854 
v -0.1304144561290741 1.5472309589385986 3.536012887954712 
v -0.1370542049407959 1.5454175472259521 3.4829323291778564 
v -0.1370542198419571 1.5454175472259521 3.5335264205932617 
v -0.1304144412279129 1.4931637048721313 3.4804461002349854 
v -0.1304144412279129 1.5472309589385986 3.4804461002349854 
v -0.1370542049407959 1.495044231414795 3.4829323291778564 
v -0.1370542049407959 1.5454175472259521 3.4829323291778564 
v -0.1304144412279129 1.4931637048721313 3.536012887954712 
v -0.1304144412279129 1.4931637048721313 3.4804461002349854 
v -0.1370542049407959 1.495044231414795 3.5335264205932617 
v -0.1370542049407959 1.495044231414795 3.4829323291778564 
v -0.1304144561290741 1.5472309589385986 3.536012887954712 
v -0.1304144412279129 1.4931637048721313 3.536012887954712 
v -0.1370542198419571 1.5454175472259521 3.5335264205932617 
v -0.1370542049407959 1.495044231414795 3.5335264205932617 
v -0.11114954948425293 1.4542083740234375 3.5663113594055176 
v -0.10864482820034027 1.4529322385787964 3.5674099922180176 
v -0.11114952713251114 1.4542083740234375 3.4501473903656006 
v -0.10864481329917908 1.4529322385787964 3.4490489959716797 
v -0.11114955693483353 1.586186408996582 3.5663113594055176 
v -0.10864483565092087 1.5874625444412231 3.5674099922180176 
v -0.11114954948425293 1.4542083740234375 3.5663113594055176 
v -0.10864482820034027 1.4529322385787964 3.5674099922180176 
v -0.11114953458309174 1.586186408996582 3.4501473903656006 
v -0.10864482074975967 1.5874625444412231 3.4490489959716797 
v -0.11114955693483353 1.586186408996582 3.5663113594055176 
v -0.10864483565092087 1.5874625444412231 3.5674099922180176 
v -0.11114952713251114 1.4542083740234375 3.4501473903656006 
v -0.10864481329917908 1.4529322385787964 3.4490489959716797 
v -0.11114953458309174 1.586186408996582 3.4501473903656006 
v -0.10864482074975967 1.5874625444412231 3.4490489959716797 
v -0.12937645614147186 1.4558203220367432 3.5641720294952393 
v -0.11114954948425293 1.4542083740234375 3.5663113594055176 
v -0.1293708086013794 1.4558203220367432 3.536012887954712 
v -0.1293708086013794 1.4558203220367432 3.4804461002349854 
v -0.12937644124031067 1.4558203220367432 3.452286958694458 
v -0.11114952713251114 1.4542083740234375 3.4501473903656006 
v -0.12937647104263306 1.5845744609832764 3.5641720294952393 
v -0.11114955693483353 1.586186408996582 3.5663113594055176 
v -0.1293708235025406 1.5472309589385986 3.5641720294952393 
v -0.1293708235025406 1.4931637048721313 3.5641720294952393 
v -0.12937645614147186 1.4558203220367432 3.5641720294952393 
v -0.11114954948425293 1.4542083740234375 3.5663113594055176 
v -0.12937644124031067 1.5845744609832764 3.452286958694458 
v -0.11114953458309174 1.586186408996582 3.4501473903656006 
v -0.1293708086013794 1.5845744609832764 3.4804461002349854 
v -0.1293708235025406 1.5845744609832764 3.536012887954712 
v -0.12937647104263306 1.5845744609832764 3.5641720294952393 
v -0.11114955693483353 1.586186408996582 3.5663113594055176 
v -0.12937644124031067 1.4558203220367432 3.452286958694458 
v -0.11114952713251114 1.4542083740234375 3.4501473903656006 
v -0.1293708086013794 1.4931637048721313 3.452286958694458 
v -0.1293708086013794 1.5472309589385986 3.452286958694458 
v -0.12937644124031067 1.5845744609832764 3.452286958694458 
v -0.11114953458309174 1.586186408996582 3.4501473903656006 
v -0.09959059953689575 1.5766490697860718 3.481139898300171 
v -0.0962904617190361 1.5896788835525513 3.485071897506714 
v -0.0962904617190361 1.5766490697860718 3.485071897506714 
v -0.0918395072221756 1.5896788835525513 3.4876160621643066 
v -0.0918395072221756 1.5766490697860718 3.4876160621643066 
v -0.08677929639816284 1.5896788835525513 3.4885411262512207 
v -0.08677929639816284 1.5766490697860718 3.4885411262512207 
v -0.08172473311424255 1.5896788835525513 3.4876160621643066 
v -0.08172473311424255 1.5766490697860718 3.4876160621643066 
v -0.07727377861738205 1.5896788835525513 3.485071897506714 
v -0.07727377116680145 1.5766490697860718 3.485071897506714 
v -0.0739736407995224 1.5896788835525513 3.481139898300171 
v -0.0739736407995224 1.5766490697860718 3.481139898300171 
v -0.09959059953689575 1.5896788835525513 3.481139898300171 
v -0.0739736407995224 1.5896788835525513 3.481139898300171 
v -0.07221920788288116 1.5896788835525513 3.476282835006714 
v -0.0739736407995224 1.5766490697860718 3.481139898300171 
v -0.07221920788288116 1.5766490697860718 3.476282835006714 
v -0.07221920788288116 1.5896788835525513 3.4711945056915283 
v -0.07221920043230057 1.5766490697860718 3.4711945056915283 
v -0.0739736333489418 1.5896788835525513 3.4663376808166504 
v -0.0739736333489418 1.5766490697860718 3.4663376808166504 
v -0.0739736333489418 1.5896788835525513 3.4663376808166504 
v -0.0739736333489418 1.5766490697860718 3.4663376808166504 
v -0.07727377116680145 1.5896788835525513 3.4624056816101074 
v -0.07727377116680145 1.5766490697860718 3.4624056816101074 
v -0.08172472566366196 1.5896788835525513 3.4598615169525146 
v -0.08172472566366196 1.5766490697860718 3.4598615169525146 
v -0.08677929639816284 1.5896788835525513 3.4589364528656006 
v -0.08677929639816284 1.5766490697860718 3.4589364528656006 
v -0.0918395072221756 1.5896788835525513 3.4598615169525146 
v -0.0918395072221756 1.5766490697860718 3.4598615169525146 
v -0.0962904617190361 1.5896788835525513 3.4624056816101074 
v -0.0962904617190361 1.5766490697860718 3.4624056816101074 
v -0.09959059953689575 1.5896788835525513 3.4663376808166504 
v -0.09959059208631516 1.5766490697860718 3.4663376808166504 
v -0.09959059953689575 1.5896788835525513 3.4663376808166504 
v -0.09959059208631516 1.5766490697860718 3.4663376808166504 
v -0.10134503245353699 1.5896788835525513 3.4711945056915283 
v -0.10134503245353699 1.5766490697860718 3.4711945056915283 
v -0.10134503245353699 1.5896788835525513 3.476282835006714 
v -0.10134503245353699 1.5766490697860718 3.476282835006714 
v -0.09959059953689575 1.5896788835525513 3.481139898300171 
v -0.09959059953689575 1.5766490697860718 3.481139898300171 
v -0.08213654160499573 1.590417742729187 3.4865174293518066 
v -0.07804662734270096 1.590417742729187 3.4841465950012207 
v -0.08677929639816284 1.590417742729187 3.4873268604278564 
v -0.07501727342605591 1.590417742729187 3.4805617332458496 
v -0.07340387254953384 1.590417742729187 3.476109504699707 
v -0.07340387254953384 1.590417742729187 3.4713680744171143 
v -0.07501726597547531 1.590417742729187 3.4669735431671143 
v -0.07804662734270096 1.590417742729187 3.4633307456970215 
v -0.08213653415441513 1.590417742729187 3.4609601497650146 
v -0.08677929639816284 1.590417742729187 3.460150718688965 
v -0.09142769128084183 1.590417742729187 3.4609601497650146 
v -0.09551196545362473 1.590417742729187 3.4633307456970215 
v -0.09854696691036224 1.590417742729187 3.4669735431671143 
v -0.10016036778688431 1.590417742729187 3.4713680744171143 
v -0.10016036778688431 1.590417742729187 3.476109504699707 
v -0.09854696691036224 1.590417742729187 3.4805617332458496 
v -0.09551196545362473 1.590417742729187 3.4841465950012207 
v -0.09142769873142242 1.590417742729187 3.4865174293518066 
v -0.08677929639816284 1.590417742729187 3.4873268604278564 
v -0.08213654160499573 1.590417742729187 3.4865174293518066 
v -0.08172473311424255 1.5896788835525513 3.4876160621643066 
v -0.07727377861738205 1.5896788835525513 3.485071897506714 
v -0.08677929639816284 1.5896788835525513 3.4885411262512207 
v -0.09142769873142242 1.590417742729187 3.4865174293518066 
v -0.0918395072221756 1.5896788835525513 3.4876160621643066 
v -0.09551196545362473 1.590417742729187 3.4841465950012207 
v -0.0962904617190361 1.5896788835525513 3.485071897506714 
v -0.09854696691036224 1.590417742729187 3.4805617332458496 
v -0.09959059953689575 1.5896788835525513 3.481139898300171 
v -0.10016036778688431 1.590417742729187 3.476109504699707 
v -0.10134503245353699 1.5896788835525513 3.476282835006714 
v -0.10016036778688431 1.590417742729187 3.4713680744171143 
v -0.10134503245353699 1.5896788835525513 3.4711945056915283 
v -0.09854696691036224 1.590417742729187 3.4669735431671143 
v -0.09959059953689575 1.5896788835525513 3.4663376808166504 
v -0.09551196545362473 1.590417742729187 3.4633307456970215 
v -0.0962904617190361 1.5896788835525513 3.4624056816101074 
v -0.09142769128084183 1.590417742729187 3.4609601497650146 
v -0.0918395072221756 1.5896788835525513 3.4598615169525146 
v -0.08677929639816284 1.590417742729187 3.460150718688965 
v -0.08677929639816284 1.5896788835525513 3.4589364528656006 
v -0.08213653415441513 1.590417742729187 3.4609601497650146 
v -0.08172472566366196 1.5896788835525513 3.4598615169525146 
v -0.07804662734270096 1.590417742729187 3.4633307456970215 
v -0.07727377116680145 1.5896788835525513 3.4624056816101074 
v -0.07501726597547531 1.590417742729187 3.4669735431671143 
v -0.0739736333489418 1.5896788835525513 3.4663376808166504 
v -0.07340387254953384 1.590417742729187 3.4713680744171143 
v -0.07221920788288116 1.5896788835525513 3.4711945056915283 
v -0.07340387254953384 1.590417742729187 3.476109504699707 
v -0.07221920788288116 1.5896788835525513 3.476282835006714 
v -0.07501727342605591 1.590417742729187 3.4805617332458496 
v -0.0739736407995224 1.5896788835525513 3.481139898300171 
v -0.07804662734270096 1.590417742729187 3.4841465950012207 
v -0.09959060698747635 1.5766490697860718 3.515601634979248 
v -0.0962904691696167 1.5766490697860718 3.519533634185791 
v -0.0962904691696167 1.5896788835525513 3.519533634185791 
v -0.0918395146727562 1.5896788835525513 3.5221354961395264 
v -0.0918395146727562 1.5766490697860718 3.5221354961395264 
v -0.08677930384874344 1.5896788835525513 3.523002862930298 
v -0.08677930384874344 1.5766490697860718 3.523002862930298 
v -0.08172473311424255 1.5896788835525513 3.5221354961395264 
v -0.08172473311424255 1.5766490697860718 3.5221354961395264 
v -0.07727377861738205 1.5896788835525513 3.519533634185791 
v -0.07727377861738205 1.5766490697860718 3.519533634185791 
v -0.0739736407995224 1.5896788835525513 3.515601634979248 
v -0.0739736407995224 1.5766490697860718 3.515601634979248 
v -0.09959060698747635 1.5896788835525513 3.515601634979248 
v -0.0739736407995224 1.5896788835525513 3.515601634979248 
v -0.07221920788288116 1.5896788835525513 3.5108025074005127 
v -0.0739736407995224 1.5766490697860718 3.515601634979248 
v -0.07221920788288116 1.5766490697860718 3.5108025074005127 
v -0.07221920788288116 1.5896788835525513 3.5056564807891846 
v -0.07221920788288116 1.5766490697860718 3.5056564807891846 
v -0.0739736407995224 1.5896788835525513 3.50085711479187 
v -0.0739736407995224 1.5766490697860718 3.50085711479187 
v -0.0739736407995224 1.5896788835525513 3.50085711479187 
v -0.0739736407995224 1.5766490697860718 3.50085711479187 
v -0.07727377861738205 1.5896788835525513 3.4969253540039062 
v -0.07727377861738205 1.5766490697860718 3.4969253540039062 
v -0.08172473311424255 1.5896788835525513 3.494323253631592 
v -0.08172473311424255 1.5766490697860718 3.494323253631592 
v -0.08677929639816284 1.5896788835525513 3.4934558868408203 
v -0.08677929639816284 1.5766490697860718 3.4934558868408203 
v -0.0918395072221756 1.5896788835525513 3.494323253631592 
v -0.0918395072221756 1.5766490697860718 3.494323253631592 
v -0.0962904617190361 1.5896788835525513 3.4969253540039062 
v -0.0962904617190361 1.5766490697860718 3.4969253540039062 
v -0.09959059953689575 1.5896788835525513 3.50085711479187 
v -0.09959059953689575 1.5766490697860718 3.50085711479187 
v -0.09959059953689575 1.5896788835525513 3.50085711479187 
v -0.09959059953689575 1.5766490697860718 3.50085711479187 
v -0.10134503245353699 1.5896788835525513 3.5056564807891846 
v -0.10134503245353699 1.5766490697860718 3.5056564807891846 
v -0.10134503990411758 1.5896788835525513 3.5108025074005127 
v -0.10134503245353699 1.5766490697860718 3.5108025074005127 
v -0.09959060698747635 1.5896788835525513 3.515601634979248 
v -0.09959060698747635 1.5766490697860718 3.515601634979248 
v -0.08213654905557632 1.590417742729187 3.520979166030884 
v -0.07804663479328156 1.590417742729187 3.5186662673950195 
v -0.08677930384874344 1.590417742729187 3.5217885971069336 
v -0.07501727342605591 1.590417742729187 3.5150234699249268 
v -0.07340387254953384 1.590417742729187 3.510571241378784 
v -0.07340387254953384 1.590417742729187 3.505887746810913 
v -0.07501727342605591 1.590417742729187 3.5014352798461914 
v -0.07804662734270096 1.590417742729187 3.4978504180908203 
v -0.08213654160499573 1.590417742729187 3.4954798221588135 
v -0.08677929639816284 1.590417742729187 3.4946701526641846 
v -0.09142769873142242 1.590417742729187 3.4954798221588135 
v -0.09551197290420532 1.590417742729187 3.4978504180908203 
v -0.09854696691036224 1.590417742729187 3.5014352798461914 
v -0.10016036778688431 1.590417742729187 3.505887746810913 
v -0.1001603752374649 1.590417742729187 3.510571241378784 
v -0.09854697436094284 1.590417742729187 3.5150234699249268 
v -0.09551197290420532 1.590417742729187 3.5186662673950195 
v -0.09142769873142242 1.590417742729187 3.520979166030884 
v -0.08677930384874344 1.590417742729187 3.5217885971069336 
v -0.08213654905557632 1.590417742729187 3.520979166030884 
v -0.08172473311424255 1.5896788835525513 3.5221354961395264 
v -0.07727377861738205 1.5896788835525513 3.519533634185791 
v -0.08677930384874344 1.5896788835525513 3.523002862930298 
v -0.09142769873142242 1.590417742729187 3.520979166030884 
v -0.0918395146727562 1.5896788835525513 3.5221354961395264 
v -0.09551197290420532 1.590417742729187 3.5186662673950195 
v -0.0962904691696167 1.5896788835525513 3.519533634185791 
v -0.09854697436094284 1.590417742729187 3.5150234699249268 
v -0.09959060698747635 1.5896788835525513 3.515601634979248 
v -0.1001603752374649 1.590417742729187 3.510571241378784 
v -0.10134503990411758 1.5896788835525513 3.5108025074005127 
v -0.10016036778688431 1.590417742729187 3.505887746810913 
v -0.10134503245353699 1.5896788835525513 3.5056564807891846 
v -0.09854696691036224 1.590417742729187 3.5014352798461914 
v -0.09959059953689575 1.5896788835525513 3.50085711479187 
v -0.09551197290420532 1.590417742729187 3.4978504180908203 
v -0.0962904617190361 1.5896788835525513 3.4969253540039062 
v -0.09142769873142242 1.590417742729187 3.4954798221588135 
v -0.0918395072221756 1.5896788835525513 3.494323253631592 
v -0.08677929639816284 1.590417742729187 3.4946701526641846 
v -0.08677929639816284 1.5896788835525513 3.4934558868408203 
v -0.08213654160499573 1.590417742729187 3.4954798221588135 
v -0.08172473311424255 1.5896788835525513 3.494323253631592 
v -0.07804662734270096 1.590417742729187 3.4978504180908203 
v -0.07727377861738205 1.5896788835525513 3.4969253540039062 
v -0.07501727342605591 1.590417742729187 3.5014352798461914 
v -0.0739736407995224 1.5896788835525513 3.50085711479187 
v -0.07340387254953384 1.590417742729187 3.505887746810913 
v -0.07221920788288116 1.5896788835525513 3.5056564807891846 
v -0.07340387254953384 1.590417742729187 3.510571241378784 
v -0.07221920788288116 1.5896788835525513 3.5108025074005127 
v -0.07501727342605591 1.590417742729187 3.5150234699249268 
v -0.0739736407995224 1.5896788835525513 3.515601634979248 
v -0.07804663479328156 1.590417742729187 3.5186662673950195 
v -0.09959060698747635 1.5766490697860718 3.5489649772644043 
v -0.0962904766201973 1.5766490697860718 3.552896738052368 
v -0.0962904766201973 1.5896788835525513 3.552896738052368 
v -0.09183952212333679 1.5896788835525513 3.5554988384246826 
v -0.09183952212333679 1.5766490697860718 3.5554988384246826 
v -0.08677931129932404 1.5896788835525513 3.556365966796875 
v -0.08677931129932404 1.5766490697860718 3.556365966796875 
v -0.08172474056482315 1.5896788835525513 3.5554988384246826 
v -0.08172474056482315 1.5766490697860718 3.5554988384246826 
v -0.07727378606796265 1.5896788835525513 3.552896738052368 
v -0.07727378606796265 1.5766490697860718 3.552896738052368 
v -0.073973648250103 1.5896788835525513 3.5489649772644043 
v -0.073973648250103 1.5766490697860718 3.5489649772644043 
v -0.09959060698747635 1.5896788835525513 3.5489649772644043 
v -0.073973648250103 1.5896788835525513 3.5489649772644043 
v -0.07221921533346176 1.5896788835525513 3.54416561126709 
v -0.073973648250103 1.5766490697860718 3.5489649772644043 
v -0.07221921533346176 1.5766490697860718 3.54416561126709 
v -0.07221921533346176 1.5896788835525513 3.5390195846557617 
v -0.07221921533346176 1.5766490697860718 3.5390195846557617 
v -0.073973648250103 1.5896788835525513 3.5342202186584473 
v -0.073973648250103 1.5766490697860718 3.5342202186584473 
v -0.073973648250103 1.5896788835525513 3.5342202186584473 
v -0.073973648250103 1.5766490697860718 3.5342202186584473 
v -0.07727378606796265 1.5896788835525513 3.5302884578704834 
v -0.07727377861738205 1.5766490697860718 3.5302884578704834 
v -0.08172474056482315 1.5896788835525513 3.527686357498169 
v -0.08172473311424255 1.5766490697860718 3.527686357498169 
v -0.08677930384874344 1.5896788835525513 3.5268192291259766 
v -0.08677930384874344 1.5766490697860718 3.5268192291259766 
v -0.0918395146727562 1.5896788835525513 3.527686357498169 
v -0.0918395146727562 1.5766490697860718 3.527686357498169 
v -0.0962904691696167 1.5896788835525513 3.5302884578704834 
v -0.0962904691696167 1.5766490697860718 3.5302884578704834 
v -0.09959060698747635 1.5896788835525513 3.5342202186584473 
v -0.09959060698747635 1.5766490697860718 3.5342202186584473 
v -0.09959060698747635 1.5896788835525513 3.5342202186584473 
v -0.09959060698747635 1.5766490697860718 3.5342202186584473 
v -0.10134503990411758 1.5896788835525513 3.5390195846557617 
v -0.10134503990411758 1.5766490697860718 3.5390195846557617 
v -0.10134503990411758 1.5896788835525513 3.54416561126709 
v -0.10134503990411758 1.5766490697860718 3.54416561126709 
v -0.09959060698747635 1.5896788835525513 3.5489649772644043 
v -0.09959060698747635 1.5766490697860718 3.5489649772644043 
v -0.08213654905557632 1.590417742729187 3.554342269897461 
v -0.07804664224386215 1.590417742729187 3.5520293712615967 
v -0.08677931129932404 1.590417742729187 3.5552096366882324 
v -0.0750172808766365 1.590417742729187 3.548386573791504 
v -0.07340388000011444 1.590417742729187 3.5439343452453613 
v -0.07340388000011444 1.590417742729187 3.5392508506774902 
v -0.0750172808766365 1.590417742729187 3.5347986221313477 
v -0.07804663479328156 1.590417742729187 3.5312135219573975 
v -0.08213654905557632 1.590417742729187 3.5288429260253906 
v -0.08677930384874344 1.590417742729187 3.528033494949341 
v -0.09142770618200302 1.590417742729187 3.5288429260253906 
v -0.09551197290420532 1.590417742729187 3.5312135219573975 
v -0.09854697436094284 1.590417742729187 3.5347986221313477 
v -0.1001603752374649 1.590417742729187 3.5392508506774902 
v -0.1001603752374649 1.590417742729187 3.5439343452453613 
v -0.09854697436094284 1.590417742729187 3.548386573791504 
v -0.09551198035478592 1.590417742729187 3.5520293712615967 
v -0.09142770618200302 1.590417742729187 3.554342269897461 
v -0.08677931129932404 1.590417742729187 3.5552096366882324 
v -0.08213654905557632 1.590417742729187 3.554342269897461 
v -0.08172474056482315 1.5896788835525513 3.5554988384246826 
v -0.07727378606796265 1.5896788835525513 3.552896738052368 
v -0.08677931129932404 1.5896788835525513 3.556365966796875 
v -0.09142770618200302 1.590417742729187 3.554342269897461 
v -0.09183952212333679 1.5896788835525513 3.5554988384246826 
v -0.09551198035478592 1.590417742729187 3.5520293712615967 
v -0.0962904766201973 1.5896788835525513 3.552896738052368 
v -0.09854697436094284 1.590417742729187 3.548386573791504 
v -0.09959060698747635 1.5896788835525513 3.5489649772644043 
v -0.1001603752374649 1.590417742729187 3.5439343452453613 
v -0.10134503990411758 1.5896788835525513 3.54416561126709 
v -0.1001603752374649 1.590417742729187 3.5392508506774902 
v -0.10134503990411758 1.5896788835525513 3.5390195846557617 
v -0.09854697436094284 1.590417742729187 3.5347986221313477 
v -0.09959060698747635 1.5896788835525513 3.5342202186584473 
v -0.09551197290420532 1.590417742729187 3.5312135219573975 
v -0.0962904691696167 1.5896788835525513 3.5302884578704834 
v -0.09142770618200302 1.590417742729187 3.5288429260253906 
v -0.0918395146727562 1.5896788835525513 3.527686357498169 
v -0.08677930384874344 1.590417742729187 3.528033494949341 
v -0.08677930384874344 1.5896788835525513 3.5268192291259766 
v -0.08213654905557632 1.590417742729187 3.5288429260253906 
v -0.08172474056482315 1.5896788835525513 3.527686357498169 
v -0.07804663479328156 1.590417742729187 3.5312135219573975 
v -0.07727378606796265 1.5896788835525513 3.5302884578704834 
v -0.0750172808766365 1.590417742729187 3.5347986221313477 
v -0.073973648250103 1.5896788835525513 3.5342202186584473 
v -0.07340388000011444 1.590417742729187 3.5392508506774902 
v -0.07221921533346176 1.5896788835525513 3.5390195846557617 
v -0.07340388000011444 1.590417742729187 3.5439343452453613 
v -0.07221921533346176 1.5896788835525513 3.54416561126709 
v -0.0750172808766365 1.590417742729187 3.548386573791504 
v -0.073973648250103 1.5896788835525513 3.5489649772644043 
v -0.07804664224386215 1.590417742729187 3.5520293712615967 
v -0.12937644124031067 1.4558203220367432 3.452286958694458 
v -0.1293708086013794 1.4558203220367432 3.4804461002349854 
v -0.1304144263267517 1.4569621086120605 3.453848123550415 
v -0.1304144412279129 1.4569621086120605 3.4804461002349854 
v -0.12937645614147186 1.4558203220367432 3.5641720294952393 
v -0.1293708235025406 1.4931637048721313 3.5641720294952393 
v -0.1304144561290741 1.4569621086120605 3.5626108646392822 
v -0.1304144561290741 1.4836934804916382 3.5626108646392822 
v -0.1304144561290741 1.4605889320373535 3.5626108646392822 
v -0.1304144561290741 1.4931637048721313 3.5626108646392822 
v -0.12937647104263306 1.5845744609832764 3.5641720294952393 
v -0.1293708235025406 1.5845744609832764 3.536012887954712 
v -0.1304144561290741 1.583432674407959 3.5626108646392822 
v -0.1304144561290741 1.583432674407959 3.536012887954712 
v -0.12937644124031067 1.5845744609832764 3.452286958694458 
v -0.1293708086013794 1.5472309589385986 3.452286958694458 
v -0.1304144412279129 1.583432674407959 3.453848123550415 
v -0.1304144412279129 1.5538803339004517 3.453848123550415 
v -0.1304144412279129 1.5802758932113647 3.453848123550415 
v -0.1304144412279129 1.5472309589385986 3.453848123550415 
v -0.1293708235025406 1.5472309589385986 3.5641720294952393 
v -0.12937647104263306 1.5845744609832764 3.5641720294952393 
v -0.1304144561290741 1.5472309589385986 3.5626108646392822 
v -0.1304144561290741 1.5802758932113647 3.5626108646392822 
v -0.1304144561290741 1.5538803339004517 3.5626108646392822 
v -0.1304144561290741 1.583432674407959 3.5626108646392822 
v -0.1293708086013794 1.4931637048721313 3.452286958694458 
v -0.12937644124031067 1.4558203220367432 3.452286958694458 
v -0.1304144412279129 1.4931637048721313 3.453848123550415 
v -0.1304144412279129 1.4605889320373535 3.453848123550415 
v -0.1304144412279129 1.4836934804916382 3.453848123550415 
v -0.1304144263267517 1.4569621086120605 3.453848123550415 
v -0.1293708086013794 1.4558203220367432 3.536012887954712 
v -0.12937645614147186 1.4558203220367432 3.5641720294952393 
v -0.1304144412279129 1.4569621086120605 3.536012887954712 
v -0.1304144561290741 1.4569621086120605 3.5626108646392822 
v -0.1293708086013794 1.5845744609832764 3.4804461002349854 
v -0.12937644124031067 1.5845744609832764 3.452286958694458 
v -0.1304144412279129 1.583432674407959 3.4804461002349854 
v -0.1304144412279129 1.583432674407959 3.453848123550415 
v -0.1293708235025406 1.4931637048721313 3.5641720294952393 
v -0.1293708235025406 1.5472309589385986 3.5641720294952393 
v -0.1304144561290741 1.4931637048721313 3.5626108646392822 
v -0.1304144561290741 1.5472309589385986 3.5626108646392822 
v -0.1293708086013794 1.5472309589385986 3.452286958694458 
v -0.1293708086013794 1.4931637048721313 3.452286958694458 
v -0.1304144412279129 1.5472309589385986 3.453848123550415 
v -0.1304144412279129 1.4931637048721313 3.453848123550415 
v -0.1293708086013794 1.4558203220367432 3.4804461002349854 
v -0.1293708086013794 1.4558203220367432 3.536012887954712 
v -0.1304144412279129 1.4569621086120605 3.4804461002349854 
v -0.1304144412279129 1.4569621086120605 3.536012887954712 
v -0.1293708235025406 1.5845744609832764 3.536012887954712 
v -0.1293708086013794 1.5845744609832764 3.4804461002349854 
v -0.1304144561290741 1.583432674407959 3.536012887954712 
v -0.1304144412279129 1.583432674407959 3.4804461002349854 
v -0.1370542198419571 1.5454175472259521 3.5335264205932617 
v -0.1370542049407959 1.5454175472259521 3.4829323291778564 
v -0.1370542049407959 1.544745922088623 3.4838576316833496 
v -0.1370542049407959 1.4957159757614136 3.4838576316833496 
v -0.1370542049407959 1.495044231414795 3.4829323291778564 
v -0.1370542049407959 1.4957159757614136 3.5326013565063477 
v -0.1370542049407959 1.495044231414795 3.5335264205932617 
v -0.1370542198419571 1.544745922088623 3.5326013565063477 
v -0.1304144561290741 1.5802758932113647 3.5626108646392822 
v -0.1304144561290741 1.5538803339004517 3.5626108646392822 
v -0.1304144561290741 1.5802758932113647 3.5557878017425537 
v -0.1304144561290741 1.5538803339004517 3.5557878017425537 
v -0.1304144412279129 1.5538803339004517 3.453848123550415 
v -0.1304144412279129 1.5802758932113647 3.453848123550415 
v -0.1304144412279129 1.5538803339004517 3.4593989849090576 
v -0.1304144412279129 1.5802758932113647 3.4593989849090576 
v -0.1304144412279129 1.5538803339004517 3.4804461002349854 
v -0.1304144412279129 1.5802758932113647 3.4804461002349854 
v -0.1304144561290741 1.5538803339004517 3.536012887954712 
v -0.1304144561290741 1.5802758932113647 3.536012887954712 
v -0.1304144561290741 1.5802758932113647 3.536012887954712 
v -0.1304144561290741 1.5802758932113647 3.5557878017425537 
v -0.1304144561290741 1.5538803339004517 3.536012887954712 
v -0.1304144561290741 1.5538803339004517 3.5557878017425537 
v -0.1304144412279129 1.5538803339004517 3.4804461002349854 
v -0.1304144412279129 1.5538803339004517 3.4593989849090576 
v -0.1304144412279129 1.5802758932113647 3.4804461002349854 
v -0.1304144412279129 1.5802758932113647 3.4593989849090576 
v -0.1304144412279129 1.4836934804916382 3.4804461002349854 
v -0.1304144412279129 1.4605889320373535 3.4804461002349854 
v -0.1304144412279129 1.4836934804916382 3.4689395427703857 
v -0.1304144412279129 1.4605889320373535 3.4689395427703857 
v -0.1304144561290741 1.4836934804916382 3.5626108646392822 
v -0.1304144561290741 1.4605889320373535 3.5626108646392822 
v -0.1304144561290741 1.4836934804916382 3.5487914085388184 
v -0.1304144561290741 1.4605889320373535 3.5487914085388184 
v -0.1304144412279129 1.4836934804916382 3.536012887954712 
v -0.1304144412279129 1.4605889320373535 3.536012887954712 
v -0.1304144412279129 1.4836934804916382 3.4804461002349854 
v -0.1304144412279129 1.4605889320373535 3.4804461002349854 
v -0.1304144412279129 1.4836934804916382 3.536012887954712 
v -0.1304144561290741 1.4836934804916382 3.5487914085388184 
v -0.1304144412279129 1.4605889320373535 3.536012887954712 
v -0.1304144561290741 1.4605889320373535 3.5487914085388184 
v -0.1304144412279129 1.4836934804916382 3.453848123550415 
v -0.1304144412279129 1.4836934804916382 3.4689395427703857 
v -0.1304144412279129 1.4605889320373535 3.453848123550415 
v -0.1304144412279129 1.4605889320373535 3.4689395427703857 
v -0.1304144412279129 1.4569621086120605 3.4689395427703857 
v -0.1304144561290741 1.583432674407959 3.5557878017425537 
v -0.1304144561290741 1.4569621086120605 3.5487914085388184 
v -0.1304144412279129 1.583432674407959 3.4593989849090576 
vn 1 4.3711398944878965e-8 1.6292068494294654e-7 
vn 1 4.3711398944878965e-8 1.6292068494294654e-7 
vn 1 4.3711398944878965e-8 1.6292068494294654e-7 
vn 1 4.3711398944878965e-8 1.6292068494294654e-7 
vn -1 -4.3711398944878965e-8 -1.629208270514937e-7 
vn -1 -4.3711398944878965e-8 -1.629208270514937e-7 
vn -1 -4.3711398944878965e-8 -1.629208270514937e-7 
vn -1 -4.3711398944878965e-8 -1.629208270514937e-7 
vn -1 -4.3711398944878965e-8 -1.629208270514937e-7 
vn -1 -4.3711398944878965e-8 -1.629208270514937e-7 
vn -1 -4.3711398944878965e-8 -1.629208270514937e-7 
vn -1 -4.3711398944878965e-8 -1.629208270514937e-7 
vn -1 -4.3711398944878965e-8 -1.629208270514937e-7 
vn -1 -4.3711398944878965e-8 -1.629208270514937e-7 
vn -1 -4.3711398944878965e-8 -1.629208270514937e-7 
vn -1 -4.3711398944878965e-8 -1.629208270514937e-7 
vn -0.002184650395065546 -0.999997615814209 -3.556982763885941e-10 
vn -0.002184650395065546 -0.999997615814209 -3.556982763885941e-10 
vn -0.002184650395065546 -0.999997615814209 -3.556982763885941e-10 
vn -0.002184650395065546 -0.999997615814209 -3.556982763885941e-10 
vn -0.0021848133765161037 -9.549604162994996e-11 0.7320358753204346 
vn -0.0021848133765161037 -9.549604162994996e-11 0.7320358753204346 
vn -0.0021848133765161037 -9.549604162994996e-11 0.7320358753204346 
vn -0.0021848133765161037 -9.549604162994996e-11 0.7320358753204346 
vn -0.00218473793938756 0.999997615814209 -3.5601502301751964e-10 
vn -0.00218473793938756 0.999997615814209 -3.5601502301751964e-10 
vn -0.00218473793938756 0.999997615814209 -3.5601502301751964e-10 
vn -0.00218473793938756 0.999997615814209 -3.5601502301751964e-10 
vn -0.002184574957937002 -9.570286230164982e-11 -0.7320358753204346 
vn -0.002184574957937002 -9.570286230164982e-11 -0.7320358753204346 
vn -0.002184574957937002 -9.570286230164982e-11 -0.7320358753204346 
vn -0.002184574957937002 -9.570286230164982e-11 -0.7320358753204346 
vn -1 -4.3711398944878965e-8 -1.629208270514937e-7 
vn -1 -4.3711398944878965e-8 -1.629208270514937e-7 
vn -1 -4.3711398944878965e-8 -1.629208270514937e-7 
vn -1 -4.3711398944878965e-8 -1.629208270514937e-7 
vn -1 -4.3711398944878965e-8 -1.629208270514937e-7 
vn -1 -4.3711398944878965e-8 -1.629208270514937e-7 
vn -1 -4.3711398944878965e-8 -1.629208270514937e-7 
vn -1 -4.3711398944878965e-8 -1.629208270514937e-7 
vn -1 -4.3711398944878965e-8 -1.629208270514937e-7 
vn -1 -4.3711398944878965e-8 -1.629208270514937e-7 
vn -1 -4.3711398944878965e-8 -1.629208270514937e-7 
vn -1 -4.3711398944878965e-8 -1.629208270514937e-7 
vn -1 -4.3711398944878965e-8 -1.629208270514937e-7 
vn -1 -4.3711398944878965e-8 -1.629208270514937e-7 
vn -1 -4.3711398944878965e-8 -1.629208270514937e-7 
vn -1 -4.3711398944878965e-8 -1.629208270514937e-7 
vn -1 -4.3711398944878965e-8 -1.629208270514937e-7 
vn -1 -4.3711398944878965e-8 -1.629208270514937e-7 
vn -1 -4.3711398944878965e-8 -1.629208270514937e-7 
vn -1 -4.3711398944878965e-8 -1.629208270514937e-7 
vn -1 -4.3711398944878965e-8 -1.629208270514937e-7 
vn -1 -4.3711398944878965e-8 -1.629208270514937e-7 
vn -1 -4.3711398944878965e-8 -1.629208270514937e-7 
vn -1 -4.3711398944878965e-8 -1.629208270514937e-7 
vn -1 -4.3711398944878965e-8 -1.629208270514937e-7 
vn -1 -4.3711398944878965e-8 -1.629208270514937e-7 
vn -1 -4.3711398944878965e-8 -1.629208270514937e-7 
vn -1 -4.3711398944878965e-8 -1.629208270514937e-7 
vn -1 -4.3711398944878965e-8 -1.629208270514937e-7 
vn -1 -4.3711398944878965e-8 -1.629208270514937e-7 
vn -1 -4.3711398944878965e-8 -1.629208270514937e-7 
vn -1 -4.3711398944878965e-8 -1.629208270514937e-7 
vn -1 -4.3711398944878965e-8 -1.629208270514937e-7 
vn -1 -4.3711398944878965e-8 -1.629208270514937e-7 
vn -1 -4.3711398944878965e-8 -1.629208270514937e-7 
vn -1 -4.3711398944878965e-8 -1.629208270514937e-7 
vn -0.26970532536506653 0.9629355072975159 0.002761222654953599 
vn -0.26970532536506653 0.9629355072975159 0.002761222654953599 
vn -0.26970532536506653 0.9629355072975159 0.002761222654953599 
vn -0.26970532536506653 0.9629355072975159 0.002761222654953599 
vn -0.2654951512813568 0.0037718936800956726 -0.7057610154151917 
vn -0.2654951512813568 0.0037718936800956726 -0.7057610154151917 
vn -0.2654951512813568 0.0037718936800956726 -0.7057610154151917 
vn -0.2654951512813568 0.0037718936800956726 -0.7057610154151917 
vn -0.26970526576042175 -0.9629355072975159 0.002761222654953599 
vn -0.26970526576042175 -0.9629355072975159 0.002761222654953599 
vn -0.26970526576042175 -0.9629355072975159 0.002761222654953599 
vn -0.26970526576042175 -0.9629355072975159 0.002761222654953599 
vn -0.2654953896999359 -1.1605170158190958e-8 0.7057663202285767 
vn -0.2654953896999359 -1.1605170158190958e-8 0.7057663202285767 
vn -0.2654953896999359 -1.1605170158190958e-8 0.7057663202285767 
vn -0.2654953896999359 -1.1605170158190958e-8 0.7057663202285767 
vn -0.4526273310184479 -0.8916977643966675 -0.0013800854794681072 
vn -0.4526273310184479 -0.8916977643966675 -0.0013800854794681072 
vn -0.4526273310184479 -0.8916977643966675 -0.0013800854794681072 
vn -0.4526273310184479 -0.8916977643966675 -0.0013800854794681072 
vn -0.311509370803833 -1.3616505256663913e-8 0.69561368227005 
vn -0.311509370803833 -1.3616505256663913e-8 0.69561368227005 
vn -0.311509370803833 -1.3616505256663913e-8 0.69561368227005 
vn -0.311509370803833 -1.3616505256663913e-8 0.69561368227005 
vn -0.45262739062309265 0.8916977643966675 -0.0013800854794681072 
vn -0.45262739062309265 0.8916977643966675 -0.0013800854794681072 
vn -0.45262739062309265 0.8916977643966675 -0.0013800854794681072 
vn -0.45262739062309265 0.8916977643966675 -0.0013800854794681072 
vn -0.3115091323852539 0.003774030599743128 -0.6956082582473755 
vn -0.3115091323852539 0.003774030599743128 -0.6956082582473755 
vn -0.3115091323852539 0.003774030599743128 -0.6956082582473755 
vn -0.3115091323852539 0.003774030599743128 -0.6956082582473755 
vn -0.08945275843143463 -0.9959892630577087 0.0013814951526001096 
vn -0.08945275843143463 -0.9959892630577087 0.0013814951526001096 
vn -0.08945275843143463 -0.9959892630577087 0.0013814951526001096 
vn -0.08945275843143463 -0.9959892630577087 0.0013814951526001096 
vn -0.08945275843143463 -0.9959892630577087 0.0013814951526001096 
vn -0.08945275843143463 -0.9959892630577087 0.0013814951526001096 
vn -0.0851002037525177 -3.719843766347708e-9 0.7293820977210999 
vn -0.0851002037525177 -3.719843766347708e-9 0.7293820977210999 
vn -0.0851002037525177 -3.719843766347708e-9 0.7293820977210999 
vn -0.0851002037525177 -3.719843766347708e-9 0.7293820977210999 
vn -0.0851002037525177 -3.719843766347708e-9 0.7293820977210999 
vn -0.0851002037525177 -3.719843766347708e-9 0.7293820977210999 
vn -0.0894528478384018 0.9959892630577087 0.0013814951526001096 
vn -0.0894528478384018 0.9959892630577087 0.0013814951526001096 
vn -0.0894528478384018 0.9959892630577087 0.0013814951526001096 
vn -0.0894528478384018 0.9959892630577087 0.0013814951526001096 
vn -0.0894528478384018 0.9959892630577087 0.0013814951526001096 
vn -0.0894528478384018 0.9959892630577087 0.0013814951526001096 
vn -0.0850999653339386 0.0037758571561425924 -0.7293768525123596 
vn -0.0850999653339386 0.0037758571561425924 -0.7293768525123596 
vn -0.0850999653339386 0.0037758571561425924 -0.7293768525123596 
vn -0.0850999653339386 0.0037758571561425924 -0.7293768525123596 
vn -0.0850999653339386 0.0037758571561425924 -0.7293768525123596 
vn -0.0850999653339386 0.0037758571561425924 -0.7293768525123596 
vn -0.7927989363670349 -3.465434872396145e-8 0.44616463780403137 
vn -0.5287248492240906 -2.3111297764444316e-8 0.6213485598564148 
vn -0.5287248492240906 -2.3111297764444316e-8 0.6213485598564148 
vn -0.2612802982330322 -1.1420921985916266e-8 0.706608772277832 
vn -0.2612802982330322 -1.1420921985916266e-8 0.706608772277832 
vn -0.0021848133765161037 -9.549604162994996e-11 0.7320358753204346 
vn -0.0021848133765161037 -9.549604162994996e-11 0.7320358753204346 
vn 0.2612800598144531 1.1420921985916266e-8 0.7066088914871216 
vn 0.2612800598144531 1.1420921985916266e-8 0.7066088914871216 
vn 0.5287246108055115 2.3111297764444316e-8 0.6213487386703491 
vn 0.5287246108055115 2.3111297764444316e-8 0.6213487386703491 
vn 0.7927988171577454 3.465434872396145e-8 0.4461648762226105 
vn 0.7927988171577454 3.465434872396145e-8 0.4461648762226105 
vn -0.7927989363670349 -3.465434872396145e-8 0.44616463780403137 
vn 0.7927988171577454 3.465434872396145e-8 0.4461648762226105 
vn 0.9733054637908936 4.254454566421373e-8 0.16801263391971588 
vn 0.7927988171577454 3.465434872396145e-8 0.4461648762226105 
vn 0.9733054637908936 4.254454566421373e-8 0.16801263391971588 
vn 0.9733054637908936 -0.0037748541217297316 -0.1679895967245102 
vn 0.9733054637908936 -0.0037748541217297316 -0.1679895967245102 
vn 0.7927989363670349 -0.003776565194129944 -0.4461560845375061 
vn 0.7927989363670349 -0.003776565194129944 -0.4461560845375061 
vn 0.7927989363670349 -0.003776565194129944 -0.4461560845375061 
vn 0.7927989363670349 -0.003776565194129944 -0.4461560845375061 
vn 0.5287248492240906 2.3111121905117216e-8 -0.6213485598564148 
vn 0.5287248492240906 2.3111121905117216e-8 -0.6213485598564148 
vn 0.2612802982330322 -0.003776396391913295 -0.7066034078598022 
vn 0.2612802982330322 -0.003776396391913295 -0.7066034078598022 
vn 0.0021848133765161037 9.52892209582501e-11 -0.7320358753204346 
vn -0.002184574957937002 -9.570286230164982e-11 -0.7320358753204346 
vn -0.2612800598144531 -1.1421121826060698e-8 -0.7066088914871216 
vn -0.2612800598144531 -1.1421121826060698e-8 -0.7066088914871216 
vn -0.5287246108055115 0.003771623596549034 -0.621342658996582 
vn -0.5287246108055115 0.003771623596549034 -0.621342658996582 
vn -0.7927988171577454 -3.4654476621653885e-8 -0.4461648762226105 
vn -0.7927988171577454 -3.4654476621653885e-8 -0.4461648762226105 
vn -0.7927988171577454 -3.4654476621653885e-8 -0.4461648762226105 
vn -0.7927988171577454 -3.4654476621653885e-8 -0.4461648762226105 
vn -0.9733054637908936 -4.254459184949155e-8 -0.16801263391971588 
vn -0.9733054637908936 -4.254459184949155e-8 -0.16801263391971588 
vn -0.9733054637908936 -4.254454566421373e-8 0.1680123209953308 
vn -0.9733054637908936 -4.254454566421373e-8 0.1680123209953308 
vn -0.7927989363670349 -3.465434872396145e-8 0.44616463780403137 
vn -0.7927989363670349 -3.465434872396145e-8 0.44616463780403137 
vn -0.00218473793938756 0.999997615814209 -3.5601502301751964e-10 
vn -0.00218473793938756 0.999997615814209 -3.5601502301751964e-10 
vn -0.00218473793938756 0.999997615814209 -3.5601502301751964e-10 
vn -0.00218473793938756 0.999997615814209 -3.5601502301751964e-10 
vn -0.00218473793938756 0.999997615814209 -3.5601502301751964e-10 
vn -0.00218473793938756 0.999997615814209 -3.5601502301751964e-10 
vn -0.00218473793938756 0.999997615814209 -3.5601502301751964e-10 
vn -0.00218473793938756 0.999997615814209 -3.5601502301751964e-10 
vn -0.00218473793938756 0.999997615814209 -3.5601502301751964e-10 
vn -0.00218473793938756 0.999997615814209 -3.5601502301751964e-10 
vn -0.00218473793938756 0.999997615814209 -3.5601502301751964e-10 
vn -0.00218473793938756 0.999997615814209 -3.5601502301751964e-10 
vn -0.00218473793938756 0.999997615814209 -3.5601502301751964e-10 
vn -0.00218473793938756 0.999997615814209 -3.5601502301751964e-10 
vn -0.00218473793938756 0.999997615814209 -3.5601502301751964e-10 
vn -0.00218473793938756 0.999997615814209 -3.5601502301751964e-10 
vn -0.00218473793938756 0.999997615814209 -3.5601502301751964e-10 
vn -0.00218473793938756 0.999997615814209 -3.5601502301751964e-10 
vn -0.002184803131967783 0.777777373790741 0.4601120352745056 
vn 0.15449203550815582 0.7844026684761047 0.43973758816719055 
vn 0.16742919385433197 0.7886230945587158 0.4331047236919403 
vn 0.31980112195014954 0.811590313911438 0.3579120934009552 
vn -0.002184803131967783 0.777777373790741 0.4601120352745056 
vn -0.15449224412441254 0.7844026684761047 0.4397375285625458 
vn -0.16742940247058868 0.7879544496536255 0.4337563216686249 
vn -0.2990269958972931 0.8055335283279419 0.374484658241272 
vn -0.31980130076408386 0.8109521865844727 0.3586862087249756 
vn -0.4251466989517212 0.8351395130157471 0.25547200441360474 
vn -0.4369743764400482 0.8409198522567749 0.23368772864341736 
vn -0.49873819947242737 0.8578325510025024 0.0907948911190033 
vn -0.5025206208229065 0.8571687936782837 0.08260920643806458 
vn -0.498738169670105 0.8578325510025024 -0.09079505503177643 
vn -0.5025205612182617 0.8571687936782837 -0.08260937035083771 
vn -0.42514660954475403 0.8351395130157471 -0.2554721236228943 
vn -0.43697428703308105 0.8395735025405884 -0.2362677901983261 
vn -0.29902687668800354 0.8055335283279419 -0.3744847774505615 
vn -0.3198011815547943 0.8089947700500488 -0.3610472083091736 
vn -0.1544920951128006 0.7844026684761047 -0.43973758816719055 
vn -0.16742926836013794 0.7856813669204712 -0.43596041202545166 
vn -0.00218465318903327 0.777777373790741 -0.4601120352745056 
vn 0.002184735145419836 0.777777373790741 -0.4601120352745056 
vn 0.15449218451976776 0.7844026684761047 -0.4397375285625458 
vn 0.16742932796478271 0.7886230945587158 -0.43310466408729553 
vn 0.2990269362926483 0.8055335283279419 -0.374484658241272 
vn 0.3198012411594391 0.811590313911438 -0.35791197419166565 
vn 0.42514660954475403 0.8342252373695374 -0.25706779956817627 
vn 0.43697428703308105 0.83873450756073 -0.2378590703010559 
vn 0.4987381100654602 0.8575352430343628 -0.09228780120611191 
vn 0.5025205612182617 0.8568993210792542 -0.08409405499696732 
vn 0.4987380802631378 0.8580763936042786 0.08955183625221252 
vn 0.5025205016136169 0.8573930859565735 0.0813525840640068 
vn 0.42514652013778687 0.8356830477714539 0.2545178532600403 
vn 0.4369741976261139 0.83873450756073 0.23785920441150665 
vn 0.29902681708335876 0.8055335283279419 0.3744847774505615 
vn -0.7927989363670349 -3.465434872396145e-8 0.44616463780403137 
vn -0.5287248492240906 -2.3111297764444316e-8 0.6213485598564148 
vn -0.5287248492240906 -2.3111297764444316e-8 0.6213485598564148 
vn -0.2612802982330322 -1.1420921985916266e-8 0.706608772277832 
vn -0.2612802982330322 -1.1420921985916266e-8 0.706608772277832 
vn -0.0021848133765161037 -9.549604162994996e-11 0.7320358753204346 
vn -0.0021848133765161037 -9.549604162994996e-11 0.7320358753204346 
vn 0.2612800598144531 1.1420921985916266e-8 0.7066088914871216 
vn 0.2612800598144531 1.1420921985916266e-8 0.7066088914871216 
vn 0.5287246108055115 2.3111297764444316e-8 0.6213487386703491 
vn 0.5287246108055115 2.3111297764444316e-8 0.6213487386703491 
vn 0.7927988171577454 3.465434872396145e-8 0.4461648762226105 
vn 0.7927988171577454 3.465434872396145e-8 0.4461648762226105 
vn -0.7927989363670349 -3.465434872396145e-8 0.44616463780403137 
vn 0.7927988171577454 3.465434872396145e-8 0.4461648762226105 
vn 0.9733054637908936 4.254454566421373e-8 0.16801263391971588 
vn 0.7927988171577454 3.465434872396145e-8 0.4461648762226105 
vn 0.9733054637908936 4.254454566421373e-8 0.16801263391971588 
vn 0.9733054637908936 -0.0037748541217297316 -0.1679895967245102 
vn 0.9733054637908936 -0.0037748541217297316 -0.1679895967245102 
vn 0.7927989363670349 -0.003776565194129944 -0.4461560845375061 
vn 0.7927989363670349 -0.003776565194129944 -0.4461560845375061 
vn 0.7927989363670349 -0.003776565194129944 -0.4461560845375061 
vn 0.7927989363670349 -0.003776565194129944 -0.4461560845375061 
vn 0.5287248492240906 2.3111121905117216e-8 -0.6213485598564148 
vn 0.5287248492240906 2.3111121905117216e-8 -0.6213485598564148 
vn 0.2612802982330322 -0.003776396391913295 -0.7066034078598022 
vn 0.2612802982330322 -0.003776396391913295 -0.7066034078598022 
vn 0.0021848133765161037 9.52892209582501e-11 -0.7320358753204346 
vn 0.0021848133765161037 9.52892209582501e-11 -0.7320358753204346 
vn -0.2612800598144531 -1.1421121826060698e-8 -0.7066088914871216 
vn -0.2612800598144531 -1.1421121826060698e-8 -0.7066088914871216 
vn -0.5287246108055115 0.003771623596549034 -0.621342658996582 
vn -0.5287246108055115 0.003771623596549034 -0.621342658996582 
vn -0.7927988171577454 -3.4654476621653885e-8 -0.4461648762226105 
vn -0.7927988171577454 -3.4654476621653885e-8 -0.4461648762226105 
vn -0.7927988171577454 -3.4654476621653885e-8 -0.4461648762226105 
vn -0.7927988171577454 -3.4654476621653885e-8 -0.4461648762226105 
vn -0.9733054637908936 -4.254459184949155e-8 -0.16801263391971588 
vn -0.9733054637908936 -4.254459184949155e-8 -0.16801263391971588 
vn -0.9733054637908936 -4.254454566421373e-8 0.1680123209953308 
vn -0.9733054637908936 -4.254454566421373e-8 0.1680123209953308 
vn -0.7927989363670349 -3.465434872396145e-8 0.44616463780403137 
vn -0.7927989363670349 -3.465434872396145e-8 0.44616463780403137 
vn -0.00218473793938756 0.999997615814209 -3.5601502301751964e-10 
vn -0.00218473793938756 0.999997615814209 -3.5601502301751964e-10 
vn -0.00218473793938756 0.999997615814209 -3.5601502301751964e-10 
vn -0.00218473793938756 0.999997615814209 -3.5601502301751964e-10 
vn -0.00218473793938756 0.999997615814209 -3.5601502301751964e-10 
vn -0.00218473793938756 0.999997615814209 -3.5601502301751964e-10 
vn -0.00218473793938756 0.999997615814209 -3.5601502301751964e-10 
vn -0.00218473793938756 0.999997615814209 -3.5601502301751964e-10 
vn -0.00218473793938756 0.999997615814209 -3.5601502301751964e-10 
vn -0.00218473793938756 0.999997615814209 -3.5601502301751964e-10 
vn -0.00218473793938756 0.999997615814209 -3.5601502301751964e-10 
vn -0.00218473793938756 0.999997615814209 -3.5601502301751964e-10 
vn -0.00218473793938756 0.999997615814209 -3.5601502301751964e-10 
vn -0.00218473793938756 0.999997615814209 -3.5601502301751964e-10 
vn -0.00218473793938756 0.999997615814209 -3.5601502301751964e-10 
vn -0.00218473793938756 0.999997615814209 -3.5601502301751964e-10 
vn -0.00218473793938756 0.999997615814209 -3.5601502301751964e-10 
vn -0.00218473793938756 0.999997615814209 -3.5601502301751964e-10 
vn -0.002184803131967783 0.777777373790741 0.4601120352745056 
vn 0.15449203550815582 0.7844026684761047 0.43973758816719055 
vn 0.16742919385433197 0.7886230945587158 0.4331047236919403 
vn 0.31980112195014954 0.811590313911438 0.3579120934009552 
vn -0.002184803131967783 0.777777373790741 0.4601120352745056 
vn -0.15449224412441254 0.7844026684761047 0.4397375285625458 
vn -0.16742940247058868 0.7879544496536255 0.4337563216686249 
vn -0.2990269958972931 0.8055335283279419 0.374484658241272 
vn -0.31980130076408386 0.8109521865844727 0.3586862087249756 
vn -0.4251466989517212 0.8351395130157471 0.25547200441360474 
vn -0.4369743764400482 0.8409198522567749 0.23368772864341736 
vn -0.49873819947242737 0.8578325510025024 0.0907948911190033 
vn -0.5025206208229065 0.8571687936782837 0.08260920643806458 
vn -0.498738169670105 0.8578325510025024 -0.09079505503177643 
vn -0.5025205612182617 0.8571687936782837 -0.08260937035083771 
vn -0.42514660954475403 0.8351395130157471 -0.2554721236228943 
vn -0.43697428703308105 0.8395735025405884 -0.2362677901983261 
vn -0.29902687668800354 0.8055335283279419 -0.3744847774505615 
vn -0.3198011815547943 0.8089947700500488 -0.3610472083091736 
vn -0.1544920951128006 0.7844026684761047 -0.43973758816719055 
vn -0.16742926836013794 0.7856813669204712 -0.43596041202545166 
vn -0.00218465318903327 0.777777373790741 -0.4601120352745056 
vn 0.002184735145419836 0.777777373790741 -0.4601120352745056 
vn 0.15449218451976776 0.7844026684761047 -0.4397375285625458 
vn 0.16742932796478271 0.7886230945587158 -0.43310466408729553 
vn 0.2990269362926483 0.8055335283279419 -0.374484658241272 
vn 0.3198012411594391 0.811590313911438 -0.35791197419166565 
vn 0.42514660954475403 0.8342252373695374 -0.25706779956817627 
vn 0.43697428703308105 0.83873450756073 -0.2378590703010559 
vn 0.4987381100654602 0.8575352430343628 -0.09228780120611191 
vn 0.5025205612182617 0.8568993210792542 -0.08409405499696732 
vn 0.4987380802631378 0.8580763936042786 0.08955183625221252 
vn 0.5025205016136169 0.8573930859565735 0.0813525840640068 
vn 0.42514652013778687 0.8356830477714539 0.2545178532600403 
vn 0.4369741976261139 0.83873450756073 0.23785920441150665 
vn 0.29902681708335876 0.8055335283279419 0.3744847774505615 
vn -0.7927989363670349 -3.465434872396145e-8 0.44616463780403137 
vn -0.5287248492240906 -2.3111297764444316e-8 0.6213485598564148 
vn -0.5287248492240906 -2.3111297764444316e-8 0.6213485598564148 
vn -0.2612802982330322 -1.1420921985916266e-8 0.706608772277832 
vn -0.2612802982330322 -1.1420921985916266e-8 0.706608772277832 
vn -0.0021848133765161037 -9.549604162994996e-11 0.7320358753204346 
vn -0.0021848133765161037 -9.549604162994996e-11 0.7320358753204346 
vn 0.2612800598144531 1.1420921985916266e-8 0.7066088914871216 
vn 0.2612800598144531 1.1420921985916266e-8 0.7066088914871216 
vn 0.5287246108055115 2.3111297764444316e-8 0.6213487386703491 
vn 0.5287246108055115 2.3111297764444316e-8 0.6213487386703491 
vn 0.7927988171577454 3.465434872396145e-8 0.4461648762226105 
vn 0.7927988171577454 3.465434872396145e-8 0.4461648762226105 
vn -0.7927989363670349 -3.465434872396145e-8 0.44616463780403137 
vn 0.7927988171577454 3.465434872396145e-8 0.4461648762226105 
vn 0.9733054637908936 4.254454566421373e-8 0.16801263391971588 
vn 0.7927988171577454 3.465434872396145e-8 0.4461648762226105 
vn 0.9733054637908936 4.254454566421373e-8 0.16801263391971588 
vn 0.9733054637908936 -0.0037748541217297316 -0.1679895967245102 
vn 0.9733054637908936 -0.0037748541217297316 -0.1679895967245102 
vn 0.7927989363670349 -0.003776565194129944 -0.4461560845375061 
vn 0.7927989363670349 -0.003776565194129944 -0.4461560845375061 
vn 0.7927989363670349 -0.003776565194129944 -0.4461560845375061 
vn 0.7927989363670349 -0.003776565194129944 -0.4461560845375061 
vn 0.5287248492240906 2.3111121905117216e-8 -0.6213485598564148 
vn 0.5287248492240906 2.3111121905117216e-8 -0.6213485598564148 
vn 0.2612802982330322 -0.003776396391913295 -0.7066034078598022 
vn 0.2612802982330322 -0.003776396391913295 -0.7066034078598022 
vn 0.0021848133765161037 9.52892209582501e-11 -0.7320358753204346 
vn 0.0021848133765161037 9.52892209582501e-11 -0.7320358753204346 
vn -0.2612800598144531 -1.1421121826060698e-8 -0.7066088914871216 
vn -0.2612800598144531 -1.1421121826060698e-8 -0.7066088914871216 
vn -0.5287246108055115 0.003771623596549034 -0.621342658996582 
vn -0.5287246108055115 0.003771623596549034 -0.621342658996582 
vn -0.7927988171577454 -3.4654476621653885e-8 -0.4461648762226105 
vn -0.7927988171577454 -3.4654476621653885e-8 -0.4461648762226105 
vn -0.7927988171577454 -3.4654476621653885e-8 -0.4461648762226105 
vn -0.7927988171577454 -3.4654476621653885e-8 -0.4461648762226105 
vn -0.9733054637908936 -4.254459184949155e-8 -0.16801263391971588 
vn -0.9733054637908936 -4.254459184949155e-8 -0.16801263391971588 
vn -0.9733054637908936 -4.254454566421373e-8 0.1680123209953308 
vn -0.9733054637908936 -4.254454566421373e-8 0.1680123209953308 
vn -0.7927989363670349 -3.465434872396145e-8 0.44616463780403137 
vn -0.7927989363670349 -3.465434872396145e-8 0.44616463780403137 
vn -0.00218473793938756 0.999997615814209 -3.5601502301751964e-10 
vn -0.00218473793938756 0.999997615814209 -3.5601502301751964e-10 
vn -0.00218473793938756 0.999997615814209 -3.5601502301751964e-10 
vn -0.00218473793938756 0.999997615814209 -3.5601502301751964e-10 
vn -0.00218473793938756 0.999997615814209 -3.5601502301751964e-10 
vn -0.00218473793938756 0.999997615814209 -3.5601502301751964e-10 
vn -0.00218473793938756 0.999997615814209 -3.5601502301751964e-10 
vn -0.00218473793938756 0.999997615814209 -3.5601502301751964e-10 
vn -0.00218473793938756 0.999997615814209 -3.5601502301751964e-10 
vn -0.00218473793938756 0.999997615814209 -3.5601502301751964e-10 
vn -0.00218473793938756 0.999997615814209 -3.5601502301751964e-10 
vn -0.00218473793938756 0.999997615814209 -3.5601502301751964e-10 
vn -0.00218473793938756 0.999997615814209 -3.5601502301751964e-10 
vn -0.00218473793938756 0.999997615814209 -3.5601502301751964e-10 
vn -0.00218473793938756 0.999997615814209 -3.5601502301751964e-10 
vn -0.00218473793938756 0.999997615814209 -3.5601502301751964e-10 
vn -0.00218473793938756 0.999997615814209 -3.5601502301751964e-10 
vn -0.00218473793938756 0.999997615814209 -3.5601502301751964e-10 
vn -0.002184803131967783 0.777777373790741 0.4601120352745056 
vn 0.15449203550815582 0.7844026684761047 0.43973758816719055 
vn 0.16742919385433197 0.7886230945587158 0.4331047236919403 
vn 0.31980112195014954 0.811590313911438 0.3579120934009552 
vn -0.002184803131967783 0.777777373790741 0.4601120352745056 
vn -0.15449224412441254 0.7844026684761047 0.4397375285625458 
vn -0.16742940247058868 0.7879544496536255 0.4337563216686249 
vn -0.2990269958972931 0.8055335283279419 0.374484658241272 
vn -0.31980130076408386 0.8109521865844727 0.3586862087249756 
vn -0.4251466989517212 0.8351395130157471 0.25547200441360474 
vn -0.4369743764400482 0.8409198522567749 0.23368772864341736 
vn -0.49873819947242737 0.8578325510025024 0.0907948911190033 
vn -0.5025206208229065 0.8571687936782837 0.08260920643806458 
vn -0.498738169670105 0.8578325510025024 -0.09079505503177643 
vn -0.5025205612182617 0.8571687936782837 -0.08260937035083771 
vn -0.42514660954475403 0.8351395130157471 -0.2554721236228943 
vn -0.43697428703308105 0.8395735025405884 -0.2362677901983261 
vn -0.29902687668800354 0.8055335283279419 -0.3744847774505615 
vn -0.3198011815547943 0.8089947700500488 -0.3610472083091736 
vn -0.1544920951128006 0.7844026684761047 -0.43973758816719055 
vn -0.16742926836013794 0.7856813669204712 -0.43596041202545166 
vn -0.00218465318903327 0.777777373790741 -0.4601120352745056 
vn 0.002184735145419836 0.777777373790741 -0.4601120352745056 
vn 0.15449218451976776 0.7844026684761047 -0.4397375285625458 
vn 0.16742932796478271 0.7886230945587158 -0.43310466408729553 
vn 0.2990269362926483 0.8055335283279419 -0.374484658241272 
vn 0.3198012411594391 0.811590313911438 -0.35791197419166565 
vn 0.42514660954475403 0.8342252373695374 -0.25706779956817627 
vn 0.43697428703308105 0.83873450756073 -0.2378590703010559 
vn 0.4987381100654602 0.8575352430343628 -0.09228780120611191 
vn 0.5025205612182617 0.8568993210792542 -0.08409405499696732 
vn 0.4987380802631378 0.8580763936042786 0.08955183625221252 
vn 0.5025205016136169 0.8573930859565735 0.0813525840640068 
vn 0.42514652013778687 0.8356830477714539 0.2545178532600403 
vn 0.4369741976261139 0.83873450756073 0.23785920441150665 
vn 0.29902681708335876 0.8055335283279419 0.3744847774505615 
vn -0.7395281791687012 -0.6731230616569519 0.0013795836130157113 
vn -0.7395281791687012 -0.6731230616569519 0.0013795836130157113 
vn -0.7395281791687012 -0.6731230616569519 0.0013795836130157113 
vn -0.7395281791687012 -0.6731230616569519 0.0013795836130157113 
vn -0.7365800142288208 -3.219694022504882e-8 0.49511387944221497 
vn -0.7365800142288208 -3.219694022504882e-8 0.49511387944221497 
vn -0.7365800142288208 -3.219694022504882e-8 0.49511387944221497 
vn -0.7365800142288208 -3.219694022504882e-8 0.49511387944221497 
vn -0.7365800142288208 -3.219694022504882e-8 0.49511387944221497 
vn -0.7365800142288208 -3.219694022504882e-8 0.49511387944221497 
vn -0.7395281791687012 0.6731229424476624 0.0013795836130157113 
vn -0.7395281791687012 0.6731229424476624 0.0013795836130157113 
vn -0.7395281791687012 0.6731229424476624 0.0013795836130157113 
vn -0.7395281791687012 0.6731229424476624 0.0013795836130157113 
vn -0.7365798950195312 -3.219708233359597e-8 -0.49511411786079407 
vn -0.7365798950195312 -3.219708233359597e-8 -0.49511411786079407 
vn -0.7365798950195312 -3.219708233359597e-8 -0.49511411786079407 
vn -0.7365798950195312 -3.219708233359597e-8 -0.49511411786079407 
vn -0.7365798950195312 -3.219708233359597e-8 -0.49511411786079407 
vn -0.7365798950195312 -3.219708233359597e-8 -0.49511411786079407 
vn -0.7365800142288208 -3.219694022504882e-8 0.49511387944221497 
vn -0.7365800142288208 -3.219694022504882e-8 0.49511387944221497 
vn -0.7365800142288208 -3.219694022504882e-8 0.49511387944221497 
vn -0.7365800142288208 -3.219694022504882e-8 0.49511387944221497 
vn -0.7365800142288208 -3.219694022504882e-8 0.49511387944221497 
vn -0.7365800142288208 -3.219694022504882e-8 0.49511387944221497 
vn -0.7365798950195312 -3.219708233359597e-8 -0.49511411786079407 
vn -0.7365798950195312 -3.219708233359597e-8 -0.49511411786079407 
vn -0.7365798950195312 -3.219708233359597e-8 -0.49511411786079407 
vn -0.7365798950195312 -3.219708233359597e-8 -0.49511411786079407 
vn -0.7365798950195312 -3.219708233359597e-8 -0.49511411786079407 
vn -0.7365798950195312 -3.219708233359597e-8 -0.49511411786079407 
vn -0.7395281791687012 -0.6731230616569519 0.0013795836130157113 
vn -0.7395281791687012 -0.6731230616569519 0.0013795836130157113 
vn -0.7395281791687012 -0.6731230616569519 0.0013795836130157113 
vn -0.7395281791687012 -0.6731230616569519 0.0013795836130157113 
vn -0.7395281791687012 0.6731229424476624 0.0013795836130157113 
vn -0.7395281791687012 0.6731229424476624 0.0013795836130157113 
vn -0.7395281791687012 0.6731229424476624 0.0013795836130157113 
vn -0.7395281791687012 0.6731229424476624 0.0013795836130157113 
vn -0.7365800142288208 -3.219694022504882e-8 0.49511387944221497 
vn -0.7365800142288208 -3.219694022504882e-8 0.49511387944221497 
vn -0.7365800142288208 -3.219694022504882e-8 0.49511387944221497 
vn -0.7365800142288208 -3.219694022504882e-8 0.49511387944221497 
vn -0.7365798950195312 -3.219708233359597e-8 -0.49511411786079407 
vn -0.7365798950195312 -3.219708233359597e-8 -0.49511411786079407 
vn -0.7365798950195312 -3.219708233359597e-8 -0.49511411786079407 
vn -0.7365798950195312 -3.219708233359597e-8 -0.49511411786079407 
vn -0.736579954624176 -0.6763505339622498 -1.2000406002243835e-7 
vn -0.736579954624176 -0.6763505339622498 -1.2000406002243835e-7 
vn -0.736579954624176 -0.6763505339622498 -1.2000406002243835e-7 
vn -0.736579954624176 -0.6763505339622498 -1.2000406002243835e-7 
vn -0.736579954624176 0.6763504147529602 -1.2000427318525908e-7 
vn -0.736579954624176 0.6763504147529602 -1.2000427318525908e-7 
vn -0.736579954624176 0.6763504147529602 -1.2000427318525908e-7 
vn -0.736579954624176 0.6763504147529602 -1.2000427318525908e-7 
vn -1 -4.3711398944878965e-8 -1.629208270514937e-7 
vn -1 -4.3711398944878965e-8 -1.629208270514937e-7 
vn -1 -4.3711398944878965e-8 -1.629208270514937e-7 
vn -1 -4.3711398944878965e-8 -1.629208270514937e-7 
vn -1 -4.3711398944878965e-8 -1.629208270514937e-7 
vn -1 -4.3711398944878965e-8 -1.629208270514937e-7 
vn -1 -4.3711398944878965e-8 -1.629208270514937e-7 
vn -1 -4.3711398944878965e-8 -1.629208270514937e-7 
vn -1 -4.3711398944878965e-8 -1.629208270514937e-7 
vn -1 -4.3711398944878965e-8 -1.629208270514937e-7 
vn -1 -4.3711398944878965e-8 -1.629208270514937e-7 
vn -1 -4.3711398944878965e-8 -1.629208270514937e-7 
vn -1 -4.3711398944878965e-8 -1.629208270514937e-7 
vn -1 -4.3711398944878965e-8 -1.629208270514937e-7 
vn -1 -4.3711398944878965e-8 -1.629208270514937e-7 
vn -1 -4.3711398944878965e-8 -1.629208270514937e-7 
vn -1 -4.3711398944878965e-8 -1.629208270514937e-7 
vn -1 -4.3711398944878965e-8 -1.629208270514937e-7 
vn -1 -4.3711398944878965e-8 -1.629208270514937e-7 
vn -1 -4.3711398944878965e-8 -1.629208270514937e-7 
vn -1 -4.3711398944878965e-8 -1.629208270514937e-7 
vn -1 -4.3711398944878965e-8 -1.629208270514937e-7 
vn -1 -4.3711398944878965e-8 -1.629208270514937e-7 
vn -1 -4.3711398944878965e-8 -1.629208270514937e-7 
vn -1 -4.3711398944878965e-8 -1.629208270514937e-7 
vn -1 -4.3711398944878965e-8 -1.629208270514937e-7 
vn -1 -4.3711398944878965e-8 -1.629208270514937e-7 
vn -1 -4.3711398944878965e-8 -1.629208270514937e-7 
vn -1 -4.3711398944878965e-8 -1.629208270514937e-7 
vn -1 -4.3711398944878965e-8 -1.629208270514937e-7 
vn -1 -4.3711398944878965e-8 -1.629208270514937e-7 
vn -1 -4.3711398944878965e-8 -1.629208270514937e-7 
vn -1 -4.3711398944878965e-8 -1.629208270514937e-7 
vn -1 -4.3711398944878965e-8 -1.629208270514937e-7 
vn -1 -4.3711398944878965e-8 -1.629208270514937e-7 
vn -1 -4.3711398944878965e-8 -1.629208270514937e-7 
vn -1 -4.3711398944878965e-8 -1.629208270514937e-7 
vn -1 -4.3711398944878965e-8 -1.629208270514937e-7 
vn -1 -4.3711398944878965e-8 -1.629208270514937e-7 
vn -1 -4.3711398944878965e-8 -1.629208270514937e-7 
vn -1 -4.3711398944878965e-8 -1.629208270514937e-7 
vn -1 -4.3711398944878965e-8 -1.629208270514937e-7 
vn -1 -4.3711398944878965e-8 -1.629208270514937e-7 
vn -1 -4.3711398944878965e-8 -1.629208270514937e-7 
vn -1 -4.3711398944878965e-8 -1.629208270514937e-7 
vn -1 -4.3711398944878965e-8 -1.629208270514937e-7 
vn -1 -4.3711398944878965e-8 -1.629208270514937e-7 
vn -1 -4.3711398944878965e-8 -1.629208270514937e-7 
vn -0.7395281791687012 -0.6731230616569519 0.0013795836130157113 
vn -0.7395281791687012 0.6731229424476624 0.0013795836130157113 
vn -0.7395281791687012 -0.6731230616569519 0.0013795836130157113 
vn -0.7395281791687012 0.6731229424476624 0.0013795836130157113 
vt -0.06734000146389008 0.03548891842365265 
vt 0.057186149060726166 0.03548891842365265 
vt -0.06734000146389008 0.03548891842365265 
vt 0.057186149060726166 0.03548891842365265 
vt -0.06227584928274155 0.14509667456150055 
vt -0.06227584928274155 0.14509667456150055 
vt -0.04643414914608002 0.14509667456150055 
vt -0.04643414914608002 0.14509667456150055 
vt -0.03422825038433075 0.14509667456150055 
vt -0.03422825038433075 0.14509667456150055 
vt 0.024204250425100327 0.14509667456150055 
vt 0.024204250425100327 0.14509667456150055 
vt 0.037578798830509186 0.14509667456150055 
vt 0.037578798830509186 0.14509667456150055 
vt 0.052251849323511124 0.14509667456150055 
vt 0.052251849323511124 0.14509667456150055 
vt 0.057186149060726166 0.15640726685523987 
vt 0.057186149060726166 0.15640726685523987 
vt -0.06734000146389008 0.15640726685523987 
vt -0.06734000146389008 0.15640726685523987 
vt 0.057186149060726166 0.03817081078886986 
vt -0.017477599903941154 0.03817081078886986 
vt 0.057186149060726166 0.15640726685523987 
vt -0.017477599903941154 0.15640726685523987 
vt -0.06734000146389008 0.03817081078886986 
vt -0.06734000146389008 0.03817081078886986 
vt 0.057186149060726166 0.03817081078886986 
vt 0.057186149060726166 0.03817081078886986 
vt 0.057186149060726166 0.15640726685523987 
vt -0.017477599903941154 0.15640726685523987 
vt 0.057186149060726166 0.03817081078886986 
vt -0.017477599903941154 0.03817081078886986 
vt 0.052251849323511124 0.14509667456150055 
vt 0.0449802502989769 0.14509667456150055 
vt 0.052251849323511124 0.14509667456150055 
vt 0.0449802502989769 0.14509667456150055 
vt 0.052251849323511124 0.14509667456150055 
vt 0.024204250425100327 0.14509667456150055 
vt 0.024204250425100327 0.14509667456150055 
vt -0.03422825038433075 0.14509667456150055 
vt -0.03422825038433075 0.14509667456150055 
vt -0.05643260106444359 0.14509667456150055 
vt -0.03422825038433075 0.14509667456150055 
vt -0.06227584928274155 0.14509667456150055 
vt -0.06227584928274155 0.14509667456150055 
vt -0.05643260106444359 0.14509667456150055 
vt -0.06227584928274155 0.14509667456150055 
vt -0.04643414914608002 0.14509667456150055 
vt -0.06227584928274155 0.14509667456150055 
vt -0.04643414914608002 0.14509667456150055 
vt -0.03422825038433075 0.14509667456150055 
vt 0.024204250425100327 0.14509667456150055 
vt 0.024204250425100327 0.14509667456150055 
vt 0.037578798830509186 0.14509667456150055 
vt 0.037578798830509186 0.14509667456150055 
vt 0.052251849323511124 0.14509667456150055 
vt -0.06227584928274155 0.14509667456150055 
vt -0.06227584928274155 0.14509667456150055 
vt -0.05643260106444359 0.14509667456150055 
vt -0.05643260106444359 0.14509667456150055 
vt -0.03422825038433075 0.14509667456150055 
vt -0.03422825038433075 0.14509667456150055 
vt 0.024204250425100327 0.14509667456150055 
vt 0.024204250425100327 0.14509667456150055 
vt 0.0449802502989769 0.14509667456150055 
vt 0.0449802502989769 0.14509667456150055 
vt 0.052251849323511124 0.14509667456150055 
vt 0.052251849323511124 0.14509667456150055 
vt -0.03422825038433075 0.0735018253326416 
vt 0.024204250425100327 0.0735018253326416 
vt -0.03163124993443489 0.07513427734375 
vt 0.021607249975204468 0.07513427734375 
vt -0.05565350130200386 0.12095965445041656 
vt -0.05565350130200386 0.0735018253326416 
vt -0.06734000146389008 0.11932719498872757 
vt -0.06734000146389008 0.07513427734375 
vt 0.024204250425100327 0.12095965445041656 
vt -0.03422825038433075 0.12095965445041656 
vt 0.021607249975204468 0.11932719498872757 
vt -0.03163124993443489 0.11932719498872757 
vt -0.05565350130200386 0.0735018253326416 
vt -0.05565350130200386 0.12095965445041656 
vt -0.06734000146389008 0.07513427734375 
vt -0.06734000146389008 0.11932719498872757 
vt 0.056017499417066574 0.1552412211894989 
vt 0.057186149060726166 0.15640726685523987 
vt -0.06617134809494019 0.1552412211894989 
vt -0.06734000146389008 0.15640726685523987 
vt -0.021892499178647995 0.03922024741768837 
vt -0.017477599903941154 0.03817081078886986 
vt -0.021892499178647995 0.1552412211894989 
vt -0.017477599903941154 0.15640726685523987 
vt -0.06617134809494019 0.03922024741768837 
vt -0.06734000146389008 0.03817081078886986 
vt 0.056017499417066574 0.03922024741768837 
vt 0.057186149060726166 0.03817081078886986 
vt -0.021892499178647995 0.1552412211894989 
vt -0.017477599903941154 0.15640726685523987 
vt -0.021892499178647995 0.03922024741768837 
vt -0.017477599903941154 0.03817081078886986 
vt 0.05381004884839058 0.1538419872522354 
vt 0.056017499417066574 0.1552412211894989 
vt 0.024204250425100327 0.1538419872522354 
vt -0.03422825038433075 0.1538419872522354 
vt -0.06396389752626419 0.1538419872522354 
vt -0.06617134809494019 0.1552412211894989 
vt -0.05383560061454773 0.04061949625611305 
vt -0.021892499178647995 0.03922024741768837 
vt -0.05383560061454773 0.0735018253326416 
vt -0.05383560061454773 0.12095965445041656 
vt -0.05383560061454773 0.1538419872522354 
vt -0.021892499178647995 0.1552412211894989 
vt -0.06396389752626419 0.04061949625611305 
vt -0.06617134809494019 0.03922024741768837 
vt -0.03422825038433075 0.04061949625611305 
vt 0.024204250425100327 0.04061949625611305 
vt 0.05381004884839058 0.04061949625611305 
vt 0.056017499417066574 0.03922024741768837 
vt -0.05383560061454773 0.1538419872522354 
vt -0.021892499178647995 0.1552412211894989 
vt -0.05383560061454773 0.12095965445041656 
vt -0.05383560061454773 0.0735018253326416 
vt -0.05383560061454773 0.04061949625611305 
vt -0.021892499178647995 0.03922024741768837 
vt -0.0016359000001102686 0.04761573672294617 
vt 0.004207349848002195 0.03618854284286499 
vt 0.004207349848002195 0.04761573672294617 
vt 0.01199834980070591 0.03618854284286499 
vt 0.01199834980070591 0.04761573672294617 
vt 0.02082815021276474 0.03618854284286499 
vt 0.02082815021276474 0.04761573672294617 
vt 0.02965795062482357 0.03618854284286499 
vt 0.02965795062482357 0.04761573672294617 
vt 0.037448950111866 0.03618854284286499 
vt 0.037448950111866 0.04761573672294617 
vt 0.043292198330163956 0.03618854284286499 
vt 0.043292198330163956 0.04761573672294617 
vt -0.0016359000001102686 0.03618854284286499 
vt -0.03357899934053421 0.04913158714771271 
vt -0.03864315152168274 0.04609988257288933 
vt -0.03357899934053421 0.04913158714771271 
vt -0.03864315152168274 0.04609988257288933 
vt -0.044096849858760834 0.04609988257288933 
vt -0.044096849858760834 0.04609988257288933 
vt -0.049160998314619064 0.04913158714771271 
vt -0.049160998314619064 0.04913158714771271 
vt 0.043292198330163956 0.03618854284286499 
vt 0.043292198330163956 0.04761573672294617 
vt 0.037448950111866 0.03618854284286499 
vt 0.037448950111866 0.04761573672294617 
vt 0.02965795062482357 0.03618854284286499 
vt 0.02965795062482357 0.04761573672294617 
vt 0.02082815021276474 0.03618854284286499 
vt 0.02082815021276474 0.04761573672294617 
vt 0.01199834980070591 0.03618854284286499 
vt 0.01199834980070591 0.04761573672294617 
vt 0.004207349848002195 0.03618854284286499 
vt 0.004207349848002195 0.04761573672294617 
vt -0.0016359000001102686 0.03618854284286499 
vt -0.0016359000001102686 0.04761573672294617 
vt -0.049160998314619064 0.09262488037347794 
vt -0.049160998314619064 0.09262488037347794 
vt -0.044096849858760834 0.09565658122301102 
vt -0.044096849858760834 0.09565658122301102 
vt -0.03864315152168274 0.09565658122301102 
vt -0.03864315152168274 0.09565658122301102 
vt -0.03357899934053421 0.09262488037347794 
vt -0.03357899934053421 0.09262488037347794 
vt -0.02786559984087944 0.03548891842365265 
vt -0.03033274970948696 0.03548891842365265 
vt -0.027086500078439713 0.03548891842365265 
vt -0.03422825038433075 0.03548891842365265 
vt -0.038902848958969116 0.03548891842365265 
vt -0.04383714869618416 0.03548891842365265 
vt -0.048511750996112823 0.03548891842365265 
vt -0.052277401089668274 0.03548891842365265 
vt -0.054744549095630646 0.03548891842365265 
vt -0.05565350130200386 0.03548891842365265 
vt -0.054744549095630646 0.03548891842365265 
vt -0.052277401089668274 0.03548891842365265 
vt -0.048511750996112823 0.03548891842365265 
vt -0.04383714869618416 0.03548891842365265 
vt -0.038902848958969116 0.03548891842365265 
vt -0.03422825038433075 0.03548891842365265 
vt -0.03033274970948696 0.03548891842365265 
vt -0.02786559984087944 0.03548891842365265 
vt -0.027086500078439713 0.03548891842365265 
vt -0.02786559984087944 0.03548891842365265 
vt -0.02669695019721985 0.03618854284286499 
vt -0.029423799365758896 0.03618854284286499 
vt -0.025787999853491783 0.03618854284286499 
vt -0.02786559984087944 0.03548891842365265 
vt -0.02669695019721985 0.03618854284286499 
vt -0.03033274970948696 0.03548891842365265 
vt -0.029423799365758896 0.03618854284286499 
vt -0.03422825038433075 0.03548891842365265 
vt -0.03357899934053421 0.03618854284286499 
vt -0.038902848958969116 0.03548891842365265 
vt -0.03864315152168274 0.03618854284286499 
vt -0.04383714869618416 0.03548891842365265 
vt -0.044096849858760834 0.03618854284286499 
vt -0.048511750996112823 0.03548891842365265 
vt -0.049160998314619064 0.03618854284286499 
vt -0.052277401089668274 0.03548891842365265 
vt -0.05331619828939438 0.03618854284286499 
vt -0.054744549095630646 0.03548891842365265 
vt -0.05591319873929024 0.03618854284286499 
vt -0.05565350130200386 0.03548891842365265 
vt -0.05695199966430664 0.03618854284286499 
vt -0.054744549095630646 0.03548891842365265 
vt -0.05591319873929024 0.03618854284286499 
vt -0.052277401089668274 0.03548891842365265 
vt -0.05331619828939438 0.03618854284286499 
vt -0.048511750996112823 0.03548891842365265 
vt -0.049160998314619064 0.03618854284286499 
vt -0.04383714869618416 0.03548891842365265 
vt -0.044096849858760834 0.03618854284286499 
vt -0.038902848958969116 0.03548891842365265 
vt -0.03864315152168274 0.03618854284286499 
vt -0.03422825038433075 0.03548891842365265 
vt -0.03357899934053421 0.03618854284286499 
vt -0.03033274970948696 0.03548891842365265 
vt -0.0016359000001102686 0.04761573672294617 
vt 0.004207349848002195 0.04761573672294617 
vt 0.004207349848002195 0.03618854284286499 
vt 0.01199834980070591 0.03618854284286499 
vt 0.01199834980070591 0.04761573672294617 
vt 0.02082815021276474 0.03618854284286499 
vt 0.02082815021276474 0.04761573672294617 
vt 0.02965795062482357 0.03618854284286499 
vt 0.02965795062482357 0.04761573672294617 
vt 0.037448950111866 0.03618854284286499 
vt 0.037448950111866 0.04761573672294617 
vt 0.043292198330163956 0.03618854284286499 
vt 0.043292198330163956 0.04761573672294617 
vt -0.0016359000001102686 0.03618854284286499 
vt 0.002778999973088503 0.04913158714771271 
vt -0.0022851501125842333 0.04609988257288933 
vt 0.002778999973088503 0.04913158714771271 
vt -0.0022851501125842333 0.04609988257288933 
vt -0.007738850079476833 0.04609988257288933 
vt -0.007738850079476833 0.04609988257288933 
vt -0.012803000397980213 0.04913158714771271 
vt -0.012803000397980213 0.04913158714771271 
vt 0.043292198330163956 0.03618854284286499 
vt 0.043292198330163956 0.04761573672294617 
vt 0.037448950111866 0.03618854284286499 
vt 0.037448950111866 0.04761573672294617 
vt 0.02965795062482357 0.03618854284286499 
vt 0.02965795062482357 0.04761573672294617 
vt 0.02082815021276474 0.03618854284286499 
vt 0.02082815021276474 0.04761573672294617 
vt 0.01199834980070591 0.03618854284286499 
vt 0.01199834980070591 0.04761573672294617 
vt 0.004207349848002195 0.03618854284286499 
vt 0.004207349848002195 0.04761573672294617 
vt -0.0016359000001102686 0.03618854284286499 
vt -0.0016359000001102686 0.04761573672294617 
vt -0.012803000397980213 0.09262488037347794 
vt -0.012803000397980213 0.09262488037347794 
vt -0.007738850079476833 0.09565658122301102 
vt -0.007738850079476833 0.09565658122301102 
vt -0.0022851501125842333 0.09565658122301102 
vt -0.0022851501125842333 0.09565658122301102 
vt 0.002778999973088503 0.09262488037347794 
vt 0.002778999973088503 0.09262488037347794 
vt 0.008362550288438797 0.03548891842365265 
vt 0.005895399954169989 0.03548891842365265 
vt 0.009271499700844288 0.03548891842365265 
vt 0.002129750093445182 0.03548891842365265 
vt -0.0025448501110076904 0.03548891842365265 
vt -0.0074791498482227325 0.03548891842365265 
vt -0.012153750285506248 0.03548891842365265 
vt -0.016049249097704887 0.03548891842365265 
vt -0.018516400828957558 0.03548891842365265 
vt -0.019295500591397285 0.03548891842365265 
vt -0.018516400828957558 0.03548891842365265 
vt -0.016049249097704887 0.03548891842365265 
vt -0.012153750285506248 0.03548891842365265 
vt -0.0074791498482227325 0.03548891842365265 
vt -0.0025448501110076904 0.03548891842365265 
vt 0.002129750093445182 0.03548891842365265 
vt 0.005895399954169989 0.03548891842365265 
vt 0.008362550288438797 0.03548891842365265 
vt 0.009271499700844288 0.03548891842365265 
vt 0.008362550288438797 0.03548891842365265 
vt 0.009531199932098389 0.03618854284286499 
vt 0.006934199947863817 0.03618854284286499 
vt 0.010569999925792217 0.03618854284286499 
vt 0.008362550288438797 0.03548891842365265 
vt 0.009531199932098389 0.03618854284286499 
vt 0.005895399954169989 0.03548891842365265 
vt 0.006934199947863817 0.03618854284286499 
vt 0.002129750093445182 0.03548891842365265 
vt 0.002778999973088503 0.03618854284286499 
vt -0.0025448501110076904 0.03548891842365265 
vt -0.0022851501125842333 0.03618854284286499 
vt -0.0074791498482227325 0.03548891842365265 
vt -0.007738850079476833 0.03618854284286499 
vt -0.012153750285506248 0.03548891842365265 
vt -0.012803000397980213 0.03618854284286499 
vt -0.016049249097704887 0.03548891842365265 
vt -0.016958199441432953 0.03618854284286499 
vt -0.018516400828957558 0.03548891842365265 
vt -0.01968505047261715 0.03618854284286499 
vt -0.019295500591397285 0.03548891842365265 
vt -0.020594000816345215 0.03618854284286499 
vt -0.018516400828957558 0.03548891842365265 
vt -0.01968505047261715 0.03618854284286499 
vt -0.016049249097704887 0.03548891842365265 
vt -0.016958199441432953 0.03618854284286499 
vt -0.012153750285506248 0.03548891842365265 
vt -0.012803000397980213 0.03618854284286499 
vt -0.0074791498482227325 0.03548891842365265 
vt -0.007738850079476833 0.03618854284286499 
vt -0.0025448501110076904 0.03548891842365265 
vt -0.0022851501125842333 0.03618854284286499 
vt 0.002129750093445182 0.03548891842365265 
vt 0.002778999973088503 0.03618854284286499 
vt 0.005895399954169989 0.03548891842365265 
vt -0.0016359000001102686 0.04761573672294617 
vt 0.004207349848002195 0.04761573672294617 
vt 0.004207349848002195 0.03618854284286499 
vt 0.01199834980070591 0.03618854284286499 
vt 0.01199834980070591 0.04761573672294617 
vt 0.02082815021276474 0.03618854284286499 
vt 0.02082815021276474 0.04761573672294617 
vt 0.02965795062482357 0.03618854284286499 
vt 0.02965795062482357 0.04761573672294617 
vt 0.037448950111866 0.03618854284286499 
vt 0.037448950111866 0.04761573672294617 
vt 0.043292198330163956 0.03618854284286499 
vt 0.043292198330163956 0.04761573672294617 
vt -0.0016359000001102686 0.03618854284286499 
vt 0.03783849999308586 0.04913158714771271 
vt 0.03277435153722763 0.04609988257288933 
vt 0.03783849999308586 0.04913158714771271 
vt 0.03277435153722763 0.04609988257288933 
vt 0.027320649474859238 0.04609988257288933 
vt 0.027320649474859238 0.04609988257288933 
vt 0.022256499156355858 0.04913158714771271 
vt 0.022256499156355858 0.04913158714771271 
vt 0.043292198330163956 0.03618854284286499 
vt 0.043292198330163956 0.04761573672294617 
vt 0.037448950111866 0.03618854284286499 
vt 0.037448950111866 0.04761573672294617 
vt 0.02965795062482357 0.03618854284286499 
vt 0.02965795062482357 0.04761573672294617 
vt 0.02082815021276474 0.03618854284286499 
vt 0.02082815021276474 0.04761573672294617 
vt 0.01199834980070591 0.03618854284286499 
vt 0.01199834980070591 0.04761573672294617 
vt 0.004207349848002195 0.03618854284286499 
vt 0.004207349848002195 0.04761573672294617 
vt -0.0016359000001102686 0.03618854284286499 
vt -0.0016359000001102686 0.04761573672294617 
vt 0.022256499156355858 0.09262488037347794 
vt 0.022256499156355858 0.09262488037347794 
vt 0.027320649474859238 0.09565658122301102 
vt 0.027320649474859238 0.09565658122301102 
vt 0.03277435153722763 0.09565658122301102 
vt 0.03277435153722763 0.09565658122301102 
vt 0.03783849999308586 0.09262488037347794 
vt 0.03783849999308586 0.09262488037347794 
vt 0.04355189949274063 0.03548891842365265 
vt 0.04108475148677826 0.03548891842365265 
vt 0.04433099925518036 0.03548891842365265 
vt 0.03718924894928932 0.03548891842365265 
vt 0.032514650374650955 0.03548891842365265 
vt 0.027580350637435913 0.03548891842365265 
vt 0.022905750200152397 0.03548891842365265 
vt 0.019140100106596947 0.03548891842365265 
vt 0.016672950237989426 0.03548891842365265 
vt 0.01576399989426136 0.03548891842365265 
vt 0.016672950237989426 0.03548891842365265 
vt 0.019140100106596947 0.03548891842365265 
vt 0.022905750200152397 0.03548891842365265 
vt 0.027580350637435913 0.03548891842365265 
vt 0.032514650374650955 0.03548891842365265 
vt 0.03718924894928932 0.03548891842365265 
vt 0.04108475148677826 0.03548891842365265 
vt 0.04355189949274063 0.03548891842365265 
vt 0.04433099925518036 0.03548891842365265 
vt 0.04355189949274063 0.03548891842365265 
vt 0.04472054913640022 0.03618854284286499 
vt 0.041993699967861176 0.03618854284286499 
vt 0.04562950134277344 0.03618854284286499 
vt 0.04355189949274063 0.03548891842365265 
vt 0.04472054913640022 0.03618854284286499 
vt 0.04108475148677826 0.03548891842365265 
vt 0.041993699967861176 0.03618854284286499 
vt 0.03718924894928932 0.03548891842365265 
vt 0.03783849999308586 0.03618854284286499 
vt 0.032514650374650955 0.03548891842365265 
vt 0.03277435153722763 0.03618854284286499 
vt 0.027580350637435913 0.03548891842365265 
vt 0.027320649474859238 0.03618854284286499 
vt 0.022905750200152397 0.03548891842365265 
vt 0.022256499156355858 0.03618854284286499 
vt 0.019140100106596947 0.03548891842365265 
vt 0.018101299181580544 0.03618854284286499 
vt 0.016672950237989426 0.03548891842365265 
vt 0.01550429966300726 0.03618854284286499 
vt 0.01576399989426136 0.03548891842365265 
vt 0.01446549966931343 0.03618854284286499 
vt 0.016672950237989426 0.03548891842365265 
vt 0.01550429966300726 0.03618854284286499 
vt 0.019140100106596947 0.03548891842365265 
vt 0.018101299181580544 0.03618854284286499 
vt 0.022905750200152397 0.03548891842365265 
vt 0.022256499156355858 0.03618854284286499 
vt 0.027580350637435913 0.03548891842365265 
vt 0.027320649474859238 0.03618854284286499 
vt 0.032514650374650955 0.03548891842365265 
vt 0.03277435153722763 0.03618854284286499 
vt 0.03718924894928932 0.03548891842365265 
vt 0.03783849999308586 0.03618854284286499 
vt 0.04108475148677826 0.03548891842365265 
vt -0.06396389752626419 0.1433476209640503 
vt -0.03422825038433075 0.1433476209640503 
vt -0.06227584928274155 0.14509667456150055 
vt -0.03422825038433075 0.14509667456150055 
vt 0.05381004884839058 0.1433476209640503 
vt 0.05381004884839058 0.1433476209640503 
vt 0.052251849323511124 0.14509667456150055 
vt 0.052251849323511124 0.14509667456150055 
vt 0.052251849323511124 0.14509667456150055 
vt 0.052251849323511124 0.14509667456150055 
vt 0.05381004884839058 0.1433476209640503 
vt 0.024204250425100327 0.1433476209640503 
vt 0.052251849323511124 0.14509667456150055 
vt 0.024204250425100327 0.14509667456150055 
vt -0.06396389752626419 0.1433476209640503 
vt -0.06396389752626419 0.1433476209640503 
vt -0.06227584928274155 0.14509667456150055 
vt -0.06227584928274155 0.14509667456150055 
vt -0.06227584928274155 0.14509667456150055 
vt -0.06227584928274155 0.14509667456150055 
vt 0.05381004884839058 0.1433476209640503 
vt 0.05381004884839058 0.1433476209640503 
vt 0.052251849323511124 0.14509667456150055 
vt 0.052251849323511124 0.14509667456150055 
vt 0.052251849323511124 0.14509667456150055 
vt 0.052251849323511124 0.14509667456150055 
vt -0.06396389752626419 0.1433476209640503 
vt -0.06396389752626419 0.1433476209640503 
vt -0.06227584928274155 0.14509667456150055 
vt -0.06227584928274155 0.14509667456150055 
vt -0.06227584928274155 0.14509667456150055 
vt -0.06227584928274155 0.14509667456150055 
vt 0.024204250425100327 0.1433476209640503 
vt 0.05381004884839058 0.1433476209640503 
vt 0.024204250425100327 0.14509667456150055 
vt 0.052251849323511124 0.14509667456150055 
vt -0.03422825038433075 0.1433476209640503 
vt -0.06396389752626419 0.1433476209640503 
vt -0.03422825038433075 0.14509667456150055 
vt -0.06227584928274155 0.14509667456150055 
vt 0.05381004884839058 0.1433476209640503 
vt 0.05381004884839058 0.1433476209640503 
vt 0.052251849323511124 0.14509667456150055 
vt 0.052251849323511124 0.14509667456150055 
vt -0.06396389752626419 0.1433476209640503 
vt -0.06396389752626419 0.1433476209640503 
vt -0.06227584928274155 0.14509667456150055 
vt -0.06227584928274155 0.14509667456150055 
vt -0.03422825038433075 0.1433476209640503 
vt 0.024204250425100327 0.1433476209640503 
vt -0.03422825038433075 0.14509667456150055 
vt 0.024204250425100327 0.14509667456150055 
vt 0.024204250425100327 0.1433476209640503 
vt -0.03422825038433075 0.1433476209640503 
vt 0.024204250425100327 0.14509667456150055 
vt -0.03422825038433075 0.14509667456150055 
vt 0.021607249975204468 0.15640726685523987 
vt -0.03163124993443489 0.15640726685523987 
vt -0.030722299590706825 0.15640726685523987 
vt -0.030722299590706825 0.15640726685523987 
vt -0.03163124993443489 0.15640726685523987 
vt 0.020568450912833214 0.15640726685523987 
vt 0.021607249975204468 0.15640726685523987 
vt 0.020568450912833214 0.15640726685523987 
vt 0.052251849323511124 0.14509667456150055 
vt 0.052251849323511124 0.14509667456150055 
vt 0.0449802502989769 0.14509667456150055 
vt 0.0449802502989769 0.14509667456150055 
vt -0.06227584928274155 0.14509667456150055 
vt -0.06227584928274155 0.14509667456150055 
vt -0.05643260106444359 0.14509667456150055 
vt -0.05643260106444359 0.14509667456150055 
vt 0.1926196962594986 0.4348576068878174 
vt 0.1926196962594986 0.03199080005288124 
vt 0.7355225682258606 0.4348576068878174 
vt 0.7355225682258606 0.03199080005288124 
vt 0.7355225682258606 0.03199080005288124 
vt 0.9288691878318787 0.03199080005288124 
vt 0.7355225682258606 0.4348576068878174 
vt 0.9288691878318787 0.4348576068878174 
vt 0.1926196962594986 0.4348576068878174 
vt -0.01306269969791174 0.4348576068878174 
vt 0.1926196962594986 0.03199080005288124 
vt -0.01306269969791174 0.03199080005288124 
vt 0.16288405656814575 0.5722171068191528 
vt 0.16288405656814575 0.9870941638946533 
vt 0.022386349737644196 0.5722171068191528 
vt 0.022386349737644196 0.9870941638946533 
vt 0.052251849323511124 0.14509667456150055 
vt 0.052251849323511124 0.14509667456150055 
vt 0.037578798830509186 0.14509667456150055 
vt 0.037578798830509186 0.14509667456150055 
vt 0.8404413461685181 0.5722171068191528 
vt 0.8404413461685181 0.9870941638946533 
vt 0.16288405656814575 0.5722171068191528 
vt 0.16288405656814575 0.9870941638946533 
vt 0.8404413461685181 0.5722171068191528 
vt 0.9962613582611084 0.5722171068191528 
vt 0.8404413461685181 0.9870941638946533 
vt 0.9962613582611084 0.9870941638946533 
vt -0.06227584928274155 0.14509667456150055 
vt -0.04643414914608002 0.14509667456150055 
vt -0.06227584928274155 0.14509667456150055 
vt -0.04643414914608002 0.14509667456150055 
vt -0.04643414914608002 0.14509667456150055 
vt 0.0449802502989769 0.14509667456150055 
vt 0.037578798830509186 0.14509667456150055 
vt -0.05643260106444359 0.14509667456150055 
s on 
f 1/1/1 2/2/2 3/3/3 
f 2/2/2 4/4/4 3/3/3 
f 3/3/3 4/4/4 4/4/4 
f 4/4/4 5/5/5 4/4/4 
f 4/4/4 5/5/5 5/5/5 
f 5/5/5 6/6/6 5/5/5 
f 5/5/5 6/6/6 7/7/7 
f 6/6/6 8/8/8 7/7/7 
f 7/7/7 8/8/8 9/9/9 
f 8/8/8 10/10/10 9/9/9 
f 9/9/9 10/10/10 11/11/11 
f 10/10/10 12/12/12 11/11/11 
f 11/11/11 12/12/12 13/13/13 
f 12/12/12 14/14/14 13/13/13 
f 13/13/13 14/14/14 15/15/15 
f 14/14/14 16/16/16 15/15/15 
f 15/15/15 16/16/16 16/16/16 
f 16/16/16 17/17/17 16/16/16 
f 16/16/16 17/17/17 17/17/17 
f 17/17/17 18/18/18 17/17/17 
f 17/17/17 18/18/18 19/19/19 
f 18/18/18 20/20/20 19/19/19 
f 19/19/19 20/20/20 20/20/20 
f 20/20/20 21/21/21 20/20/20 
f 20/20/20 21/21/21 21/21/21 
f 21/21/21 22/22/22 21/21/21 
f 21/21/21 22/22/22 23/23/23 
f 22/22/22 24/24/24 23/23/23 
f 23/23/23 24/24/24 24/24/24 
f 24/24/24 25/25/25 24/24/24 
f 24/24/24 25/25/25 25/25/25 
f 25/25/25 26/26/26 25/25/25 
f 25/25/25 26/26/26 27/27/27 
f 26/26/26 28/28/28 27/27/27 
f 27/27/27 28/28/28 28/28/28 
f 28/28/28 29/29/29 28/28/28 
f 28/28/28 29/29/29 29/29/29 
f 29/29/29 30/30/30 29/29/29 
f 29/29/29 30/30/30 31/31/31 
f 30/30/30 32/32/32 31/31/31 
f 31/31/31 32/32/32 32/32/32 
f 32/32/32 33/33/33 32/32/32 
f 32/32/32 33/33/33 33/33/33 
f 33/33/33 34/34/34 33/33/33 
f 33/33/33 34/34/34 35/35/35 
f 34/34/34 36/36/36 35/35/35 
f 35/35/35 36/36/36 37/37/37 
f 36/36/36 36/36/36 37/37/37 
f 37/37/37 36/36/36 38/38/38 
f 36/36/36 34/34/34 38/38/38 
f 38/38/38 34/34/34 38/38/38 
f 34/34/34 39/39/39 38/38/38 
f 38/38/38 39/39/39 38/38/38 
f 39/39/39 40/40/40 38/38/38 
f 38/38/38 40/40/40 41/41/41 
f 40/40/40 42/42/42 41/41/41 
f 41/41/41 42/42/42 43/43/43 
f 42/42/42 44/44/44 43/43/43 
f 43/43/43 44/44/44 45/45/45 
f 44/44/44 45/45/45 45/45/45 
f 45/45/45 45/45/45 40/40/40 
f 45/45/45 40/40/40 40/40/40 
f 40/40/40 40/40/40 42/42/42 
f 40/40/40 46/46/46 42/42/42 
f 42/42/42 46/46/46 42/42/42 
f 46/46/46 47/47/47 42/42/42 
f 42/42/42 47/47/47 44/44/44 
f 47/47/47 44/44/44 44/44/44 
f 44/44/44 44/44/44 45/45/45 
f 44/44/44 45/45/45 45/45/45 
f 45/45/45 45/45/45 48/48/48 
f 45/45/45 49/49/49 48/48/48 
f 48/48/48 49/49/49 48/48/48 
f 49/49/49 50/50/50 48/48/48 
f 48/48/48 50/50/50 48/48/48 
f 50/50/50 51/51/51 48/48/48 
f 48/48/48 51/51/51 43/43/43 
f 51/51/51 52/52/52 43/43/43 
f 43/43/43 52/52/52 53/53/53 
f 52/52/52 52/52/52 53/53/53 
f 53/53/53 52/52/52 54/54/54 
f 52/52/52 55/55/55 54/54/54 
f 54/54/54 55/55/55 54/54/54 
f 55/55/55 56/56/56 54/54/54 
f 54/54/54 56/56/56 37/37/37 
f 56/56/56 37/37/37 37/37/37 
f 37/37/37 37/37/37 37/37/37 
f 37/37/37 37/37/37 37/37/37 
f 37/37/37 37/37/37 53/53/53 
f 37/37/37 38/38/38 53/53/53 
f 53/53/53 38/38/38 38/38/38 
f 38/38/38 57/57/57 38/38/38 
f 38/38/38 57/57/57 57/57/57 
f 57/57/57 58/58/58 57/57/57 
f 57/57/57 58/58/58 59/59/59 
f 58/58/58 60/60/60 59/59/59 
f 59/59/59 60/60/60 61/61/61 
f 60/60/60 62/62/62 61/61/61 
f 61/61/61 62/62/62 63/63/63 
f 62/62/62 64/64/64 63/63/63 
f 63/63/63 64/64/64 65/65/65 
f 64/64/64 66/66/66 65/65/65 
f 65/65/65 66/66/66 65/65/65 
f 66/66/66 67/67/67 65/65/65 
f 65/65/65 67/67/67 68/68/68 
f 67/67/67 68/68/68 68/68/68 
f 68/68/68 68/68/68 69/69/69 
f 68/68/68 69/69/69 69/69/69 
f 69/69/69 69/69/69 70/70/70 
f 69/69/69 71/71/71 70/70/70 
f 70/70/70 71/71/71 72/72/72 
f 71/71/71 72/72/72 72/72/72 
f 72/72/72 72/72/72 73/73/73 
f 72/72/72 73/73/73 73/73/73 
f 73/73/73 73/73/73 74/74/74 
f 73/73/73 75/75/75 74/74/74 
f 74/74/74 75/75/75 76/76/76 
f 75/75/75 76/76/76 76/76/76 
f 76/76/76 76/76/76 77/77/77 
f 76/76/76 77/77/77 77/77/77 
f 77/77/77 77/77/77 78/78/78 
f 77/77/77 79/79/79 78/78/78 
f 78/78/78 79/79/79 80/80/80 
f 79/79/79 80/80/80 80/80/80 
f 80/80/80 80/80/80 81/81/81 
f 80/80/80 81/81/81 81/81/81 
f 81/81/81 81/81/81 82/82/82 
f 81/81/81 83/83/83 82/82/82 
f 82/82/82 83/83/83 84/84/84 
f 83/83/83 84/84/84 84/84/84 
f 84/84/84 84/84/84 85/85/85 
f 84/84/84 85/85/85 85/85/85 
f 85/85/85 85/85/85 86/86/86 
f 85/85/85 87/87/87 86/86/86 
f 86/86/86 87/87/87 88/88/88 
f 87/87/87 88/88/88 88/88/88 
f 88/88/88 88/88/88 89/89/89 
f 88/88/88 89/89/89 89/89/89 
f 89/89/89 89/89/89 90/90/90 
f 89/89/89 91/91/91 90/90/90 
f 90/90/90 91/91/91 92/92/92 
f 91/91/91 92/92/92 92/92/92 
f 92/92/92 92/92/92 93/93/93 
f 92/92/92 93/93/93 93/93/93 
f 93/93/93 93/93/93 94/94/94 
f 93/93/93 95/95/95 94/94/94 
f 94/94/94 95/95/95 96/96/96 
f 95/95/95 96/96/96 96/96/96 
f 96/96/96 96/96/96 97/97/97 
f 96/96/96 97/97/97 97/97/97 
f 97/97/97 97/97/97 98/98/98 
f 97/97/97 99/99/99 98/98/98 
f 98/98/98 99/99/99 100/100/100 
f 99/99/99 100/100/100 100/100/100 
f 100/100/100 100/100/100 101/101/101 
f 100/100/100 101/101/101 101/101/101 
f 101/101/101 101/101/101 102/102/102 
f 101/101/101 103/103/103 102/102/102 
f 102/102/102 103/103/103 102/102/102 
f 103/103/103 104/104/104 102/102/102 
f 102/102/102 104/104/104 102/102/102 
f 104/104/104 105/105/105 102/102/102 
f 102/102/102 105/105/105 106/106/106 
f 105/105/105 106/106/106 106/106/106 
f 106/106/106 106/106/106 107/107/107 
f 106/106/106 107/107/107 107/107/107 
f 107/107/107 107/107/107 108/108/108 
f 107/107/107 109/109/109 108/108/108 
f 108/108/108 109/109/109 108/108/108 
f 109/109/109 110/110/110 108/108/108 
f 108/108/108 110/110/110 108/108/108 
f 110/110/110 111/111/111 108/108/108 
f 108/108/108 111/111/111 112/112/112 
f 111/111/111 112/112/112 112/112/112 
f 112/112/112 112/112/112 113/113/113 
f 112/112/112 113/113/113 113/113/113 
f 113/113/113 113/113/113 114/114/114 
f 113/113/113 115/115/115 114/114/114 
f 114/114/114 115/115/115 114/114/114 
f 115/115/115 116/116/116 114/114/114 
f 114/114/114 116/116/116 114/114/114 
f 116/116/116 117/117/117 114/114/114 
f 114/114/114 117/117/117 118/118/118 
f 117/117/117 118/118/118 118/118/118 
f 118/118/118 118/118/118 119/119/119 
f 118/118/118 119/119/119 119/119/119 
f 119/119/119 119/119/119 120/120/120 
f 119/119/119 121/121/121 120/120/120 
f 120/120/120 121/121/121 120/120/120 
f 121/121/121 122/122/122 120/120/120 
f 120/120/120 122/122/122 120/120/120 
f 122/122/122 123/123/123 120/120/120 
f 120/120/120 123/123/123 124/124/124 
f 123/123/123 124/124/124 124/124/124 
f 124/124/124 124/124/124 125/125/125 
f 124/124/124 125/125/125 125/125/125 
f 125/125/125 125/125/125 126/126/126 
f 125/125/125 127/127/127 126/126/126 
f 126/126/126 127/127/127 128/128/128 
f 127/127/127 129/129/129 128/128/128 
f 128/128/128 129/129/129 130/130/130 
f 129/129/129 131/131/131 130/130/130 
f 130/130/130 131/131/131 132/132/132 
f 131/131/131 133/133/133 132/132/132 
f 132/132/132 133/133/133 134/134/134 
f 133/133/133 135/135/135 134/134/134 
f 134/134/134 135/135/135 136/136/136 
f 135/135/135 137/137/137 136/136/136 
f 136/136/136 137/137/137 137/137/137 
f 137/137/137 126/126/126 137/137/137 
f 137/137/137 126/126/126 126/126/126 
f 126/126/126 138/138/138 126/126/126 
f 126/126/126 138/138/138 125/125/125 
f 138/138/138 125/125/125 125/125/125 
f 125/125/125 125/125/125 139/139/139 
f 125/125/125 139/139/139 139/139/139 
f 139/139/139 139/139/139 140/140/140 
f 139/139/139 141/141/141 140/140/140 
f 140/140/140 141/141/141 140/140/140 
f 141/141/141 142/142/142 140/140/140 
f 140/140/140 142/142/142 143/143/143 
f 142/142/142 144/144/144 143/143/143 
f 143/143/143 144/144/144 145/145/145 
f 144/144/144 146/146/146 145/145/145 
f 145/145/145 146/146/146 146/146/146 
f 146/146/146 147/147/147 146/146/146 
f 146/146/146 147/147/147 147/147/147 
f 147/147/147 148/148/148 147/147/147 
f 147/147/147 148/148/148 149/149/149 
f 148/148/148 150/150/150 149/149/149 
f 149/149/149 150/150/150 151/151/151 
f 150/150/150 152/152/152 151/151/151 
f 151/151/151 152/152/152 153/153/153 
f 152/152/152 154/154/154 153/153/153 
f 153/153/153 154/154/154 155/155/155 
f 154/154/154 156/156/156 155/155/155 
f 155/155/155 156/156/156 157/157/157 
f 156/156/156 158/158/158 157/157/157 
f 157/157/157 158/158/158 159/159/159 
f 158/158/158 160/160/160 159/159/159 
f 159/159/159 160/160/160 160/160/160 
f 160/160/160 161/161/161 160/160/160 
f 160/160/160 161/161/161 161/161/161 
f 161/161/161 162/162/162 161/161/161 
f 161/161/161 162/162/162 163/163/163 
f 162/162/162 164/164/164 163/163/163 
f 163/163/163 164/164/164 165/165/165 
f 164/164/164 166/166/166 165/165/165 
f 165/165/165 166/166/166 167/167/167 
f 166/166/166 168/168/168 167/167/167 
f 167/167/167 168/168/168 168/168/168 
f 168/168/168 169/169/169 168/168/168 
f 168/168/168 169/169/169 169/169/169 
f 169/169/169 170/170/170 169/169/169 
f 169/169/169 170/170/170 171/171/171 
f 170/170/170 172/172/172 171/171/171 
f 171/171/171 172/172/172 171/171/171 
f 172/172/172 173/173/173 171/171/171 
f 171/171/171 173/173/173 171/171/171 
f 173/173/173 174/174/174 171/171/171 
f 171/171/171 174/174/174 171/171/171 
f 174/174/174 175/175/175 171/171/171 
f 171/171/171 175/175/175 171/171/171 
f 175/175/175 176/176/176 171/171/171 
f 171/171/171 176/176/176 171/171/171 
f 176/176/176 177/177/177 171/171/171 
f 171/171/171 177/177/177 171/171/171 
f 177/177/177 178/178/178 171/171/171 
f 171/171/171 178/178/178 171/171/171 
f 178/178/178 179/179/179 171/171/171 
f 171/171/171 179/179/179 171/171/171 
f 179/179/179 180/180/180 171/171/171 
f 171/171/171 180/180/180 171/171/171 
f 180/180/180 181/181/181 171/171/171 
f 171/171/171 181/181/181 171/171/171 
f 181/181/181 182/182/182 171/171/171 
f 171/171/171 182/182/182 171/171/171 
f 182/182/182 183/183/183 171/171/171 
f 171/171/171 183/183/183 171/171/171 
f 183/183/183 184/184/184 171/171/171 
f 171/171/171 184/184/184 171/171/171 
f 184/184/184 185/185/185 171/171/171 
f 171/171/171 185/185/185 186/186/186 
f 185/185/185 186/186/186 186/186/186 
f 186/186/186 186/186/186 187/187/187 
f 186/186/186 187/187/187 187/187/187 
f 187/187/187 187/187/187 188/188/188 
f 187/187/187 189/189/189 188/188/188 
f 188/188/188 189/189/189 190/190/190 
f 189/189/189 190/190/190 190/190/190 
f 190/190/190 190/190/190 189/189/189 
f 190/190/190 189/189/189 189/189/189 
f 189/189/189 189/189/189 191/191/191 
f 189/189/189 187/187/187 191/191/191 
f 191/191/191 187/187/187 191/191/191 
f 187/187/187 192/192/192 191/191/191 
f 191/191/191 192/192/192 193/193/193 
f 192/192/192 194/194/194 193/193/193 
f 193/193/193 194/194/194 195/195/195 
f 194/194/194 196/196/196 195/195/195 
f 195/195/195 196/196/196 197/197/197 
f 196/196/196 198/198/198 197/197/197 
f 197/197/197 198/198/198 199/199/199 
f 198/198/198 200/200/200 199/199/199 
f 199/199/199 200/200/200 201/201/201 
f 200/200/200 202/202/202 201/201/201 
f 201/201/201 202/202/202 203/203/203 
f 202/202/202 204/204/204 203/203/203 
f 203/203/203 204/204/204 205/205/205 
f 204/204/204 206/206/206 205/205/205 
f 205/205/205 206/206/206 207/207/207 
f 206/206/206 208/208/208 207/207/207 
f 207/207/207 208/208/208 209/209/209 
f 208/208/208 210/210/210 209/209/209 
f 209/209/209 210/210/210 211/211/211 
f 210/210/210 212/212/212 211/211/211 
f 211/211/211 212/212/212 213/213/213 
f 212/212/212 214/214/214 213/213/213 
f 213/213/213 214/214/214 215/215/215 
f 214/214/214 216/216/216 215/215/215 
f 215/215/215 216/216/216 217/217/217 
f 216/216/216 218/218/218 217/217/217 
f 217/217/217 218/218/218 219/219/219 
f 218/218/218 220/220/220 219/219/219 
f 219/219/219 220/220/220 221/221/221 
f 220/220/220 222/222/222 221/221/221 
f 221/221/221 222/222/222 190/190/190 
f 222/222/222 188/188/188 190/190/190 
f 190/190/190 188/188/188 188/188/188 
f 188/188/188 223/223/223 188/188/188 
f 188/188/188 223/223/223 223/223/223 
f 223/223/223 224/224/224 223/223/223 
f 223/223/223 224/224/224 225/225/225 
f 224/224/224 224/224/224 225/225/225 
f 225/225/225 224/224/224 226/226/226 
f 224/224/224 227/227/227 226/226/226 
f 226/226/226 227/227/227 228/228/228 
f 227/227/227 229/229/229 228/228/228 
f 228/228/228 229/229/229 230/230/230 
f 229/229/229 231/231/231 230/230/230 
f 230/230/230 231/231/231 232/232/232 
f 231/231/231 233/233/233 232/232/232 
f 232/232/232 233/233/233 234/234/234 
f 233/233/233 235/235/235 234/234/234 
f 234/234/234 235/235/235 235/235/235 
f 235/235/235 225/225/225 235/235/235 
f 235/235/235 225/225/225 225/225/225 
f 225/225/225 236/236/236 225/225/225 
f 225/225/225 236/236/236 223/223/223 
f 236/236/236 223/223/223 223/223/223 
f 223/223/223 223/223/223 237/237/237 
f 223/223/223 237/237/237 237/237/237 
f 237/237/237 237/237/237 238/238/238 
f 237/237/237 239/239/239 238/238/238 
f 238/238/238 239/239/239 238/238/238 
f 239/239/239 240/240/240 238/238/238 
f 238/238/238 240/240/240 241/241/241 
f 240/240/240 242/242/242 241/241/241 
f 241/241/241 242/242/242 243/243/243 
f 242/242/242 244/244/244 243/243/243 
f 243/243/243 244/244/244 244/244/244 
f 244/244/244 245/245/245 244/244/244 
f 244/244/244 245/245/245 245/245/245 
f 245/245/245 246/246/246 245/245/245 
f 245/245/245 246/246/246 247/247/247 
f 246/246/246 248/248/248 247/247/247 
f 247/247/247 248/248/248 249/249/249 
f 248/248/248 250/250/250 249/249/249 
f 249/249/249 250/250/250 251/251/251 
f 250/250/250 252/252/252 251/251/251 
f 251/251/251 252/252/252 253/253/253 
f 252/252/252 254/254/254 253/253/253 
f 253/253/253 254/254/254 255/255/255 
f 254/254/254 256/256/256 255/255/255 
f 255/255/255 256/256/256 257/257/257 
f 256/256/256 258/258/258 257/257/257 
f 257/257/257 258/258/258 258/258/258 
f 258/258/258 259/259/259 258/258/258 
f 258/258/258 259/259/259 259/259/259 
f 259/259/259 260/260/260 259/259/259 
f 259/259/259 260/260/260 261/261/261 
f 260/260/260 262/262/262 261/261/261 
f 261/261/261 262/262/262 263/263/263 
f 262/262/262 264/264/264 263/263/263 
f 263/263/263 264/264/264 265/265/265 
f 264/264/264 266/266/266 265/265/265 
f 265/265/265 266/266/266 266/266/266 
f 266/266/266 267/267/267 266/266/266 
f 266/266/266 267/267/267 267/267/267 
f 267/267/267 268/268/268 267/267/267 
f 267/267/267 268/268/268 269/269/269 
f 268/268/268 270/270/270 269/269/269 
f 269/269/269 270/270/270 269/269/269 
f 270/270/270 271/271/271 269/269/269 
f 269/269/269 271/271/271 269/269/269 
f 271/271/271 272/272/272 269/269/269 
f 269/269/269 272/272/272 269/269/269 
f 272/272/272 273/273/273 269/269/269 
f 269/269/269 273/273/273 269/269/269 
f 273/273/273 274/274/274 269/269/269 
f 269/269/269 274/274/274 269/269/269 
f 274/274/274 275/275/275 269/269/269 
f 269/269/269 275/275/275 269/269/269 
f 275/275/275 276/276/276 269/269/269 
f 269/269/269 276/276/276 269/269/269 
f 276/276/276 277/277/277 269/269/269 
f 269/269/269 277/277/277 269/269/269 
f 277/277/277 278/278/278 269/269/269 
f 269/269/269 278/278/278 269/269/269 
f 278/278/278 279/279/279 269/269/269 
f 269/269/269 279/279/279 269/269/269 
f 279/279/279 280/280/280 269/269/269 
f 269/269/269 280/280/280 269/269/269 
f 280/280/280 281/281/281 269/269/269 
f 269/269/269 281/281/281 269/269/269 
f 281/281/281 282/282/282 269/269/269 
f 269/269/269 282/282/282 269/269/269 
f 282/282/282 283/283/283 269/269/269 
f 269/269/269 283/283/283 284/284/284 
f 283/283/283 284/284/284 284/284/284 
f 284/284/284 284/284/284 285/285/285 
f 284/284/284 285/285/285 285/285/285 
f 285/285/285 285/285/285 286/286/286 
f 285/285/285 287/287/287 286/286/286 
f 286/286/286 287/287/287 288/288/288 
f 287/287/287 288/288/288 288/288/288 
f 288/288/288 288/288/288 287/287/287 
f 288/288/288 287/287/287 287/287/287 
f 287/287/287 287/287/287 289/289/289 
f 287/287/287 285/285/285 289/289/289 
f 289/289/289 285/285/285 289/289/289 
f 285/285/285 290/290/290 289/289/289 
f 289/289/289 290/290/290 291/291/291 
f 290/290/290 292/292/292 291/291/291 
f 291/291/291 292/292/292 293/293/293 
f 292/292/292 294/294/294 293/293/293 
f 293/293/293 294/294/294 295/295/295 
f 294/294/294 296/296/296 295/295/295 
f 295/295/295 296/296/296 297/297/297 
f 296/296/296 298/298/298 297/297/297 
f 297/297/297 298/298/298 299/299/299 
f 298/298/298 300/300/300 299/299/299 
f 299/299/299 300/300/300 301/301/301 
f 300/300/300 302/302/302 301/301/301 
f 301/301/301 302/302/302 303/303/303 
f 302/302/302 304/304/304 303/303/303 
f 303/303/303 304/304/304 305/305/305 
f 304/304/304 306/306/306 305/305/305 
f 305/305/305 306/306/306 307/307/307 
f 306/306/306 308/308/308 307/307/307 
f 307/307/307 308/308/308 309/309/309 
f 308/308/308 310/310/310 309/309/309 
f 309/309/309 310/310/310 311/311/311 
f 310/310/310 312/312/312 311/311/311 
f 311/311/311 312/312/312 313/313/313 
f 312/312/312 314/314/314 313/313/313 
f 313/313/313 314/314/314 315/315/315 
f 314/314/314 316/316/316 315/315/315 
f 315/315/315 316/316/316 317/317/317 
f 316/316/316 318/318/318 317/317/317 
f 317/317/317 318/318/318 319/319/319 
f 318/318/318 320/320/320 319/319/319 
f 319/319/319 320/320/320 288/288/288 
f 320/320/320 286/286/286 288/288/288 
f 288/288/288 286/286/286 286/286/286 
f 286/286/286 321/321/321 286/286/286 
f 286/286/286 321/321/321 321/321/321 
f 321/321/321 322/322/322 321/321/321 
f 321/321/321 322/322/322 323/323/323 
f 322/322/322 322/322/322 323/323/323 
f 323/323/323 322/322/322 324/324/324 
f 322/322/322 325/325/325 324/324/324 
f 324/324/324 325/325/325 326/326/326 
f 325/325/325 327/327/327 326/326/326 
f 326/326/326 327/327/327 328/328/328 
f 327/327/327 329/329/329 328/328/328 
f 328/328/328 329/329/329 330/330/330 
f 329/329/329 331/331/331 330/330/330 
f 330/330/330 331/331/331 332/332/332 
f 331/331/331 333/333/333 332/332/332 
f 332/332/332 333/333/333 333/333/333 
f 333/333/333 323/323/323 333/333/333 
f 333/333/333 323/323/323 323/323/323 
f 323/323/323 334/334/334 323/323/323 
f 323/323/323 334/334/334 321/321/321 
f 334/334/334 321/321/321 321/321/321 
f 321/321/321 321/321/321 335/335/335 
f 321/321/321 335/335/335 335/335/335 
f 335/335/335 335/335/335 336/336/336 
f 335/335/335 337/337/337 336/336/336 
f 336/336/336 337/337/337 336/336/336 
f 337/337/337 338/338/338 336/336/336 
f 336/336/336 338/338/338 339/339/339 
f 338/338/338 340/340/340 339/339/339 
f 339/339/339 340/340/340 341/341/341 
f 340/340/340 342/342/342 341/341/341 
f 341/341/341 342/342/342 342/342/342 
f 342/342/342 343/343/343 342/342/342 
f 342/342/342 343/343/343 343/343/343 
f 343/343/343 344/344/344 343/343/343 
f 343/343/343 344/344/344 345/345/345 
f 344/344/344 346/346/346 345/345/345 
f 345/345/345 346/346/346 347/347/347 
f 346/346/346 348/348/348 347/347/347 
f 347/347/347 348/348/348 349/349/349 
f 348/348/348 350/350/350 349/349/349 
f 349/349/349 350/350/350 351/351/351 
f 350/350/350 352/352/352 351/351/351 
f 351/351/351 352/352/352 353/353/353 
f 352/352/352 354/354/354 353/353/353 
f 353/353/353 354/354/354 355/355/355 
f 354/354/354 356/356/356 355/355/355 
f 355/355/355 356/356/356 356/356/356 
f 356/356/356 357/357/357 356/356/356 
f 356/356/356 357/357/357 357/357/357 
f 357/357/357 358/358/358 357/357/357 
f 357/357/357 358/358/358 359/359/359 
f 358/358/358 360/360/360 359/359/359 
f 359/359/359 360/360/360 361/361/361 
f 360/360/360 362/362/362 361/361/361 
f 361/361/361 362/362/362 363/363/363 
f 362/362/362 364/364/364 363/363/363 
f 363/363/363 364/364/364 364/364/364 
f 364/364/364 365/365/365 364/364/364 
f 364/364/364 365/365/365 365/365/365 
f 365/365/365 366/366/366 365/365/365 
f 365/365/365 366/366/366 367/367/367 
f 366/366/366 368/368/368 367/367/367 
f 367/367/367 368/368/368 367/367/367 
f 368/368/368 369/369/369 367/367/367 
f 367/367/367 369/369/369 367/367/367 
f 369/369/369 370/370/370 367/367/367 
f 367/367/367 370/370/370 367/367/367 
f 370/370/370 371/371/371 367/367/367 
f 367/367/367 371/371/371 367/367/367 
f 371/371/371 372/372/372 367/367/367 
f 367/367/367 372/372/372 367/367/367 
f 372/372/372 373/373/373 367/367/367 
f 367/367/367 373/373/373 367/367/367 
f 373/373/373 374/374/374 367/367/367 
f 367/367/367 374/374/374 367/367/367 
f 374/374/374 375/375/375 367/367/367 
f 367/367/367 375/375/375 367/367/367 
f 375/375/375 376/376/376 367/367/367 
f 367/367/367 376/376/376 367/367/367 
f 376/376/376 377/377/377 367/367/367 
f 367/367/367 377/377/377 367/367/367 
f 377/377/377 378/378/378 367/367/367 
f 367/367/367 378/378/378 367/367/367 
f 378/378/378 379/379/379 367/367/367 
f 367/367/367 379/379/379 367/367/367 
f 379/379/379 380/380/380 367/367/367 
f 367/367/367 380/380/380 367/367/367 
f 380/380/380 381/381/381 367/367/367 
f 367/367/367 381/381/381 382/382/382 
f 381/381/381 382/382/382 382/382/382 
f 382/382/382 382/382/382 383/383/383 
f 382/382/382 383/383/383 383/383/383 
f 383/383/383 383/383/383 384/384/384 
f 383/383/383 385/385/385 384/384/384 
f 384/384/384 385/385/385 386/386/386 
f 385/385/385 386/386/386 386/386/386 
f 386/386/386 386/386/386 385/385/385 
f 386/386/386 385/385/385 385/385/385 
f 385/385/385 385/385/385 387/387/387 
f 385/385/385 383/383/383 387/387/387 
f 387/387/387 383/383/383 387/387/387 
f 383/383/383 388/388/388 387/387/387 
f 387/387/387 388/388/388 389/389/389 
f 388/388/388 390/390/390 389/389/389 
f 389/389/389 390/390/390 391/391/391 
f 390/390/390 392/392/392 391/391/391 
f 391/391/391 392/392/392 393/393/393 
f 392/392/392 394/394/394 393/393/393 
f 393/393/393 394/394/394 395/395/395 
f 394/394/394 396/396/396 395/395/395 
f 395/395/395 396/396/396 397/397/397 
f 396/396/396 398/398/398 397/397/397 
f 397/397/397 398/398/398 399/399/399 
f 398/398/398 400/400/400 399/399/399 
f 399/399/399 400/400/400 401/401/401 
f 400/400/400 402/402/402 401/401/401 
f 401/401/401 402/402/402 403/403/403 
f 402/402/402 404/404/404 403/403/403 
f 403/403/403 404/404/404 405/405/405 
f 404/404/404 406/406/406 405/405/405 
f 405/405/405 406/406/406 407/407/407 
f 406/406/406 408/408/408 407/407/407 
f 407/407/407 408/408/408 409/409/409 
f 408/408/408 410/410/410 409/409/409 
f 409/409/409 410/410/410 411/411/411 
f 410/410/410 412/412/412 411/411/411 
f 411/411/411 412/412/412 413/413/413 
f 412/412/412 414/414/414 413/413/413 
f 413/413/413 414/414/414 415/415/415 
f 414/414/414 416/416/416 415/415/415 
f 415/415/415 416/416/416 417/417/417 
f 416/416/416 418/418/418 417/417/417 
f 417/417/417 418/418/418 386/386/386 
f 418/418/418 384/384/384 386/386/386 
f 386/386/386 384/384/384 384/384/384 
f 384/384/384 419/419/419 384/384/384 
f 384/384/384 419/419/419 419/419/419 
f 419/419/419 420/420/420 419/419/419 
f 419/419/419 420/420/420 421/421/421 
f 420/420/420 422/422/422 421/421/421 
f 421/421/421 422/422/422 422/422/422 
f 422/422/422 423/423/423 422/422/422 
f 422/422/422 423/423/423 423/423/423 
f 423/423/423 424/424/424 423/423/423 
f 423/423/423 424/424/424 425/425/425 
f 424/424/424 426/426/426 425/425/425 
f 425/425/425 426/426/426 427/427/427 
f 426/426/426 427/427/427 427/427/427 
f 427/427/427 427/427/427 424/424/424 
f 427/427/427 424/424/424 424/424/424 
f 424/424/424 424/424/424 426/426/426 
f 424/424/424 428/428/428 426/426/426 
f 426/426/426 428/428/428 428/428/428 
f 428/428/428 429/429/429 428/428/428 
f 428/428/428 429/429/429 429/429/429 
f 429/429/429 430/430/430 429/429/429 
f 429/429/429 430/430/430 431/431/431 
f 430/430/430 432/432/432 431/431/431 
f 431/431/431 432/432/432 432/432/432 
f 432/432/432 433/433/433 432/432/432 
f 432/432/432 433/433/433 433/433/433 
f 433/433/433 434/434/434 433/433/433 
f 433/433/433 434/434/434 435/435/435 
f 434/434/434 436/436/436 435/435/435 
f 435/435/435 436/436/436 437/437/437 
f 436/436/436 437/437/437 437/437/437 
f 437/437/437 437/437/437 434/434/434 
f 437/437/437 434/434/434 434/434/434 
f 434/434/434 434/434/434 436/436/436 
f 434/434/434 438/438/438 436/436/436 
f 436/436/436 438/438/438 438/438/438 
f 438/438/438 439/439/439 438/438/438 
f 438/438/438 439/439/439 439/439/439 
f 439/439/439 440/440/440 439/439/439 
f 439/439/439 440/440/440 441/441/441 
f 440/440/440 442/442/442 441/441/441 
f 441/441/441 442/442/442 443/443/443 
f 442/442/442 443/443/443 443/443/443 
f 443/443/443 443/443/443 440/440/440 
f 443/443/443 440/440/440 440/440/440 
f 440/440/440 440/440/440 442/442/442 
f 440/440/440 444/444/444 442/442/442 
f 442/442/442 444/444/444 444/444/444 
f 444/444/444 445/445/445 444/444/444 
f 444/444/444 445/445/445 445/445/445 
f 445/445/445 446/446/446 445/445/445 
f 445/445/445 446/446/446 447/447/447 
f 446/446/446 448/448/448 447/447/447 
f 447/447/447 448/448/448 449/449/449 
f 448/448/448 449/449/449 449/449/449 
f 449/449/449 449/449/449 446/446/446 
f 449/449/449 446/446/446 446/446/446 
f 446/446/446 446/446/446 448/448/448 
f 446/446/446 450/450/450 448/448/448 
f 448/448/448 450/450/450 450/450/450 
f 450/450/450 451/451/451 450/450/450 
f 450/450/450 451/451/451 451/451/451 
f 451/451/451 452/452/452 451/451/451 
f 451/451/451 452/452/452 453/453/453 
f 452/452/452 454/454/454 453/453/453 
f 453/453/453 454/454/454 454/454/454 
f 454/454/454 455/455/455 454/454/454 
f 454/454/454 455/455/455 455/455/455 
f 455/455/455 456/456/456 455/455/455 
f 455/455/455 456/456/456 457/457/457 
f 456/456/456 458/458/458 457/457/457 
f 457/457/457 458/458/458 458/458/458 
f 458/458/458 459/459/459 458/458/458 
f 458/458/458 459/459/459 459/459/459 
f 459/459/459 460/460/460 459/459/459 
f 459/459/459 460/460/460 461/461/461 
f 460/460/460 462/462/462 461/461/461 
f 461/461/461 462/462/462 462/462/462 
f 462/462/462 463/463/463 462/462/462 
f 462/462/462 463/463/463 463/463/463 
f 463/463/463 464/464/464 463/463/463 
f 463/463/463 464/464/464 465/465/465 
f 464/464/464 466/466/466 465/465/465 
f 465/465/465 466/466/466 466/466/466 
f 466/466/466 467/467/467 466/466/466 
f 466/466/466 467/467/467 467/467/467 
f 467/467/467 468/468/468 467/467/467 
f 467/467/467 468/468/468 469/469/469 
f 468/468/468 470/470/470 469/469/469 
f 469/469/469 470/470/470 470/470/470 
f 470/470/470 471/471/471 470/470/470 
f 470/470/470 471/471/471 471/471/471 
f 471/471/471 472/472/472 471/471/471 
f 471/471/471 472/472/472 473/473/473 
f 472/472/472 474/474/474 473/473/473 
f 473/473/473 474/474/474 474/474/474 
f 474/474/474 475/475/475 474/474/474 
f 474/474/474 475/475/475 475/475/475 
f 475/475/475 476/476/476 475/475/475 
f 475/475/475 476/476/476 477/477/477 
f 476/476/476 476/476/476 477/477/477 
f 477/477/477 476/476/476 478/478/478 
f 476/476/476 479/479/479 478/478/478 
f 478/478/478 479/479/479 480/480/480 
f 479/479/479 481/481/481 480/480/480 
f 480/480/480 481/481/481 482/482/482 
f 481/481/481 475/475/475 482/482/482 
f 482/482/482 475/475/475 477/477/477 
f 475/475/475 477/477/477 477/477/477 
f 477/477/477 477/477/477 483/483/483 
f 477/477/477 483/483/483 483/483/483 
f 483/483/483 483/483/483 484/484/484 
f 483/483/483 485/485/485 484/484/484 
f 484/484/484 485/485/485 486/486/486 
f 485/485/485 486/486/486 486/486/486 
f 486/486/486 486/486/486 487/487/487 
f 486/486/486 487/487/487 487/487/487 
f 487/487/487 487/487/487 488/488/488 
f 487/487/487 489/489/489 488/488/488 
f 488/488/488 489/489/489 490/490/490 
f 489/489/489 490/490/490 490/490/490 
f 490/490/490 490/490/490 491/491/491 
f 490/490/490 491/491/491 491/491/491 
f 491/491/491 491/491/491 492/492/492 
f 491/491/491 493/493/493 492/492/492 
f 492/492/492 493/493/493 494/494/494 
f 493/493/493 494/494/494 494/494/494 
f 494/494/494 494/494/494 495/495/495 
f 494/494/494 495/495/495 495/495/495 
f 495/495/495 495/495/495 496/496/496 
f 495/495/495 497/497/497 496/496/496 
f 496/496/496 497/497/497 498/498/498 
f 497/497/497 498/498/498 498/498/498 
f 498/498/498 498/498/498 499/499/499 
f 498/498/498 499/499/499 499/499/499 
f 499/499/499 499/499/499 500/500/500 
f 499/499/499 501/501/501 500/500/500 
f 500/500/500 501/501/501 502/502/502 
f 501/501/501 502/502/502 502/502/502 
f 502/502/502 502/502/502 503/503/503 
f 502/502/502 503/503/503 503/503/503 
f 503/503/503 503/503/503 504/504/504 
f 503/503/503 505/505/505 504/504/504 
f 504/504/504 505/505/505 506/506/506 
f 505/505/505 506/506/506 506/506/506 
f 506/506/506 506/506/506 507/507/507 
f 506/506/506 507/507/507 507/507/507 
f 507/507/507 507/507/507 508/508/508 
f 507/507/507 509/509/509 508/508/508 
f 508/508/508 509/509/509 510/510/510 
f 509/509/509 510/510/510 510/510/510 
f 510/510/510 510/510/510 511/511/511 
f 510/510/510 511/511/511 511/511/511 
f 511/511/511 511/511/511 512/512/512 
f 511/511/511 513/513/513 512/512/512 
f 512/512/512 513/513/513 514/514/514 
f 513/513/513 514/514/514 514/514/514 
f 514/514/514 514/514/514 515/515/515 
f 514/514/514 515/515/515 515/515/515 
f 515/515/515 515/515/515 516/516/516 
f 515/515/515 517/517/517 516/516/516 
f 516/516/516 517/517/517 518/518/518 
f 517/517/517 518/518/518 518/518/518 
f 518/518/518 518/518/518 519/519/519 
f 518/518/518 519/519/519 519/519/519 
f 519/519/519 519/519/519 520/520/520 
f 519/519/519 521/521/521 520/520/520 
f 520/520/520 521/521/521 522/522/522 

