mtllib model_12.mtl
usemtl material_12
o model_12
v -0.1019766703248024 1.443334937095642 4.407691478729248 
v -0.101976677775383 1.486045002937317 4.407691478729248 
v -0.10197662562131882 1.443334937095642 4.145071983337402 
v -0.10197663307189941 1.486045002937317 4.145071983337402 
v -0.06807681918144226 1.4433350563049316 4.407691478729248 
v -0.1019766703248024 1.443334937095642 4.407691478729248 
v -0.06807677447795868 1.4433350563049316 4.145071983337402 
v -0.10197662562131882 1.443334937095642 4.145071983337402 
v -0.06807682663202286 1.486045002937317 4.407691478729248 
v -0.101976677775383 1.486045002937317 4.407691478729248 
v -0.06807681918144226 1.4433350563049316 4.407691478729248 
v -0.1019766703248024 1.443334937095642 4.407691478729248 
v -0.06807678192853928 1.486045002937317 4.145071983337402 
v -0.10197663307189941 1.486045002937317 4.145071983337402 
v -0.06807682663202286 1.486045002937317 4.407691478729248 
v -0.101976677775383 1.486045002937317 4.407691478729248 
v -0.06807677447795868 1.4433350563049316 4.145071983337402 
v -0.10197662562131882 1.443334937095642 4.145071983337402 
v -0.06807678192853928 1.486045002937317 4.145071983337402 
v -0.10197663307189941 1.486045002937317 4.145071983337402 
v -0.14922510087490082 1.3435454368591309 4.004140377044678 
v -0.14777611196041107 1.3440686464309692 4.003320217132568 
v -0.11286888271570206 1.2549461126327515 4.004140377044678 
v -0.11141990125179291 1.2556437253952026 4.003320217132568 
v -0.1055251881480217 1.2334939241409302 4.004140377044678 
v -0.10401035100221634 1.2338427305221558 4.003320217132568 
v -0.09936702996492386 1.211867332458496 4.004140377044678 
v -0.0978521853685379 1.2122161388397217 4.003320217132568 
v -0.0967983826994896 1.2010540962219238 4.004140377044678 
v -0.09528354555368423 1.2014029026031494 4.003320217132568 
v -0.09465785324573517 1.1900663375854492 4.004140377044678 
v -0.09311006963253021 1.1904151439666748 4.003320217132568 
v -0.09294541925191879 1.179253101348877 4.004140377044678 
v -0.09139765053987503 1.1794275045394897 4.003320217132568 
v -0.09166109561920166 1.1682653427124023 4.004140377044678 
v -0.0900803878903389 1.1682653427124023 4.003320217132568 
v -0.09139765053987503 1.1661725044250488 4.004277229309082 
v -0.08984986692667007 1.1661725044250488 4.003593444824219 
v -0.09116712957620621 1.1642539501190186 4.004687309265137 
v -0.08958642184734344 1.1642539501190186 4.004003524780273 
v -0.09093660861253738 1.1623355150222778 4.005097389221191 
v -0.08935590088367462 1.1623355150222778 4.004413604736328 
v -0.09070608764886856 1.1604169607162476 4.00564432144165 
v -0.0891253799200058 1.1604169607162476 4.004960536956787 
v -0.09050849825143814 1.1584985256195068 4.0063276290893555 
v -0.08892779052257538 1.1584985256195068 4.00564432144165 
v -0.09027797728776932 1.1567543745040894 4.007011413574219 
v -0.08869726955890656 1.1565799713134766 4.0063276290893555 
v -0.0900803878903389 1.1550103425979614 4.007831573486328 
v -0.08849968761205673 1.1548359394073486 4.007147789001465 
v -0.08988279104232788 1.1532663106918335 4.0086517333984375 
v -0.08830209821462631 1.1530919075012207 4.0081048011779785 
v -0.08968521654605865 1.151522159576416 4.0097455978393555 
v -0.08810450881719589 1.1511733531951904 4.009061813354492 
v -0.08948761969804764 1.149778127670288 4.010702610015869 
v -0.08790691196918488 1.1496037244796753 4.01015567779541 
v -0.08932296931743622 1.1480339765548706 4.011932849884033 
v -0.08770933747291565 1.1478595733642578 4.011249542236328 
v -0.0891253799200058 1.1464643478393555 4.013026714324951 
v -0.08754467219114304 1.1461155414581299 4.012479782104492 
v -0.08896072953939438 1.1448947191238403 4.0143938064575195 
v -0.08734709024429321 1.1445459127426147 4.0138468742370605 
v -0.08879606425762177 1.1433249711990356 4.015760898590088 
v -0.0871824249625206 1.14297616481781 4.015213966369629 
v -0.08846674859523773 1.1401857137680054 4.018631935119629 
v -0.08685310930013657 1.1398369073867798 4.018221855163574 
v -0.0881703719496727 1.1373951435089111 4.021913051605225 
v -0.08655674010515213 1.1370463371276855 4.021366119384766 
v -0.08790691941976547 1.134604573249817 4.025331020355225 
v -0.0862603485584259 1.1340813636779785 4.02492094039917 
v -0.08764346688985825 1.131988525390625 4.029159069061279 
v -0.08599690347909927 1.1314653158187866 4.028748989105225 
v -0.08738002181053162 1.1293723583221436 4.03312349319458 
v -0.08576638251543045 1.1288491487503052 4.032713413238525 
v -0.0871824324131012 1.1269307136535645 4.0373616218566895 
v -0.08553586900234222 1.1264073848724365 4.036951541900635 
v -0.08695191144943237 1.1246633529663086 4.041736602783203 
v -0.08533827215433121 1.1241401433944702 4.041463375091553 
v -0.08675432950258255 1.122570514678955 4.046384811401367 
v -0.08514069765806198 1.1220471858978271 4.046111583709717 
v -0.08658967167139053 1.120477557182312 4.0511698722839355 
v -0.08494310081005096 1.1199543476104736 4.050896644592285 
v -0.0862932950258255 1.1168149709701538 4.061423301696777 
v -0.08464671671390533 1.1162917613983154 4.061150074005127 
v -0.08602983504533768 1.1135011911392212 4.072223663330078 
v -0.0843832716345787 1.1129779815673828 4.072087287902832 
v -0.08583226054906845 1.1107107400894165 4.083570957183838 
v -0.08418568223714828 1.1101875305175781 4.083434581756592 
v -0.08566759526729584 1.1084433794021606 4.095465183258057 
v -0.08405396342277527 1.1079201698303223 4.095328330993652 
v -0.08556880056858063 1.1066993474960327 4.107632637023926 
v -0.08395516872406006 1.1061761379241943 4.10749626159668 
v -0.08550295233726501 1.1053041219711304 4.1200737953186035 
v -0.08388931304216385 1.1047807931900024 4.119936943054199 
v -0.08550295233726501 1.1044319868087769 4.132651329040527 
v -0.08385638892650604 1.1039087772369385 4.132651329040527 
v -0.08550295233726501 1.1040831804275513 4.1453657150268555 
v -0.08385638892650604 1.103559970855713 4.1453657150268555 
v -0.08553588390350342 1.104257583618164 4.158080101013184 
v -0.08388932049274445 1.1037343740463257 4.158080101013184 
v -0.08560175448656082 1.1047807931900024 4.170658111572266 
v -0.08395517617464066 1.104257583618164 4.170658111572266 
v -0.08566761016845703 1.1058273315429688 4.182962417602539 
v -0.08405397832393646 1.1053041219711304 4.183098793029785 
v -0.08579933643341064 1.1073969602584839 4.194993019104004 
v -0.08415277302265167 1.1068737506866455 4.195129871368408 
v -0.08589813858270645 1.1093155145645142 4.206750392913818 
v -0.08425156772136688 1.1087921857833862 4.206887245178223 
v -0.08602986484766006 1.111931562423706 4.217960834503174 
v -0.0843832939863205 1.1112339496612549 4.218097686767578 
v -0.08616158366203308 1.114896535873413 4.228487968444824 
v -0.08451502025127411 1.1143733263015747 4.228761196136475 
v -0.08629332482814789 1.1182103157043457 4.238468170166016 
v -0.08467968553304672 1.1176869869232178 4.238741397857666 
v -0.0863591805100441 1.1201287508010864 4.24311637878418 
v -0.08474554121494293 1.119605541229248 4.24338960647583 
v -0.0864250510931015 1.1222217082977295 4.2476277351379395 
v -0.08481141179800034 1.1216983795166016 4.247901439666748 
v -0.08649090677499771 1.124314546585083 4.252002716064453 
v -0.08487726747989655 1.1237913370132446 4.252276420593262 
v -0.08655677735805511 1.1265819072723389 4.255967617034912 
v -0.08494313806295395 1.126058578491211 4.256377696990967 
v -0.08662263303995132 1.129023551940918 4.259795665740967 
v -0.08500899374485016 1.1285003423690796 4.2602057456970215 
v -0.08668850362300873 1.1314653158187866 4.263350009918213 
v -0.08504193276166916 1.131116509437561 4.263760089874268 
v -0.08675436675548553 1.1342557668685913 4.266767978668213 
v -0.08510779589414597 1.133732557296753 4.267178058624268 
v -0.08678729832172394 1.1368719339370728 4.269775390625 
v -0.08517365902662277 1.1365231275558472 4.270185947418213 
v -0.08682022243738174 1.138441562652588 4.271142959594727 
v -0.08520659059286118 1.1379183530807495 4.271553039550781 
v -0.08685315400362015 1.1398369073867798 4.272510051727295 
v -0.08520659059286118 1.1394881010055542 4.27292013168335 
v -0.08685315400362015 1.141406536102295 4.273740291595459 
v -0.08523951470851898 1.1410577297210693 4.274287223815918 
v -0.08688609302043915 1.14297616481781 4.274970531463623 
v -0.08527245372533798 1.1426273584365845 4.275517463684082 
v -0.08691902458667755 1.1445459127426147 4.276064395904541 
v -0.08527245372533798 1.1441971063613892 4.276611328125 
v -0.08691902458667755 1.1461155414581299 4.277158260345459 
v -0.08530538529157639 1.1457667350769043 4.277568340301514 
v -0.08695194870233536 1.147685170173645 4.278115272521973 
v -0.08530538529157639 1.1475107669830322 4.278525352478027 
v -0.08695194870233536 1.1494293212890625 4.278935432434082 
v -0.08533831685781479 1.149080514907837 4.279482364654541 
v -0.08698488026857376 1.1509989500045776 4.279755592346191 
v -0.08533831685781479 1.1508245468139648 4.28030252456665 
v -0.08698488026857376 1.1527431011199951 4.280439376831055 
v -0.08537125587463379 1.1525686979293823 4.280986309051514 
v -0.08698488026857376 1.154487133026123 4.280986309051514 
v -0.08537125587463379 1.1543127298355103 4.2815327644348145 
v -0.08701781928539276 1.1564055681228638 4.2815327644348145 
v -0.08537125587463379 1.156231164932251 4.282079696655273 
v -0.08701781928539276 1.1581497192382812 4.281943321228027 
v -0.08537125587463379 1.1581497192382812 4.282489776611328 
v -0.08701781928539276 1.160068154335022 4.282216548919678 
v -0.0854041799902916 1.1598937511444092 4.282763481140137 
v -0.08701781928539276 1.1619867086410522 4.282489776611328 
v -0.0854041799902916 1.1618123054504395 4.283036708831787 
v -0.08701781928539276 1.163905143737793 4.282626628875732 
v -0.0854041799902916 1.163905143737793 4.283173561096191 
v -0.08701783418655396 1.4605731964111328 4.282626628875732 
v -0.08540419489145279 1.4605731964111328 4.283173561096191 
v -0.14958733320236206 1.343371033668518 4.0057806968688965 
v -0.14922510087490082 1.3435454368591309 4.004140377044678 
v -0.1132311299443245 1.2549461126327515 4.0057806968688965 
v -0.11286888271570206 1.2549461126327515 4.004140377044678 
v -0.10588743537664413 1.2333195209503174 4.0057806968688965 
v -0.1055251881480217 1.2334939241409302 4.004140377044678 
v -0.0997292697429657 1.2116929292678833 4.0057806968688965 
v -0.09936702996492386 1.211867332458496 4.004140377044678 
v -0.09719355404376984 1.200879693031311 4.0057806968688965 
v -0.0967983826994896 1.2010540962219238 4.004140377044678 
v -0.09505302459001541 1.1900663375854492 4.0057806968688965 
v -0.09465785324573517 1.1900663375854492 4.004140377044678 
v -0.09330765902996063 1.179253101348877 4.0057806968688965 
v -0.09294541925191879 1.179253101348877 4.004140377044678 
v -0.0920562669634819 1.1682653427124023 4.0057806968688965 
v -0.09166109561920166 1.1682653427124023 4.004140377044678 
v -0.09182574599981308 1.1663469076156616 4.006054401397705 
v -0.09139765053987503 1.1661725044250488 4.004277229309082 
v -0.09159522503614426 1.1644283533096313 4.0063276290893555 
v -0.09116712957620621 1.1642539501190186 4.004687309265137 
v -0.09136471152305603 1.1626843214035034 4.00673770904541 
v -0.09093660861253738 1.1623355150222778 4.005097389221191 
v -0.09116712957620621 1.160940170288086 4.007284641265869 
v -0.09070608764886856 1.1604169607162476 4.00564432144165 
v -0.09096953272819519 1.1590217351913452 4.007831573486328 
v -0.09050849825143814 1.1584985256195068 4.0063276290893555 
v -0.09073901921510696 1.1572777032852173 4.0086517333984375 
v -0.09027797728776932 1.1567543745040894 4.007011413574219 
v -0.09054142236709595 1.1555335521697998 4.009335517883301 
v -0.0900803878903389 1.1550103425979614 4.007831573486328 
v -0.09037677198648453 1.1539639234542847 4.01015567779541 
v -0.08988279104232788 1.1532663106918335 4.0086517333984375 
v -0.09017918258905411 1.1522197723388672 4.011112689971924 
v -0.08968521654605865 1.151522159576416 4.0097455978393555 
v -0.08998159319162369 1.150650143623352 4.012206554412842 
v -0.08948761969804764 1.149778127670288 4.010702610015869 
v -0.08981693536043167 1.149080514907837 4.013299942016602 
v -0.08932296931743622 1.1480339765548706 4.011932849884033 
v -0.08965227752923965 1.1475107669830322 4.0143938064575195 
v -0.0891253799200058 1.1464643478393555 4.013026714324951 
v -0.08948762714862823 1.145941138267517 4.015624046325684 
v -0.08896072953939438 1.1448947191238403 4.0143938064575195 
v -0.08932296931743622 1.144371509552002 4.01699161529541 
v -0.08879606425762177 1.1433249711990356 4.015760898590088 
v -0.08899365365505219 1.141406536102295 4.019862174987793 
v -0.08846674859523773 1.1401857137680054 4.018631935119629 
v -0.08869726955890656 1.1386159658432007 4.023006916046143 
v -0.0881703719496727 1.1373951435089111 4.021913051605225 
v -0.08843382447957993 1.135825514793396 4.026424884796143 
v -0.08790691941976547 1.134604573249817 4.025331020355225 
v -0.0881703719496727 1.1332093477249146 4.030116081237793 
v -0.08764346688985825 1.131988525390625 4.029159069061279 
v -0.08793985843658447 1.130767583847046 4.033944129943848 
v -0.08738002181053162 1.1293723583221436 4.03312349319458 
v -0.08770933747291565 1.1285003423690796 4.038182258605957 
v -0.0871824324131012 1.1269307136535645 4.0373616218566895 
v -0.08751174807548523 1.1262329816818237 4.042420387268066 
v -0.08695191144943237 1.1246633529663086 4.041736602783203 
v -0.08731415867805481 1.1239657402038574 4.0470685958862305 
v -0.08675432950258255 1.122570514678955 4.046384811401367 
v -0.08714950829744339 1.1220471858978271 4.051853656768799 
v -0.08658967167139053 1.120477557182312 4.0511698722839355 
v -0.08685311675071716 1.1183847188949585 4.061970233917236 
v -0.0862932950258255 1.1168149709701538 4.061423301696777 
v -0.08658967167139053 1.1150709390640259 4.072634220123291 
v -0.08602983504533768 1.1135011911392212 4.072223663330078 
v -0.08639208227396011 1.1124547719955444 4.083981037139893 
v -0.08583226054906845 1.1107107400894165 4.083570957183838 
v -0.0862603634595871 1.1101875305175781 4.095738887786865 
v -0.08566759526729584 1.1084433794021606 4.095465183258057 
v -0.08612863719463348 1.1082689762115479 4.10776948928833 
v -0.08556880056858063 1.1066993474960327 4.107632637023926 
v -0.08606278151273727 1.1070481538772583 4.120210647583008 
v -0.08550295233726501 1.1053041219711304 4.1200737953186035 
v -0.08606278896331787 1.1061761379241943 4.132788181304932 
v -0.08550295233726501 1.1044319868087769 4.132651329040527 
v -0.08606278896331787 1.1058273315429688 4.1453657150268555 
v -0.08550295233726501 1.1040831804275513 4.1453657150268555 
v -0.08609572052955627 1.1058273315429688 4.1579437255859375 
v -0.08553588390350342 1.104257583618164 4.158080101013184 
v -0.08616157621145248 1.10652494430542 4.170521259307861 
v -0.08560175448656082 1.1047807931900024 4.170658111572266 
v -0.08626037836074829 1.1075713634490967 4.182825565338135 
v -0.08566761016845703 1.1058273315429688 4.182962417602539 
v -0.0863591730594635 1.108966588973999 4.1947197914123535 
v -0.08579933643341064 1.1073969602584839 4.194993019104004 
v -0.08645796775817871 1.111059546470642 4.206340312957764 
v -0.08589813858270645 1.1093155145645142 4.206750392913818 
v -0.08658969402313232 1.1135011911392212 4.217550754547119 
v -0.08602986484766006 1.111931562423706 4.217960834503174 
v -0.08672142028808594 1.1164661645889282 4.2280778884887695 
v -0.08616158366203308 1.114896535873413 4.228487968444824 
v -0.08685314655303955 1.1197799444198608 4.237921237945557 
v -0.08629332482814789 1.1182103157043457 4.238468170166016 
v -0.08691901713609695 1.1216983795166016 4.242569446563721 
v -0.0863591805100441 1.1201287508010864 4.24311637878418 
v -0.08698487281799316 1.1236169338226318 4.246944427490234 
v -0.0864250510931015 1.1222217082977295 4.2476277351379395 
v -0.08705074340105057 1.1258841753005981 4.251182556152344 
v -0.08649090677499771 1.124314546585083 4.252002716064453 
v -0.08711660653352737 1.1279771327972412 4.2551469802856445 
v -0.08655677735805511 1.1265819072723389 4.255967617034912 
v -0.08718246966600418 1.1304187774658203 4.258975028991699 
v -0.08662263303995132 1.129023551940918 4.259795665740967 
v -0.08724833279848099 1.132860541343689 4.262392997741699 
v -0.08668850362300873 1.1314653158187866 4.263350009918213 
v -0.08728126436471939 1.1354767084121704 4.265674114227295 
v -0.08675436675548553 1.1342557668685913 4.266767978668213 
v -0.0873471349477768 1.1380927562713623 4.268545150756836 
v -0.08678729832172394 1.1368719339370728 4.269775390625 
v -0.0873800590634346 1.1394881010055542 4.269912242889404 
v -0.08682022243738174 1.138441562652588 4.271142959594727 
v -0.0873800590634346 1.1408833265304565 4.271279335021973 
v -0.08685315400362015 1.1398369073867798 4.272510051727295 
v -0.087412990629673 1.1424529552459717 4.272510051727295 
v -0.08685315400362015 1.141406536102295 4.273740291595459 
v -0.08744591474533081 1.1438482999801636 4.273603439331055 
v -0.08688609302043915 1.14297616481781 4.274970531463623 
v -0.08744591474533081 1.1454179286956787 4.274697303771973 
v -0.08691902458667755 1.1445459127426147 4.276064395904541 
v -0.08747885376214981 1.1469875574111938 4.275654315948486 
v -0.08691902458667755 1.1461155414581299 4.277158260345459 
v -0.08747886121273041 1.1485573053359985 4.276611328125 
v -0.08695194870233536 1.147685170173645 4.278115272521973 
v -0.08751178532838821 1.1501269340515137 4.277431488037109 
v -0.08695194870233536 1.1494293212890625 4.278935432434082 
v -0.08751178532838821 1.1516965627670288 4.278115272521973 
v -0.08698488026857376 1.1509989500045776 4.279755592346191 
v -0.08754471689462662 1.1534407138824463 4.278798580169678 
v -0.08698488026857376 1.1527431011199951 4.280439376831055 
v -0.08754471689462662 1.1550103425979614 4.279345512390137 
v -0.08698488026857376 1.154487133026123 4.280986309051514 
v -0.08754471689462662 1.1567543745040894 4.279892444610596 
v -0.08701781928539276 1.1564055681228638 4.2815327644348145 
v -0.08754471689462662 1.1584985256195068 4.28030252456665 
v -0.08701781928539276 1.1581497192382812 4.281943321228027 
v -0.08754471689462662 1.1602425575256348 4.280576229095459 
v -0.08701781928539276 1.160068154335022 4.282216548919678 
v -0.08757765591144562 1.1619867086410522 4.280849456787109 
v -0.08701781928539276 1.1619867086410522 4.282489776611328 
v -0.08757765591144562 1.163905143737793 4.280986309051514 
v -0.08701781928539276 1.163905143737793 4.282626628875732 
v -0.08757767081260681 1.4605731964111328 4.280986309051514 
v -0.08701783418655396 1.4605731964111328 4.282626628875732 
v -0.14859940111637115 1.3437198400497437 4.007147789001465 
v -0.14958733320236206 1.343371033668518 4.0057806968688965 
v -0.11221025884151459 1.255294919013977 4.007147789001465 
v -0.1132311299443245 1.2549461126327515 4.0057806968688965 
v -0.10486657172441483 1.233668327331543 4.007147789001465 
v -0.10588743537664413 1.2333195209503174 4.0057806968688965 
v -0.09867546707391739 1.2120417356491089 4.007147789001465 
v -0.0997292697429657 1.2116929292678833 4.0057806968688965 
v -0.09613975137472153 1.2010540962219238 4.007147789001465 
v -0.09719355404376984 1.200879693031311 4.0057806968688965 
v -0.0939662903547287 1.190240740776062 4.007147789001465 
v -0.09505302459001541 1.1900663375854492 4.0057806968688965 
v -0.09225385636091232 1.1794275045394897 4.007147789001465 
v -0.09330765902996063 1.179253101348877 4.0057806968688965 
v -0.0910024642944336 1.1684397459030151 4.007147789001465 
v -0.0920562669634819 1.1682653427124023 4.0057806968688965 
v -0.09077194333076477 1.1666957139968872 4.007284641265869 
v -0.09182574599981308 1.1663469076156616 4.006054401397705 
v -0.09054142236709595 1.1649515628814697 4.007694721221924 
v -0.09159522503614426 1.1644283533096313 4.0063276290893555 
v -0.09034383296966553 1.1632075309753418 4.0081048011779785 
v -0.09136471152305603 1.1626843214035034 4.00673770904541 
v -0.0901462510228157 1.1614634990692139 4.0086517333984375 
v -0.09116712957620621 1.160940170288086 4.007284641265869 
v -0.08994866162538528 1.1597193479537964 4.0091986656188965 
v -0.09096953272819519 1.1590217351913452 4.007831573486328 
v -0.08975107222795486 1.1579753160476685 4.00988245010376 
v -0.09073901921510696 1.1572777032852173 4.0086517333984375 
v -0.08955349028110504 1.156231164932251 4.010565757751465 
v -0.09054142236709595 1.1555335521697998 4.009335517883301 
v -0.08935590088367462 1.1546615362167358 4.011385917663574 
v -0.09037677198648453 1.1539639234542847 4.01015567779541 
v -0.0891912505030632 1.1530919075012207 4.012342929840088 
v -0.09017918258905411 1.1522197723388672 4.011112689971924 
v -0.08899365365505219 1.151522159576416 4.013299942016602 
v -0.08998159319162369 1.150650143623352 4.012206554412842 
v -0.08882899582386017 1.1499525308609009 4.0143938064575195 
v -0.08981693536043167 1.149080514907837 4.013299942016602 
v -0.08866433799266815 1.1483829021453857 4.0154876708984375 
v -0.08965227752923965 1.1475107669830322 4.0143938064575195 
v -0.08849968761205673 1.146813154220581 4.016717910766602 
v -0.08948762714862823 1.145941138267517 4.015624046325684 
v -0.08833502978086472 1.1454179286956787 4.017948627471924 
v -0.08932296931743622 1.144371509552002 4.01699161529541 
v -0.08803865313529968 1.1424529552459717 4.020819187164307 
v -0.08899365365505219 1.141406536102295 4.019862174987793 
v -0.08774226158857346 1.139662504196167 4.023827075958252 
v -0.08869726955890656 1.1386159658432007 4.023006916046143 
v -0.08747881650924683 1.1370463371276855 4.027245044708252 
v -0.08843382447957993 1.135825514793396 4.026424884796143 
v -0.087215356528759 1.134430170059204 4.030799388885498 
v -0.0881703719496727 1.1332093477249146 4.030116081237793 
v -0.08698483556509018 1.131988525390625 4.034627437591553 
v -0.08793985843658447 1.130767583847046 4.033944129943848 
v -0.08678726106882095 1.1297211647033691 4.038728713989258 
v -0.08770933747291565 1.1285003423690796 4.038182258605957 
v -0.08655674010515213 1.1274539232254028 4.0431036949157715 
v -0.08751174807548523 1.1262329816818237 4.042420387268066 
v -0.08639207482337952 1.1253609657287598 4.0476155281066895 
v -0.08731415867805481 1.1239657402038574 4.0470685958862305 
v -0.08619450032711029 1.123442530632019 4.0522637367248535 
v -0.08714950829744339 1.1220471858978271 4.051853656768799 
v -0.08589811623096466 1.1197799444198608 4.062380313873291 
v -0.08685311675071716 1.1183847188949585 4.061970233917236 
v -0.08566759526729584 1.1164661645889282 4.073044300079346 
v -0.08658967167139053 1.1150709390640259 4.072634220123291 
v -0.08547000586986542 1.1138501167297363 4.084254741668701 
v -0.08639208227396011 1.1124547719955444 4.083981037139893 
v -0.085305355489254 1.1115827560424805 4.095875263214111 
v -0.0862603634595871 1.1101875305175781 4.095738887786865 
v -0.08520656079053879 1.1098387241363525 4.1080427169799805 
v -0.08612863719463348 1.1082689762115479 4.10776948928833 
v -0.08514070510864258 1.1084433794021606 4.120347023010254 
v -0.08606278151273727 1.1070481538772583 4.120210647583008 
v -0.08514070510864258 1.1075713634490967 4.132788181304932 
v -0.08606278896331787 1.1061761379241943 4.132788181304932 
v -0.08514071255922318 1.107222557067871 4.1453657150268555 
v -0.08606278896331787 1.1058273315429688 4.1453657150268555 
v -0.08517364412546158 1.1073969602584839 4.1579437255859375 
v -0.08609572052955627 1.1058273315429688 4.1579437255859375 
v -0.08523949980735779 1.1079201698303223 4.170384407043457 
v -0.08616157621145248 1.10652494430542 4.170521259307861 
v -0.08530537039041519 1.108966588973999 4.1826887130737305 
v -0.08626037836074829 1.1075713634490967 4.182825565338135 
v -0.0854041650891304 1.1105363368988037 4.194582939147949 
v -0.0863591730594635 1.108966588973999 4.1947197914123535 
v -0.08553589135408401 1.1124547719955444 4.206067085266113 
v -0.08645796775817871 1.111059546470642 4.206340312957764 
v -0.08566761761903763 1.114896535873413 4.2171406745910645 
v -0.08658969402313232 1.1135011911392212 4.217550754547119 
v -0.08579934388399124 1.1178615093231201 4.227667808532715 
v -0.08672142028808594 1.1164661645889282 4.2280778884887695 
v -0.08593107014894485 1.1211751699447632 4.237374305725098 
v -0.08685314655303955 1.1197799444198608 4.237921237945557 
v -0.08599694073200226 1.1230937242507935 4.242022514343262 
v -0.08691901713609695 1.1216983795166016 4.242569446563721 
v -0.08606280386447906 1.1250121593475342 4.246397495269775 
v -0.08698487281799316 1.1236169338226318 4.246944427490234 
v -0.08612866699695587 1.1271051168441772 4.2504987716674805 
v -0.08705074340105057 1.1258841753005981 4.251182556152344 
v -0.08619453012943268 1.1293723583221436 4.2544636726379395 
v -0.08711660653352737 1.1279771327972412 4.2551469802856445 
v -0.08626038581132889 1.1316397190093994 4.25815486907959 
v -0.08718246966600418 1.1304187774658203 4.258975028991699 
v -0.08629332482814789 1.1340813636779785 4.26157283782959 
v -0.08724833279848099 1.132860541343689 4.262392997741699 
v -0.0863591879606247 1.1365231275558472 4.264717102050781 
v -0.08728126436471939 1.1354767084121704 4.265674114227295 
v -0.0863921120762825 1.139139175415039 4.267588138580322 
v -0.0873471349477768 1.1380927562713623 4.268545150756836 
v -0.0864250510931015 1.140534520149231 4.268955230712891 
v -0.0873800590634346 1.1394881010055542 4.269912242889404 
v -0.0864579826593399 1.1419297456741333 4.270185947418213 
v -0.0873800590634346 1.1408833265304565 4.271279335021973 
v -0.0864579826593399 1.1433249711990356 4.271416187286377 
v -0.087412990629673 1.1424529552459717 4.272510051727295 
v -0.08649091422557831 1.1447203159332275 4.272510051727295 
v -0.08744591474533081 1.1438482999801636 4.273603439331055 
v -0.08652385324239731 1.1462899446487427 4.273467063903809 
v -0.08744591474533081 1.1454179286956787 4.274697303771973 
v -0.08652385324239731 1.147685170173645 4.274424076080322 
v -0.08747885376214981 1.1469875574111938 4.275654315948486 
v -0.08655677735805511 1.1492549180984497 4.275381088256836 
v -0.08747886121273041 1.1485573053359985 4.276611328125 
v -0.08655677735805511 1.150650143623352 4.276064395904541 
v -0.08751178532838821 1.1501269340515137 4.277431488037109 
v -0.08655677735805511 1.1522197723388672 4.27688455581665 
v -0.08751178532838821 1.1516965627670288 4.278115272521973 
v -0.08658970892429352 1.1537895202636719 4.277431488037109 
v -0.08754471689462662 1.1534407138824463 4.278798580169678 
v -0.08658970892429352 1.1555335521697998 4.277978420257568 
v -0.08754471689462662 1.1550103425979614 4.279345512390137 
v -0.08658970892429352 1.1571033000946045 4.278525352478027 
v -0.08754471689462662 1.1567543745040894 4.279892444610596 
v -0.08662263303995132 1.1588473320007324 4.278798580169678 
v -0.08754471689462662 1.1584985256195068 4.28030252456665 
v -0.08662264049053192 1.1604169607162476 4.279208660125732 
v -0.08754471689462662 1.1602425575256348 4.280576229095459 
v -0.08662264049053192 1.162161111831665 4.279345512390137 
v -0.08757765591144562 1.1619867086410522 4.280849456787109 
v -0.08662264049053192 1.163905143737793 4.279482364654541 
v -0.08757765591144562 1.163905143737793 4.280986309051514 
v -0.08662264794111252 1.4605731964111328 4.279482364654541 
v -0.08757767081260681 1.4605731964111328 4.280986309051514 
v -0.14698576927185059 1.3444174528121948 4.007147789001465 
v -0.14859940111637115 1.3437198400497437 4.007147789001465 
v -0.11059661954641342 1.2558181285858154 4.007147789001465 
v -0.11221025884151459 1.255294919013977 4.007147789001465 
v -0.10318706929683685 1.2341915369033813 4.007147789001465 
v -0.10486657172441483 1.233668327331543 4.007147789001465 
v -0.09699597209692001 1.2123905420303345 4.007147789001465 
v -0.09867546707391739 1.2120417356491089 4.007147789001465 
v -0.09442733228206635 1.2015773057937622 4.007147789001465 
v -0.09613975137472153 1.2010540962219238 4.007147789001465 
v -0.09225385636091232 1.1905895471572876 4.007147789001465 
v -0.0939662903547287 1.190240740776062 4.007147789001465 
v -0.09050849825143814 1.1796019077301025 4.007147789001465 
v -0.09225385636091232 1.1794275045394897 4.007147789001465 
v -0.08925710618495941 1.168614149093628 4.007147789001465 
v -0.0910024642944336 1.1684397459030151 4.007147789001465 
v -0.0890595093369484 1.1668701171875 4.007284641265869 
v -0.09077194333076477 1.1666957139968872 4.007284641265869 
v -0.08882899582386017 1.1651259660720825 4.007694721221924 
v -0.09054142236709595 1.1649515628814697 4.007694721221924 
v -0.08863141387701035 1.1633819341659546 4.0081048011779785 
v -0.09034383296966553 1.1632075309753418 4.0081048011779785 
v -0.08840089291334152 1.1616379022598267 4.0086517333984375 
v -0.0901462510228157 1.1614634990692139 4.0086517333984375 
v -0.0882033035159111 1.1598937511444092 4.0091986656188965 
v -0.08994866162538528 1.1597193479537964 4.0091986656188965 
v -0.08800570666790009 1.1581497192382812 4.00988245010376 
v -0.08975107222795486 1.1579753160476685 4.00988245010376 
v -0.08784105628728867 1.1565799713134766 4.010565757751465 
v -0.08955349028110504 1.156231164932251 4.010565757751465 
v -0.08764346688985825 1.1548359394073486 4.011385917663574 
v -0.08935590088367462 1.1546615362167358 4.011385917663574 
v -0.08744587749242783 1.1532663106918335 4.012342929840088 
v -0.0891912505030632 1.1530919075012207 4.012342929840088 
v -0.0872812271118164 1.1516965627670288 4.013299942016602 
v -0.08899365365505219 1.151522159576416 4.013299942016602 
v -0.08711656928062439 1.1501269340515137 4.0143938064575195 
v -0.08882899582386017 1.1499525308609009 4.0143938064575195 
v -0.08695191144943237 1.1485573053359985 4.0154876708984375 
v -0.08866433799266815 1.1483829021453857 4.0154876708984375 
v -0.08678725361824036 1.1471619606018066 4.016717910766602 
v -0.08849968761205673 1.146813154220581 4.016717910766602 
v -0.08662259578704834 1.1455923318862915 4.017948627471924 
v -0.08833502978086472 1.1454179286956787 4.017948627471924 
v -0.0863262191414833 1.1426273584365845 4.020819187164307 
v -0.08803865313529968 1.1424529552459717 4.020819187164307 
v -0.08602982759475708 1.1400113105773926 4.023827075958252 
v -0.08774226158857346 1.139662504196167 4.023827075958252 
v -0.08576638251543045 1.1372207403182983 4.027245044708252 
v -0.08747881650924683 1.1370463371276855 4.027245044708252 
v -0.08550293743610382 1.1347789764404297 4.030799388885498 
v -0.087215356528759 1.134430170059204 4.030799388885498 
v -0.085272416472435 1.1321629285812378 4.034764289855957 
v -0.08698483556509018 1.131988525390625 4.034627437591553 
v -0.08504189550876617 1.129895567893982 4.038728713989258 
v -0.08678726106882095 1.1297211647033691 4.038728713989258 
v -0.08484430611133575 1.1276283264160156 4.0431036949157715 
v -0.08655674010515213 1.1274539232254028 4.0431036949157715 
v -0.08464671671390533 1.1255353689193726 4.0476155281066895 
v -0.08639207482337952 1.1253609657287598 4.0476155281066895 
v -0.08448206633329391 1.1236169338226318 4.0524001121521 
v -0.08619450032711029 1.123442530632019 4.0522637367248535 
v -0.08418568223714828 1.1199543476104736 4.062380313873291 
v -0.08589811623096466 1.1197799444198608 4.062380313873291 
v -0.08392223715782166 1.116640567779541 4.073044300079346 
v -0.08566759526729584 1.1164661645889282 4.073044300079346 
v -0.08372464776039124 1.1140245199203491 4.084254741668701 
v -0.08547000586986542 1.1138501167297363 4.084254741668701 
v -0.08359292149543762 1.1117571592330933 4.095875263214111 
v -0.085305355489254 1.1115827560424805 4.095875263214111 
v -0.08349412679672241 1.1100131273269653 4.1080427169799805 
v -0.08520656079053879 1.1098387241363525 4.1080427169799805 
v -0.0834282711148262 1.1086177825927734 4.120347023010254 
v -0.08514070510864258 1.1084433794021606 4.120347023010254 
v -0.0833953469991684 1.1077457666397095 4.132788181304932 
v -0.08514070510864258 1.1075713634490967 4.132788181304932 
v -0.0833953469991684 1.1073969602584839 4.1453657150268555 
v -0.08514071255922318 1.107222557067871 4.1453657150268555 
v -0.0834282785654068 1.1075713634490967 4.1579437255859375 
v -0.08517364412546158 1.1073969602584839 4.1579437255859375 
v -0.0834941416978836 1.108094573020935 4.170384407043457 
v -0.08523949980735779 1.1079201698303223 4.170384407043457 
v -0.08359293639659882 1.1091409921646118 4.1826887130737305 
v -0.08530537039041519 1.108966588973999 4.1826887130737305 
v -0.08369173109531403 1.1107107400894165 4.194582939147949 
v -0.0854041650891304 1.1105363368988037 4.194582939147949 
v -0.08382345736026764 1.1126291751861572 4.206067085266113 
v -0.08553589135408401 1.1124547719955444 4.206067085266113 
v -0.08392225950956345 1.1150709390640259 4.2171406745910645 
v -0.08566761761903763 1.114896535873413 4.2171406745910645 
v -0.08405398577451706 1.118035912513733 4.2275309562683105 
v -0.08579934388399124 1.1178615093231201 4.227667808532715 
v -0.08418571203947067 1.121349573135376 4.237374305725098 
v -0.08593107014894485 1.1211751699447632 4.237374305725098 
v -0.08425157517194748 1.1232681274414062 4.241886138916016 
v -0.08599694073200226 1.1230937242507935 4.242022514343262 
v -0.08431743085384369 1.125186562538147 4.246260643005371 
v -0.08606280386447906 1.1250121593475342 4.246397495269775 
v -0.08438330143690109 1.12727952003479 4.2504987716674805 
v -0.08612866699695587 1.1271051168441772 4.2504987716674805 
v -0.0844491720199585 1.1295467615127563 4.254326820373535 
v -0.08619453012943268 1.1293723583221436 4.2544636726379395 
v -0.0845150277018547 1.1318141222000122 4.2580180168151855 
v -0.08626038581132889 1.1316397190093994 4.25815486907959 
v -0.08458089828491211 1.1342557668685913 4.2614359855651855 
v -0.08629332482814789 1.1340813636779785 4.26157283782959 
v -0.08461382240056992 1.13669753074646 4.264580249786377 
v -0.0863591879606247 1.1365231275558472 4.264717102050781 
v -0.08467969298362732 1.1393135786056519 4.267451286315918 
v -0.0863921120762825 1.139139175415039 4.267588138580322 
v -0.08471262454986572 1.1407089233398438 4.268818378448486 
v -0.0864250510931015 1.140534520149231 4.268955230712891 
v -0.08471262454986572 1.142104148864746 4.270049095153809 
v -0.0864579826593399 1.1419297456741333 4.270185947418213 
v -0.08474554866552353 1.1434993743896484 4.271279335021973 
v -0.0864579826593399 1.1433249711990356 4.271416187286377 
v -0.08477848023176193 1.1448947191238403 4.272373199462891 
v -0.08649091422557831 1.1447203159332275 4.272510051727295 
v -0.08477848023176193 1.1462899446487427 4.273330211639404 
v -0.08652385324239731 1.1462899446487427 4.273467063903809 
v -0.08481141924858093 1.1478595733642578 4.274287223815918 
v -0.08652385324239731 1.147685170173645 4.274424076080322 
v -0.08481141924858093 1.1492549180984497 4.275244235992432 
v -0.08655677735805511 1.1492549180984497 4.275381088256836 
v -0.08484434336423874 1.1508245468139648 4.275927543640137 
v -0.08655677735805511 1.150650143623352 4.276064395904541 
v -0.08484434336423874 1.15239417552948 4.276748180389404 
v -0.08655677735805511 1.1522197723388672 4.27688455581665 
v -0.08484434336423874 1.1539639234542847 4.277294635772705 
v -0.08658970892429352 1.1537895202636719 4.277431488037109 
v -0.08487727493047714 1.1555335521697998 4.277841567993164 
v -0.08658970892429352 1.1555335521697998 4.277978420257568 
v -0.08487727493047714 1.1571033000946045 4.278388500213623 
v -0.08658970892429352 1.1571033000946045 4.278525352478027 
v -0.08487727493047714 1.1588473320007324 4.278662204742432 
v -0.08662263303995132 1.1588473320007324 4.278798580169678 
v -0.08487727493047714 1.1605913639068604 4.278935432434082 
v -0.08662264049053192 1.1604169607162476 4.279208660125732 
v -0.08487727493047714 1.162161111831665 4.279208660125732 
v -0.08662264049053192 1.162161111831665 4.279345512390137 
v -0.08487727493047714 1.163905143737793 4.279345512390137 
v -0.08662264049053192 1.163905143737793 4.279482364654541 
v -0.08487728983163834 1.4605731964111328 4.279345512390137 
v -0.08662264794111252 1.4605731964111328 4.279482364654541 
v -0.14596489071846008 1.3447662591934204 4.0057806968688965 
v -0.14698576927185059 1.3444174528121948 4.007147789001465 
v -0.10957574844360352 1.2561670541763306 4.0057806968688965 
v -0.11059661954641342 1.2558181285858154 4.007147789001465 
v -0.10216619074344635 1.234540343284607 4.0057806968688965 
v -0.10318706929683685 1.2341915369033813 4.007147789001465 
v -0.0959421768784523 1.21273934841156 4.0057806968688965 
v -0.09699597209692001 1.2123905420303345 4.007147789001465 
v -0.09337352961301804 1.201751708984375 4.0057806968688965 
v -0.09442733228206635 1.2015773057937622 4.007147789001465 
v -0.09120005369186401 1.1907639503479004 4.0057806968688965 
v -0.09225385636091232 1.1905895471572876 4.007147789001465 
v -0.08945469558238983 1.1797763109207153 4.0057806968688965 
v -0.09050849825143814 1.1796019077301025 4.007147789001465 
v -0.0881703719496727 1.1687885522842407 4.0057806968688965 
v -0.08925710618495941 1.168614149093628 4.007147789001465 
v -0.08793985098600388 1.1668701171875 4.006054401397705 
v -0.0890595093369484 1.1668701171875 4.007284641265869 
v -0.08770933747291565 1.1649515628814697 4.0063276290893555 
v -0.08882899582386017 1.1651259660720825 4.007694721221924 
v -0.08751174062490463 1.1632075309753418 4.00673770904541 
v -0.08863141387701035 1.1633819341659546 4.0081048011779785 
v -0.08728121966123581 1.161289095878601 4.007284641265869 
v -0.08840089291334152 1.1616379022598267 4.0086517333984375 
v -0.08708363026380539 1.1595449447631836 4.007968425750732 
v -0.0882033035159111 1.1598937511444092 4.0091986656188965 
v -0.08688604831695557 1.1578009128570557 4.0086517333984375 
v -0.08800570666790009 1.1581497192382812 4.00988245010376 
v -0.08668845891952515 1.1560567617416382 4.009335517883301 
v -0.08784105628728867 1.1565799713134766 4.010565757751465 
v -0.08649086952209473 1.1543127298355103 4.01015567779541 
v -0.08764346688985825 1.1548359394073486 4.011385917663574 
v -0.0862932875752449 1.1527431011199951 4.011112689971924 
v -0.08744587749242783 1.1532663106918335 4.012342929840088 
v -0.08612862229347229 1.1509989500045776 4.012206554412842 
v -0.0872812271118164 1.1516965627670288 4.013299942016602 
v -0.08593103289604187 1.1494293212890625 4.013299942016602 
v -0.08711656928062439 1.1501269340515137 4.0143938064575195 
v -0.08576638251543045 1.1478595733642578 4.0143938064575195 
v -0.08695191144943237 1.1485573053359985 4.0154876708984375 
v -0.08560173213481903 1.1462899446487427 4.015760898590088 
v -0.08678725361824036 1.1471619606018066 4.016717910766602 
v -0.08543706685304642 1.1448947191238403 4.01699161529541 
v -0.08662259578704834 1.1455923318862915 4.017948627471924 
v -0.08514069020748138 1.1419297456741333 4.019862174987793 
v -0.0863262191414833 1.1426273584365845 4.020819187164307 
v -0.08484430611133575 1.1389647722244263 4.023006916046143 
v -0.08602982759475708 1.1400113105773926 4.023827075958252 
v -0.08454792201519012 1.1363487243652344 4.026424884796143 
v -0.08576638251543045 1.1372207403182983 4.027245044708252 
v -0.0843174010515213 1.133732557296753 4.030116081237793 
v -0.08550293743610382 1.1347789764404297 4.030799388885498 
v -0.08405394852161407 1.1312909126281738 4.033944129943848 
v -0.085272416472435 1.1321629285812378 4.034764289855957 
v -0.08385637402534485 1.1288491487503052 4.038182258605957 
v -0.08504189550876617 1.129895567893982 4.038728713989258 
v -0.08362585306167603 1.1265819072723389 4.0425567626953125 
v -0.08484430611133575 1.1276283264160156 4.0431036949157715 
v -0.0834282636642456 1.1244889497756958 4.0470685958862305 
v -0.08464671671390533 1.1255353689193726 4.0476155281066895 
v -0.08326359838247299 1.1223961114883423 4.051853656768799 
v -0.08448206633329391 1.1236169338226318 4.0524001121521 
v -0.08296722918748856 1.118733525276184 4.061970233917236 
v -0.08418568223714828 1.1199543476104736 4.062380313873291 
v -0.08270377665758133 1.1155941486358643 4.072634220123291 
v -0.08392223715782166 1.116640567779541 4.073044300079346 
v -0.08250618726015091 1.11280357837677 4.083981037139893 
v -0.08372464776039124 1.1140245199203491 4.084254741668701 
v -0.0823744684457779 1.1105363368988037 4.095738887786865 
v -0.08359292149543762 1.1117571592330933 4.095875263214111 
v -0.08227567374706268 1.1087921857833862 4.10776948928833 
v -0.08349412679672241 1.1100131273269653 4.1080427169799805 
v -0.08220981061458588 1.1073969602584839 4.120210647583008 
v -0.0834282711148262 1.1086177825927734 4.120347023010254 
v -0.08217687904834747 1.10652494430542 4.132788181304932 
v -0.0833953469991684 1.1077457666397095 4.132788181304932 
v -0.08217688649892807 1.1061761379241943 4.1453657150268555 
v -0.0833953469991684 1.1073969602584839 4.1453657150268555 
v -0.08220981806516647 1.1063505411148071 4.1579437255859375 
v -0.0834282785654068 1.1075713634490967 4.1579437255859375 
v -0.08227568119764328 1.1068737506866455 4.170521259307861 
v -0.0834941416978836 1.108094573020935 4.170384407043457 
v -0.08237448334693909 1.1079201698303223 4.182825565338135 
v -0.08359293639659882 1.1091409921646118 4.1826887130737305 
v -0.0824732780456543 1.109489917755127 4.1947197914123535 
v -0.08369173109531403 1.1107107400894165 4.194582939147949 
v -0.08260500431060791 1.1114083528518677 4.206340312957764 
v -0.08382345736026764 1.1126291751861572 4.206067085266113 
v -0.08270380645990372 1.1138501167297363 4.217413902282715 
v -0.08392225950956345 1.1150709390640259 4.2171406745910645 
v -0.08283552527427673 1.1168149709701538 4.227941036224365 
v -0.08405398577451706 1.118035912513733 4.2275309562683105 
v -0.08296725153923035 1.1201287508010864 4.237784385681152 
v -0.08418571203947067 1.121349573135376 4.237374305725098 
v -0.08306605368852615 1.1220471858978271 4.242432594299316 
v -0.08425157517194748 1.1232681274414062 4.241886138916016 
v -0.08313190937042236 1.1241401433944702 4.24680757522583 
v -0.08431743085384369 1.125186562538147 4.246260643005371 
v -0.08316484838724136 1.1262329816818237 4.2510457038879395 
v -0.08438330143690109 1.12727952003479 4.2504987716674805 
v -0.08323070406913757 1.1283259391784668 4.255010604858398 
v -0.0844491720199585 1.1295467615127563 4.254326820373535 
v -0.08329657465219498 1.130767583847046 4.258701801300049 
v -0.0845150277018547 1.1318141222000122 4.2580180168151855 
v -0.08336243033409119 1.1332093477249146 4.262256145477295 
v -0.08458089828491211 1.1342557668685913 4.2614359855651855 
v -0.08342830091714859 1.135825514793396 4.2654008865356445 
v -0.08461382240056992 1.13669753074646 4.264580249786377 
v -0.0834612250328064 1.138441562652588 4.268408298492432 
v -0.08467969298362732 1.1393135786056519 4.267451286315918 
v -0.0834941565990448 1.1398369073867798 4.269775390625 
v -0.08471262454986572 1.1407089233398438 4.268818378448486 
v -0.0835270956158638 1.1412321329116821 4.271006107330322 
v -0.08471262454986572 1.142104148864746 4.270049095153809 
v -0.0835270956158638 1.1426273584365845 4.272236347198486 
v -0.08474554866552353 1.1434993743896484 4.271279335021973 
v -0.0835600271821022 1.1441971063613892 4.273330211639404 
v -0.08477848023176193 1.1448947191238403 4.272373199462891 
v -0.0835600271821022 1.1455923318862915 4.274424076080322 
v -0.08477848023176193 1.1462899446487427 4.273330211639404 
v -0.08359295129776001 1.1471619606018066 4.275381088256836 
v -0.08481141924858093 1.1478595733642578 4.274287223815918 
v -0.08359295129776001 1.1487317085266113 4.27633810043335 
v -0.08481141924858093 1.1492549180984497 4.275244235992432 
v -0.08362589031457901 1.1503013372421265 4.277158260345459 
v -0.08484434336423874 1.1508245468139648 4.275927543640137 
v -0.08362589031457901 1.1518709659576416 4.277841567993164 
v -0.08484434336423874 1.15239417552948 4.276748180389404 
v -0.08365882188081741 1.1534407138824463 4.278525352478027 
v -0.08484434336423874 1.1539639234542847 4.277294635772705 
v -0.08365882188081741 1.1551847457885742 4.279072284698486 
v -0.08487727493047714 1.1555335521697998 4.277841567993164 
v -0.08365882188081741 1.1569288969039917 4.279482364654541 
v -0.08487727493047714 1.1571033000946045 4.278388500213623 
v -0.08365882188081741 1.1584985256195068 4.279892444610596 
v -0.08487727493047714 1.1588473320007324 4.278662204742432 
v -0.08369175344705582 1.1604169607162476 4.280165672302246 
v -0.08487727493047714 1.1605913639068604 4.278935432434082 
v -0.08369175344705582 1.162161111831665 4.280439376831055 
v -0.08487727493047714 1.162161111831665 4.279208660125732 
v -0.08369175344705582 1.163905143737793 4.280576229095459 
v -0.08487727493047714 1.163905143737793 4.279345512390137 
v -0.08369176089763641 1.4605731964111328 4.280576229095459 
v -0.08487728983163834 1.4605731964111328 4.279345512390137 
v -0.14632713794708252 1.3447662591934204 4.004140377044678 
v -0.14596489071846008 1.3447662591934204 4.0057806968688965 
v -0.10993798822164536 1.2561670541763306 4.004140377044678 
v -0.10957574844360352 1.2561670541763306 4.0057806968688965 
v -0.10252843797206879 1.2343659400939941 4.004140377044678 
v -0.10216619074344635 1.234540343284607 4.0057806968688965 
v -0.09633734822273254 1.2125649452209473 4.004140377044678 
v -0.0959421768784523 1.21273934841156 4.0057806968688965 
v -0.09376870095729828 1.2015773057937622 4.004140377044678 
v -0.09337352961301804 1.201751708984375 4.0057806968688965 
v -0.09156230092048645 1.1907639503479004 4.004140377044678 
v -0.09120005369186401 1.1907639503479004 4.0057806968688965 
v -0.08984986692667007 1.1796019077301025 4.004140377044678 
v -0.08945469558238983 1.1797763109207153 4.0057806968688965 
v -0.08853261917829514 1.168614149093628 4.004140377044678 
v -0.0881703719496727 1.1687885522842407 4.0057806968688965 
v -0.08830209821462631 1.1665213108062744 4.004277229309082 
v -0.08793985098600388 1.1668701171875 4.006054401397705 
v -0.08807157725095749 1.1646027565002441 4.004687309265137 
v -0.08770933747291565 1.1649515628814697 4.0063276290893555 
v -0.08784105628728867 1.1626843214035034 4.005097389221191 
v -0.08751174062490463 1.1632075309753418 4.00673770904541 
v -0.08761053532361984 1.1607657670974731 4.00564432144165 
v -0.08728121966123581 1.161289095878601 4.007284641265869 
v -0.08741294592618942 1.1588473320007324 4.0063276290893555 
v -0.08708363026380539 1.1595449447631836 4.007968425750732 
v -0.0871824249625206 1.1571033000946045 4.007011413574219 
v -0.08688604831695557 1.1578009128570557 4.0086517333984375 
v -0.08698483556509018 1.155359148979187 4.007831573486328 
v -0.08668845891952515 1.1560567617416382 4.009335517883301 
v -0.08678725361824036 1.153615117073059 4.008788585662842 
v -0.08649086952209473 1.1543127298355103 4.01015567779541 
v -0.08658966422080994 1.1518709659576416 4.0097455978393555 
v -0.0862932875752449 1.1527431011199951 4.011112689971924 
v -0.08639207482337952 1.1501269340515137 4.010702610015869 
v -0.08612862229347229 1.1509989500045776 4.012206554412842 
v -0.0862274244427681 1.1483829021453857 4.011932849884033 
v -0.08593103289604187 1.1494293212890625 4.013299942016602 
v -0.08602982759475708 1.146813154220581 4.0131635665893555 
v -0.08576638251543045 1.1478595733642578 4.0143938064575195 
v -0.08586517721414566 1.145243525505066 4.0143938064575195 
v -0.08560173213481903 1.1462899446487427 4.015760898590088 
v -0.08570051193237305 1.1436737775802612 4.015760898590088 
v -0.08543706685304642 1.1448947191238403 4.01699161529541 
v -0.08537121117115021 1.140534520149231 4.018631935119629 
v -0.08514069020748138 1.1419297456741333 4.019862174987793 
v -0.08507482707500458 1.1377439498901367 4.021913051605225 
v -0.08484430611133575 1.1389647722244263 4.023006916046143 
v -0.08477843552827835 1.1349533796310425 4.025467872619629 
v -0.08454792201519012 1.1363487243652344 4.026424884796143 
v -0.08451499044895172 1.1323373317718506 4.029159069061279 
v -0.0843174010515213 1.133732557296753 4.030116081237793 
v -0.0842844694852829 1.1297211647033691 4.03312349319458 
v -0.08405394852161407 1.1312909126281738 4.033944129943848 
v -0.08405395597219467 1.12727952003479 4.0373616218566895 
v -0.08385637402534485 1.1288491487503052 4.038182258605957 
v -0.08385637402534485 1.1250121593475342 4.041736602783203 
v -0.08362585306167603 1.1265819072723389 4.0425567626953125 
v -0.08365878462791443 1.1229193210601807 4.046384811401367 
v -0.0834282636642456 1.1244889497756958 4.0470685958862305 
v -0.08349411934614182 1.1208263635635376 4.0511698722839355 
v -0.08326359838247299 1.1223961114883423 4.051853656768799 
v -0.08316481858491898 1.1171637773513794 4.061423301696777 
v -0.08296722918748856 1.118733525276184 4.061970233917236 
v -0.08293429762125015 1.1138501167297363 4.072223663330078 
v -0.08270377665758133 1.1155941486358643 4.072634220123291 
v -0.08270378410816193 1.111059546470642 4.083570957183838 
v -0.08250618726015091 1.11280357837677 4.083981037139893 
v -0.08257205039262772 1.1087921857833862 4.095465183258057 
v -0.0823744684457779 1.1105363368988037 4.095738887786865 
v -0.0824732631444931 1.1070481538772583 4.107632637023926 
v -0.08227567374706268 1.1087921857833862 4.10776948928833 
v -0.0824074000120163 1.105652928352356 4.1200737953186035 
v -0.08220981061458588 1.1073969602584839 4.120210647583008 
v -0.08237447589635849 1.1047807931900024 4.132651329040527 
v -0.08217687904834747 1.10652494430542 4.132788181304932 
v -0.08237447589635849 1.1044319868087769 4.1453657150268555 
v -0.08217688649892807 1.1061761379241943 4.1453657150268555 
v -0.0824403315782547 1.1046063899993896 4.158080101013184 
v -0.08220981806516647 1.1063505411148071 4.1579437255859375 
v -0.0824732780456543 1.1051297187805176 4.170658111572266 
v -0.08227568119764328 1.1068737506866455 4.170521259307861 
v -0.08257206529378891 1.1061761379241943 4.182962417602539 
v -0.08237448334693909 1.1079201698303223 4.182825565338135 
v -0.08267085999250412 1.1077457666397095 4.194993019104004 
v -0.0824732780456543 1.109489917755127 4.1947197914123535 
v -0.08280258625745773 1.1096643209457397 4.206613540649414 
v -0.08260500431060791 1.1114083528518677 4.206340312957764 
v -0.08293431997299194 1.1122803688049316 4.217824459075928 
v -0.08270380645990372 1.1138501167297363 4.217413902282715 
v -0.08306604623794556 1.1152453422546387 4.228487968444824 
v -0.08283552527427673 1.1168149709701538 4.227941036224365 
v -0.08319777250289917 1.1185591220855713 4.238331317901611 
v -0.08296725153923035 1.1201287508010864 4.237784385681152 
v -0.08326362818479538 1.120477557182312 4.24311637878418 
v -0.08306605368852615 1.1220471858978271 4.242432594299316 
v -0.08332949876785278 1.122570514678955 4.2476277351379395 
v -0.08313190937042236 1.1241401433944702 4.24680757522583 
v -0.08339536935091019 1.1246633529663086 4.251865863800049 
v -0.08316484838724136 1.1262329816818237 4.2510457038879395 
v -0.0834612250328064 1.1269307136535645 4.255830764770508 
v -0.08323070406913757 1.1283259391784668 4.255010604858398 
v -0.0835270956158638 1.1293723583221436 4.2596588134765625 
v -0.08329657465219498 1.130767583847046 4.258701801300049 
v -0.08359295129776001 1.1318141222000122 4.263213157653809 
v -0.08336243033409119 1.1332093477249146 4.262256145477295 
v -0.08362589031457901 1.134430170059204 4.266494274139404 
v -0.08342830091714859 1.135825514793396 4.2654008865356445 
v -0.08369174599647522 1.1372207403182983 4.26950216293335 
v -0.0834612250328064 1.138441562652588 4.268408298492432 
v -0.08372467756271362 1.1386159658432007 4.271006107330322 
v -0.0834941565990448 1.1398369073867798 4.269775390625 
v -0.08372467756271362 1.1400113105773926 4.272236347198486 
v -0.0835270956158638 1.1412321329116821 4.271006107330322 
v -0.08375761657953262 1.1415809392929077 4.273603439331055 
v -0.0835270956158638 1.1426273584365845 4.272236347198486 
v -0.08379054069519043 1.1431505680084229 4.274697303771973 
v -0.0835600271821022 1.1441971063613892 4.273330211639404 
v -0.08379054069519043 1.1447203159332275 4.275791168212891 
v -0.0835600271821022 1.1455923318862915 4.274424076080322 
v -0.08382347226142883 1.1462899446487427 4.27688455581665 
v -0.08359295129776001 1.1471619606018066 4.275381088256836 
v -0.08382347226142883 1.1478595733642578 4.277841567993164 
v -0.08359295129776001 1.1487317085266113 4.27633810043335 
v -0.08385641127824783 1.1496037244796753 4.278662204742432 
v -0.08362589031457901 1.1503013372421265 4.277158260345459 
v -0.08385641127824783 1.1511733531951904 4.279482364654541 
v -0.08362589031457901 1.1518709659576416 4.277841567993164 
v -0.08388934284448624 1.152917504310608 4.280165672302246 
v -0.08365882188081741 1.1534407138824463 4.278525352478027 
v -0.08388934284448624 1.1546615362167358 4.280712604522705 
v -0.08365882188081741 1.1551847457885742 4.279072284698486 
v -0.08388934284448624 1.1564055681228638 4.281259536743164 
v -0.08365882188081741 1.1569288969039917 4.279482364654541 
v -0.08388934284448624 1.158324122428894 4.281669616699219 
v -0.08365882188081741 1.1584985256195068 4.279892444610596 
v -0.08388934284448624 1.160068154335022 4.281943321228027 
v -0.08369175344705582 1.1604169607162476 4.280165672302246 
v -0.08392226696014404 1.1619867086410522 4.282216548919678 
v -0.08369175344705582 1.162161111831665 4.280439376831055 
v -0.08392226696014404 1.163905143737793 4.282216548919678 
v -0.08369175344705582 1.163905143737793 4.280576229095459 
v -0.08392228186130524 1.4605731964111328 4.282216548919678 
v -0.08369176089763641 1.4605731964111328 4.280576229095459 
v -0.14777611196041107 1.3440686464309692 4.003320217132568 
v -0.14632713794708252 1.3447662591934204 4.004140377044678 
v -0.11141990125179291 1.2556437253952026 4.003320217132568 
v -0.10993798822164536 1.2561670541763306 4.004140377044678 
v -0.10401035100221634 1.2338427305221558 4.003320217132568 
v -0.10252843797206879 1.2343659400939941 4.004140377044678 
v -0.0978521853685379 1.2122161388397217 4.003320217132568 
v -0.09633734822273254 1.2125649452209473 4.004140377044678 
v -0.09528354555368423 1.2014029026031494 4.003320217132568 
v -0.09376870095729828 1.2015773057937622 4.004140377044678 
v -0.09311006963253021 1.1904151439666748 4.003320217132568 
v -0.09156230092048645 1.1907639503479004 4.004140377044678 
v -0.09139765053987503 1.1794275045394897 4.003320217132568 
v -0.08984986692667007 1.1796019077301025 4.004140377044678 
v -0.0900803878903389 1.1682653427124023 4.003320217132568 
v -0.08853261917829514 1.168614149093628 4.004140377044678 
v -0.08984986692667007 1.1661725044250488 4.003593444824219 
v -0.08830209821462631 1.1665213108062744 4.004277229309082 
v -0.08958642184734344 1.1642539501190186 4.004003524780273 
v -0.08807157725095749 1.1646027565002441 4.004687309265137 
v -0.08935590088367462 1.1623355150222778 4.004413604736328 
v -0.08784105628728867 1.1626843214035034 4.005097389221191 
v -0.0891253799200058 1.1604169607162476 4.004960536956787 
v -0.08761053532361984 1.1607657670974731 4.00564432144165 
v -0.08892779052257538 1.1584985256195068 4.00564432144165 
v -0.08741294592618942 1.1588473320007324 4.0063276290893555 
v -0.08869726955890656 1.1565799713134766 4.0063276290893555 
v -0.0871824249625206 1.1571033000946045 4.007011413574219 
v -0.08849968761205673 1.1548359394073486 4.007147789001465 
v -0.08698483556509018 1.155359148979187 4.007831573486328 
v -0.08830209821462631 1.1530919075012207 4.0081048011779785 
v -0.08678725361824036 1.153615117073059 4.008788585662842 
v -0.08810450881719589 1.1511733531951904 4.009061813354492 
v -0.08658966422080994 1.1518709659576416 4.0097455978393555 
v -0.08790691196918488 1.1496037244796753 4.01015567779541 
v -0.08639207482337952 1.1501269340515137 4.010702610015869 
v -0.08770933747291565 1.1478595733642578 4.011249542236328 
v -0.0862274244427681 1.1483829021453857 4.011932849884033 
v -0.08754467219114304 1.1461155414581299 4.012479782104492 
v -0.08602982759475708 1.146813154220581 4.0131635665893555 
v -0.08734709024429321 1.1445459127426147 4.0138468742370605 
v -0.08586517721414566 1.145243525505066 4.0143938064575195 
v -0.0871824249625206 1.14297616481781 4.015213966369629 
v -0.08570051193237305 1.1436737775802612 4.015760898590088 
v -0.08685310930013657 1.1398369073867798 4.018221855163574 
v -0.08537121117115021 1.140534520149231 4.018631935119629 
v -0.08655674010515213 1.1370463371276855 4.021366119384766 
v -0.08507482707500458 1.1377439498901367 4.021913051605225 
v -0.0862603485584259 1.1340813636779785 4.02492094039917 
v -0.08477843552827835 1.1349533796310425 4.025467872619629 
v -0.08599690347909927 1.1314653158187866 4.028748989105225 
v -0.08451499044895172 1.1323373317718506 4.029159069061279 
v -0.08576638251543045 1.1288491487503052 4.032713413238525 
v -0.0842844694852829 1.1297211647033691 4.03312349319458 
v -0.08553586900234222 1.1264073848724365 4.036951541900635 
v -0.08405395597219467 1.12727952003479 4.0373616218566895 
v -0.08533827215433121 1.1241401433944702 4.041463375091553 
v -0.08385637402534485 1.1250121593475342 4.041736602783203 
v -0.08514069765806198 1.1220471858978271 4.046111583709717 
v -0.08365878462791443 1.1229193210601807 4.046384811401367 
v -0.08494310081005096 1.1199543476104736 4.050896644592285 
v -0.08349411934614182 1.1208263635635376 4.0511698722839355 
v -0.08464671671390533 1.1162917613983154 4.061150074005127 
v -0.08316481858491898 1.1171637773513794 4.061423301696777 
v -0.0843832716345787 1.1129779815673828 4.072087287902832 
v -0.08293429762125015 1.1138501167297363 4.072223663330078 
v -0.08418568223714828 1.1101875305175781 4.083434581756592 
v -0.08270378410816193 1.111059546470642 4.083570957183838 
v -0.08405396342277527 1.1079201698303223 4.095328330993652 
v -0.08257205039262772 1.1087921857833862 4.095465183258057 
v -0.08395516872406006 1.1061761379241943 4.10749626159668 
v -0.0824732631444931 1.1070481538772583 4.107632637023926 
v -0.08388931304216385 1.1047807931900024 4.119936943054199 
v -0.0824074000120163 1.105652928352356 4.1200737953186035 
v -0.08385638892650604 1.1039087772369385 4.132651329040527 
v -0.08237447589635849 1.1047807931900024 4.132651329040527 
v -0.08385638892650604 1.103559970855713 4.1453657150268555 
v -0.08237447589635849 1.1044319868087769 4.1453657150268555 
v -0.08388932049274445 1.1037343740463257 4.158080101013184 
v -0.0824403315782547 1.1046063899993896 4.158080101013184 
v -0.08395517617464066 1.104257583618164 4.170658111572266 
v -0.0824732780456543 1.1051297187805176 4.170658111572266 
v -0.08405397832393646 1.1053041219711304 4.183098793029785 
v -0.08257206529378891 1.1061761379241943 4.182962417602539 
v -0.08415277302265167 1.1068737506866455 4.195129871368408 
v -0.08267085999250412 1.1077457666397095 4.194993019104004 
v -0.08425156772136688 1.1087921857833862 4.206887245178223 
v -0.08280258625745773 1.1096643209457397 4.206613540649414 
v -0.0843832939863205 1.1112339496612549 4.218097686767578 
v -0.08293431997299194 1.1122803688049316 4.217824459075928 
v -0.08451502025127411 1.1143733263015747 4.228761196136475 
v -0.08306604623794556 1.1152453422546387 4.228487968444824 
v -0.08467968553304672 1.1176869869232178 4.238741397857666 
v -0.08319777250289917 1.1185591220855713 4.238331317901611 
v -0.08474554121494293 1.119605541229248 4.24338960647583 
v -0.08326362818479538 1.120477557182312 4.24311637878418 
v -0.08481141179800034 1.1216983795166016 4.247901439666748 
v -0.08332949876785278 1.122570514678955 4.2476277351379395 
v -0.08487726747989655 1.1237913370132446 4.252276420593262 
v -0.08339536935091019 1.1246633529663086 4.251865863800049 
v -0.08494313806295395 1.126058578491211 4.256377696990967 
v -0.0834612250328064 1.1269307136535645 4.255830764770508 
v -0.08500899374485016 1.1285003423690796 4.2602057456970215 
v -0.0835270956158638 1.1293723583221436 4.2596588134765625 
v -0.08504193276166916 1.131116509437561 4.263760089874268 
v -0.08359295129776001 1.1318141222000122 4.263213157653809 
v -0.08510779589414597 1.133732557296753 4.267178058624268 
v -0.08362589031457901 1.134430170059204 4.266494274139404 
v -0.08517365902662277 1.1365231275558472 4.270185947418213 
v -0.08369174599647522 1.1372207403182983 4.26950216293335 
v -0.08520659059286118 1.1379183530807495 4.271553039550781 
v -0.08372467756271362 1.1386159658432007 4.271006107330322 
v -0.08520659059286118 1.1394881010055542 4.27292013168335 
v -0.08372467756271362 1.1400113105773926 4.272236347198486 
v -0.08523951470851898 1.1410577297210693 4.274287223815918 
v -0.08375761657953262 1.1415809392929077 4.273603439331055 
v -0.08527245372533798 1.1426273584365845 4.275517463684082 
v -0.08379054069519043 1.1431505680084229 4.274697303771973 
v -0.08527245372533798 1.1441971063613892 4.276611328125 
v -0.08379054069519043 1.1447203159332275 4.275791168212891 
v -0.08530538529157639 1.1457667350769043 4.277568340301514 
v -0.08382347226142883 1.1462899446487427 4.27688455581665 
v -0.08530538529157639 1.1475107669830322 4.278525352478027 
v -0.08382347226142883 1.1478595733642578 4.277841567993164 
v -0.08533831685781479 1.149080514907837 4.279482364654541 
v -0.08385641127824783 1.1496037244796753 4.278662204742432 
v -0.08533831685781479 1.1508245468139648 4.28030252456665 
v -0.08385641127824783 1.1511733531951904 4.279482364654541 
v -0.08537125587463379 1.1525686979293823 4.280986309051514 
v -0.08388934284448624 1.152917504310608 4.280165672302246 
v -0.08537125587463379 1.1543127298355103 4.2815327644348145 
v -0.08388934284448624 1.1546615362167358 4.280712604522705 
v -0.08537125587463379 1.156231164932251 4.282079696655273 
v -0.08388934284448624 1.1564055681228638 4.281259536743164 
v -0.08537125587463379 1.1581497192382812 4.282489776611328 
v -0.08388934284448624 1.158324122428894 4.281669616699219 
v -0.0854041799902916 1.1598937511444092 4.282763481140137 
v -0.08388934284448624 1.160068154335022 4.281943321228027 
v -0.0854041799902916 1.1618123054504395 4.283036708831787 
v -0.08392226696014404 1.1619867086410522 4.282216548919678 
v -0.0854041799902916 1.163905143737793 4.283173561096191 
v -0.08392226696014404 1.163905143737793 4.282216548919678 
v -0.08540419489145279 1.4605731964111328 4.283173561096191 
v -0.08392228186130524 1.4605731964111328 4.282216548919678 
v -0.14958733320236206 1.343371033668518 4.0057806968688965 
v -0.14859940111637115 1.3437198400497437 4.007147789001465 
v -0.14922510087490082 1.3435454368591309 4.004140377044678 
v -0.14698576927185059 1.3444174528121948 4.007147789001465 
v -0.14596489071846008 1.3447662591934204 4.0057806968688965 
v -0.14632713794708252 1.3447662591934204 4.004140377044678 
v -0.14777611196041107 1.3440686464309692 4.003320217132568 
v -0.08701783418655396 1.4605731964111328 4.282626628875732 
v -0.08757767081260681 1.4605731964111328 4.280986309051514 
v -0.08540419489145279 1.4605731964111328 4.283173561096191 
v -0.08662264794111252 1.4605731964111328 4.279482364654541 
v -0.08369176089763641 1.4605731964111328 4.280576229095459 
v -0.08487728983163834 1.4605731964111328 4.279345512390137 
v -0.08392228186130524 1.4605731964111328 4.282216548919678 
vn -1 -1.6292099758175027e-7 -1.6292099758175027e-7 
vn -1 -1.6292099758175027e-7 -1.6292099758175027e-7 
vn -1 -1.6292099758175027e-7 -1.6292099758175027e-7 
vn -1 -1.6292099758175027e-7 -1.6292099758175027e-7 
vn 0.0021848571486771107 -0.999997615814209 3.562689032676758e-10 
vn 0.0021848571486771107 -0.999997615814209 3.562689032676758e-10 
vn 0.0021848571486771107 -0.999997615814209 3.562689032676758e-10 
vn 0.0021848571486771107 -0.999997615814209 3.562689032676758e-10 
vn -0.0021848571486771107 -3.559325612023656e-10 0.999997615814209 
vn -0.0021848571486771107 -3.559325612023656e-10 0.999997615814209 
vn -0.0021848571486771107 -3.559325612023656e-10 0.999997615814209 
vn -0.0021848571486771107 -3.559325612023656e-10 0.999997615814209 
vn -0.0021848571486771107 0.999997615814209 -3.56062512807398e-10 
vn -0.0021848571486771107 0.999997615814209 -3.56062512807398e-10 
vn -0.0021848571486771107 0.999997615814209 -3.56062512807398e-10 
vn -0.0021848571486771107 0.999997615814209 -3.56062512807398e-10 
vn 0.0021848571486771107 3.5572572665287794e-10 -0.999997615814209 
vn 0.0021848571486771107 3.5572572665287794e-10 -0.999997615814209 
vn 0.0021848571486771107 3.5572572665287794e-10 -0.999997615814209 
vn 0.0021848571486771107 3.5572572665287794e-10 -0.999997615814209 
vn -0.41559621691703796 -0.17267204821109772 -0.935797929763794 
vn -0.41559621691703796 -0.17267204821109772 -0.935797929763794 
vn -0.42121443152427673 -0.16149654984474182 -0.9364191889762878 
vn -0.42121443152427673 -0.1540532410144806 -0.93767249584198 
vn -0.4324266016483307 -0.1390831470489502 -0.9372209906578064 
vn -0.4324266016483307 -0.1316152811050415 -0.9382988214492798 
vn -0.43802040815353394 -0.11288491636514664 -0.9393195509910583 
vn -0.43802040815353394 -0.11288491636514664 -0.9393195509910583 
vn -0.44360578060150146 -0.09411667287349701 -0.9399537444114685 
vn -0.44360578060150146 -0.09411667287349701 -0.9399537444114685 
vn -0.44360578060150146 -0.07909666001796722 -0.9413366317749023 
vn -0.44360578060150146 -0.07909666001796722 -0.9413366317749023 
vn -0.4491827189922333 -0.06412137299776077 -0.9410293698310852 
vn -0.4491827189922333 -0.06412137299776077 -0.9410293698310852 
vn -0.44360578060150146 -0.1091126799583435 -0.9383311867713928 
vn -0.44360578060150146 -0.11660049855709076 -0.9374301433563232 
vn -0.4324266016483307 -0.19846893846988678 -0.9264649748802185 
vn -0.4324266016483307 -0.19846893846988678 -0.9264649748802185 
vn -0.4268245995044708 -0.23889774084091187 -0.9183070659637451 
vn -0.4268245995044708 -0.23889774084091187 -0.9183070659637451 
vn -0.42121443152427673 -0.28609350323677063 -0.906152606010437 
vn -0.42121443152427673 -0.28609350323677063 -0.906152606010437 
vn -0.41559621691703796 -0.32546466588974 -0.8942070007324219 
vn -0.41559621691703796 -0.32546466588974 -0.8942070007324219 
vn -0.40997010469436646 -0.3711996376514435 -0.8776586055755615 
vn -0.40997010469436646 -0.3711996376514435 -0.8776586055755615 
vn -0.4043361246585846 -0.40916502475738525 -0.8620713949203491 
vn -0.4043361246585846 -0.40916502475738525 -0.8620713949203491 
vn -0.3986944258213043 -0.449191689491272 -0.8433787822723389 
vn -0.3986944258213043 -0.449191689491272 -0.8433787822723389 
vn -0.3930451571941376 -0.4854700565338135 -0.824515700340271 
vn -0.3930451571941376 -0.4854700565338135 -0.824515700340271 
vn -0.3930451571941376 -0.517585039138794 -0.8047440648078918 
vn -0.38738831877708435 -0.5208595991134644 -0.804131269454956 
vn -0.38738831877708435 -0.552105188369751 -0.7830080986022949 
vn -0.38738831877708435 -0.552105188369751 -0.7830080986022949 
vn -0.38172414898872375 -0.5856196284294128 -0.7598382234573364 
vn -0.38172414898872375 -0.5856196284294128 -0.7598382234573364 
vn -0.38172414898872375 -0.6092268824577332 -0.7410445809364319 
vn -0.38172414898872375 -0.6150354146957397 -0.7362309098243713 
vn -0.3760526478290558 -0.6408619284629822 -0.7155075669288635 
vn -0.3760526478290558 -0.6408619284629822 -0.7155075669288635 
vn -0.37037399411201477 -0.6713400483131409 -0.6886769533157349 
vn -0.37037399411201477 -0.6713400483131409 -0.6886769533157349 
vn -0.37037399411201477 -0.7081239819526672 -0.6507947444915771 
vn -0.37037399411201477 -0.7081239819526672 -0.6507947444915771 
vn -0.3646882474422455 -0.750163733959198 -0.6037495732307434 
vn -0.3646882474422455 -0.750163733959198 -0.6037495732307434 
vn -0.35899558663368225 -0.7846125960350037 -0.5602637529373169 
vn -0.35899558663368225 -0.7846125960350037 -0.5602637529373169 
vn -0.35899558663368225 -0.810041606426239 -0.5228240489959717 
vn -0.35899558663368225 -0.810041606426239 -0.5228240489959717 
vn -0.35329604148864746 -0.835942268371582 -0.4826316237449646 
vn -0.35329604148864746 -0.835942268371582 -0.4826316237449646 
vn -0.35329604148864746 -0.8541579842567444 -0.4496074914932251 
vn -0.35329604148864746 -0.8541579842567444 -0.4496074914932251 
vn -0.35329607129096985 -0.8710697293281555 -0.4158969521522522 
vn -0.35329607129096985 -0.8710697293281555 -0.4158969521522522 
vn -0.34758976101875305 -0.8886274099349976 -0.3798177242279053 
vn -0.34758976101875305 -0.8886274099349976 -0.3798177242279053 
vn -0.34758976101875305 -0.9027698040008545 -0.34485775232315063 
vn -0.34758976101875305 -0.9027698040008545 -0.34485775232315063 
vn -0.34758976101875305 -0.9202551245689392 -0.29504358768463135 
vn -0.34758976101875305 -0.9202551245689392 -0.29504358768463135 
vn -0.34758979082107544 -0.9349939823150635 -0.2443489283323288 
vn -0.34758979082107544 -0.9349939823150635 -0.2443489283323288 
vn -0.3418768346309662 -0.9464976191520691 -0.20054104924201965 
vn -0.3418768346309662 -0.9464976191520691 -0.20054104924201965 
vn -0.3418768346309662 -0.954848051071167 -0.15601176023483276 
vn -0.3418768346309662 -0.954848051071167 -0.15601176023483276 
vn -0.3418768346309662 -0.960207998752594 -0.1186385229229927 
vn -0.3418768346309662 -0.960207998752594 -0.1186385229229927 
vn -0.3418768644332886 -0.9641056656837463 -0.08108463138341904 
vn -0.3418768644332886 -0.9641056656837463 -0.08108463138341904 
vn -0.3418768644332886 -0.9665351510047913 -0.04340725764632225 
vn -0.3418768644332886 -0.9665351510047913 -0.04340725764632225 
vn -0.3418768644332886 -0.9674191474914551 -0.01321500912308693 
vn -0.3418768644332886 -0.9674191474914551 -0.01321500912308693 
vn -0.3418768644332886 -0.9671981334686279 0.024539966136217117 
vn -0.3418768644332886 -0.9671981334686279 0.024539966136217117 
vn -0.3418768644332886 -0.9655042290687561 0.06225757300853729 
vn -0.3418768644332886 -0.9655042290687561 0.06225757300853729 
vn -0.3418768644332886 -0.9623399972915649 0.09988036751747131 
vn -0.3418768644332886 -0.9623399972915649 0.09988036751747131 
vn -0.34187689423561096 -0.957710325717926 0.13735105097293854 
vn -0.34187689423561096 -0.957710325717926 0.13735105097293854 
vn -0.34187689423561096 -0.9502303600311279 0.18203479051589966 
vn -0.34187689423561096 -0.9502303600311279 0.18203479051589966 
vn -0.3475898504257202 -0.9377906322479248 0.23338547348976135 
vn -0.3475898504257202 -0.9377906322479248 0.23338547348976135 
vn -0.3475898802280426 -0.9236463308334351 0.2842492163181305 
vn -0.3475898802280426 -0.9236463308334351 0.2842492163181305 
vn -0.3475898802280426 -0.906745433807373 0.3342646658420563 
vn -0.3475898802280426 -0.906745433807373 0.3342646658420563 
vn -0.3475898802280426 -0.8901029825210571 0.3763466477394104 
vn -0.3475898802280426 -0.8901029825210571 0.3763466477394104 
vn -0.3475898802280426 -0.8747416734695435 0.4107884168624878 
vn -0.3475898802280426 -0.8747416734695435 0.4107884168624878 
vn -0.347589910030365 -0.8545519709587097 0.45128825306892395 
vn -0.347589910030365 -0.8545519709587097 0.45128825306892395 
vn -0.347589910030365 -0.8324883580207825 0.4907985329627991 
vn -0.347589910030365 -0.8324883580207825 0.4907985329627991 
vn -0.347589910030365 -0.8085993528366089 0.5292326211929321 
vn -0.347589910030365 -0.8085993528366089 0.5292326211929321 
vn -0.3532962203025818 -0.773759126663208 0.5770870447158813 
vn -0.3532962203025818 -0.773759126663208 0.5770870447158813 
vn -0.3532962203025818 -0.7361918687820435 0.6243029236793518 
vn -0.3532962203025818 -0.7361918687820435 0.6243029236793518 
vn -0.3532962501049042 -0.6957480311393738 0.6690794229507446 
vn -0.3532962501049042 -0.6957480311393738 0.6690794229507446 
vn -0.3532962501049042 -0.669079601764679 0.6957478523254395 
vn -0.3532962501049042 -0.669079601764679 0.6957478523254395 
vn -0.3532962501049042 -0.641389787197113 0.721354067325592 
vn -0.3532962501049042 -0.641389787197113 0.721354067325592 
vn -0.3532962501049042 -0.6068733334541321 0.7506245970726013 
vn -0.3532962501049042 -0.6068733334541321 0.7506245970726013 
vn -0.35329627990722656 -0.5770872235298157 0.7737589478492737 
vn -0.35329627990722656 -0.5770872235298157 0.7737589478492737 
vn -0.35329627990722656 -0.5401851534843445 0.7999578714370728 
vn -0.35329627990722656 -0.5401851534843445 0.7999578714370728 
vn -0.35329627990722656 -0.5085227489471436 0.8204494118690491 
vn -0.35329627990722656 -0.5085227489471436 0.8204494118690491 
vn -0.35329627990722656 -0.46950751543045044 0.843383252620697 
vn -0.35329627990722656 -0.46950751543045044 0.843383252620697 
vn -0.35329627990722656 -0.4226914644241333 0.8677929043769836 
vn -0.35329627990722656 -0.4226914644241333 0.8677929043769836 
vn -0.35899582505226135 -0.38154467940330505 0.8854015469551086 
vn -0.35899582505226135 -0.38154467940330505 0.8854015469551086 
vn -0.35899582505226135 -0.332501083612442 0.9049614667892456 
vn -0.35899582505226135 -0.332501083612442 0.9049614667892456 
vn -0.35899582505226135 -0.2896643579006195 0.9195687770843506 
vn -0.35899582505226135 -0.2896643579006195 0.9195687770843506 
vn -0.35899585485458374 -0.23888809978961945 0.9340474605560303 
vn -0.35899585485458374 -0.23888809978961945 0.9340474605560303 
vn -0.35899585485458374 -0.18739533424377441 0.9457246661186218 
vn -0.35899585485458374 -0.18739533424377441 0.9457246661186218 
vn -0.35899585485458374 -0.14280542731285095 0.9534772038459778 
vn -0.35899585485458374 -0.14280542731285095 0.9534772038459778 
vn -0.35899585485458374 -0.0903930738568306 0.9598652124404907 
vn -0.35899585485458374 -0.0903930738568306 0.9598652124404907 
vn -0.35899585485458374 -0.030170464888215065 0.9636399149894714 
vn -0.35899585485458374 -0.030170464888215065 0.9636399149894714 
vn -0.35899585485458374 -7.315772876381743e-8 0.9641121029853821 
vn -0.35899585485458374 -7.315772876381743e-8 0.9641121029853821 
vn -1.1334378719329834 -0.4671529531478882 -0.28130409121513367 
vn -1.1334378719329834 -0.4671529531478882 -0.28130409121513367 
vn -1.155456781387329 -0.43538403511047363 -0.2832661271095276 
vn -1.1585146188735962 -0.4321458339691162 -0.28138768672943115 
vn -1.1934666633605957 -0.37216711044311523 -0.287156879901886 
vn -1.1934666633605957 -0.37216711044311523 -0.287156879901886 
vn -1.2200913429260254 -0.32034724950790405 -0.28844213485717773 
vn -1.2226265668869019 -0.3169108033180237 -0.2863594889640808 
vn -1.2420636415481567 -0.26726651191711426 -0.2912062406539917 
vn -1.2420636415481567 -0.26726651191711426 -0.2912062406539917 
vn -1.2578271627426147 -0.22649821639060974 -0.2887524664402008 
vn -1.2578271627426147 -0.22054147720336914 -0.293327271938324 
vn -1.2704027891159058 -0.17232303321361542 -0.29596441984176636 
vn -1.2704027891159058 -0.17232303321361542 -0.29596441984176636 
vn -1.272414207458496 -0.16864153742790222 -0.29334792494773865 
vn -1.272414207458496 -0.16864153742790222 -0.29334792494773865 
vn -1.2663075923919678 -0.20122361183166504 -0.2871951758861542 
vn -1.2663075923919678 -0.20122361183166504 -0.2871951758861542 
vn -1.264223575592041 -0.21095331013202667 -0.28522786498069763 
vn -1.264223575592041 -0.21095331013202667 -0.28522786498069763 
vn -1.2621155977249146 -0.222895085811615 -0.28122374415397644 
vn -1.2599834203720093 -0.22648625075817108 -0.28357386589050293 
vn -1.2578271627426147 -0.23812463879585266 -0.27924197912216187 
vn -1.2578271627426147 -0.23812463879585266 -0.27924197912216187 
vn -1.2556469440460205 -0.24734658002853394 -0.2765795588493347 
vn -1.2556469440460205 -0.24734658002853394 -0.2765795588493347 
vn -1.2534427642822266 -0.2564452886581421 -0.27374663949012756 
vn -1.2534427642822266 -0.26188844442367554 -0.26854392886161804 
vn -1.2512147426605225 -0.27270761132240295 -0.263408899307251 
vn -1.2512147426605225 -0.27270761132240295 -0.263408899307251 
vn -1.2489627599716187 -0.28138357400894165 -0.26010850071907043 
vn -1.2489627599716187 -0.28138357400894165 -0.26010850071907043 
vn -1.2466868162155151 -0.28993454575538635 -0.25666624307632446 
vn -1.2466868162155151 -0.28993454575538635 -0.25666624307632446 
vn -1.2466868162155151 -0.29969826340675354 -0.2451949268579483 
vn -1.2466868162155151 -0.29969826340675354 -0.2451949268579483 
vn -1.244387149810791 -0.3095354437828064 -0.23929181694984436 
vn -1.244387149810791 -0.3095354437828064 -0.23929181694984436 
vn -1.2420637607574463 -0.3175477385520935 -0.23536325991153717 
vn -1.2420637607574463 -0.3175477385520935 -0.23536325991153717 
vn -1.2420637607574463 -0.32197123765945435 -0.22927486896514893 
vn -1.2420637607574463 -0.32197123765945435 -0.22927486896514893 
vn -1.239716649055481 -0.3339315950870514 -0.21887905895709991 
vn -1.239716649055481 -0.3339315950870514 -0.21887905895709991 
vn -1.237345814704895 -0.3467126488685608 -0.20596268773078918 
vn -1.237345814704895 -0.3467126488685608 -0.20596268773078918 
vn -1.234951376914978 -0.3576151132583618 -0.1948830485343933 
vn -1.234951376914978 -0.3576151132583618 -0.1948830485343933 
vn -1.2325334548950195 -0.3680420219898224 -0.183510884642601 
vn -1.2325334548950195 -0.3680420219898224 -0.183510884642601 
vn -1.2325334548950195 -0.3745167851448059 -0.16990692913532257 
vn -1.2325334548950195 -0.3745167851448059 -0.16990692913532257 
vn -1.2300918102264404 -0.38198819756507874 -0.1628025621175766 
vn -1.2300918102264404 -0.38198819756507874 -0.1628025621175766 
vn -1.2300918102264404 -0.38763225078582764 -0.14886540174484253 
vn -1.2300918102264404 -0.38763225078582764 -0.14886540174484253 
vn -1.2300918102264404 -0.3927679657936096 -0.13473302125930786 
vn -1.2300918102264404 -0.3927679657936096 -0.13473302125930786 
vn -1.227626919746399 -0.3986879587173462 -0.1295417696237564 
vn -1.227626919746399 -0.3986879587173462 -0.1295417696237564 
vn -1.227626919746399 -0.4030810594558716 -0.11514690518379211 
vn -1.227626919746399 -0.4030810594558716 -0.11514690518379211 
vn -1.227626919746399 -0.4069546163082123 -0.1006036177277565 
vn -1.227626919746399 -0.4069546163082123 -0.1006036177277565 
vn -1.2251384258270264 -0.41394707560539246 -0.08785904198884964 
vn -1.2251384258270264 -0.41394707560539246 -0.08785904198884964 
vn -1.2251384258270264 -0.41681182384490967 -0.0730704739689827 
vn -1.2251384258270264 -0.41681182384490967 -0.0730704739689827 
vn -1.2251384258270264 -0.41914841532707214 -0.05818932503461838 
vn -1.2251384258270264 -0.41914841532707214 -0.05818932503461838 
vn -1.2251384258270264 -0.4209538698196411 -0.043234437704086304 
vn -1.2251384258270264 -0.4209538698196411 -0.043234437704086304 
vn -1.2251384258270264 -0.42165669798851013 -0.03573526069521904 
vn -1.2251384258270264 -0.42165669798851013 -0.03573526069521904 
vn -1.2251384258270264 -0.4226613938808441 -0.0207053292542696 
vn -1.2251384258270264 -0.4226613938808441 -0.0207053292542696 
vn -1.2251384258270264 -0.4231305420398712 -0.005649159196764231 
vn -1.2251384258270264 -0.4231305420398712 -0.005649159196764231 
vn -1.2251384258270264 -0.4230635166168213 0.009414169006049633 
vn -1.2251384258270264 -0.4230635166168213 0.009414169006049633 
vn -1.2251384258270264 -0.42282894253730774 0.016942551359534264 
vn -1.2251384258270264 -0.42282894253730774 0.016942551359534264 
vn -1.2251384258270264 -0.4219580292701721 0.031980834901332855 
vn -1.2251384258270264 -0.4219580292701721 0.031980834901332855 
vn -1.2251384258270264 -0.4196496605873108 0.054456327110528946 
vn -1.2251384258270264 -0.4196496605873108 0.054456327110528946 
vn -1.2251384258270264 -0.4174456298351288 0.06935768574476242 
vn -1.2251384258270264 -0.4174456298351288 0.06935768574476242 
vn -1.227626919746399 -0.41030362248420715 0.08593021333217621 
vn -1.227626919746399 -0.41030362248420715 0.08593021333217621 
vn -1.227626919746399 -0.4050831198692322 0.10789220035076141 
vn -1.227626919746399 -0.4050831198692322 0.10789220035076141 
vn -1.227626919746399 -0.3986879587173462 0.1295413225889206 
vn -1.227626919746399 -0.3986879587173462 0.1295413225889206 
vn -1.227626919746399 -0.39113670587539673 0.15081481635570526 
vn -1.227626919746399 -0.39113670587539673 0.15081481635570526 
vn -1.227626919746399 -0.3854709565639496 0.16475793719291687 
vn -1.227626919746399 -0.3854709565639496 0.16475793719291687 
vn -1.227626919746399 -0.3793083131313324 0.17848870158195496 
vn -1.227626919746399 -0.3793083131313324 0.17848870158195496 
vn -1.23009192943573 -0.36390891671180725 0.19997455179691315 
vn -1.23009192943573 -0.36390891671180725 0.19997455179691315 
vn -1.23009192943573 -0.35642993450164795 0.2130192667245865 
vn -1.23009192943573 -0.35642993450164795 0.2130192667245865 
vn -1.23009192943573 -0.340080201625824 0.23825395107269287 
vn -1.23009192943573 -0.340080201625824 0.23825395107269287 
vn -1.23009192943573 -0.32664263248443604 0.2563670873641968 
vn -1.23009192943573 -0.32664263248443604 0.2563670873641968 
vn -1.2325334548950195 -0.3069630265235901 0.2736872136592865 
vn -1.2325334548950195 -0.3069630265235901 0.2736872136592865 
vn -1.2325334548950195 -0.29146671295166016 0.2901346981525421 
vn -1.2325334548950195 -0.29146671295166016 0.2901346981525421 
vn -1.2325334548950195 -0.28064393997192383 0.30061599612236023 
vn -1.2325334548950195 -0.28064393997192383 0.30061599612236023 
vn -1.2325334548950195 -0.2694444954395294 0.31069380044937134 
vn -1.2325334548950195 -0.2694444954395294 0.31069380044937134 
vn -1.2325334548950195 -0.2578834593296051 0.3203546404838562 
vn -1.2325334548950195 -0.2578834593296051 0.3203546404838562 
vn -1.2325334548950195 -0.2398979216814041 0.33403587341308594 
vn -1.2325334548950195 -0.2398979216814041 0.33403587341308594 
vn -1.2325334548950195 -0.22118805348873138 0.3467085361480713 
vn -1.2325334548950195 -0.22118805348873138 0.3467085361480713 
vn -1.2325334548950195 -0.20834022760391235 0.3545776605606079 
vn -1.2325334548950195 -0.20834022760391235 0.3545776605606079 
vn -1.2349514961242676 -0.18824128806591034 0.36115503311157227 
vn -1.2349514961242676 -0.18824128806591034 0.36115503311157227 
vn -1.2349514961242676 -0.1679399311542511 0.37103089690208435 
vn -1.2349514961242676 -0.1679399311542511 0.37103089690208435 
vn -1.2349514961242676 -0.14712253212928772 0.37976664304733276 
vn -1.2349514961242676 -0.14712253212928772 0.37976664304733276 
vn -1.2349514961242676 -0.1258530467748642 0.3873354196548462 
vn -1.2349514961242676 -0.1258530467748642 0.3873354196548462 
vn -1.2349514961242676 -0.10419685393571854 0.393714040517807 
vn -1.2349514961242676 -0.10419685393571854 0.393714040517807 
vn -1.2349514961242676 -0.08222047984600067 0.39888283610343933 
vn -1.2349514961242676 -0.08222047984600067 0.39888283610343933 
vn -1.2349514961242676 -0.059991464018821716 0.4028259217739105 
vn -1.2349514961242676 -0.059991464018821716 0.4028259217739105 
vn -1.2349514961242676 -0.03757810220122337 0.40553125739097595 
vn -1.2349514961242676 -0.03757810220122337 0.40553125739097595 
vn -1.2349514961242676 -0.01504927035421133 0.4069904386997223 
vn -1.2349514961242676 -0.01504927035421133 0.4069904386997223 
vn -1.2349514961242676 -7.825654080306776e-8 0.40726858377456665 
vn -1.2349514961242676 -7.825654080306776e-8 0.40726858377456665 
vn -0.8264674544334412 -0.34291836619377136 0.7133192420005798 
vn -0.8264674544334412 -0.34291836619377136 0.7133192420005798 
vn -0.8404243588447571 -0.3149550259113312 0.7172840237617493 
vn -0.8404243588447571 -0.3149550259113312 0.7172840237617493 
vn -0.8633639216423035 -0.26598095893859863 0.7221985459327698 
vn -0.8633639216423035 -0.27304717898368835 0.7195567488670349 
vn -0.8814193606376648 -0.230035200715065 0.7226136326789856 
vn -0.8769305348396301 -0.2301916927099228 0.7255448698997498 
vn -0.8903464674949646 -0.1938815712928772 0.7272179126739502 
vn -0.8903464674949646 -0.1938815712928772 0.7272179126739502 
vn -0.8992055654525757 -0.15724344551563263 0.7300955057144165 
vn -0.8992055654525757 -0.16461043059825897 0.7284698486328125 
vn -0.9079959988594055 -0.1202010065317154 0.7311825752258301 
vn -0.9079959988594055 -0.12764061987400055 0.7299206256866455 
vn -0.9210514426231384 -0.060261230915784836 0.7296469211578369 
vn -0.9210514426231384 -0.060261230915784836 0.7296469211578369 
vn -0.9296672940254211 -8.391898376203244e-8 0.7261506915092468 
vn -0.9296672940254211 -8.391898376203244e-8 0.7261506915092468 
vn -0.9339486360549927 0.03765801340341568 0.7221584916114807 
vn -0.9339486360549927 0.03765801340341568 0.7221584916114807 
vn -0.9424577355384827 0.07520458102226257 0.7131217122077942 
vn -0.9424577355384827 0.07520458102226257 0.7131217122077942 
vn -0.9466853141784668 0.11262871325016022 0.7050851583480835 
vn -0.9466853141784668 0.1051768884062767 0.7062351703643799 
vn -0.9550862312316895 0.14225664734840393 0.6934372186660767 
vn -0.950894832611084 0.1423993855714798 0.6965513825416565 
vn -0.9592593908309937 0.1790698766708374 0.6816573739051819 
vn -0.9592593908309937 0.1790698766708374 0.6816573739051819 
vn -0.963414192199707 0.2078520655632019 0.6701874136924744 
vn -0.963414192199707 0.2078520655632019 0.6701874136924744 
vn -0.9675506949424744 0.24363958835601807 0.6546944975852966 
vn -0.9675506949424744 0.23655754327774048 0.6572865843772888 
vn -0.9716686606407166 0.2713392972946167 0.6403065919876099 
vn -0.9716686606407166 0.2713392972946167 0.6403065919876099 
vn -0.9757680296897888 0.2989126443862915 0.6244216561317444 
vn -0.9757680296897888 0.2989126443862915 0.6244216561317444 
vn -0.9798488020896912 0.32588788866996765 0.607193112373352 
vn -0.9798488020896912 0.32588788866996765 0.607193112373352 
vn -0.9839109182357788 0.35163697600364685 0.5889608860015869 
vn -0.9839109182357788 0.35163697600364685 0.5889608860015869 
vn -0.9879541397094727 0.3708566725254059 0.573261022567749 
vn -0.9879541397094727 0.3708566725254059 0.573261022567749 
vn -0.991978645324707 0.40187397599220276 0.5479983687400818 
vn -0.991978645324707 0.3957659900188446 0.5524256825447083 
vn -0.9999706149101257 0.4307486414909363 0.5172557234764099 
vn -0.9999706149101257 0.4307486414909363 0.5172557234764099 
vn -1.0039379596710205 0.46425679326057434 0.48292362689971924 
vn -1.0039379596710205 0.46425679326057434 0.48292362689971924 
vn -1.0078861713409424 0.4947354197502136 0.44681331515312195 
vn -1.0078861713409424 0.4947354197502136 0.44681331515312195 
vn -1.011815071105957 0.518646776676178 0.4136069416999817 
vn -1.011815071105957 0.518646776676178 0.4136069416999817 
vn -1.011815071105957 0.5412944555282593 0.383491188287735 
vn -1.011815071105957 0.5412944555282593 0.383491188287735 
vn -1.015724778175354 0.5573393702507019 0.3536982536315918 
vn -1.015724778175354 0.5573393702507019 0.3536982536315918 
vn -1.0196150541305542 0.5719313621520996 0.3229450285434723 
vn -1.0196150541305542 0.5719313621520996 0.3229450285434723 
vn -1.0196150541305542 0.5827183127403259 0.3030485212802887 
vn -1.0196150541305542 0.5827183127403259 0.3030485212802887 
vn -1.0196150541305542 0.5991529822349548 0.2690998911857605 
vn -1.0196150541305542 0.5991529822349548 0.2690998911857605 
vn -1.0234858989715576 0.6115535497665405 0.23038199543952942 
vn -1.0234858989715576 0.6115535497665405 0.23038199543952942 
vn -1.023485779762268 0.6260144710540771 0.18756195902824402 
vn -1.023485779762268 0.6260144710540771 0.18756195902824402 
vn -1.023485779762268 0.6357805132865906 0.15118448436260223 
vn -1.023485779762268 0.6357805132865906 0.15118448436260223 
vn -1.0273370742797852 0.6397271156311035 0.11620267480611801 
vn -1.0273370742797852 0.6397271156311035 0.11620267480611801 
vn -1.0273370742797852 0.6444258689880371 0.08642400801181793 
vn -1.0273370742797852 0.6444258689880371 0.08642400801181793 
vn -1.0273370742797852 0.6477392911911011 0.056459542363882065 
vn -1.0273370742797852 0.6477392911911011 0.056459542363882065 
vn -1.0273370742797852 0.6493107080459595 0.033903010189533234 
vn -1.0273370742797852 0.6493107080459595 0.033903010189533234 
vn -1.0273370742797852 0.6501843333244324 0.003768575144931674 
vn -1.0273370742797852 0.6501843333244324 0.003768575144931674 
vn -1.0273370742797852 0.6499221920967102 -0.01884111389517784 
vn -1.0273370742797852 0.6499221920967102 -0.01884111389517784 
vn -1.0273370742797852 0.6483502388000488 -0.04894720017910004 
vn -1.0273370742797852 0.6483502388000488 -0.04894720017910004 
vn -1.0273370742797852 0.6453844308853149 -0.07894805818796158 
vn -1.0273370742797852 0.6453844308853149 -0.07894805818796158 
vn -1.0273370742797852 0.6410311460494995 -0.1087791845202446 
vn -1.0273370742797852 0.6410311460494995 -0.1087791845202446 
vn -1.023485779762268 0.638299822807312 -0.14016804099082947 
vn -1.023485779762268 0.638299822807312 -0.14016804099082947 
vn -1.023485779762268 0.6311596632003784 -0.16944386065006256 
vn -1.023485779762268 0.6311596632003784 -0.16944386065006256 
vn -1.023485779762268 0.6203493475914001 -0.20552478730678558 
vn -1.023485779762268 0.6203493475914001 -0.20552478730678558 
vn -1.023485779762268 0.6074782609939575 -0.2409229874610901 
vn -1.023485779762268 0.6074782609939575 -0.2409229874610901 
vn -1.023485779762268 0.5957262516021729 -0.26867085695266724 
vn -1.023485779762268 0.5957262516021729 -0.26867085695266724 
vn -1.023485779762268 0.5827075839042664 -0.29584747552871704 
vn -1.023485779762268 0.5827075839042664 -0.29584747552871704 
vn -1.0196149349212646 0.5737767815589905 -0.319655179977417 
vn -1.0196149349212646 0.5737767815589905 -0.319655179977417 
vn -1.0196149349212646 0.5584893822669983 -0.3456715941429138 
vn -1.0196149349212646 0.5584893822669983 -0.3456715941429138 
vn -1.0196149349212646 0.5377264022827148 -0.37715980410575867 
vn -1.0196149349212646 0.5377264022827148 -0.37715980410575867 
vn -1.0196149349212646 0.5151902437210083 -0.4074043035507202 
vn -1.0196149349212646 0.5151902437210083 -0.4074043035507202 
vn -1.0196149349212646 0.490955114364624 -0.43630531430244446 
vn -1.0196149349212646 0.490955114364624 -0.43630531430244446 
vn -1.0196149349212646 0.465101033449173 -0.46376749873161316 
vn -1.0196149349212646 0.465101033449173 -0.46376749873161316 
vn -1.0157246589660645 0.446341872215271 -0.48632174730300903 
vn -1.0157246589660645 0.446341872215271 -0.48632174730300903 
vn -1.0157246589660645 0.4236608147621155 -0.5062029361724854 
vn -1.0157246589660645 0.4236608147621155 -0.5062029361724854 
vn -1.0157246589660645 0.40606689453125 -0.5204225182533264 
vn -1.0157246589660645 0.40606689453125 -0.5204225182533264 
vn -1.0157246589660645 0.3818701207637787 -0.5384283661842346 
vn -1.0157246589660645 0.3818701207637787 -0.5384283661842346 
vn -1.0157246589660645 0.3631965219974518 -0.5511970520019531 
vn -1.0157246589660645 0.3631965219974518 -0.5511970520019531 
vn -1.0157246589660645 0.3376387059688568 -0.5672125220298767 
vn -1.0157246589660645 0.3376387059688568 -0.5672125220298767 
vn -1.0157246589660645 0.31137600541114807 -0.5820437073707581 
vn -1.0157246589660645 0.31137600541114807 -0.5820437073707581 
vn -1.0157246589660645 0.28446322679519653 -0.5956597924232483 
vn -1.0157246589660645 0.28446322679519653 -0.5956597924232483 
vn -1.0157246589660645 0.24999377131462097 -0.6109280586242676 
vn -1.0157246589660645 0.24999377131462097 -0.6109280586242676 
vn -1.0157246589660645 0.22182564437389374 -0.6217100620269775 
vn -1.0157246589660645 0.22182564437389374 -0.6217100620269775 
vn -1.0118149518966675 0.18952231109142303 -0.6357254385948181 
vn -1.0118149518966675 0.18952231109142303 -0.6357254385948181 
vn -1.0118149518966675 0.16044411063194275 -0.6436794400215149 
vn -1.0118149518966675 0.16044411063194275 -0.6436794400215149 
vn -1.0118149518966675 0.12363751977682114 -0.6517509818077087 
vn -1.0118149518966675 0.12363751977682114 -0.6517509818077087 
vn -1.0118149518966675 0.09389927983283997 -0.6566951274871826 
vn -1.0118149518966675 0.09389927983283997 -0.6566951274871826 
vn -1.0118149518966675 0.05646103248000145 -0.660967230796814 
vn -1.0118149518966675 0.05646103248000145 -0.660967230796814 
vn -1.0118149518966675 0.018840603530406952 -0.6631067991256714 
vn -1.0118149518966675 0.018840603530406952 -0.6631067991256714 
vn -1.0118149518966675 0.0037686035502701998 -0.6633636951446533 
vn -1.0118149518966675 0.0037686035502701998 -0.6633636951446533 
vn 0.0029539228416979313 -5.947533665562332e-8 0.999997615814209 
vn 0.0029539228416979313 -5.947533665562332e-8 0.999997615814209 
vn 0.0029539228416979313 -5.947533665562332e-8 0.999997615814209 
vn 0.0029539228416979313 -5.947533665562332e-8 0.999997615814209 
vn -0.0029542488045990467 -5.973359407107637e-8 0.999997615814209 
vn -0.0029542488045990467 -5.973359407107637e-8 0.999997615814209 
vn -0.0029542488045990467 -5.973359407107637e-8 0.999997615814209 
vn -0.0029542488045990467 -5.973359407107637e-8 0.999997615814209 
vn -0.0029542488045990467 -5.973359407107637e-8 0.999997615814209 
vn -0.0029542488045990467 -5.973359407107637e-8 0.999997615814209 
vn -0.0029542488045990467 -5.973359407107637e-8 0.999997615814209 
vn -0.0029542488045990467 -5.973359407107637e-8 0.999997615814209 
vn -0.0029542488045990467 -5.973359407107637e-8 0.999997615814209 
vn -0.0029542488045990467 -5.973359407107637e-8 0.999997615814209 
vn -0.00886236596852541 0.06791331619024277 0.9976696968078613 
vn -0.00886236596852541 0.06037713959813118 0.9981541037559509 
vn -0.020677978172898293 0.1504468470811844 0.9884998202323914 
vn -0.020677978172898293 0.1504468470811844 0.9884998202323914 
vn -0.026585249230265617 0.20245228707790375 0.9790947437286377 
vn -0.026585249230265617 0.20245228707790375 0.9790947437286377 
vn -0.032492008060216904 0.24656996130943298 0.9688270092010498 
vn -0.032492008060216904 0.24656996130943298 0.9688270092010498 
vn -0.038398150354623795 0.29738301038742065 0.9543358683586121 
vn -0.038398150354623795 0.29016754031181335 0.9565544128417969 
vn -0.038398150354623795 0.3403053283691406 0.9398860931396484 
vn -0.038398150354623795 0.3403053283691406 0.9398860931396484 
vn -0.04430355876684189 0.38247790932655334 0.9233834743499756 
vn -0.04430355876684189 0.38247790932655334 0.9233834743499756 
vn -0.05020811781287193 0.4238460958003998 0.9049727916717529 
vn -0.05020811781287193 0.4238460958003998 0.9049727916717529 
vn -0.05611171945929527 0.4643228054046631 0.8846933245658875 
vn -0.05611171945929527 0.4643228054046631 0.8846933245658875 
vn -0.06201425567269325 0.5043715834617615 0.8622678518295288 
vn -0.06201425567269325 0.5043715834617615 0.8622678518295288 
vn -0.062014251947402954 0.5429568886756897 0.8385072350502014 
vn -0.062014251947402954 0.5366014838218689 0.8425885438919067 
vn -0.06791559606790543 0.5741404294967651 0.8172147870063782 
vn -0.06791559606790543 0.5741404294967651 0.8172147870063782 
vn -0.07381565123796463 0.6044789552688599 0.7947483658790588 
vn -0.07381565123796463 0.6044789552688599 0.7947483658790588 
vn -0.07381564378738403 0.6340853571891785 0.771333634853363 
vn -0.07381564378738403 0.6340853571891785 0.771333634853363 
vn -0.07971428334712982 0.673835277557373 0.7365260124206543 
vn -0.07971428334712982 0.6682472229003906 0.7415997385978699 
vn -0.07971427589654922 0.717126727104187 0.6944449543952942 
vn -0.07971428334712982 0.7118555903434753 0.6998472213745117 
vn -0.08561139553785324 0.7575923800468445 0.6496500372886658 
vn -0.08561139553785324 0.7575923800468445 0.6496500372886658 
vn -0.09150687605142593 0.7959198951721191 0.601607620716095 
vn -0.09150687605142593 0.7913429141044617 0.6076155304908752 
vn -0.09150686860084534 0.8266673684120178 0.5586065649986267 
vn -0.09150686860084534 0.8266673684120178 0.5586065649986267 
vn -0.09740060567855835 0.8509179353713989 0.520336389541626 
vn -0.09740060567855835 0.8509179353713989 0.520336389541626 
vn -0.09740059822797775 0.8736662268638611 0.48116376996040344 
vn -0.09740059822797775 0.8736662268638611 0.48116376996040344 
vn -0.09740059077739716 0.8946124315261841 0.44099870324134827 
vn -0.09740059077739716 0.8946124315261841 0.44099870324134827 
vn -0.10329246520996094 0.9103636741638184 0.4066971242427826 
vn -0.10329246520996094 0.9103636741638184 0.4066971242427826 
vn -0.10329245775938034 0.9278908967971802 0.36494261026382446 
vn -0.10329245775938034 0.9251016974449158 0.37195631861686707 
vn -0.10329245030879974 0.9459179639816284 0.31528374552726746 
vn -0.10329245030879974 0.9459179639816284 0.31528374552726746 
vn -0.10329244285821915 0.9612894654273987 0.2647397816181183 
vn -0.10329244285821915 0.9612894654273987 0.2647397816181183 
vn -0.10918235033750534 0.973626971244812 0.21337909996509552 
vn -0.10918235033750534 0.973626971244812 0.21337909996509552 
vn -0.10918234288692474 0.9823113083839417 0.16895149648189545 
vn -0.10918234288692474 0.9823113083839417 0.16895149648189545 
vn -0.10918233543634415 0.9889694452285767 0.12417540699243546 
vn -0.10918233543634415 0.9889694452285767 0.12417540699243546 
vn -0.10918232798576355 0.9929600954055786 0.0866624042391777 
vn -0.10918232798576355 0.9929600954055786 0.0866624042391777 
vn -0.10918232053518295 0.9955283403396606 0.04902524873614311 
vn -0.10918232053518295 0.9955283403396606 0.04902524873614311 
vn -0.10918232053518295 0.9966704845428467 0.011317875236272812 
vn -0.10918232053518295 0.9966704845428467 0.011317875236272812 
vn -0.10918231308460236 0.9963849186897278 -0.026405714452266693 
vn -0.10918231308460236 0.9963849186897278 -0.026405714452266693 
vn -0.10918230563402176 0.9946720004081726 -0.06409147381782532 
vn -0.10918230563402176 0.9946720004081726 -0.06409147381782532 
vn -0.10918229818344116 0.9907360672950745 -0.10918845981359482 
vn -0.10918229818344116 0.9907360672950745 -0.10918845981359482 
vn -0.10918229073286057 0.9858946204185486 -0.14660117030143738 
vn -0.10918229073286057 0.9858946204185486 -0.14660117030143738 
vn -0.10918228328227997 0.9782214164733887 -0.19121451675891876 
vn -0.10918228328227997 0.9782214164733887 -0.19121451675891876 
vn -0.10329236090183258 0.9670534133911133 -0.24284212291240692 
vn -0.10329236090183258 0.9670534133911133 -0.24284212291240692 
vn -0.10329235345125198 0.9505828022956848 -0.30092671513557434 
vn -0.10329235345125198 0.9505828022956848 -0.30092671513557434 
vn -0.10329234600067139 0.9333096146583557 -0.3508527874946594 
vn -0.10329234600067139 0.9333096146583557 -0.3508527874946594 
vn -0.10329233855009079 0.916416585445404 -0.3928678631782532 
vn -0.10329233855009079 0.916416585445404 -0.3928678631782532 
vn -0.10329233109951019 0.90089350938797 -0.4272650480270386 
vn -0.10329233109951019 0.90089350938797 -0.4272650480270386 
vn -0.1032923236489296 0.8805644512176514 -0.46772944927215576 
vn -0.1032923236489296 0.8805644512176514 -0.46772944927215576 
vn -0.103292316198349 0.8584190011024475 -0.5072290897369385 
vn -0.103292316198349 0.8584190011024475 -0.5072290897369385 
vn -0.1032923087477684 0.8303481936454773 -0.5519840121269226 
vn -0.1032923087477684 0.8303481936454773 -0.5519840121269226 
vn -0.10329229384660721 0.795417845249176 -0.6012279391288757 
vn -0.10329229384660721 0.795417845249176 -0.6012279391288757 
vn -0.09740041196346283 0.7578173875808716 -0.6484783291816711 
vn -0.09740041196346283 0.7578173875808716 -0.6484783291816711 
vn -0.09740039706230164 0.7171797752380371 -0.6931555271148682 
vn -0.09740039706230164 0.7171797752380371 -0.6931555271148682 
vn -0.09740039706230164 0.6849673986434937 -0.7250041961669922 
vn -0.09740039706230164 0.6849673986434937 -0.7250041961669922 
vn -0.09740038961172104 0.6570415496826172 -0.7504050731658936 
vn -0.09740038961172104 0.6570415496826172 -0.7504050731658936 
vn -0.09740038216114044 0.6281744837760925 -0.7747310400009155 
vn -0.09740038216114044 0.6281744837760925 -0.7747310400009155 
vn -0.09740037471055984 0.5923500061035156 -0.8024542927742004 
vn -0.09740037471055984 0.5923500061035156 -0.8024542927742004 
vn -0.09740036725997925 0.5553036332130432 -0.8285223245620728 
vn -0.09740036725997925 0.5553036332130432 -0.8285223245620728 
vn -0.09740036725997925 0.5171118974685669 -0.8528814315795898 
vn -0.09740036725997925 0.5171118974685669 -0.8528814315795898 
vn -0.09740035980939865 0.4778534770011902 -0.8754812479019165 
vn -0.09740035980939865 0.4778534770011902 -0.8754812479019165 
vn -0.09740035235881805 0.4376094341278076 -0.8962752819061279 
vn -0.09740035235881805 0.4376094341278076 -0.8962752819061279 
vn -0.09740035235881805 0.38952311873435974 -0.9181955456733704 
vn -0.09740035235881805 0.38952311873435974 -0.9181955456733704 
vn -0.09740034490823746 0.3474307060241699 -0.9349349141120911 
vn -0.09740034490823746 0.3474307060241699 -0.9349349141120911 
vn -0.09740033745765686 0.2974233329296112 -0.952024519443512 
vn -0.09740033745765686 0.2974233329296112 -0.952024519443512 
vn -0.09150659292936325 0.24665644764900208 -0.9667372107505798 
vn -0.09150659292936325 0.24665644764900208 -0.9667372107505798 
vn -0.09150659292936325 0.19510608911514282 -0.9784446358680725 
vn -0.09150659292936325 0.19510608911514282 -0.9784446358680725 
vn -0.09150658547878265 0.1430080085992813 -0.9874051809310913 
vn -0.09150658547878265 0.1430080085992813 -0.9874051809310913 
vn -0.09150658547878265 0.09050843119621277 -0.9935937523841858 
vn -0.09150658547878265 0.09050843119621277 -0.9935937523841858 
vn -0.09150657802820206 0.030206432566046715 -0.9972501397132874 
vn -0.09150657802820206 0.030206432566046715 -0.9972501397132874 
vn -0.09150657802820206 5.5467868520509e-8 -0.9977074861526489 
vn -0.09150657802820206 5.5467868520509e-8 -0.9977074861526489 
vn 0.8264672160148621 0.34340399503707886 0.7130858898162842 
vn 0.8264672160148621 0.34340399503707886 0.7130858898162842 
vn 0.8404241800308228 0.3154100477695465 0.7170844078063965 
vn 0.8404241800308228 0.3154100477695465 0.7170844078063965 
vn 0.8633636832237244 0.2663790285587311 0.7220521569252014 
vn 0.8633636832237244 0.27345481514930725 0.7194022536277771 
vn 0.8814191222190857 0.23038804531097412 0.7225015163421631 
vn 0.876930296421051 0.23054373264312744 0.7254334092140198 
vn 0.8903462886810303 0.19418413937091827 0.7271375060081482 
vn 0.8903462886810303 0.19418413937091827 0.7271375060081482 
vn 0.8992053270339966 0.1574927568435669 0.7300420999526978 
vn 0.8992053270339966 0.16487102210521698 0.7284112572669983 
vn 0.9079957604408264 0.12039431929588318 0.7311511635780334 
vn 0.9079957604408264 0.1278456598520279 0.7298851013183594 
vn 0.9036092162132263 0.157377690076828 0.7270869016647339 
vn 0.9036092162132263 0.14998938143253326 0.7286469340324402 
vn 0.8903462886810303 0.2232130467891693 0.7187575101852417 
vn 0.8903462886810303 0.2232130467891693 0.7187575101852417 
vn 0.8858911395072937 0.25206878781318665 0.7121978402137756 
vn 0.8858911395072937 0.25206878781318665 0.7121978402137756 
vn 0.8814191222190857 0.2871510684490204 0.7018770575523376 
vn 0.8814191222190857 0.2871510684490204 0.7018770575523376 
vn 0.876930296421051 0.32197630405426025 0.6897356510162354 
vn 0.876930296421051 0.31511420011520386 0.692897617816925 
vn 0.8724247217178345 0.3493778109550476 0.6794483661651611 
vn 0.8724247217178345 0.3493778109550476 0.6794483661651611 
vn 0.8679025173187256 0.38232147693634033 0.6647177338600159 
vn 0.8679025173187256 0.38232147693634033 0.6647177338600159 
vn 0.8633636832237244 0.40854883193969727 0.6522307395935059 
vn 0.8633636832237244 0.40854883193969727 0.6522307395935059 
vn 0.8588083982467651 0.4342178404331207 0.6387978196144104 
vn 0.8588083982467651 0.4342178404331207 0.6387978196144104 
vn 0.8542367815971375 0.4647490382194519 0.6204026341438293 
vn 0.8542367815971375 0.4647490382194519 0.6204026341438293 
vn 0.8496487736701965 0.489025354385376 0.6049966216087341 
vn 0.8496487736701965 0.489025354385376 0.6049966216087341 
vn 0.8450444936752319 0.5126517415046692 0.5887465476989746 
vn 0.8450444936752319 0.5126517415046692 0.5887465476989746 
vn 0.8404241800308228 0.5349422693252563 0.5723025798797607 
vn 0.8404241800308228 0.5349422693252563 0.5723025798797607 
vn 0.8404241800308228 0.556600034236908 0.5512620806694031 
vn 0.8404241800308228 0.5512619018554688 0.5566002130508423 
vn 0.835787832736969 0.5780788660049438 0.5326995253562927 
vn 0.835787832736969 0.5780788660049438 0.5326995253562927 
vn 0.8311354517936707 0.6085408329963684 0.5018600821495056 
vn 0.8311354517936707 0.6085408329963684 0.5018600821495056 
vn 0.8264672160148621 0.6371850967407227 0.4694814383983612 
vn 0.8264672160148621 0.6371850967407227 0.4694814383983612 
vn 0.8264672160148621 0.6588656902313232 0.4385358691215515 
vn 0.8264672160148621 0.6588656902313232 0.4385358691215515 
vn 0.8217832446098328 0.6839243173599243 0.4035935699939728 
vn 0.8217832446098328 0.6839243173599243 0.4035935699939728 
vn 0.8170835375785828 0.7028608322143555 0.3752857744693756 
vn 0.8170835375785828 0.7028608322143555 0.3752857744693756 
vn 0.8170835375785828 0.7165786623954773 0.3483787775039673 
vn 0.8170835375785828 0.7165786623954773 0.3483787775039673 
vn 0.8170835375785828 0.7292669415473938 0.32097122073173523 
vn 0.8170835375785828 0.7292669415473938 0.32097122073173523 
vn 0.8123683333396912 0.7422945499420166 0.2967386543750763 
vn 0.8123683333396912 0.7422945499420166 0.2967386543750763 
vn 0.8123683333396912 0.752976655960083 0.26847943663597107 
vn 0.8123683333396912 0.752976655960083 0.26847943663597107 
vn 0.8123683333396912 0.7648153305053711 0.23262101411819458 
vn 0.8123683333396912 0.7648153305053711 0.23262101411819458 
vn 0.8123683333396912 0.7749474048614502 0.1962435096502304 
vn 0.8123683333396912 0.7749474048614502 0.1962435096502304 
vn 0.8076375126838684 0.7867537140846252 0.15577304363250732 
vn 0.8076375126838684 0.7867537140846252 0.15577304363250732 
vn 0.8076375126838684 0.7920634150505066 0.12602439522743225 
vn 0.8076375126838684 0.7920634150505066 0.12602439522743225 
vn 0.8076375126838684 0.796248733997345 0.09609684348106384 
vn 0.8076375126838684 0.796248733997345 0.09609684348106384 
vn 0.8076375126838684 0.7993036508560181 0.06603286415338516 
vn 0.8076375126838684 0.7993036508560181 0.06603286415338516 
vn 0.8076375126838684 0.801223874092102 0.035875141620635986 
vn 0.8076375126838684 0.801223874092102 0.035875141620635986 
vn 0.8076375126838684 0.8019176125526428 0.013221084140241146 
vn 0.8076375126838684 0.8019176125526428 0.013221084140241146 
vn 0.8076375722885132 0.801846444606781 -0.016997624188661575 
vn 0.8076375722885132 0.801846444606781 -0.016997624188661575 
vn 0.8076375722885132 0.8006369471549988 -0.047192201018333435 
vn 0.8076375722885132 0.8006369471549988 -0.047192201018333435 
vn 0.8076375722885132 0.7982908487319946 -0.07731977850198746 
vn 0.8076375722885132 0.7982908487319946 -0.07731977850198746 
vn 0.8076375722885132 0.794811487197876 -0.1073375940322876 
vn 0.8076375722885132 0.794811487197876 -0.1073375940322876 
vn 0.8076375722885132 0.7888762354850769 -0.14464059472084045 
vn 0.8076375722885132 0.7888762354850769 -0.14464059472084045 
vn 0.8123683929443359 0.7776508331298828 -0.18524079024791718 
vn 0.8123683929443359 0.7776508331298828 -0.18524079024791718 
vn 0.8123683929443359 0.7659057974815369 -0.22900493443012238 
vn 0.8123683929443359 0.7659057974815369 -0.22900493443012238 
vn 0.8123683929443359 0.7516999244689941 -0.2720332741737366 
vn 0.8123683929443359 0.7516999244689941 -0.2720332741737366 
vn 0.8123683929443359 0.7380146384239197 -0.3072283864021301 
vn 0.8123683929443359 0.7380146384239197 -0.3072283864021301 
vn 0.8123683929443359 0.7258791327476501 -0.3348945677280426 
vn 0.8123683929443359 0.7258791327476501 -0.3348945677280426 
vn 0.8123683929443359 0.7127069234848022 -0.36208248138427734 
vn 0.8123683929443359 0.7127069234848022 -0.36208248138427734 
vn 0.8123684525489807 0.6948125958442688 -0.39533567428588867 
vn 0.8123684525489807 0.6948125958442688 -0.39533567428588867 
vn 0.8170837163925171 0.6703838109970093 -0.4306252896785736 
vn 0.8170837163925171 0.6703838109970093 -0.4306252896785736 
vn 0.8170837163925171 0.6448275446891785 -0.4680277407169342 
vn 0.8170837163925171 0.6448275446891785 -0.4680277407169342 
vn 0.8170837163925171 0.6123837828636169 -0.5097436904907227 
vn 0.8170837163925171 0.6123837828636169 -0.5097436904907227 
vn 0.8170837163925171 0.5824249386787415 -0.5437220931053162 
vn 0.8170837163925171 0.5824249386787415 -0.5437220931053162 
vn 0.8170837163925171 0.5560168623924255 -0.5706993937492371 
vn 0.8170837163925171 0.5560168623924255 -0.5706993937492371 
vn 0.8170837163925171 0.5339887142181396 -0.5913615822792053 
vn 0.8170837163925171 0.5339887142181396 -0.5913615822792053 
vn 0.8170837163925171 0.5053784847259521 -0.6159911751747131 
vn 0.8170837163925171 0.5053784847259521 -0.6159911751747131 
vn 0.8217834234237671 0.4789242148399353 -0.6334599256515503 
vn 0.8217834234237671 0.4789242148399353 -0.6334599256515503 
vn 0.8217834234237671 0.4482405483722687 -0.655530571937561 
vn 0.8217834234237671 0.4482405483722687 -0.655530571937561 
vn 0.8217834234237671 0.4229590594768524 -0.672120213508606 
vn 0.8217834234237671 0.4229590594768524 -0.672120213508606 
vn 0.8217834234237671 0.3904992341995239 -0.6914840936660767 
vn 0.8217834234237671 0.3904992341995239 -0.6914840936660767 
vn 0.8217834830284119 0.3571547865867615 -0.7092815637588501 
vn 0.8217834830284119 0.3503863513469696 -0.7126494646072388 
vn 0.8217834830284119 0.316080242395401 -0.7285143733024597 
vn 0.8217834830284119 0.316080242395401 -0.7285143733024597 
vn 0.8217834830284119 0.28105810284614563 -0.7427288889884949 
vn 0.8217834830284119 0.28105810284614563 -0.7427288889884949 
vn 0.8217834830284119 0.2381981909275055 -0.7575628757476807 
vn 0.8217834830284119 0.2381981909275055 -0.7575628757476807 
vn 0.8217834830284119 0.20188209414482117 -0.7680387496948242 
vn 0.8217834830284119 0.20188209414482117 -0.7680387496948242 
vn 0.8217834830284119 0.15770643949508667 -0.7783113718032837 
vn 0.8217834830284119 0.15770643949508667 -0.7783113718032837 
vn 0.8217834830284119 0.11301635205745697 -0.7860453128814697 
vn 0.8217834830284119 0.11301635205745697 -0.7860453128814697 
vn 0.8217834830284119 0.07548679411411285 -0.7905325293540955 
vn 0.8217834830284119 0.07548679411411285 -0.7905325293540955 
vn 0.8217834830284119 0.022677257657051086 -0.7938045263290405 
vn 0.8217834830284119 0.022677257657051086 -0.7938045263290405 
vn 0.8217834830284119 8.325484657234483e-8 -0.7941283583641052 
vn 0.8217834830284119 8.325484657234483e-8 -0.7941283583641052 
vn 1.133437991142273 0.4684258699417114 -0.2791789174079895 
vn 1.133437991142273 0.4684258699417114 -0.2791789174079895 
vn 1.1554569005966187 0.43397048115730286 -0.28542664647102356 
vn 1.1585147380828857 0.43073156476020813 -0.28354746103286743 
vn 1.1934667825698853 0.37512528896331787 -0.28328120708465576 
vn 1.1934667825698853 0.37512528896331787 -0.28328120708465576 
vn 1.220091462135315 0.3216937482357025 -0.2869392931461334 
vn 1.2226266860961914 0.3182560205459595 -0.28486332297325134 
vn 1.2420637607574463 0.2685823142528534 -0.28999271988868713 
vn 1.2420637607574463 0.2685823142528534 -0.28999271988868713 
vn 1.2578272819519043 0.22177956998348236 -0.29239189624786377 
vn 1.2578272819519043 0.22177956998348236 -0.29239189624786377 
vn 1.2704029083251953 0.1761186718940735 -0.29372119903564453 
vn 1.272414207458496 0.16972975432872772 -0.2927192449569702 
vn 1.2802159786224365 0.13574229180812836 -0.29184669256210327 
vn 1.2802159786224365 0.13574229180812836 -0.29184669256210327 
vn 1.285810947418213 0.10741040110588074 -0.29019197821617126 
vn 1.285810947418213 0.10741040110588074 -0.29019197821617126 
vn 1.28941810131073 0.09663970023393631 -0.2851814329624176 
vn 1.28941810131073 0.09663970023393631 -0.2851814329624176 
vn 1.2911847829818726 0.07837313413619995 -0.2864118814468384 
vn 1.2911847829818726 0.07837313413619995 -0.2864118814468384 
vn 1.2946442365646362 0.06736904382705688 -0.28061172366142273 
vn 1.2946442365646362 0.06736904382705688 -0.28061172366142273 
vn 1.2980047464370728 0.048864323645830154 -0.2759139835834503 
vn 1.2980047464370728 0.048864323645830154 -0.2759139835834503 
vn 1.3012661933898926 0.037662193179130554 -0.2691862881183624 
vn 1.3012661933898926 0.037662193179130554 -0.2691862881183624 
vn 1.3028596639633179 0.022694217041134834 -0.2666366696357727 
vn 1.3028596639633179 0.022694217041134834 -0.2666366696357727 
vn 1.3059719800949097 0.011357489041984081 -0.2589215636253357 
vn 1.3059719800949097 0.011357489041984081 -0.2589215636253357 
vn 1.3089845180511475 7.216159048084592e-8 -0.2507205605506897 
vn 1.3089845180511475 7.216159048084592e-8 -0.2507205605506897 
vn 1.3104532957077026 -0.011328130960464478 -0.24622789025306702 
vn 1.3104532957077026 -0.011328130960464478 -0.24622789025306702 
vn 1.3133158683776855 -0.022624226287007332 -0.23693214356899261 
vn 1.3133158683776855 -0.022624226287007332 -0.23693214356899261 
vn 1.3147095441818237 -0.03768991306424141 -0.2307053953409195 
vn 1.3147095441818237 -0.03768991306424141 -0.2307053953409195 
vn 1.3174214363098145 -0.041391074657440186 -0.22142286598682404 
vn 1.3174214363098145 -0.041391074657440186 -0.22142286598682404 
vn 1.3187397718429565 -0.05628206580877304 -0.21371223032474518 
vn 1.3187397718429565 -0.05628206580877304 -0.21371223032474518 
vn 1.321300745010376 -0.06709732115268707 -0.20159517228603363 
vn 1.321300745010376 -0.06709732115268707 -0.20159517228603363 
vn 1.3237608671188354 -0.0845550075173378 -0.18556435406208038 
vn 1.3237608671188354 -0.0845550075173378 -0.18556435406208038 
vn 1.3261198997497559 -0.09437991678714752 -0.17104722559452057 
vn 1.3261198997497559 -0.09437991678714752 -0.17104722559452057 
vn 1.328377604484558 -0.10357274860143661 -0.15543334186077118 
vn 1.328377604484558 -0.10357274860143661 -0.15543334186077118 
vn 1.3294684886932373 -0.1097048744559288 -0.1458285003900528 
vn 1.3294684886932373 -0.1097048744559288 -0.1458285003900528 
vn 1.3305339813232422 -0.11772449314594269 -0.13376086950302124 
vn 1.3305339813232422 -0.11772449314594269 -0.13376086950302124 
vn 1.3315740823745728 -0.1229567751288414 -0.12295663356781006 
vn 1.3315740823745728 -0.1229567751288414 -0.12295663356781006 
vn 1.3325886726379395 -0.12950217723846436 -0.1094871386885643 
vn 1.3325886726379395 -0.12950217723846436 -0.1094871386885643 
vn 1.3325886726379395 -0.1387331634759903 -0.09752622246742249 
vn 1.3325886726379395 -0.1387331634759903 -0.09752622246742249 
vn 1.3335778713226318 -0.14185231924057007 -0.08481571823358536 
vn 1.3335778713226318 -0.14185231924057007 -0.08481571823358536 
vn 1.3345415592193604 -0.14740663766860962 -0.06465836614370346 
vn 1.3345415592193604 -0.14740663766860962 -0.06465836614370346 
vn 1.3354798555374146 -0.1489831656217575 -0.048407379537820816 
vn 1.3354798555374146 -0.1489831656217575 -0.048407379537820816 
vn 1.3354798555374146 -0.15114793181419373 -0.041152965277433395 
vn 1.3354798555374146 -0.15114793181419373 -0.041152965277433395 
vn 1.3354798555374146 -0.15441416203975677 -0.026372961699962616 
vn 1.3354798555374146 -0.15441416203975677 -0.026372961699962616 
vn 1.3354798555374146 -0.15550802648067474 -0.018881890922784805 
vn 1.3354798555374146 -0.15550802648067474 -0.018881890922784805 
vn 1.3354798555374146 -0.15623869001865387 -0.011346720159053802 
vn 1.3354798555374146 -0.15623869001865387 -0.011346720159053802 
vn 1.3354798555374146 -0.15660443902015686 0.0037854646798223257 
vn 1.3354798555374146 -0.15660443902015686 0.0037854646798223257 
vn 1.3354798555374146 -0.15623869001865387 0.01134713739156723 
vn 1.3354798555374146 -0.15623869001865387 0.01134713739156723 
vn 1.3354798555374146 -0.15550802648067474 0.018882308155298233 
vn 1.3354798555374146 -0.15550802648067474 0.018882308155298233 
vn 1.3354798555374146 -0.15441416203975677 0.026373378932476044 
vn 1.3354798555374146 -0.15441416203975677 0.026373378932476044 
vn 1.3354798555374146 -0.1529596745967865 0.033802855759859085 
vn 1.3354798555374146 -0.1529596745967865 0.033802855759859085 
vn 1.3354798555374146 -0.15114793181419373 0.04115338250994682 
vn 1.3354798555374146 -0.15114793181419373 0.04115338250994682 
vn 1.3345415592193604 -0.15161475539207458 0.05405956879258156 
vn 1.3345415592193604 -0.15161475539207458 0.05405956879258156 
vn 1.3345415592193604 -0.14889268577098846 0.061159174889326096 
vn 1.3345415592193604 -0.14889268577098846 0.061159174889326096 
vn 1.3345415592193604 -0.14245863258838654 0.07493344694375992 
vn 1.3345415592193604 -0.14245863258838654 0.07493344694375992 
vn 1.3345415592193604 -0.1387609988451004 0.0815773755311966 
vn 1.3345415592193604 -0.1387609988451004 0.0815773755311966 
vn 1.3345415592193604 -0.1347537487745285 0.08803927153348923 
vn 1.3345415592193604 -0.1347537487745285 0.08803927153348923 
vn 1.3335778713226318 -0.13568656146526337 0.0943664088845253 
vn 1.3335778713226318 -0.13568656146526337 0.0943664088845253 
vn 1.3335778713226318 -0.13121752440929413 0.10048795491456985 
vn 1.3335778713226318 -0.13121752440929413 0.10048795491456985 
vn 1.3335778713226318 -0.12647254765033722 0.10639816522598267 
vn 1.3335778713226318 -0.12647254765033722 0.10639816522598267 
vn 1.3335778713226318 -0.12146156281232834 0.11208462715148926 
vn 1.3335778713226318 -0.12146156281232834 0.11208462715148926 
vn 1.3325886726379395 -0.11652728915214539 0.12320608645677567 
vn 1.3325886726379395 -0.11652728915214539 0.12320608645677567 
vn 1.3325886726379395 -0.11092317849397659 0.12827470898628235 
vn 1.3325886726379395 -0.11092317849397659 0.12827470898628235 
vn 1.3325886726379395 -0.10509884357452393 0.13308864831924438 
vn 1.3325886726379395 -0.10509884357452393 0.13308864831924438 
vn 1.3325886726379395 -0.09906584024429321 0.13763836026191711 
vn 1.3325886726379395 -0.09906584024429321 0.13763836026191711 
vn 1.3325886726379395 -0.09283614903688431 0.14191479980945587 
vn 1.3325886726379395 -0.09283614903688431 0.14191479980945587 
vn 1.3325886726379395 -0.0864221453666687 0.14590947329998016 
vn 1.3325886726379395 -0.0864221453666687 0.14590947329998016 
vn 1.3325886726379395 -0.0864221453666687 0.14590947329998016 
vn 1.3325886726379395 -0.0864221453666687 0.14590947329998016 
vn 1.3315740823745728 -0.08029213547706604 0.15424005687236786 
vn 1.3315740823745728 -0.08029213547706604 0.15424005687236786 
vn 1.3315740823745728 -0.07348786294460297 0.15759555995464325 
vn 1.3315740823745728 -0.07348786294460297 0.15759555995464325 
vn 1.3315740823745728 -0.06654370576143265 0.1606510579586029 
vn 1.3315740823745728 -0.06654370576143265 0.1606510579586029 
vn 1.3315740823745728 -0.059472884982824326 0.16340075433254242 
vn 1.3315740823745728 -0.059472884982824326 0.16340075433254242 
vn 1.3315740823745728 -0.05228884890675545 0.16583940386772156 
vn 1.3315740823745728 -0.05228884890675545 0.16583940386772156 
vn 1.3315740823745728 -0.045005276799201965 0.16796237230300903 
vn 1.3315740823745728 -0.045005276799201965 0.16796237230300903 
vn 1.3315740823745728 -0.03763603791594505 0.1697656214237213 
vn 1.3315740823745728 -0.03763603791594505 0.1697656214237213 
vn 1.3315740823745728 -0.030195152387022972 0.17124569416046143 
vn 1.3315740823745728 -0.030195152387022972 0.17124569416046143 
vn 1.3315740823745728 -0.022696789354085922 0.17239980399608612 
vn 1.3315740823745728 -0.022696789354085922 0.17239980399608612 
vn 1.3315740823745728 -0.015155223198235035 0.1732257455587387 
vn 1.3315740823745728 -0.015155223198235035 0.1732257455587387 
vn 1.3315740823745728 -0.007584806531667709 0.17372195422649384 
vn 1.3315740823745728 -0.007584806531667709 0.17372195422649384 
vn 1.3315739631652832 4.784047291650495e-8 0.1738874465227127 
vn 1.3315739631652832 4.784047291650495e-8 0.1738874465227127 
vn 0.41559651494026184 0.17267216742038727 -0.9357978105545044 
vn 0.41559651494026184 0.17267216742038727 -0.9357978105545044 
vn 0.4212147295475006 0.16149666905403137 -0.9364190697669983 
vn 0.4212147295475006 0.15405336022377014 -0.9376723766326904 
vn 0.43242689967155457 0.13552097976207733 -0.9377425909042358 
vn 0.43242689967155457 0.13552097976207733 -0.9377425909042358 
vn 0.4380207061767578 0.11677642911672592 -0.9388436079025269 
vn 0.4380207061767578 0.10927732288837433 -0.9397459626197815 
vn 0.44360607862472534 0.09799224883317947 -0.9395574927330017 
vn 0.44360607862472534 0.09799224883317947 -0.9395574927330017 
vn 0.44360607862472534 0.08295895904302597 -0.9410040378570557 
vn 0.44360607862472534 0.0754341185092926 -0.9416370987892151 
vn 0.44918301701545715 0.06412148475646973 -0.9410292506217957 
vn 0.44918301701545715 0.06412148475646973 -0.9410292506217957 
vn 0.46031105518341064 -0.007554709445685148 -0.9402419924736023 
vn 0.46031105518341064 -0.007554709445685148 -0.9402419924736023 
vn 0.47140389680862427 -0.09045872837305069 -0.9328861236572266 
vn 0.47140389680862427 -0.09045872837305069 -0.9328861236572266 
vn 0.47693687677383423 -0.1355476975440979 -0.9258597493171692 
vn 0.47693687677383423 -0.1355476975440979 -0.9258597493171692 
vn 0.48246079683303833 -0.17645734548568726 -0.9173623919487 
vn 0.48246079683303833 -0.18386971950531006 -0.9159054756164551 
vn 0.48797544836997986 -0.22431625425815582 -0.9052326679229736 
vn 0.48797544836997986 -0.22431625425815582 -0.9052326679229736 
vn 0.4934808313846588 -0.27150362730026245 -0.8905585408210754 
vn 0.4934808313846588 -0.27150362730026245 -0.8905585408210754 
vn 0.4989767372608185 -0.30760520696640015 -0.8770430684089661 
vn 0.4989767372608185 -0.3147238492965698 -0.8745138049125671 
vn 0.5044631361961365 -0.35330915451049805 -0.8578969240188599 
vn 0.5044631361961365 -0.35330915451049805 -0.8578969240188599 
vn 0.509939968585968 -0.3911278545856476 -0.8395206332206726 
vn 0.509939968585968 -0.3911278545856476 -0.8395206332206726 
vn 0.5154069662094116 -0.42525961995124817 -0.820892333984375 
vn 0.5154069662094116 -0.42525961995124817 -0.820892333984375 
vn 0.5154069662094116 -0.46497565507888794 -0.7990667223930359 
vn 0.5154069662094116 -0.46497565507888794 -0.7990667223930359 
vn 0.5208641886711121 -0.49371233582496643 -0.7796570062637329 
vn 0.5208641886711121 -0.5000743269920349 -0.7755917906761169 
vn 0.526311457157135 -0.5254169702529907 -0.7565937638282776 
vn 0.526311457157135 -0.5254169702529907 -0.7565937638282776 
vn 0.526311457157135 -0.5559965968132019 -0.7344146966934204 
vn 0.526311457157135 -0.5559965968132019 -0.7344146966934204 
vn 0.5317486524581909 -0.5881004929542542 -0.7067449688911438 
vn 0.5317486524581909 -0.5881004929542542 -0.7067449688911438 
vn 0.5371756553649902 -0.6333701014518738 -0.6640934944152832 
vn 0.5371756553649902 -0.6333701014518738 -0.6640934944152832 
vn 0.542592465877533 -0.6725444197654724 -0.6218222379684448 
vn 0.542592465877533 -0.6725444197654724 -0.6218222379684448 
vn 0.5479989051818848 -0.7089966535568237 -0.5771288871765137 
vn 0.5479989051818848 -0.7089966535568237 -0.5771288871765137 
vn 0.5479989051818848 -0.7411497235298157 -0.5352113246917725 
vn 0.5479989051818848 -0.7411497235298157 -0.5352113246917725 
vn 0.5533949136734009 -0.7665509581565857 -0.49487701058387756 
vn 0.5533949136734009 -0.7665509581565857 -0.49487701058387756 
vn 0.5533949136734009 -0.79017573595047 -0.45620816946029663 
vn 0.5533949136734009 -0.79017573595047 -0.45620816946029663 
vn 0.558780312538147 -0.8056378364562988 -0.4244707226753235 
vn 0.558780312538147 -0.8056378364562988 -0.4244707226753235 
vn 0.558780312538147 -0.8225334882736206 -0.39072543382644653 
vn 0.558780312538147 -0.8225334882736206 -0.39072543382644653 
vn 0.558780312538147 -0.8409411311149597 -0.3493504822254181 
vn 0.558780312538147 -0.8409411311149597 -0.3493504822254181 
vn 0.5641550421714783 -0.8590458631515503 -0.2965920567512512 
vn 0.5641550421714783 -0.8590458631515503 -0.2965920567512512 
vn 0.5641550421714783 -0.8748378157615662 -0.24614116549491882 
vn 0.5641550421714783 -0.8748378157615662 -0.24614116549491882 
vn 0.5641550421714783 -0.8860194683074951 -0.2022281289100647 
vn 0.5641550421714783 -0.8860194683074951 -0.2022281289100647 
vn 0.5641550421714783 -0.89499831199646 -0.15781231224536896 
vn 0.5641550421714783 -0.89499831199646 -0.15781231224536896 
vn 0.5641550421714783 -0.9007817506790161 -0.12049471586942673 
vn 0.5641550421714783 -0.9007817506790161 -0.12049471586942673 
vn 0.5641550421714783 -0.905009925365448 -0.082969069480896 
vn 0.5641550421714783 -0.905009925365448 -0.082969069480896 
vn 0.5641549825668335 -0.9076754450798035 -0.045300159603357315 
vn 0.5641549825668335 -0.9076754450798035 -0.045300159603357315 
vn 0.5641549825668335 -0.9087737798690796 -0.007553038187325001 
vn 0.5641549825668335 -0.9087737798690796 -0.007553038187325001 
vn 0.5641549825668335 -0.9083030223846436 0.03020712360739708 
vn 0.5641549825668335 -0.9083030223846436 0.03020712360739708 
vn 0.5641549825668335 -0.9067971110343933 0.060380831360816956 
vn 0.5641549825668335 -0.9067971110343933 0.060380831360816956 
vn 0.5641549825668335 -0.903505802154541 0.09800022840499878 
vn 0.5641549825668335 -0.903505802154541 0.09800022840499878 
vn 0.5641549825668335 -0.8986545205116272 0.13545042276382446 
vn 0.5641549825668335 -0.8986545205116272 0.13545042276382446 
vn 0.5641549825668335 -0.890785813331604 0.18007628619670868 
vn 0.5641549825668335 -0.890785813331604 0.18007628619670868 
vn 0.5641549825668335 -0.8807024359703064 0.22425444424152374 
vn 0.5641549825668335 -0.8807024359703064 0.22425444424152374 
vn 0.5641549825668335 -0.8661732077598572 0.2750833034515381 
vn 0.5641549825668335 -0.8661732077598572 0.2750833034515381 
vn 0.5641549229621887 -0.8487130999565125 0.3249814212322235 
vn 0.5641549229621887 -0.8487130999565125 0.3249814212322235 
vn 0.5587801933288574 -0.8350342512130737 0.3632432818412781 
vn 0.5587801933288574 -0.8350342512130737 0.3632432818412781 
vn 0.5587801933288574 -0.8192665576934814 0.39753010869026184 
vn 0.5587801933288574 -0.8192665576934814 0.39753010869026184 
vn 0.5587801933288574 -0.8020917177200317 0.4311341941356659 
vn 0.5587801933288574 -0.8020917177200317 0.4311341941356659 
vn 0.5587801933288574 -0.7796663045883179 0.4704766571521759 
vn 0.5587801933288574 -0.7796663045883179 0.4704766571521759 
vn 0.5587801933288574 -0.7553127408027649 0.5086556077003479 
vn 0.5587801933288574 -0.7553127408027649 0.5086556077003479 
vn 0.5587801933288574 -0.7245438694953918 0.5516013503074646 
vn 0.5587801933288574 -0.7245438694953918 0.5516013503074646 
vn 0.5587801337242126 -0.6863996982574463 0.5984007120132446 
vn 0.5587801337242126 -0.6863996982574463 0.5984007120132446 
vn 0.5587801337242126 -0.6505423188209534 0.6371990442276001 
vn 0.5587801337242126 -0.6505423188209534 0.6371990442276001 
vn 0.5533947348594666 -0.6241514086723328 0.6655364632606506 
vn 0.5533947348594666 -0.6241514086723328 0.6655364632606506 
vn 0.5533947348594666 -0.5960773229598999 0.6907934546470642 
vn 0.5533947348594666 -0.5960773229598999 0.6907934546470642 
vn 0.5533947348594666 -0.5669821500778198 0.714867115020752 
vn 0.5533947348594666 -0.5669821500778198 0.714867115020752 
vn 0.5533947348594666 -0.5369157791137695 0.7377161979675293 
vn 0.5533947348594666 -0.5369157791137695 0.7377161979675293 
vn 0.5533947348594666 -0.505929708480835 0.7593016028404236 
vn 0.5533947348594666 -0.505929708480835 0.7593016028404236 
vn 0.5533947348594666 -0.4740769565105438 0.7795863151550293 
vn 0.5533947348594666 -0.4740769565105438 0.7795863151550293 
vn 0.5533946752548218 -0.4347865879535675 0.8021623492240906 
vn 0.5533946752548218 -0.4347865879535675 0.8021623492240906 
vn 0.5533946752548218 -0.39442378282546997 0.8227598071098328 
vn 0.5533946752548218 -0.39442378282546997 0.8227598071098328 
vn 0.5533946752548218 -0.3530881404876709 0.8413278460502625 
vn 0.5533946752548218 -0.3530881404876709 0.8413278460502625 
vn 0.5533946752548218 -0.3108815848827362 0.8578207492828369 
vn 0.5533946752548218 -0.3108815848827362 0.8578207492828369 
vn 0.5533946752548218 -0.2679082155227661 0.8721978068351746 
vn 0.5533946752548218 -0.2679082155227661 0.8721978068351746 
vn 0.5533946752548218 -0.22427403926849365 0.884423553943634 
vn 0.5533946752548218 -0.22427403926849365 0.884423553943634 
vn 0.5533946752548218 -0.1800866723060608 0.8944677710533142 
vn 0.5533946752548218 -0.1800866723060608 0.8944677710533142 
vn 0.5533946752548218 -0.1279810667037964 0.9033961892127991 
vn 0.5533946752548218 -0.1279810667037964 0.9033961892127991 
vn 0.5533946752548218 -0.08297049254179001 0.9086361527442932 
vn 0.5533946752548218 -0.08297049254179001 0.9086361527442932 
vn 0.5533946752548218 -0.030207322910428047 0.9119163155555725 
vn 0.5533946752548218 -0.030207322910428047 0.9119163155555725 
vn 0.5533946752548218 -3.019456329411696e-8 0.9124165177345276 
vn 0.5533946752548218 -3.019456329411696e-8 0.9124165177345276 
vn -0.3930453360080719 0.956819474697113 0.0018857778050005436 
vn -0.3930453360080719 0.956819474697113 0.0018857778050005436 
vn -0.3930453360080719 0.956819474697113 0.0018857778050005436 
vn -0.3930453360080719 0.956819474697113 0.0018857778050005436 
vn -0.3930453360080719 0.956819474697113 0.0018857778050005436 
vn -0.3930453360080719 0.956819474697113 0.0018857778050005436 
vn -0.3930453360080719 0.956819474697113 0.0018857778050005436 
vn -0.002954129595309496 0.999997615814209 5.912306377808818e-8 
vn -0.002954129595309496 0.999997615814209 5.912306377808818e-8 
vn 0.002954042050987482 0.999997615814209 6.008563246950871e-8 
vn -0.002954129595309496 0.999997615814209 5.912306377808818e-8 
vn 0.002954042050987482 0.999997615814209 6.008563246950871e-8 
vn -0.002954129595309496 0.999997615814209 5.912306377808818e-8 
vn 0.002954042050987482 0.999997615814209 6.008563246950871e-8 
s on 
f 1//1 2//2 3//3 
f 2//2 4//4 3//3 
f 3//3 4//4 4//4 
f 4//4 5//5 4//4 
f 4//4 5//5 5//5 
f 5//5 6//6 5//5 
f 5//5 6//6 7//7 
f 6//6 8//8 7//7 
f 7//7 8//8 8//8 
f 8//8 9//9 8//8 
f 8//8 9//9 9//9 
f 9//9 10//10 9//9 
f 9//9 10//10 11//11 
f 10//10 12//12 11//11 
f 11//11 12//12 12//12 
f 12//12 13//13 12//12 
f 12//12 13//13 13//13 
f 13//13 14//14 13//13 
f 13//13 14//14 15//15 
f 14//14 16//16 15//15 
f 15//15 16//16 16//16 
f 16//16 17//17 16//16 
f 16//16 17//17 17//17 
f 17//17 18//18 17//17 
f 17//17 18//18 19//19 
f 18//18 20//20 19//19 
f 19//19 20//20 20//20 
f 20//20 21//21 20//20 
f 20//20 21//21 21//21 
f 21//21 22//22 21//21 
f 21//21 22//22 23//23 
f 22//22 24//24 23//23 
f 23//23 24//24 25//25 
f 24//24 26//26 25//25 
f 25//25 26//26 27//27 
f 26//26 28//28 27//27 
f 27//27 28//28 29//29 
f 28//28 30//30 29//29 
f 29//29 30//30 31//31 
f 30//30 32//32 31//31 
f 31//31 32//32 33//33 
f 32//32 34//34 33//33 
f 33//33 34//34 35//35 
f 34//34 36//36 35//35 
f 35//35 36//36 37//37 
f 36//36 38//38 37//37 
f 37//37 38//38 39//39 
f 38//38 40//40 39//39 
f 39//39 40//40 41//41 
f 40//40 42//42 41//41 
f 41//41 42//42 43//43 
f 42//42 44//44 43//43 
f 43//43 44//44 45//45 
f 44//44 46//46 45//45 
f 45//45 46//46 47//47 
f 46//46 48//48 47//47 
f 47//47 48//48 49//49 
f 48//48 50//50 49//49 
f 49//49 50//50 51//51 
f 50//50 52//52 51//51 
f 51//51 52//52 53//53 
f 52//52 54//54 53//53 
f 53//53 54//54 55//55 
f 54//54 56//56 55//55 
f 55//55 56//56 57//57 
f 56//56 58//58 57//57 
f 57//57 58//58 59//59 
f 58//58 60//60 59//59 
f 59//59 60//60 61//61 
f 60//60 62//62 61//61 
f 61//61 62//62 63//63 
f 62//62 64//64 63//63 
f 63//63 64//64 65//65 
f 64//64 66//66 65//65 
f 65//65 66//66 67//67 
f 66//66 68//68 67//67 
f 67//67 68//68 69//69 
f 68//68 70//70 69//69 
f 69//69 70//70 71//71 
f 70//70 72//72 71//71 
f 71//71 72//72 73//73 
f 72//72 74//74 73//73 
f 73//73 74//74 75//75 
f 74//74 76//76 75//75 
f 75//75 76//76 77//77 
f 76//76 78//78 77//77 
f 77//77 78//78 79//79 
f 78//78 80//80 79//79 
f 79//79 80//80 81//81 
f 80//80 82//82 81//81 
f 81//81 82//82 83//83 
f 82//82 84//84 83//83 
f 83//83 84//84 85//85 
f 84//84 86//86 85//85 
f 85//85 86//86 87//87 
f 86//86 88//88 87//87 
f 87//87 88//88 89//89 
f 88//88 90//90 89//89 
f 89//89 90//90 91//91 
f 90//90 92//92 91//91 
f 91//91 92//92 93//93 
f 92//92 94//94 93//93 
f 93//93 94//94 95//95 
f 94//94 96//96 95//95 
f 95//95 96//96 97//97 
f 96//96 98//98 97//97 
f 97//97 98//98 99//99 
f 98//98 100//100 99//99 
f 99//99 100//100 101//101 
f 100//100 102//102 101//101 
f 101//101 102//102 103//103 
f 102//102 104//104 103//103 
f 103//103 104//104 105//105 
f 104//104 106//106 105//105 
f 105//105 106//106 107//107 
f 106//106 108//108 107//107 
f 107//107 108//108 109//109 
f 108//108 110//110 109//109 
f 109//109 110//110 111//111 
f 110//110 112//112 111//111 
f 111//111 112//112 113//113 
f 112//112 114//114 113//113 
f 113//113 114//114 115//115 
f 114//114 116//116 115//115 
f 115//115 116//116 117//117 
f 116//116 118//118 117//117 
f 117//117 118//118 119//119 
f 118//118 120//120 119//119 
f 119//119 120//120 121//121 
f 120//120 122//122 121//121 
f 121//121 122//122 123//123 
f 122//122 124//124 123//123 
f 123//123 124//124 125//125 
f 124//124 126//126 125//125 
f 125//125 126//126 127//127 
f 126//126 128//128 127//127 
f 127//127 128//128 129//129 
f 128//128 130//130 129//129 
f 129//129 130//130 131//131 
f 130//130 132//132 131//131 
f 131//131 132//132 133//133 
f 132//132 134//134 133//133 
f 133//133 134//134 135//135 
f 134//134 136//136 135//135 
f 135//135 136//136 137//137 
f 136//136 138//138 137//137 
f 137//137 138//138 139//139 
f 138//138 140//140 139//139 
f 139//139 140//140 141//141 
f 140//140 142//142 141//141 
f 141//141 142//142 143//143 
f 142//142 144//144 143//143 
f 143//143 144//144 145//145 
f 144//144 146//146 145//145 
f 145//145 146//146 147//147 
f 146//146 148//148 147//147 
f 147//147 148//148 149//149 
f 148//148 150//150 149//149 
f 149//149 150//150 151//151 
f 150//150 152//152 151//151 
f 151//151 152//152 153//153 
f 152//152 154//154 153//153 
f 153//153 154//154 155//155 
f 154//154 156//156 155//155 
f 155//155 156//156 157//157 
f 156//156 158//158 157//157 
f 157//157 158//158 159//159 
f 158//158 160//160 159//159 
f 159//159 160//160 161//161 
f 160//160 162//162 161//161 
f 161//161 162//162 163//163 
f 162//162 164//164 163//163 
f 163//163 164//164 164//164 
f 164//164 165//165 164//164 
f 164//164 165//165 165//165 
f 165//165 166//166 165//165 
f 165//165 166//166 167//167 
f 166//166 168//168 167//167 
f 167//167 168//168 169//169 
f 168//168 170//170 169//169 
f 169//169 170//170 171//171 
f 170//170 172//172 171//171 
f 171//171 172//172 173//173 
f 172//172 174//174 173//173 
f 173//173 174//174 175//175 
f 174//174 176//176 175//175 
f 175//175 176//176 177//177 
f 176//176 178//178 177//177 
f 177//177 178//178 179//179 
f 178//178 180//180 179//179 
f 179//179 180//180 181//181 
f 180//180 182//182 181//181 
f 181//181 182//182 183//183 
f 182//182 184//184 183//183 
f 183//183 184//184 185//185 
f 184//184 186//186 185//185 
f 185//185 186//186 187//187 
f 186//186 188//188 187//187 
f 187//187 188//188 189//189 
f 188//188 190//190 189//189 
f 189//189 190//190 191//191 
f 190//190 192//192 191//191 
f 191//191 192//192 193//193 
f 192//192 194//194 193//193 
f 193//193 194//194 195//195 
f 194//194 196//196 195//195 
f 195//195 196//196 197//197 
f 196//196 198//198 197//197 
f 197//197 198//198 199//199 
f 198//198 200//200 199//199 
f 199//199 200//200 201//201 
f 200//200 202//202 201//201 
f 201//201 202//202 203//203 
f 202//202 204//204 203//203 
f 203//203 204//204 205//205 
f 204//204 206//206 205//205 
f 205//205 206//206 207//207 
f 206//206 208//208 207//207 
f 207//207 208//208 209//209 
f 208//208 210//210 209//209 
f 209//209 210//210 211//211 
f 210//210 212//212 211//211 
f 211//211 212//212 213//213 
f 212//212 214//214 213//213 
f 213//213 214//214 215//215 
f 214//214 216//216 215//215 
f 215//215 216//216 217//217 
f 216//216 218//218 217//217 
f 217//217 218//218 219//219 
f 218//218 220//220 219//219 
f 219//219 220//220 221//221 
f 220//220 222//222 221//221 
f 221//221 222//222 223//223 
f 222//222 224//224 223//223 
f 223//223 224//224 225//225 
f 224//224 226//226 225//225 
f 225//225 226//226 227//227 
f 226//226 228//228 227//227 
f 227//227 228//228 229//229 
f 228//228 230//230 229//229 
f 229//229 230//230 231//231 
f 230//230 232//232 231//231 
f 231//231 232//232 233//233 
f 232//232 234//234 233//233 
f 233//233 234//234 235//235 
f 234//234 236//236 235//235 
f 235//235 236//236 237//237 
f 236//236 238//238 237//237 
f 237//237 238//238 239//239 
f 238//238 240//240 239//239 
f 239//239 240//240 241//241 
f 240//240 242//242 241//241 
f 241//241 242//242 243//243 
f 242//242 244//244 243//243 
f 243//243 244//244 245//245 
f 244//244 246//246 245//245 
f 245//245 246//246 247//247 
f 246//246 248//248 247//247 
f 247//247 248//248 249//249 
f 248//248 250//250 249//249 
f 249//249 250//250 251//251 
f 250//250 252//252 251//251 
f 251//251 252//252 253//253 
f 252//252 254//254 253//253 
f 253//253 254//254 255//255 
f 254//254 256//256 255//255 
f 255//255 256//256 257//257 
f 256//256 258//258 257//257 
f 257//257 258//258 259//259 
f 258//258 260//260 259//259 
f 259//259 260//260 261//261 
f 260//260 262//262 261//261 
f 261//261 262//262 263//263 
f 262//262 264//264 263//263 
f 263//263 264//264 265//265 
f 264//264 266//266 265//265 
f 265//265 266//266 267//267 
f 266//266 268//268 267//267 
f 267//267 268//268 269//269 
f 268//268 270//270 269//269 
f 269//269 270//270 271//271 
f 270//270 272//272 271//271 
f 271//271 272//272 273//273 
f 272//272 274//274 273//273 
f 273//273 274//274 275//275 
f 274//274 276//276 275//275 
f 275//275 276//276 277//277 
f 276//276 278//278 277//277 
f 277//277 278//278 279//279 
f 278//278 280//280 279//279 
f 279//279 280//280 281//281 
f 280//280 282//282 281//281 
f 281//281 282//282 283//283 
f 282//282 284//284 283//283 
f 283//283 284//284 285//285 
f 284//284 286//286 285//285 
f 285//285 286//286 287//287 
f 286//286 288//288 287//287 
f 287//287 288//288 289//289 
f 288//288 290//290 289//289 
f 289//289 290//290 291//291 
f 290//290 292//292 291//291 
f 291//291 292//292 293//293 
f 292//292 294//294 293//293 
f 293//293 294//294 295//295 
f 294//294 296//296 295//295 
f 295//295 296//296 297//297 
f 296//296 298//298 297//297 
f 297//297 298//298 299//299 
f 298//298 300//300 299//299 
f 299//299 300//300 301//301 
f 300//300 302//302 301//301 
f 301//301 302//302 303//303 
f 302//302 304//304 303//303 
f 303//303 304//304 305//305 
f 304//304 306//306 305//305 
f 305//305 306//306 307//307 
f 306//306 308//308 307//307 
f 307//307 308//308 308//308 
f 308//308 309//309 308//308 
f 308//308 309//309 309//309 
f 309//309 310//310 309//309 
f 309//309 310//310 311//311 
f 310//310 312//312 311//311 
f 311//311 312//312 313//313 
f 312//312 314//314 313//313 
f 313//313 314//314 315//315 
f 314//314 316//316 315//315 
f 315//315 316//316 317//317 
f 316//316 318//318 317//317 
f 317//317 318//318 319//319 
f 318//318 320//320 319//319 
f 319//319 320//320 321//321 
f 320//320 322//322 321//321 
f 321//321 322//322 323//323 
f 322//322 324//324 323//323 
f 323//323 324//324 325//325 
f 324//324 326//326 325//325 
f 325//325 326//326 327//327 
f 326//326 328//328 327//327 
f 327//327 328//328 329//329 
f 328//328 330//330 329//329 
f 329//329 330//330 331//331 
f 330//330 332//332 331//331 
f 331//331 332//332 333//333 
f 332//332 334//334 333//333 
f 333//333 334//334 335//335 
f 334//334 336//336 335//335 
f 335//335 336//336 337//337 
f 336//336 338//338 337//337 
f 337//337 338//338 339//339 
f 338//338 340//340 339//339 
f 339//339 340//340 341//341 
f 340//340 342//342 341//341 
f 341//341 342//342 343//343 
f 342//342 344//344 343//343 
f 343//343 344//344 345//345 
f 344//344 346//346 345//345 
f 345//345 346//346 347//347 
f 346//346 348//348 347//347 
f 347//347 348//348 349//349 
f 348//348 350//350 349//349 
f 349//349 350//350 351//351 
f 350//350 352//352 351//351 
f 351//351 352//352 353//353 
f 352//352 354//354 353//353 
f 353//353 354//354 355//355 
f 354//354 356//356 355//355 
f 355//355 356//356 357//357 
f 356//356 358//358 357//357 
f 357//357 358//358 359//359 
f 358//358 360//360 359//359 
f 359//359 360//360 361//361 
f 360//360 362//362 361//361 
f 361//361 362//362 363//363 
f 362//362 364//364 363//363 
f 363//363 364//364 365//365 
f 364//364 366//366 365//365 
f 365//365 366//366 367//367 
f 366//366 368//368 367//367 
f 367//367 368//368 369//369 
f 368//368 370//370 369//369 
f 369//369 370//370 371//371 
f 370//370 372//372 371//371 
f 371//371 372//372 373//373 
f 372//372 374//374 373//373 
f 373//373 374//374 375//375 
f 374//374 376//376 375//375 
f 375//375 376//376 377//377 
f 376//376 378//378 377//377 
f 377//377 378//378 379//379 
f 378//378 380//380 379//379 
f 379//379 380//380 381//381 
f 380//380 382//382 381//381 
f 381//381 382//382 383//383 
f 382//382 384//384 383//383 
f 383//383 384//384 385//385 
f 384//384 386//386 385//385 
f 385//385 386//386 387//387 
f 386//386 388//388 387//387 
f 387//387 388//388 389//389 
f 388//388 390//390 389//389 
f 389//389 390//390 391//391 
f 390//390 392//392 391//391 
f 391//391 392//392 393//393 
f 392//392 394//394 393//393 
f 393//393 394//394 395//395 
f 394//394 396//396 395//395 
f 395//395 396//396 397//397 
f 396//396 398//398 397//397 
f 397//397 398//398 399//399 
f 398//398 400//400 399//399 
f 399//399 400//400 401//401 
f 400//400 402//402 401//401 
f 401//401 402//402 403//403 
f 402//402 404//404 403//403 
f 403//403 404//404 405//405 
f 404//404 406//406 405//405 
f 405//405 406//406 407//407 
f 406//406 408//408 407//407 
f 407//407 408//408 409//409 
f 408//408 410//410 409//409 
f 409//409 410//410 411//411 
f 410//410 412//412 411//411 
f 411//411 412//412 413//413 
f 412//412 414//414 413//413 
f 413//413 414//414 415//415 
f 414//414 416//416 415//415 
f 415//415 416//416 417//417 
f 416//416 418//418 417//417 
f 417//417 418//418 419//419 
f 418//418 420//420 419//419 
f 419//419 420//420 421//421 
f 420//420 422//422 421//421 
f 421//421 422//422 423//423 
f 422//422 424//424 423//423 
f 423//423 424//424 425//425 
f 424//424 426//426 425//425 
f 425//425 426//426 427//427 
f 426//426 428//428 427//427 
f 427//427 428//428 429//429 
f 428//428 430//430 429//429 
f 429//429 430//430 431//431 
f 430//430 432//432 431//431 
f 431//431 432//432 433//433 
f 432//432 434//434 433//433 
f 433//433 434//434 435//435 
f 434//434 436//436 435//435 
f 435//435 436//436 437//437 
f 436//436 438//438 437//437 
f 437//437 438//438 439//439 
f 438//438 440//440 439//439 
f 439//439 440//440 441//441 
f 440//440 442//442 441//441 
f 441//441 442//442 443//443 
f 442//442 444//444 443//443 
f 443//443 444//444 445//445 
f 444//444 446//446 445//445 
f 445//445 446//446 447//447 
f 446//446 448//448 447//447 
f 447//447 448//448 449//449 
f 448//448 450//450 449//449 
f 449//449 450//450 451//451 
f 450//450 452//452 451//451 
f 451//451 452//452 452//452 
f 452//452 453//453 452//452 
f 452//452 453//453 453//453 
f 453//453 454//454 453//453 
f 453//453 454//454 455//455 
f 454//454 456//456 455//455 
f 455//455 456//456 457//457 
f 456//456 458//458 457//457 
f 457//457 458//458 459//459 
f 458//458 460//460 459//459 
f 459//459 460//460 461//461 
f 460//460 462//462 461//461 
f 461//461 462//462 463//463 
f 462//462 464//464 463//463 
f 463//463 464//464 465//465 
f 464//464 466//466 465//465 
f 465//465 466//466 467//467 
f 466//466 468//468 467//467 
f 467//467 468//468 469//469 
f 468//468 470//470 469//469 
f 469//469 470//470 471//471 
f 470//470 472//472 471//471 
f 471//471 472//472 473//473 
f 472//472 474//474 473//473 
f 473//473 474//474 475//475 
f 474//474 476//476 475//475 
f 475//475 476//476 477//477 
f 476//476 478//478 477//477 
f 477//477 478//478 479//479 
f 478//478 480//480 479//479 
f 479//479 480//480 481//481 
f 480//480 482//482 481//481 
f 481//481 482//482 483//483 
f 482//482 484//484 483//483 
f 483//483 484//484 485//485 
f 484//484 486//486 485//485 
f 485//485 486//486 487//487 
f 486//486 488//488 487//487 
f 487//487 488//488 489//489 
f 488//488 490//490 489//489 
f 489//489 490//490 491//491 
f 490//490 492//492 491//491 
f 491//491 492//492 493//493 
f 492//492 494//494 493//493 
f 493//493 494//494 495//495 
f 494//494 496//496 495//495 
f 495//495 496//496 497//497 
f 496//496 498//498 497//497 
f 497//497 498//498 499//499 
f 498//498 500//500 499//499 
f 499//499 500//500 501//501 
f 500//500 502//502 501//501 
f 501//501 502//502 503//503 
f 502//502 504//504 503//503 
f 503//503 504//504 505//505 
f 504//504 506//506 505//505 
f 505//505 506//506 507//507 
f 506//506 508//508 507//507 
f 507//507 508//508 509//509 
f 508//508 510//510 509//509 
f 509//509 510//510 511//511 
f 510//510 512//512 511//511 
f 511//511 512//512 513//513 
f 512//512 514//514 513//513 
f 513//513 514//514 515//515 
f 514//514 516//516 515//515 
f 515//515 516//516 517//517 
f 516//516 518//518 517//517 
f 517//517 518//518 519//519 
f 518//518 520//520 519//519 
f 519//519 520//520 521//521 
f 520//520 522//522 521//521 
f 521//521 522//522 523//523 
f 522//522 524//524 523//523 
f 523//523 524//524 525//525 
f 524//524 526//526 525//525 
f 525//525 526//526 527//527 
f 526//526 528//528 527//527 
f 527//527 528//528 529//529 
f 528//528 530//530 529//529 
f 529//529 530//530 531//531 
f 530//530 532//532 531//531 
f 531//531 532//532 533//533 
f 532//532 534//534 533//533 
f 533//533 534//534 535//535 
f 534//534 536//536 535//535 
f 535//535 536//536 537//537 
f 536//536 538//538 537//537 
f 537//537 538//538 539//539 
f 538//538 540//540 539//539 
f 539//539 540//540 541//541 
f 540//540 542//542 541//541 
f 541//541 542//542 543//543 
f 542//542 544//544 543//543 
f 543//543 544//544 545//545 
f 544//544 546//546 545//545 
f 545//545 546//546 547//547 
f 546//546 548//548 547//547 
f 547//547 548//548 549//549 
f 548//548 550//550 549//549 
f 549//549 550//550 551//551 
f 550//550 552//552 551//551 
f 551//551 552//552 553//553 
f 552//552 554//554 553//553 
f 553//553 554//554 555//555 
f 554//554 556//556 555//555 
f 555//555 556//556 557//557 
f 556//556 558//558 557//557 
f 557//557 558//558 559//559 
f 558//558 560//560 559//559 
f 559//559 560//560 561//561 
f 560//560 562//562 561//561 
f 561//561 562//562 563//563 
f 562//562 564//564 563//563 
f 563//563 564//564 565//565 
f 564//564 566//566 565//565 
f 565//565 566//566 567//567 
f 566//566 568//568 567//567 
f 567//567 568//568 569//569 
f 568//568 570//570 569//569 
f 569//569 570//570 571//571 
f 570//570 572//572 571//571 
f 571//571 572//572 573//573 
f 572//572 574//574 573//573 
f 573//573 574//574 575//575 
f 574//574 576//576 575//575 
f 575//575 576//576 577//577 
f 576//576 578//578 577//577 
f 577//577 578//578 579//579 
f 578//578 580//580 579//579 
f 579//579 580//580 581//581 
f 580//580 582//582 581//581 
f 581//581 582//582 583//583 
f 582//582 584//584 583//583 
f 583//583 584//584 585//585 
f 584//584 586//586 585//585 
f 585//585 586//586 587//587 
f 586//586 588//588 587//587 
f 587//587 588//588 589//589 
f 588//588 590//590 589//589 
f 589//589 590//590 591//591 
f 590//590 592//592 591//591 
f 591//591 592//592 593//593 
f 592//592 594//594 593//593 
f 593//593 594//594 595//595 
f 594//594 596//596 595//595 
f 595//595 596//596 596//596 
f 596//596 597//597 596//596 
f 596//596 597//597 597//597 
f 597//597 598//598 597//597 
f 597//597 598//598 599//599 
f 598//598 600//600 599//599 
f 599//599 600//600 601//601 
f 600//600 602//602 601//601 
f 601//601 602//602 603//603 
f 602//602 604//604 603//603 
f 603//603 604//604 605//605 
f 604//604 606//606 605//605 
f 605//605 606//606 607//607 
f 606//606 608//608 607//607 
f 607//607 608//608 609//609 
f 608//608 610//610 609//609 
f 609//609 610//610 611//611 
f 610//610 612//612 611//611 
f 611//611 612//612 613//613 
f 612//612 614//614 613//613 
f 613//613 614//614 615//615 
f 614//614 616//616 615//615 
f 615//615 616//616 617//617 
f 616//616 618//618 617//617 
f 617//617 618//618 619//619 
f 618//618 620//620 619//619 
f 619//619 620//620 621//621 
f 620//620 622//622 621//621 
f 621//621 622//622 623//623 
f 622//622 624//624 623//623 
f 623//623 624//624 625//625 
f 624//624 626//626 625//625 
f 625//625 626//626 627//627 
f 626//626 628//628 627//627 
f 627//627 628//628 629//629 
f 628//628 630//630 629//629 
f 629//629 630//630 631//631 
f 630//630 632//632 631//631 
f 631//631 632//632 633//633 
f 632//632 634//634 633//633 
f 633//633 634//634 635//635 
f 634//634 636//636 635//635 
f 635//635 636//636 637//637 
f 636//636 638//638 637//637 
f 637//637 638//638 639//639 
f 638//638 640//640 639//639 
f 639//639 640//640 641//641 
f 640//640 642//642 641//641 
f 641//641 642//642 643//643 
f 642//642 644//644 643//643 
f 643//643 644//644 645//645 
f 644//644 646//646 645//645 
f 645//645 646//646 647//647 
f 646//646 648//648 647//647 
f 647//647 648//648 649//649 
f 648//648 650//650 649//649 
f 649//649 650//650 651//651 
f 650//650 652//652 651//651 
f 651//651 652//652 653//653 
f 652//652 654//654 653//653 
f 653//653 654//654 655//655 
f 654//654 656//656 655//655 
f 655//655 656//656 657//657 
f 656//656 658//658 657//657 
f 657//657 658//658 659//659 
f 658//658 660//660 659//659 
f 659//659 660//660 661//661 
f 660//660 662//662 661//661 
f 661//661 662//662 663//663 
f 662//662 664//664 663//663 
f 663//663 664//664 665//665 
f 664//664 666//666 665//665 
f 665//665 666//666 667//667 
f 666//666 668//668 667//667 
f 667//667 668//668 669//669 
f 668//668 670//670 669//669 
f 669//669 670//670 671//671 
f 670//670 672//672 671//671 
f 671//671 672//672 673//673 
f 672//672 674//674 673//673 
f 673//673 674//674 675//675 
f 674//674 676//676 675//675 
f 675//675 676//676 677//677 
f 676//676 678//678 677//677 
f 677//677 678//678 679//679 
f 678//678 680//680 679//679 
f 679//679 680//680 681//681 
f 680//680 682//682 681//681 
f 681//681 682//682 683//683 
f 682//682 684//684 683//683 
f 683//683 684//684 685//685 
f 684//684 686//686 685//685 
f 685//685 686//686 687//687 
f 686//686 688//688 687//687 
f 687//687 688//688 689//689 
f 688//688 690//690 689//689 
f 689//689 690//690 691//691 
f 690//690 692//692 691//691 
f 691//691 692//692 693//693 
f 692//692 694//694 693//693 
f 693//693 694//694 695//695 
f 694//694 696//696 695//695 
f 695//695 696//696 697//697 
f 696//696 698//698 697//697 
f 697//697 698//698 699//699 
f 698//698 700//700 699//699 
f 699//699 700//700 701//701 
f 700//700 702//702 701//701 
f 701//701 702//702 703//703 
f 702//702 704//704 703//703 
f 703//703 704//704 705//705 
f 704//704 706//706 705//705 
f 705//705 706//706 707//707 
f 706//706 708//708 707//707 
f 707//707 708//708 709//709 
f 708//708 710//710 709//709 
f 709//709 710//710 711//711 
f 710//710 712//712 711//711 
f 711//711 712//712 713//713 
f 712//712 714//714 713//713 
f 713//713 714//714 715//715 
f 714//714 716//716 715//715 
f 715//715 716//716 717//717 
f 716//716 718//718 717//717 
f 717//717 718//718 719//719 
f 718//718 720//720 719//719 
f 719//719 720//720 721//721 
f 720//720 722//722 721//721 
f 721//721 722//722 723//723 
f 722//722 724//724 723//723 
f 723//723 724//724 725//725 
f 724//724 726//726 725//725 
f 725//725 726//726 727//727 
f 726//726 728//728 727//727 
f 727//727 728//728 729//729 
f 728//728 730//730 729//729 
f 729//729 730//730 731//731 
f 730//730 732//732 731//731 
f 731//731 732//732 733//733 
f 732//732 734//734 733//733 
f 733//733 734//734 735//735 
f 734//734 736//736 735//735 
f 735//735 736//736 737//737 
f 736//736 738//738 737//737 
f 737//737 738//738 739//739 
f 738//738 740//740 739//739 
f 739//739 740//740 740//740 
f 740//740 741//741 740//740 
f 740//740 741//741 741//741 
f 741//741 742//742 741//741 
f 741//741 742//742 743//743 
f 742//742 744//744 743//743 
f 743//743 744//744 745//745 
f 744//744 746//746 745//745 
f 745//745 746//746 747//747 
f 746//746 748//748 747//747 
f 747//747 748//748 749//749 
f 748//748 750//750 749//749 
f 749//749 750//750 751//751 
f 750//750 752//752 751//751 
f 751//751 752//752 753//753 
f 752//752 754//754 753//753 
f 753//753 754//754 755//755 
f 754//754 756//756 755//755 
f 755//755 756//756 757//757 
f 756//756 758//758 757//757 
f 757//757 758//758 759//759 
f 758//758 760//760 759//759 
f 759//759 760//760 761//761 
f 760//760 762//762 761//761 
f 761//761 762//762 763//763 
f 762//762 764//764 763//763 
f 763//763 764//764 765//765 
f 764//764 766//766 765//765 
f 765//765 766//766 767//767 
f 766//766 768//768 767//767 
f 767//767 768//768 769//769 
f 768//768 770//770 769//769 
f 769//769 770//770 771//771 
f 770//770 772//772 771//771 
f 771//771 772//772 773//773 
f 772//772 774//774 773//773 
f 773//773 774//774 775//775 
f 774//774 776//776 775//775 
f 775//775 776//776 777//777 
f 776//776 778//778 777//777 
f 777//777 778//778 779//779 
f 778//778 780//780 779//779 
f 779//779 780//780 781//781 
f 780//780 782//782 781//781 
f 781//781 782//782 783//783 
f 782//782 784//784 783//783 
f 783//783 784//784 785//785 
f 784//784 786//786 785//785 
f 785//785 786//786 787//787 
f 786//786 788//788 787//787 
f 787//787 788//788 789//789 
f 788//788 790//790 789//789 
f 789//789 790//790 791//791 
f 790//790 792//792 791//791 
f 791//791 792//792 793//793 
f 792//792 794//794 793//793 
f 793//793 794//794 795//795 
f 794//794 796//796 795//795 
f 795//795 796//796 797//797 
f 796//796 798//798 797//797 
f 797//797 798//798 799//799 
f 798//798 800//800 799//799 
f 799//799 800//800 801//801 
f 800//800 802//802 801//801 
f 801//801 802//802 803//803 
f 802//802 804//804 803//803 
f 803//803 804//804 805//805 
f 804//804 806//806 805//805 
f 805//805 806//806 807//807 
f 806//806 808//808 807//807 
f 807//807 808//808 809//809 
f 808//808 810//810 809//809 
f 809//809 810//810 811//811 
f 810//810 812//812 811//811 
f 811//811 812//812 813//813 
f 812//812 814//814 813//813 
f 813//813 814//814 815//815 
f 814//814 816//816 815//815 
f 815//815 816//816 817//817 
f 816//816 818//818 817//817 
f 817//817 818//818 819//819 
f 818//818 820//820 819//819 
f 819//819 820//820 821//821 
f 820//820 822//822 821//821 
f 821//821 822//822 823//823 
f 822//822 824//824 823//823 
f 823//823 824//824 825//825 
f 824//824 826//826 825//825 
f 825//825 826//826 827//827 
f 826//826 828//828 827//827 
f 827//827 828//828 829//829 
f 828//828 830//830 829//829 
f 829//829 830//830 831//831 
f 830//830 832//832 831//831 
f 831//831 832//832 833//833 
f 832//832 834//834 833//833 
f 833//833 834//834 835//835 
f 834//834 836//836 835//835 
f 835//835 836//836 837//837 
f 836//836 838//838 837//837 
f 837//837 838//838 839//839 
f 838//838 840//840 839//839 
f 839//839 840//840 841//841 
f 840//840 842//842 841//841 
f 841//841 842//842 843//843 
f 842//842 844//844 843//843 
f 843//843 844//844 845//845 
f 844//844 846//846 845//845 
f 845//845 846//846 847//847 
f 846//846 848//848 847//847 
f 847//847 848//848 849//849 
f 848//848 850//850 849//849 
f 849//849 850//850 851//851 
f 850//850 852//852 851//851 
f 851//851 852//852 853//853 
f 852//852 854//854 853//853 
f 853//853 854//854 855//855 
f 854//854 856//856 855//855 
f 855//855 856//856 857//857 
f 856//856 858//858 857//857 
f 857//857 858//858 859//859 
f 858//858 860//860 859//859 
f 859//859 860//860 861//861 
f 860//860 862//862 861//861 
f 861//861 862//862 863//863 
f 862//862 864//864 863//863 
f 863//863 864//864 865//865 
f 864//864 866//866 865//865 
f 865//865 866//866 867//867 
f 866//866 868//868 867//867 
f 867//867 868//868 869//869 
f 868//868 870//870 869//869 
f 869//869 870//870 871//871 
f 870//870 872//872 871//871 
f 871//871 872//872 873//873 
f 872//872 874//874 873//873 
f 873//873 874//874 875//875 
f 874//874 876//876 875//875 
f 875//875 876//876 877//877 
f 876//876 878//878 877//877 
f 877//877 878//878 879//879 
f 878//878 880//880 879//879 
f 879//879 880//880 881//881 
f 880//880 882//882 881//881 
f 881//881 882//882 883//883 
f 882//882 884//884 883//883 
f 883//883 884//884 884//884 
f 884//884 885//885 884//884 
f 884//884 885//885 885//885 
f 885//885 886//886 885//885 
f 885//885 886//886 887//887 
f 886//886 888//888 887//887 
f 887//887 888//888 889//889 
f 888//888 890//890 889//889 
f 889//889 890//890 891//891 
f 890//890 892//892 891//891 
f 891//891 892//892 893//893 
f 892//892 894//894 893//893 
f 893//893 894//894 895//895 
f 894//894 896//896 895//895 
f 895//895 896//896 897//897 
f 896//896 898//898 897//897 
f 897//897 898//898 899//899 
f 898//898 900//900 899//899 
f 899//899 900//900 901//901 
f 900//900 902//902 901//901 
f 901//901 902//902 903//903 
f 902//902 904//904 903//903 
f 903//903 904//904 905//905 
f 904//904 906//906 905//905 
f 905//905 906//906 907//907 
f 906//906 908//908 907//907 
f 907//907 908//908 909//909 
f 908//908 910//910 909//909 
f 909//909 910//910 911//911 
f 910//910 912//912 911//911 
f 911//911 912//912 913//913 
f 912//912 914//914 913//913 
f 913//913 914//914 915//915 
f 914//914 916//916 915//915 
f 915//915 916//916 917//917 
f 916//916 918//918 917//917 
f 917//917 918//918 919//919 
f 918//918 920//920 919//919 
f 919//919 920//920 921//921 
f 920//920 922//922 921//921 
f 921//921 922//922 923//923 
f 922//922 924//924 923//923 
f 923//923 924//924 925//925 
f 924//924 926//926 925//925 
f 925//925 926//926 927//927 
f 926//926 928//928 927//927 
f 927//927 928//928 929//929 
f 928//928 930//930 929//929 
f 929//929 930//930 931//931 
f 930//930 932//932 931//931 
f 931//931 932//932 933//933 
f 932//932 934//934 933//933 
f 933//933 934//934 935//935 
f 934//934 936//936 935//935 
f 935//935 936//936 937//937 
f 936//936 938//938 937//937 
f 937//937 938//938 939//939 
f 938//938 940//940 939//939 
f 939//939 940//940 941//941 
f 940//940 942//942 941//941 
f 941//941 942//942 943//943 
f 942//942 944//944 943//943 
f 943//943 944//944 945//945 
f 944//944 946//946 945//945 
f 945//945 946//946 947//947 
f 946//946 948//948 947//947 
f 947//947 948//948 949//949 
f 948//948 950//950 949//949 
f 949//949 950//950 951//951 
f 950//950 952//952 951//951 
f 951//951 952//952 953//953 
f 952//952 954//954 953//953 
f 953//953 954//954 955//955 
f 954//954 956//956 955//955 
f 955//955 956//956 957//957 
f 956//956 958//958 957//957 
f 957//957 958//958 959//959 
f 958//958 960//960 959//959 
f 959//959 960//960 961//961 
f 960//960 962//962 961//961 
f 961//961 962//962 963//963 
f 962//962 964//964 963//963 
f 963//963 964//964 965//965 
f 964//964 966//966 965//965 
f 965//965 966//966 967//967 
f 966//966 968//968 967//967 
f 967//967 968//968 969//969 
f 968//968 970//970 969//969 
f 969//969 970//970 971//971 
f 970//970 972//972 971//971 
f 971//971 972//972 973//973 
f 972//972 974//974 973//973 
f 973//973 974//974 975//975 
f 974//974 976//976 975//975 
f 975//975 976//976 977//977 
f 976//976 978//978 977//977 
f 977//977 978//978 979//979 
f 978//978 980//980 979//979 
f 979//979 980//980 981//981 
f 980//980 982//982 981//981 
f 981//981 982//982 983//983 
f 982//982 984//984 983//983 
f 983//983 984//984 985//985 
f 984//984 986//986 985//985 
f 985//985 986//986 987//987 
f 986//986 988//988 987//987 
f 987//987 988//988 989//989 
f 988//988 990//990 989//989 
f 989//989 990//990 991//991 
f 990//990 992//992 991//991 
f 991//991 992//992 993//993 
f 992//992 994//994 993//993 
f 993//993 994//994 995//995 
f 994//994 996//996 995//995 
f 995//995 996//996 997//997 
f 996//996 998//998 997//997 
f 997//997 998//998 999//999 
f 998//998 1000//1000 999//999 
f 999//999 1000//1000 1001//1001 
f 1000//1000 1002//1002 1001//1001 
f 1001//1001 1002//1002 1003//1003 
f 1002//1002 1004//1004 1003//1003 
f 1003//1003 1004//1004 1005//1005 
f 1004//1004 1006//1006 1005//1005 
f 1005//1005 1006//1006 1007//1007 
f 1006//1006 1008//1008 1007//1007 
f 1007//1007 1008//1008 1009//1009 
f 1008//1008 1010//1010 1009//1009 
f 1009//1009 1010//1010 1011//1011 
f 1010//1010 1012//1012 1011//1011 
f 1011//1011 1012//1012 1013//1013 
f 1012//1012 1014//1014 1013//1013 
f 1013//1013 1014//1014 1015//1015 
f 1014//1014 1016//1016 1015//1015 
f 1015//1015 1016//1016 1017//1017 
f 1016//1016 1018//1018 1017//1017 
f 1017//1017 1018//1018 1019//1019 
f 1018//1018 1020//1020 1019//1019 
f 1019//1019 1020//1020 1021//1021 
f 1020//1020 1022//1022 1021//1021 
f 1021//1021 1022//1022 1023//1023 
f 1022//1022 1024//1024 1023//1023 
f 1023//1023 1024//1024 1025//1025 
f 1024//1024 1026//1026 1025//1025 
f 1025//1025 1026//1026 1027//1027 
f 1026//1026 1028//1028 1027//1027 
f 1027//1027 1028//1028 1028//1028 
f 1028//1028 1029//1029 1028//1028 
f 1028//1028 1029//1029 1029//1029 
f 1029//1029 1030//1030 1029//1029 
f 1029//1029 1030//1030 1031//1031 
f 1030//1030 1032//1032 1031//1031 
f 1031//1031 1032//1032 1031//1031 
f 1032//1032 1033//1033 1031//1031 
f 1031//1031 1033//1033 1031//1031 
f 1033//1033 1034//1034 1031//1031 
f 1031//1031 1034//1034 1035//1035 
f 1034//1034 1035//1035 1035//1035 
f 1035//1035 1035//1035 1036//1036 
f 1035//1035 1036//1036 1036//1036 
f 1036//1036 1036//1036 1037//1037 
f 1036//1036 1038//1038 1037//1037 
f 1037//1037 1038//1038 1039//1039 
f 1038//1038 1040//1040 1039//1039 
f 1039//1039 1040//1040 1041//1041 
f 1040//1040 1041//1041 1041//1041 
f 1041//1041 1041//1041 1042//1042 
f 1041//1041 1042//1042 1042//1042 
f 1042//1042 1042//1042 1038//1038 
f 1042//1042 1040//1040 1038//1038 

