mtllib model_1.mtl
usemtl material_1
o model_1
v -0.16427730023860931 1.3779171705245972 3.833306312561035 
v -0.1734420210123062 1.3959225416183472 3.8335516452789307 
v -0.16489024460315704 1.377630591392517 3.8335516452789307 
v -0.17411623895168304 1.395607352256775 3.833306312561035 
v -0.17282909154891968 1.3962091207504272 3.833306312561035 
v -0.16366437077522278 1.3782037496566772 3.8329381942749023 
v -0.17221616208553314 1.3964956998825073 3.8329381942749023 
v -0.1632966250181198 1.3783756494522095 3.832324981689453 
v -0.17184840142726898 1.3966675996780396 3.832324981689453 
v -0.16317403316497803 1.3784329891204834 3.8315887451171875 
v -0.1717258244752884 1.3967249393463135 3.8315887451171875 
v -0.1632966250181198 1.3783756494522095 3.830852746963501 
v -0.17184840142726898 1.3966675996780396 3.830852746963501 
v -0.16366437077522278 1.3782037496566772 3.8302395343780518 
v -0.17221616208553314 1.3964956998825073 3.8302395343780518 
v -0.16427730023860931 1.3779171705245972 3.829871416091919 
v -0.17282909154891968 1.3962091207504272 3.829871416091919 
v -0.16489024460315704 1.377630591392517 3.8297488689422607 
v -0.1734420210123062 1.3959225416183472 3.8297488689422607 
v -0.16556446254253387 1.3773154020309448 3.829871416091919 
v -0.17411623895168304 1.395607352256775 3.829871416091919 
v -0.16611610352993011 1.3770575523376465 3.8302395343780518 
v -0.17466787993907928 1.3953495025634766 3.8302395343780518 
v -0.16648384928703308 1.3768856525421143 3.830852746963501 
v -0.17503564059734344 1.3951774835586548 3.830852746963501 
v -0.16660644114017487 1.3768283128738403 3.8315887451171875 
v -0.17515823245048523 1.3951202630996704 3.8315887451171875 
v -0.16648384928703308 1.3768856525421143 3.832324981689453 
v -0.17503564059734344 1.3951774835586548 3.832324981689453 
v -0.16611610352993011 1.3770575523376465 3.8329381942749023 
v -0.17466787993907928 1.3953495025634766 3.8329381942749023 
v -0.16556446254253387 1.3773154020309448 3.833306312561035 
v -0.16312235593795776 1.377044439315796 3.8349008560180664 
v -0.16489024460315704 1.377630591392517 3.8335516452789307 
v -0.16434822976589203 1.3764712810516357 3.835146188735962 
v -0.16556446254253387 1.3773154020309448 3.833306312561035 
v -0.16427730023860931 1.3779171705245972 3.833306312561035 
v -0.16208037734031677 1.3775315284729004 3.83416485786438 
v -0.16366437077522278 1.3782037496566772 3.8329381942749023 
v -0.16134487092494965 1.3778754472732544 3.8329381942749023 
v -0.1632966250181198 1.3783756494522095 3.832324981689453 
v -0.16109968721866608 1.3779900074005127 3.8315887451171875 
v -0.16317403316497803 1.3784329891204834 3.8315887451171875 
v -0.16134487092494965 1.3778754472732544 3.8302395343780518 
v -0.1632966250181198 1.3783756494522095 3.830852746963501 
v -0.16208037734031677 1.3775315284729004 3.829012870788574 
v -0.16366437077522278 1.3782037496566772 3.8302395343780518 
v -0.16312235593795776 1.377044439315796 3.8282768726348877 
v -0.16427730023860931 1.3779171705245972 3.829871416091919 
v -0.16434822976589203 1.3764712810516357 3.828031301498413 
v -0.16489024460315704 1.377630591392517 3.8297488689422607 
v -0.1656353771686554 1.3758695125579834 3.8282768726348877 
v -0.16556446254253387 1.3773154020309448 3.829871416091919 
v -0.1666773557662964 1.375382423400879 3.829012870788574 
v -0.16611610352993011 1.3770575523376465 3.8302395343780518 
v -0.16735157370567322 1.375067114830017 3.8302395343780518 
v -0.16648384928703308 1.3768856525421143 3.830852746963501 
v -0.1675967574119568 1.3749525547027588 3.8315887451171875 
v -0.16660644114017487 1.3768283128738403 3.8315887451171875 
v -0.16735157370567322 1.375067114830017 3.8329381942749023 
v -0.16648384928703308 1.3768856525421143 3.832324981689453 
v -0.1666773557662964 1.375382423400879 3.83416485786438 
v -0.16611610352993011 1.3770575523376465 3.8329381942749023 
v -0.1656353771686554 1.3758695125579834 3.8349008560180664 
v -0.16276636719703674 1.3754841089248657 3.8340423107147217 
v -0.16434822976589203 1.3764712810516357 3.835146188735962 
v -0.16368575394153595 1.3750543594360352 3.834287643432617 
v -0.1656353771686554 1.3758695125579834 3.8349008560180664 
v -0.16312235593795776 1.377044439315796 3.8349008560180664 
v -0.16196955740451813 1.375856637954712 3.8334288597106934 
v -0.16208037734031677 1.3775315284729004 3.83416485786438 
v -0.16147921979427338 1.376085877418518 3.8325703144073486 
v -0.16134487092494965 1.3778754472732544 3.8329381942749023 
v -0.1612953394651413 1.3761718273162842 3.8315887451171875 
v -0.16109968721866608 1.3779900074005127 3.8315887451171875 
v -0.16147920489311218 1.376085877418518 3.8306074142456055 
v -0.16134487092494965 1.3778754472732544 3.8302395343780518 
v -0.16196955740451813 1.375856637954712 3.8297488689422607 
v -0.16208037734031677 1.3775315284729004 3.829012870788574 
v -0.16276636719703674 1.3754841089248657 3.8291354179382324 
v -0.16312235593795776 1.377044439315796 3.8282768726348877 
v -0.16368575394153595 1.3750543594360352 3.828890085220337 
v -0.16434822976589203 1.3764712810516357 3.828031301498413 
v -0.16460515558719635 1.374624490737915 3.8291354179382324 
v -0.1656353771686554 1.3758695125579834 3.8282768726348877 
v -0.16540196537971497 1.3742519617080688 3.8297488689422607 
v -0.1666773557662964 1.375382423400879 3.829012870788574 
v -0.1659536063671112 1.3739941120147705 3.8306074142456055 
v -0.16735157370567322 1.375067114830017 3.8302395343780518 
v -0.1661374866962433 1.3739080429077148 3.8315887451171875 
v -0.1675967574119568 1.3749525547027588 3.8315887451171875 
v -0.1659536063671112 1.3739941120147705 3.8325703144073486 
v -0.16735157370567322 1.375067114830017 3.8329381942749023 
v -0.16540196537971497 1.3742519617080688 3.8334288597106934 
v -0.1666773557662964 1.375382423400879 3.83416485786438 
v -0.16460515558719635 1.374624490737915 3.8340423107147217 
v -0.161004900932312 1.373953104019165 3.8363730907440186 
v -0.16368575394153595 1.3750543594360352 3.834287643432617 
v -0.16278240084648132 1.3731220960617065 3.8367409706115723 
v -0.16460515558719635 1.374624490737915 3.8340423107147217 
v -0.16276636719703674 1.3754841089248657 3.8340423107147217 
v -0.15947258472442627 1.3746694326400757 3.835268974304199 
v -0.16196955740451813 1.375856637954712 3.8334288597106934 
v -0.15849189460277557 1.375127911567688 3.8335516452789307 
v -0.16147921979427338 1.376085877418518 3.8325703144073486 
v -0.1581241339445114 1.3752999305725098 3.8315887451171875 
v -0.1612953394651413 1.3761718273162842 3.8315887451171875 
v -0.15849189460277557 1.375127911567688 3.8296260833740234 
v -0.16147920489311218 1.376085877418518 3.8306074142456055 
v -0.15947258472442627 1.3746694326400757 3.827908754348755 
v -0.16196955740451813 1.375856637954712 3.8297488689422607 
v -0.161004900932312 1.373953104019165 3.8268046379089355 
v -0.16276636719703674 1.3754841089248657 3.8291354179382324 
v -0.16278240084648132 1.3731220960617065 3.826436758041382 
v -0.16368575394153595 1.3750543594360352 3.828890085220337 
v -0.16455990076065063 1.372291088104248 3.8268046379089355 
v -0.16460515558719635 1.374624490737915 3.8291354179382324 
v -0.16609223186969757 1.3715746402740479 3.827908754348755 
v -0.16540196537971497 1.3742519617080688 3.8297488689422607 
v -0.16713421046733856 1.3710875511169434 3.8296260833740234 
v -0.1659536063671112 1.3739941120147705 3.8306074142456055 
v -0.16744066774845123 1.3709442615509033 3.8315887451171875 
v -0.1661374866962433 1.3739080429077148 3.8315887451171875 
v -0.16713421046733856 1.3710875511169434 3.8335516452789307 
v -0.1659536063671112 1.3739941120147705 3.8325703144073486 
v -0.16609223186969757 1.3715746402740479 3.835268974304199 
v -0.16540196537971497 1.3742519617080688 3.8334288597106934 
v -0.16455990076065063 1.372291088104248 3.8363730907440186 
v -0.15931864082813263 1.370346188545227 3.8363730907440186 
v -0.16278240084648132 1.3731220960617065 3.8367409706115723 
v -0.16109614074230194 1.3695151805877686 3.8367409706115723 
v -0.16455990076065063 1.372291088104248 3.8363730907440186 
v -0.161004900932312 1.373953104019165 3.8363730907440186 
v -0.1577863097190857 1.3710626363754272 3.835268974304199 
v -0.15947258472442627 1.3746694326400757 3.835268974304199 
v -0.156805619597435 1.3715211153030396 3.8335516452789307 
v -0.15849189460277557 1.375127911567688 3.8335516452789307 
v -0.15643787384033203 1.3716930150985718 3.8315887451171875 
v -0.1581241339445114 1.3752999305725098 3.8315887451171875 
v -0.156805619597435 1.3715211153030396 3.8296260833740234 
v -0.15849189460277557 1.375127911567688 3.8296260833740234 
v -0.1577863097190857 1.3710626363754272 3.827908754348755 
v -0.15947258472442627 1.3746694326400757 3.827908754348755 
v -0.15931864082813263 1.370346188545227 3.8268046379089355 
v -0.161004900932312 1.373953104019165 3.8268046379089355 
v -0.16109614074230194 1.3695151805877686 3.826436758041382 
v -0.16278240084648132 1.3731220960617065 3.826436758041382 
v -0.16287364065647125 1.36868417263031 3.8268046379089355 
v -0.16455990076065063 1.372291088104248 3.8268046379089355 
v -0.164405956864357 1.3679678440093994 3.827908754348755 
v -0.16609223186969757 1.3715746402740479 3.827908754348755 
v -0.16544793546199799 1.3674806356430054 3.8296260833740234 
v -0.16713421046733856 1.3710875511169434 3.8296260833740234 
v -0.16575440764427185 1.3673373460769653 3.8315887451171875 
v -0.16744066774845123 1.3709442615509033 3.8315887451171875 
v -0.16544793546199799 1.3674806356430054 3.8335516452789307 
v -0.16713421046733856 1.3710875511169434 3.8335516452789307 
v -0.164405956864357 1.3679678440093994 3.835268974304199 
v -0.16609223186969757 1.3715746402740479 3.835268974304199 
v -0.16287364065647125 1.36868417263031 3.8363730907440186 
v -0.1564720869064331 1.3666539192199707 3.8388264179229736 
v -0.16109614074230194 1.3695151805877686 3.8367409706115723 
v -0.15916897356510162 1.365393042564392 3.839439630508423 
v -0.16287364065647125 1.36868417263031 3.8363730907440186 
v -0.15931864082813263 1.370346188545227 3.8363730907440186 
v -0.15414294600486755 1.367742896080017 3.837109088897705 
v -0.1577863097190857 1.3710626363754272 3.835268974304199 
v -0.15261061489582062 1.3684592247009277 3.834655523300171 
v -0.156805619597435 1.3715211153030396 3.8335516452789307 
v -0.15205898880958557 1.368717074394226 3.8315887451171875 
v -0.15643787384033203 1.3716930150985718 3.8315887451171875 
v -0.15261061489582062 1.3684592247009277 3.8286447525024414 
v -0.156805619597435 1.3715211153030396 3.8296260833740234 
v -0.15414294600486755 1.367742896080017 3.826068639755249 
v -0.1577863097190857 1.3710626363754272 3.827908754348755 
v -0.1564720869064331 1.3666539192199707 3.8243513107299805 
v -0.15931864082813263 1.370346188545227 3.8268046379089355 
v -0.15916897356510162 1.365393042564392 3.823737859725952 
v -0.16109614074230194 1.3695151805877686 3.826436758041382 
v -0.16192716360092163 1.3641035556793213 3.8243513107299805 
v -0.16287364065647125 1.36868417263031 3.8268046379089355 
v -0.1641950011253357 1.3630433082580566 3.826068639755249 
v -0.164405956864357 1.3679678440093994 3.827908754348755 
v -0.16572733223438263 1.362326979637146 3.8286447525024414 
v -0.16544793546199799 1.3674806356430054 3.8296260833740234 
v -0.16627895832061768 1.362069010734558 3.8315887451171875 
v -0.16575440764427185 1.3673373460769653 3.8315887451171875 
v -0.16572733223438263 1.362326979637146 3.834655523300171 
v -0.16544793546199799 1.3674806356430054 3.8335516452789307 
v -0.1641950011253357 1.3630433082580566 3.837109088897705 
v -0.164405956864357 1.3679678440093994 3.835268974304199 
v -0.16192716360092163 1.3641035556793213 3.8388264179229736 
v -0.15659573674201965 1.3664391040802002 3.838458299636841 
v -0.15916897356510162 1.365393042564392 3.839439630508423 
v -0.1591087430715561 1.3652642965316772 3.838948965072632 
v -0.16192716360092163 1.3641035556793213 3.8388264179229736 
v -0.1564720869064331 1.3666539192199707 3.8388264179229736 
v -0.1543891876935959 1.3674707412719727 3.8368637561798096 
v -0.15414294600486755 1.367742896080017 3.837109088897705 
v -0.15297944843769073 1.368129849433899 3.8344101905822754 
v -0.15261061489582062 1.3684592247009277 3.834655523300171 
v -0.1524278074502945 1.3683876991271973 3.8315887451171875 
v -0.15205898880958557 1.368717074394226 3.8315887451171875 
v -0.15297944843769073 1.368129849433899 3.8287675380706787 
v -0.15261061489582062 1.3684592247009277 3.8286447525024414 
v -0.1543891876935959 1.3674707412719727 3.826436758041382 
v -0.15414294600486755 1.367742896080017 3.826068639755249 
v -0.15659573674201965 1.3664391040802002 3.8248419761657715 
v -0.1564720869064331 1.3666539192199707 3.8243513107299805 
v -0.1591087430715561 1.3652642965316772 3.8242287635803223 
v -0.15916897356510162 1.365393042564392 3.823737859725952 
v -0.16168305277824402 1.3640607595443726 3.8248419761657715 
v -0.16192716360092163 1.3641035556793213 3.8243513107299805 
v -0.1638283133506775 1.3630578517913818 3.826436758041382 
v -0.1641950011253357 1.3630433082580566 3.826068639755249 
v -0.16529934108257294 1.3623700141906738 3.8287675380706787 
v -0.16572733223438263 1.362326979637146 3.8286447525024414 
v -0.16578969359397888 1.3621407747268677 3.8315887451171875 
v -0.16627895832061768 1.362069010734558 3.8315887451171875 
v -0.16529934108257294 1.3623700141906738 3.8344101905822754 
v -0.16572733223438263 1.362326979637146 3.834655523300171 
v -0.1638283133506775 1.3630578517913818 3.8368637561798096 
v -0.1641950011253357 1.3630433082580566 3.837109088897705 
v -0.16168305277824402 1.3640607595443726 3.838458299636841 
v -0.15430723130702972 1.361544132232666 3.838458299636841 
v -0.1591087430715561 1.3652642965316772 3.838948965072632 
v -0.15682023763656616 1.3603692054748535 3.838948965072632 
v -0.16168305277824402 1.3640607595443726 3.838458299636841 
v -0.15659573674201965 1.3664391040802002 3.838458299636841 
v -0.15210068225860596 1.3625757694244385 3.8368637561798096 
v -0.1543891876935959 1.3674707412719727 3.8368637561798096 
v -0.1506909430027008 1.3632347583770752 3.8344101905822754 
v -0.15297944843769073 1.368129849433899 3.8344101905822754 
v -0.15013930201530457 1.363492727279663 3.8315887451171875 
v -0.1524278074502945 1.3683876991271973 3.8315887451171875 
v -0.1506909430027008 1.3632347583770752 3.8287675380706787 
v -0.15297944843769073 1.368129849433899 3.8287675380706787 
v -0.15210068225860596 1.3625757694244385 3.826436758041382 
v -0.1543891876935959 1.3674707412719727 3.826436758041382 
v -0.15430723130702972 1.361544132232666 3.8248419761657715 
v -0.15659573674201965 1.3664391040802002 3.8248419761657715 
v -0.15682023763656616 1.3603692054748535 3.8242287635803223 
v -0.1591087430715561 1.3652642965316772 3.8242287635803223 
v -0.1593945473432541 1.3591656684875488 3.8248419761657715 
v -0.16168305277824402 1.3640607595443726 3.8248419761657715 
v -0.16153980791568756 1.358162760734558 3.826436758041382 
v -0.1638283133506775 1.3630578517913818 3.826436758041382 
v -0.163010835647583 1.3574750423431396 3.8287675380706787 
v -0.16529934108257294 1.3623700141906738 3.8287675380706787 
v -0.16350118815898895 1.3572458028793335 3.8315887451171875 
v -0.16578969359397888 1.3621407747268677 3.8315887451171875 
v -0.163010835647583 1.3574750423431396 3.8344101905822754 
v -0.16529934108257294 1.3623700141906738 3.8344101905822754 
v -0.16153980791568756 1.358162760734558 3.8368637561798096 
v -0.1638283133506775 1.3630578517913818 3.8368637561798096 
v -0.1593945473432541 1.3591656684875488 3.838458299636841 
v -0.1535717099905014 1.36188805103302 3.8402984142303467 
v -0.15682023763656616 1.3603692054748535 3.838948965072632 
v -0.15682023763656616 1.3603692054748535 3.841034412384033 
v -0.1593945473432541 1.3591656684875488 3.838458299636841 
v -0.15430723130702972 1.361544132232666 3.838458299636841 
v -0.1508135348558426 1.3631775379180908 3.8382129669189453 
v -0.15210068225860596 1.3625757694244385 3.8368637561798096 
v -0.1489134430885315 1.3640657663345337 3.835268974304199 
v -0.1506909430027008 1.3632347583770752 3.8344101905822754 
v -0.14830051362514496 1.3643523454666138 3.8315887451171875 
v -0.15013930201530457 1.363492727279663 3.8315887451171875 
v -0.1489134430885315 1.3640657663345337 3.828031539916992 
v -0.1506909430027008 1.3632347583770752 3.8287675380706787 
v -0.1508135348558426 1.3631775379180908 3.824964761734009 
v -0.15210068225860596 1.3625757694244385 3.826436758041382 
v -0.1535717099905014 1.3618879318237305 3.8228793144226074 
v -0.15430723130702972 1.361544132232666 3.8248419761657715 
v -0.15682023763656616 1.3603692054748535 3.822143316268921 
v -0.15682023763656616 1.3603692054748535 3.8242287635803223 
v -0.1601300686597824 1.3588218688964844 3.8228793144226074 
v -0.1593945473432541 1.3591656684875488 3.8248419761657715 
v -0.16288825869560242 1.3575323820114136 3.824964761734009 
v -0.16153980791568756 1.358162760734558 3.826436758041382 
v -0.16472704708576202 1.3566726446151733 3.828031539916992 
v -0.163010835647583 1.3574750423431396 3.8287675380706787 
v -0.16540126502513885 1.356357455253601 3.8315887451171875 
v -0.16350118815898895 1.3572458028793335 3.8315887451171875 
v -0.16472704708576202 1.3566726446151733 3.835268974304199 
v -0.163010835647583 1.3574750423431396 3.8344101905822754 
v -0.16288825869560242 1.3575323820114136 3.8382129669189453 
v -0.16153980791568756 1.358162760734558 3.8368637561798096 
v -0.1601300686597824 1.3588218688964844 3.8402984142303467 
v -0.14881403744220734 1.3517115116119385 3.8402984142303467 
v -0.15682023763656616 1.3603692054748535 3.841034412384033 
v -0.1520625650882721 1.3501927852630615 3.841034412384033 
v -0.1601300686597824 1.3588218688964844 3.8402984142303467 
v -0.1535717099905014 1.36188805103302 3.8402984142303467 
v -0.14605584740638733 1.3530009984970093 3.8382129669189453 
v -0.1508135348558426 1.3631775379180908 3.8382129669189453 
v -0.14415575563907623 1.3538893461227417 3.835268974304199 
v -0.1489134430885315 1.3640657663345337 3.835268974304199 
v -0.1435428261756897 1.3541759252548218 3.8315887451171875 
v -0.14830051362514496 1.3643523454666138 3.8315887451171875 
v -0.14415575563907623 1.3538893461227417 3.828031539916992 
v -0.1489134430885315 1.3640657663345337 3.828031539916992 
v -0.14605584740638733 1.3530009984970093 3.824964761734009 
v -0.1508135348558426 1.3631775379180908 3.824964761734009 
v -0.14881403744220734 1.3517115116119385 3.8228793144226074 
v -0.1535717099905014 1.3618879318237305 3.8228793144226074 
v -0.1520625650882721 1.3501927852630615 3.822143316268921 
v -0.15682023763656616 1.3603692054748535 3.822143316268921 
v -0.15537238121032715 1.3486453294754028 3.8228793144226074 
v -0.1601300686597824 1.3588218688964844 3.8228793144226074 
v -0.15813057124614716 1.347355842590332 3.824964761734009 
v -0.16288825869560242 1.3575323820114136 3.824964761734009 
v -0.15996935963630676 1.3464962244033813 3.828031539916992 
v -0.16472704708576202 1.3566726446151733 3.828031539916992 
v -0.1606435775756836 1.346181035041809 3.8315887451171875 
v -0.16540126502513885 1.356357455253601 3.8315887451171875 
v -0.15996935963630676 1.3464962244033813 3.835268974304199 
v -0.16472704708576202 1.3566726446151733 3.835268974304199 
v -0.15813057124614716 1.347355842590332 3.8382129669189453 
v -0.16288825869560242 1.3575323820114136 3.8382129669189453 
v -0.15537238121032715 1.3486453294754028 3.8402984142303467 
v -0.1486493945121765 1.3489630222320557 3.8378450870513916 
v -0.1520625650882721 1.3501927852630615 3.841034412384033 
v -0.15097853541374207 1.3478740453720093 3.8383357524871826 
v -0.15537238121032715 1.3486453294754028 3.8402984142303467 
v -0.14881403744220734 1.3517115116119385 3.8402984142303467 
v -0.14668801426887512 1.3498799800872803 3.8363730907440186 
v -0.14605584740638733 1.3530009984970093 3.8382129669189453 
v -0.14533957839012146 1.3505103588104248 3.83416485786438 
v -0.14415575563907623 1.3538893461227417 3.835268974304199 
v -0.14484922587871552 1.350739598274231 3.8315887451171875 
v -0.1435428261756897 1.3541759252548218 3.8315887451171875 
v -0.14533957839012146 1.3505103588104248 3.829012870788574 
v -0.14415575563907623 1.3538893461227417 3.828031539916992 
v -0.14668801426887512 1.3498799800872803 3.8268046379089355 
v -0.14605584740638733 1.3530009984970093 3.824964761734009 
v -0.1486493945121765 1.3489630222320557 3.8253326416015625 
v -0.14881403744220734 1.3517115116119385 3.8228793144226074 
v -0.15097853541374207 1.3478740453720093 3.8248419761657715 
v -0.1520625650882721 1.3501927852630615 3.822143316268921 
v -0.1533689647912979 1.3467564582824707 3.8253326416015625 
v -0.15537238121032715 1.3486453294754028 3.8228793144226074 
v -0.1553303301334381 1.345839500427246 3.8268046379089355 
v -0.15813057124614716 1.347355842590332 3.824964761734009 
v -0.15667878091335297 1.3452091217041016 3.829012870788574 
v -0.15996935963630676 1.3464962244033813 3.828031539916992 
v -0.15710783004760742 1.3450084924697876 3.8315887451171875 
v -0.1606435775756836 1.346181035041809 3.8315887451171875 
v -0.15667878091335297 1.3452091217041016 3.83416485786438 
v -0.15996935963630676 1.3464962244033813 3.835268974304199 
v -0.1553303301334381 1.345839500427246 3.8363730907440186 
v -0.15813057124614716 1.347355842590332 3.8382129669189453 
v -0.1533689647912979 1.3467564582824707 3.8378450870513916 
v -0.17221616208553314 1.3964956998825073 3.8329381942749023 
v -0.17184840142726898 1.3966675996780396 3.832324981689453 
v -0.17282909154891968 1.3962091207504272 3.833306312561035 
v -0.1717258244752884 1.3967249393463135 3.8315887451171875 
v -0.17184840142726898 1.3966675996780396 3.830852746963501 
v -0.17221616208553314 1.3964956998825073 3.8302395343780518 
v -0.17282909154891968 1.3962091207504272 3.829871416091919 
v -0.1734420210123062 1.3959225416183472 3.8297488689422607 
v -0.17411623895168304 1.395607352256775 3.829871416091919 
v -0.17466787993907928 1.3953495025634766 3.8302395343780518 
v -0.17503564059734344 1.3951774835586548 3.830852746963501 
v -0.17515823245048523 1.3951202630996704 3.8315887451171875 
v -0.17503564059734344 1.3951774835586548 3.832324981689453 
v -0.17466787993907928 1.3953495025634766 3.8329381942749023 
v -0.17411623895168304 1.395607352256775 3.833306312561035 
v -0.1734420210123062 1.3959225416183472 3.8335516452789307 
v -0.1533689647912979 1.3467564582824707 3.8378450870513916 
v -0.15097853541374207 1.3478740453720093 3.8383357524871826 
v -0.1553303301334381 1.345839500427246 3.8363730907440186 
v -0.15667878091335297 1.3452091217041016 3.83416485786438 
v -0.15710783004760742 1.3450084924697876 3.8315887451171875 
v -0.15667878091335297 1.3452091217041016 3.829012870788574 
v -0.1553303301334381 1.345839500427246 3.8268046379089355 
v -0.1533689647912979 1.3467564582824707 3.8253326416015625 
v -0.15097853541374207 1.3478740453720093 3.8248419761657715 
v -0.1486493945121765 1.3489630222320557 3.8253326416015625 
v -0.14668801426887512 1.3498799800872803 3.8268046379089355 
v -0.14533957839012146 1.3505103588104248 3.829012870788574 
v -0.14484922587871552 1.350739598274231 3.8315887451171875 
v -0.14533957839012146 1.3505103588104248 3.83416485786438 
v -0.14668801426887512 1.3498799800872803 3.8363730907440186 
v -0.1486493945121765 1.3489630222320557 3.8378450870513916 
v -0.16509763896465302 1.3740803003311157 3.824105978012085 
v -0.1609421968460083 1.36519193649292 3.824105978012085 
v -0.16209428012371063 1.3754844665527344 3.824105978012085 
v -0.15793883800506592 1.3665961027145386 3.824105978012085 
v -0.16509763896465302 1.3740803003311157 3.839071750640869 
v -0.16509763896465302 1.3740803003311157 3.824105978012085 
v -0.16209428012371063 1.3754844665527344 3.839071750640869 
v -0.16209428012371063 1.3754844665527344 3.824105978012085 
v -0.1609421968460083 1.36519193649292 3.839071750640869 
v -0.16509763896465302 1.3740803003311157 3.839071750640869 
v -0.15793883800506592 1.3665961027145386 3.839071750640869 
v -0.16209428012371063 1.3754844665527344 3.839071750640869 
v -0.1609421968460083 1.36519193649292 3.824105978012085 
v -0.1609421968460083 1.36519193649292 3.839071750640869 
v -0.15793883800506592 1.3665961027145386 3.824105978012085 
v -0.15793883800506592 1.3665961027145386 3.839071750640869 
v -0.16509763896465302 1.3740803003311157 3.824105978012085 
v -0.16509763896465302 1.3740803003311157 3.839071750640869 
v -0.1609421968460083 1.36519193649292 3.824105978012085 
v -0.1609421968460083 1.36519193649292 3.839071750640869 
v -0.15793883800506592 1.3665961027145386 3.839071750640869 
v -0.16209428012371063 1.3754844665527344 3.839071750640869 
v -0.15793883800506592 1.3665961027145386 3.824105978012085 
v -0.16209428012371063 1.3754844665527344 3.824105978012085 
v -0.16713134944438934 1.380507230758667 3.8247194290161133 
v -0.1632770299911499 1.372262954711914 3.8261914253234863 
v -0.1656603217124939 1.3811949491500854 3.8247194290161133 
v -0.16180598735809326 1.3729506731033325 3.8261914253234863 
v -0.16701090335845947 1.3802495002746582 3.8239831924438477 
v -0.16713134944438934 1.380507230758667 3.8247194290161133 
v -0.16553987562656403 1.3809373378753662 3.8239831924438477 
v -0.1656603217124939 1.3811949491500854 3.8247194290161133 
v -0.16731202602386475 1.380893588066101 3.823737859725952 
v -0.16701090335845947 1.3802495002746582 3.8239831924438477 
v -0.1658409833908081 1.3815813064575195 3.823737859725952 
v -0.16553987562656403 1.3809373378753662 3.8239831924438477 
v -0.1684562712907791 1.3833411931991577 3.8248419761657715 
v -0.16731202602386475 1.380893588066101 3.823737859725952 
v -0.16698524355888367 1.3840289115905762 3.8248419761657715 
v -0.1658409833908081 1.3815813064575195 3.823737859725952 
v -0.16399970650672913 1.373808741569519 3.8277859687805176 
v -0.1684562712907791 1.3833411931991577 3.8248419761657715 
v -0.16252867877483368 1.3744964599609375 3.8277859687805176 
v -0.16698524355888367 1.3840289115905762 3.8248419761657715 
v -0.1632770299911499 1.372262954711914 3.8261914253234863 
v -0.16399970650672913 1.373808741569519 3.8277859687805176 
v -0.16180598735809326 1.3729506731033325 3.8261914253234863 
v -0.16252867877483368 1.3744964599609375 3.8277859687805176 
v -0.16731202602386475 1.380893588066101 3.823737859725952 
v -0.1684562712907791 1.3833411931991577 3.8248419761657715 
v -0.16701090335845947 1.3802495002746582 3.8239831924438477 
v -0.16399970650672913 1.373808741569519 3.8277859687805176 
v -0.16713134944438934 1.380507230758667 3.8247194290161133 
v -0.1632770299911499 1.372262954711914 3.8261914253234863 
v -0.1656603217124939 1.3811949491500854 3.8247194290161133 
v -0.16180598735809326 1.3729506731033325 3.8261914253234863 
v -0.16553987562656403 1.3809373378753662 3.8239831924438477 
v -0.16698524355888367 1.3840289115905762 3.8248419761657715 
v -0.1658409833908081 1.3815813064575195 3.823737859725952 
v -0.16252867877483368 1.3744964599609375 3.8277859687805176 
v -0.16180598735809326 1.3729506731033325 3.8369863033294678 
v -0.1632770299911499 1.372262954711914 3.8369863033294678 
v -0.1656603217124939 1.3811949491500854 3.838458299636841 
v -0.16713134944438934 1.380507230758667 3.838458299636841 
v -0.1656603217124939 1.3811949491500854 3.838458299636841 
v -0.16713134944438934 1.380507230758667 3.838458299636841 
v -0.16553987562656403 1.3809373378753662 3.8393170833587646 
v -0.16701090335845947 1.3802495002746582 3.8393170833587646 
v -0.16553987562656403 1.3809373378753662 3.8393170833587646 
v -0.16701090335845947 1.3802495002746582 3.8393170833587646 
v -0.1658409833908081 1.381581425666809 3.839439630508423 
v -0.16731202602386475 1.380893588066101 3.839439630508423 
v -0.1658409833908081 1.381581425666809 3.839439630508423 
v -0.16731202602386475 1.380893588066101 3.839439630508423 
v -0.16698524355888367 1.3840289115905762 3.8383357524871826 
v -0.1684562712907791 1.3833411931991577 3.8383357524871826 
v -0.16698524355888367 1.3840289115905762 3.8383357524871826 
v -0.1684562712907791 1.3833411931991577 3.8383357524871826 
v -0.16252867877483368 1.3744964599609375 3.8355143070220947 
v -0.16399970650672913 1.373808741569519 3.8355143070220947 
v -0.16252867877483368 1.3744964599609375 3.8355143070220947 
v -0.16399970650672913 1.373808741569519 3.8355143070220947 
v -0.16180598735809326 1.3729506731033325 3.8369863033294678 
v -0.1632770299911499 1.372262954711914 3.8369863033294678 
v -0.16713134944438934 1.380507230758667 3.838458299636841 
v -0.1632770299911499 1.372262954711914 3.8369863033294678 
v -0.16701090335845947 1.3802495002746582 3.8393170833587646 
v -0.1684562712907791 1.3833411931991577 3.8383357524871826 
v -0.16731202602386475 1.380893588066101 3.839439630508423 
v -0.16399970650672913 1.373808741569519 3.8355143070220947 
v -0.1658409833908081 1.381581425666809 3.839439630508423 
v -0.16698524355888367 1.3840289115905762 3.8383357524871826 
v -0.16553987562656403 1.3809373378753662 3.8393170833587646 
v -0.16252867877483368 1.3744964599609375 3.8355143070220947 
v -0.1656603217124939 1.3811949491500854 3.838458299636841 
v -0.16180598735809326 1.3729506731033325 3.8369863033294678 
v -0.08747178316116333 1.4416090250015259 3.536567449569702 
v -0.08748260885477066 1.251039981842041 3.536567449569702 
v -0.08606632053852081 1.4416382312774658 3.535954236984253 
v -0.08601692318916321 1.2509403228759766 3.535954236984253 
v -0.08747657388448715 1.2339328527450562 3.5390210151672363 
v -0.08607217669487 1.2338045835494995 3.538407564163208 
v -0.08742954581975937 1.213862419128418 3.5430691242218018 
v -0.08602514863014221 1.2137341499328613 3.5424556732177734 
v -0.08745450526475906 1.1921886205673218 3.5495705604553223 
v -0.08605118095874786 1.1919028759002686 3.5490798950195312 
v -0.08748267590999603 1.1700423955917358 3.559629440307617 
v -0.08607935160398483 1.1697566509246826 3.559138774871826 
v -0.08744313567876816 1.1488696336746216 3.5741045475006104 
v -0.08610110729932785 1.1485552787780762 3.5737366676330566 
v -0.087448850274086 1.1300302743911743 3.593977212905884 
v -0.08604659140110016 1.1295870542526245 3.593609094619751 
v -0.08749020844697952 1.1149417161941528 3.620105743408203 
v -0.08602771908044815 1.1143696308135986 3.6198604106903076 
v -0.08749840408563614 1.1047346591949463 3.653226613998413 
v -0.08603592962026596 1.1041626930236816 3.653226613998413 
v -0.0874638482928276 1.1008265018463135 3.694566488265991 
v -0.08600136637687683 1.1002545356750488 3.694566488265991 
v -0.08809958398342133 1.1061803102493286 3.735292911529541 
v -0.08669838309288025 1.1055796146392822 3.7355382442474365 
v -0.09019599854946136 1.1213682889938354 3.7671871185302734 
v -0.08879374712705612 1.1209250688552856 3.7676777839660645 
v -0.09388532489538193 1.14491605758667 3.7912304401397705 
v -0.09260351955890656 1.1447304487228394 3.791843891143799 
v -0.09942340850830078 1.1751340627670288 3.8084042072296143 
v -0.09814053773880005 1.1751059293746948 3.809140205383301 
v -0.1069435402750969 1.210390329360962 3.8199353218078613 
v -0.1056595891714096 1.2105196714401245 3.820793867111206 
v -0.11670049279928207 1.2491530179977417 3.827049970626831 
v -0.11547677963972092 1.2494112253189087 3.827908754348755 
v -0.12876734137535095 1.2896614074707031 3.830852746963501 
v -0.12754255533218384 1.2900769710540771 3.831711530685425 
v -0.14339780807495117 1.3305408954620361 3.832324981689453 
v -0.14229454100131989 1.3310567140579224 3.833183526992798 
v -0.16090798377990723 1.370231032371521 3.832692861557007 
v -0.15968318283557892 1.3706467151641846 3.8335516452789307 
v -0.08808257430791855 1.4416375160217285 3.537916898727417 
v -0.08747178316116333 1.4416090250015259 3.536567449569702 
v -0.08803211152553558 1.2510969638824463 3.537916898727417 
v -0.08748260885477066 1.251039981842041 3.536567449569702 
v -0.08802499622106552 1.234147310256958 3.540370225906372 
v -0.08747657388448715 1.2339328527450562 3.5390210151672363 
v -0.08803819864988327 1.2142057418823242 3.5444183349609375 
v -0.08742954581975937 1.213862419128418 3.5430691242218018 
v -0.08806208521127701 1.1926894187927246 3.550920009613037 
v -0.08745450526475906 1.1921886205673218 3.5495705604553223 
v -0.08802789449691772 1.1707292795181274 3.5608561038970947 
v -0.08748267590999603 1.1700423955917358 3.559629440307617 
v -0.08804751187562943 1.1498428583145142 3.5752086639404297 
v -0.08744313567876816 1.1488696336746216 3.5741045475006104 
v -0.08805215358734131 1.1311609745025635 3.5948357582092285 
v -0.087448850274086 1.1300302743911743 3.593977212905884 
v -0.08809244632720947 1.1162298917770386 3.620596408843994 
v -0.08749020844697952 1.1149417161941528 3.620105743408203 
v -0.08809957653284073 1.1061803102493286 3.653594732284546 
v -0.08749840408563614 1.1047346591949463 3.653226613998413 
v -0.088065005838871 1.1022721529006958 3.694443941116333 
v -0.0874638482928276 1.1008265018463135 3.694566488265991 
v -0.08870182186365128 1.1074684858322144 3.7349250316619873 
v -0.08809958398342133 1.1061803102493286 3.735292911529541 
v -0.09073801338672638 1.1225277185440063 3.7663285732269287 
v -0.09019599854946136 1.1213682889938354 3.7671871185302734 
v -0.09442947804927826 1.145760416984558 3.790003776550293 
v -0.09388532489538193 1.14491605758667 3.7912304401397705 
v -0.09990841150283813 1.175692081451416 3.8070549964904785 
v -0.09942340850830078 1.1751340627670288 3.8084042072296143 
v -0.10730808228254318 1.2106908559799194 3.8185858726501465 
v -0.1069435402750969 1.210390329360962 3.8199353218078613 
v -0.11706611514091492 1.2492960691452026 3.825577974319458 
v -0.11670049279928207 1.2491530179977417 3.827049970626831 
v -0.12907274067401886 1.2896755933761597 3.8292582035064697 
v -0.12876734137535095 1.2896614074707031 3.830852746963501 
v -0.14376449584960938 1.3305264711380005 3.830852746963501 
v -0.14339780807495117 1.3305408954620361 3.832324981689453 
v -0.1611531525850296 1.3701164722442627 3.831220865249634 
v -0.16090798377990723 1.370231032371521 3.832692861557007 
v -0.08747178316116333 1.4416090250015259 3.53938889503479 
v -0.08808257430791855 1.4416375160217285 3.537916898727417 
v -0.0874815434217453 1.2511974573135376 3.53938889503479 
v -0.08803211152553558 1.2510969638824463 3.537916898727417 
v -0.08747336268424988 1.234405279159546 3.541719675064087 
v -0.08802499622106552 1.234147310256958 3.540370225906372 
v -0.08748549222946167 1.2146210670471191 3.5457677841186523 
v -0.08803819864988327 1.2142057418823242 3.5444183349609375 
v -0.08744809031486511 1.1931334733963013 3.552269220352173 
v -0.08806208521127701 1.1926894187927246 3.550920009613037 
v -0.08747304975986481 1.171459674835205 3.5620830059051514 
v -0.08802789449691772 1.1707292795181274 3.5608561038970947 
v -0.08749160170555115 1.1507306098937988 3.57631254196167 
v -0.08804751187562943 1.1498428583145142 3.5752086639404297 
v -0.08749410510063171 1.1323637962341309 3.5956945419311523 
v -0.08805215358734131 1.1311609745025635 3.5948357582092285 
v -0.08747309446334839 1.1174612045288086 3.6212098598480225 
v -0.08809244632720947 1.1162298917770386 3.620596408843994 
v -0.08747915178537369 1.1075690984725952 3.6538400650024414 
v -0.08809957653284073 1.1061803102493286 3.653594732284546 
v -0.08750482648611069 1.1037898063659668 3.694443941116333 
v -0.088065005838871 1.1022721529006958 3.694443941116333 
v -0.08808140456676483 1.1088573932647705 3.7345569133758545 
v -0.08870182186365128 1.1074684858322144 3.7349250316619873 
v -0.09011867642402649 1.1237590312957764 3.765592336654663 
v -0.09073801338672638 1.1225277185440063 3.7663285732269287 
v -0.0937509760260582 1.1467055082321167 3.789022445678711 
v -0.09442947804927826 1.145760416984558 3.790003776550293 
v -0.0991707593202591 1.1763509511947632 3.805828094482422 
v -0.09990841150283813 1.175692081451416 3.8070549964904785 
v -0.1065715029835701 1.2111921310424805 3.8172364234924316 
v -0.10730808228254318 1.2106908559799194 3.8185858726501465 
v -0.1162693053483963 1.2496685981750488 3.8243513107299805 
v -0.11706611514091492 1.2492960691452026 3.825577974319458 
v -0.12827593088150024 1.2900481224060059 3.828031539916992 
v -0.12907274067401886 1.2896755933761597 3.8292582035064697 
v -0.14290747046470642 1.3307701349258423 3.8295035362243652 
v -0.14376449584960938 1.3305264711380005 3.830852746963501 
v -0.160356342792511 1.3704890012741089 3.829871416091919 
v -0.1611531525850296 1.3701164722442627 3.831220865249634 
v -0.08606632053852081 1.4416382312774658 3.5400023460388184 
v -0.08747178316116333 1.4416090250015259 3.53938889503479 
v -0.08607608079910278 1.2512266635894775 3.5400023460388184 
v -0.0874815434217453 1.2511974573135376 3.53938889503479 
v -0.08600660413503647 1.234463095664978 3.5423331260681152 
v -0.08747336268424988 1.234405279159546 3.541719675064087 
v -0.08601873368024826 1.2146790027618408 3.5463812351226807 
v -0.08748549222946167 1.2146210670471191 3.5457677841186523 
v -0.08604156225919724 1.1933201551437378 3.552759885787964 
v -0.08744809031486511 1.1931334733963013 3.552269220352173 
v -0.08600522577762604 1.1716749668121338 3.5626962184906006 
v -0.08747304975986481 1.171459674835205 3.5620830059051514 
v -0.08602270483970642 1.1511033773422241 3.576803207397461 
v -0.08749160170555115 1.1507306098937988 3.57631254196167 
v -0.08608543872833252 1.132865309715271 3.596062421798706 
v -0.08749410510063171 1.1323637962341309 3.5956945419311523 
v -0.0860031321644783 1.1179914474487305 3.621455192565918 
v -0.08747309446334839 1.1174612045288086 3.6212098598480225 
v -0.08607049286365509 1.108070731163025 3.6539628505706787 
v -0.08747915178537369 1.1075690984725952 3.6538400650024414 
v -0.08603485673666 1.1043200492858887 3.694443941116333 
v -0.08750482648611069 1.1037898063659668 3.694443941116333 
v -0.08667166531085968 1.1095163822174072 3.7344343662261963 
v -0.08808140456676483 1.1088573932647705 3.7345569133758545 
v -0.0887100026011467 1.124260663986206 3.7653470039367676 
v -0.09011867642402649 1.1237590312957764 3.765592336654663 
v -0.0923423022031784 1.1472071409225464 3.788654327392578 
v -0.0937509760260582 1.1467055082321167 3.789022445678711 
v -0.0977620854973793 1.1768525838851929 3.8055827617645264 
v -0.0991707593202591 1.1763509511947632 3.805828094482422 
v -0.10516282916069031 1.2116937637329102 3.816991090774536 
v -0.1065715029835701 1.2111921310424805 3.8172364234924316 
v -0.11480040848255157 1.2500413656234741 3.8239834308624268 
v -0.1162693053483963 1.2496685981750488 3.8243513107299805 
v -0.12686726450920105 1.2905497550964355 3.8277862071990967 
v -0.12827593088150024 1.2900481224060059 3.828031539916992 
v -0.14155901968479156 1.3314005136489868 3.8292582035064697 
v -0.14290747046470642 1.3307701349258423 3.8295035362243652 
v -0.15900789201259613 1.3711193799972534 3.8296260833740234 
v -0.160356342792511 1.3704890012741089 3.829871416091919 
v -0.0846608579158783 1.4416674375534058 3.53938889503479 
v -0.08606632053852081 1.4416382312774658 3.5400023460388184 
v -0.08467061817646027 1.2512558698654175 3.53938889503479 
v -0.08607608079910278 1.2512266635894775 3.5400023460388184 
v -0.08460221439599991 1.2343348264694214 3.541719675064087 
v -0.08600660413503647 1.234463095664978 3.5423331260681152 
v -0.0846143439412117 1.2145506143569946 3.5457677841186523 
v -0.08601873368024826 1.2146790027618408 3.5463812351226807 
v -0.08463716506958008 1.1931917667388916 3.552269220352173 
v -0.08604156225919724 1.1933201551437378 3.552759885787964 
v -0.08460190147161484 1.1713892221450806 3.5620830059051514 
v -0.08600522577762604 1.1716749668121338 3.5626962184906006 
v -0.08468066900968552 1.1507890224456787 3.57631254196167 
v -0.08602270483970642 1.1511033773422241 3.576803207397461 
v -0.08462295681238174 1.1322933435440063 3.5956945419311523 
v -0.08608543872833252 1.132865309715271 3.596062421798706 
v -0.08466216921806335 1.1175196170806885 3.6212098598480225 
v -0.0860031321644783 1.1179914474487305 3.621455192565918 
v -0.08460801094770432 1.1074987649917603 3.6538400650024414 
v -0.08607049286365509 1.108070731163025 3.6539628505706787 
v -0.08463367074728012 1.1037193536758423 3.694443941116333 
v -0.08603485673666 1.1043200492858887 3.694443941116333 
v -0.0852704718708992 1.1089156866073608 3.7345569133758545 
v -0.08667166531085968 1.1095163822174072 3.7344343662261963 
v -0.08730774372816086 1.1238174438476562 3.7658376693725586 
v -0.0887100026011467 1.124260663986206 3.7653470039367676 
v -0.0909389778971672 1.1469213962554932 3.7893903255462646 
v -0.0923423022031784 1.1472071409225464 3.788654327392578 
v -0.09641898423433304 1.1766955852508545 3.806318759918213 
v -0.0977620854973793 1.1768525838851929 3.8055827617645264 
v -0.10387995094060898 1.2116656303405762 3.81784987449646 
v -0.10516282916069031 1.2116937637329102 3.816991090774536 
v -0.11357669532299042 1.2502995729446411 3.8248419761657715 
v -0.11480040848255157 1.2500413656234741 3.8239834308624268 
v -0.1256435364484787 1.290807843208313 3.8286447525024414 
v -0.12686726450920105 1.2905497550964355 3.8277862071990967 
v -0.14033423364162445 1.3318161964416504 3.8301167488098145 
v -0.14155901968479156 1.3314005136489868 3.8292582035064697 
v -0.15778310596942902 1.371535062789917 3.8304848670959473 
v -0.15900789201259613 1.3711193799972534 3.8296260833740234 
v -0.08405005931854248 1.4416390657424927 3.537916898727417 
v -0.0846608579158783 1.4416674375534058 3.53938889503479 
v -0.08406089246273041 1.2510699033737183 3.537916898727417 
v -0.08467061817646027 1.2512558698654175 3.53938889503479 
v -0.08405377715826035 1.23412024974823 3.540370225906372 
v -0.08460221439599991 1.2343348264694214 3.541719675064087 
v -0.0840669795870781 1.2141786813735962 3.5444183349609375 
v -0.0846143439412117 1.2145506143569946 3.5457677841186523 
v -0.08409087359905243 1.1926623582839966 3.550920009613037 
v -0.08463716506958008 1.1931917667388916 3.552269220352173 
v -0.08405668288469315 1.1707022190093994 3.5608561038970947 
v -0.08460190147161484 1.1713892221450806 3.5620830059051514 
v -0.08407630026340485 1.1498157978057861 3.5752086639404297 
v -0.08468066900968552 1.1507890224456787 3.57631254196167 
v -0.08401965349912643 1.1311626434326172 3.5948357582092285 
v -0.08462295681238174 1.1322933435440063 3.5956945419311523 
v -0.0840599313378334 1.1162314414978027 3.620596408843994 
v -0.08466216921806335 1.1175196170806885 3.6212098598480225 
v -0.08406706899404526 1.1061818599700928 3.653594732284546 
v -0.08460801094770432 1.1074987649917603 3.6538400650024414 
v -0.08403250575065613 1.1022738218307495 3.694566488265991 
v -0.08463367074728012 1.1037193536758423 3.694443941116333 
v -0.08466930687427521 1.1074700355529785 3.7350475788116455 
v -0.0852704718708992 1.1089156866073608 3.7345569133758545 
v -0.08676573634147644 1.122658133506775 3.7666964530944824 
v -0.08730774372816086 1.1238174438476562 3.7658376693725586 
v -0.09045612066984177 1.1460483074188232 3.790494441986084 
v -0.0909389778971672 1.1469213962554932 3.7893903255462646 
v -0.09593398869037628 1.1761374473571777 3.8076682090759277 
v -0.09641898423433304 1.1766955852508545 3.806318759918213 
v -0.1034541130065918 1.2113938331604004 3.819199323654175 
v -0.10387995094060898 1.2116656303405762 3.81784987449646 
v -0.11321107298135757 1.2501565217971802 3.8263139724731445 
v -0.11357669532299042 1.2502995729446411 3.8248419761657715 
v -0.1252768486738205 1.2908223867416382 3.8301167488098145 
v -0.1256435364484787 1.290807843208313 3.8286447525024414 
v -0.14008906483650208 1.3319308757781982 3.8315887451171875 
v -0.14033423364162445 1.3318161964416504 3.8301167488098145 
v -0.15753793716430664 1.3716496229171753 3.8319568634033203 
v -0.15778310596942902 1.371535062789917 3.8304848670959473 
v -0.0846608579158783 1.4416674375534058 3.536567449569702 
v -0.08405005931854248 1.4416390657424927 3.537916898727417 
v -0.08461146056652069 1.2509695291519165 3.536567449569702 
v -0.08406089246273041 1.2510699033737183 3.537916898727417 
v -0.08460541814565659 1.2338624000549316 3.5390210151672363 
v -0.08405377715826035 1.23412024974823 3.540370225906372 
v -0.08467990905046463 1.2138921022415161 3.5430691242218018 
v -0.0840669795870781 1.2141786813735962 3.5444183349609375 
v -0.08464464545249939 1.192089557647705 3.5495705604553223 
v -0.08409087359905243 1.1926623582839966 3.550920009613037 
v -0.08461152017116547 1.1699719429016113 3.559629440307617 
v -0.08405668288469315 1.1707022190093994 3.5608561038970947 
v -0.08463220298290253 1.1489280462265015 3.5741045475006104 
v -0.08407630026340485 1.1498157978057861 3.5752086639404297 
v -0.08463792502880096 1.1300886869430542 3.593977212905884 
v -0.08401965349912643 1.1311626434326172 3.5948357582092285 
v -0.08461905270814896 1.1148712635040283 3.620105743408203 
v -0.0840599313378334 1.1162314414978027 3.620596408843994 
v -0.08462724834680557 1.1046642065048218 3.653226613998413 
v -0.08406706899404526 1.1061818599700928 3.653594732284546 
v -0.08465292304754257 1.1008849143981934 3.694566488265991 
v -0.08403250575065613 1.1022738218307495 3.694566488265991 
v -0.08528972417116165 1.106081247329712 3.7354156970977783 
v -0.08466930687427521 1.1074700355529785 3.7350475788116455 
v -0.08738507330417633 1.1214267015457153 3.767432451248169 
v -0.08676573634147644 1.122658133506775 3.7666964530944824 
v -0.09113462269306183 1.1451032161712646 3.7915985584259033 
v -0.09045612066984177 1.1460483074188232 3.790494441986084 
v -0.09667164087295532 1.1754786968231201 3.8088948726654053 
v -0.09593398869037628 1.1761374473571777 3.8076682090759277 
v -0.10419069975614548 1.2108924388885498 3.8205485343933105 
v -0.1034541130065918 1.2113938331604004 3.819199323654175 
v -0.11400788277387619 1.249783992767334 3.8276634216308594 
v -0.11321107298135757 1.2501565217971802 3.8263139724731445 
v -0.12613388895988464 1.2905786037445068 3.831343412399292 
v -0.1252768486738205 1.2908223867416382 3.8301167488098145 
v -0.1408245712518692 1.3315869569778442 3.832815647125244 
v -0.14008906483650208 1.3319308757781982 3.8315887451171875 
v -0.15833474695682526 1.371277093887329 3.833306312561035 
v -0.15753793716430664 1.3716496229171753 3.8319568634033203 
v -0.08606632053852081 1.4416382312774658 3.535954236984253 
v -0.0846608579158783 1.4416674375534058 3.536567449569702 
v -0.08601692318916321 1.2509403228759766 3.535954236984253 
v -0.08461146056652069 1.2509695291519165 3.536567449569702 
v -0.08607217669487 1.2338045835494995 3.538407564163208 
v -0.08460541814565659 1.2338624000549316 3.5390210151672363 
v -0.08602514863014221 1.2137341499328613 3.5424556732177734 
v -0.08467990905046463 1.2138921022415161 3.5430691242218018 
v -0.08605118095874786 1.1919028759002686 3.5490798950195312 
v -0.08464464545249939 1.192089557647705 3.5495705604553223 
v -0.08607935160398483 1.1697566509246826 3.559138774871826 
v -0.08461152017116547 1.1699719429016113 3.559629440307617 
v -0.08610110729932785 1.1485552787780762 3.5737366676330566 
v -0.08463220298290253 1.1489280462265015 3.5741045475006104 
v -0.08604659140110016 1.1295870542526245 3.593609094619751 
v -0.08463792502880096 1.1300886869430542 3.593977212905884 
v -0.08602771908044815 1.1143696308135986 3.6198604106903076 
v -0.08461905270814896 1.1148712635040283 3.620105743408203 
v -0.08603592962026596 1.1041626930236816 3.653226613998413 
v -0.08462724834680557 1.1046642065048218 3.653226613998413 
v -0.08600136637687683 1.1002545356750488 3.694566488265991 
v -0.08465292304754257 1.1008849143981934 3.694566488265991 
v -0.08669838309288025 1.1055796146392822 3.7355382442474365 
v -0.08528972417116165 1.106081247329712 3.7354156970977783 
v -0.08879374712705612 1.1209250688552856 3.7676777839660645 
v -0.08738507330417633 1.1214267015457153 3.767432451248169 
v -0.09260351955890656 1.1447304487228394 3.791843891143799 
v -0.09113462269306183 1.1451032161712646 3.7915985584259033 
v -0.09814053773880005 1.1751059293746948 3.809140205383301 
v -0.09667164087295532 1.1754786968231201 3.8088948726654053 
v -0.1056595891714096 1.2105196714401245 3.820793867111206 
v -0.10419069975614548 1.2108924388885498 3.8205485343933105 
v -0.11547677963972092 1.2494112253189087 3.827908754348755 
v -0.11400788277387619 1.249783992767334 3.8276634216308594 
v -0.12754255533218384 1.2900769710540771 3.831711530685425 
v -0.12613388895988464 1.2905786037445068 3.831343412399292 
v -0.14229454100131989 1.3310567140579224 3.833183526992798 
v -0.1408245712518692 1.3315869569778442 3.832815647125244 
v -0.15968318283557892 1.3706467151641846 3.8335516452789307 
v -0.15833474695682526 1.371277093887329 3.833306312561035 
v -0.08808257430791855 1.4416375160217285 3.537916898727417 
v -0.08747178316116333 1.4416090250015259 3.53938889503479 
v -0.08747178316116333 1.4416090250015259 3.536567449569702 
v -0.08606632053852081 1.4416382312774658 3.5400023460388184 
v -0.0846608579158783 1.4416674375534058 3.53938889503479 
v -0.08405005931854248 1.4416390657424927 3.537916898727417 
v -0.0846608579158783 1.4416674375534058 3.536567449569702 
v -0.08606632053852081 1.4416382312774658 3.535954236984253 
v -0.16090798377990723 1.370231032371521 3.832692861557007 
v -0.1611531525850296 1.3701164722442627 3.831220865249634 
v -0.15968318283557892 1.3706467151641846 3.8335516452789307 
v -0.160356342792511 1.3704890012741089 3.829871416091919 
v -0.15753793716430664 1.3716496229171753 3.8319568634033203 
v -0.15778310596942902 1.371535062789917 3.8304848670959473 
v -0.15900789201259613 1.3711193799972534 3.8296260833740234 
v -0.15833474695682526 1.371277093887329 3.833306312561035 
v -0.1618821769952774 1.3735936880111694 3.7891323566436768 
v -0.1743043214082718 1.3977677822113037 3.7893776893615723 
v -0.1628015637397766 1.3731639385223389 3.7893776893615723 
v -0.1752237230539322 1.3973380327224731 3.7891323566436768 
v -0.1733849197626114 1.3981976509094238 3.7891323566436768 
v -0.1610853672027588 1.3739662170410156 3.7885189056396484 
v -0.17258810997009277 1.39857017993927 3.7885189056396484 
v -0.16059501469135284 1.3741954565048218 3.7876601219177246 
v -0.17209777235984802 1.3987994194030762 3.7876601219177246 
v -0.16041113436222076 1.3742815256118774 3.7866787910461426 
v -0.17191389203071594 1.3988853693008423 3.7866787910461426 
v -0.16059501469135284 1.3741954565048218 3.7856974601745605 
v -0.17209777235984802 1.3987994194030762 3.7856974601745605 
v -0.1610853672027588 1.3739662170410156 3.784838914871216 
v -0.17258810997009277 1.39857017993927 3.7848386764526367 
v -0.1618821769952774 1.3735936880111694 3.7842254638671875 
v -0.1733849197626114 1.3981976509094238 3.7842254638671875 
v -0.1628015637397766 1.3731639385223389 3.783980131149292 
v -0.1743043214082718 1.3977677822113037 3.783980131149292 
v -0.163720965385437 1.3727340698242188 3.7842254638671875 
v -0.175223708152771 1.3973380327224731 3.7842254638671875 
v -0.16451777517795563 1.3723615407943726 3.784838914871216 
v -0.1760205179452896 1.396965503692627 3.7848386764526367 
v -0.16506941616535187 1.3721036911010742 3.7856974601745605 
v -0.17657215893268585 1.396707534790039 3.7856974601745605 
v -0.16525328159332275 1.372017741203308 3.7866787910461426 
v -0.17675603926181793 1.396621584892273 3.7866787910461426 
v -0.16506941616535187 1.3721036911010742 3.7876601219177246 
v -0.17657215893268585 1.396707534790039 3.7876601219177246 
v -0.16451777517795563 1.3723615407943726 3.7885189056396484 
v -0.1760205328464508 1.396965503692627 3.7885189056396484 
v -0.163720965385437 1.3727340698242188 3.7891323566436768 
v -0.16012071073055267 1.3720626831054688 3.7914628982543945 
v -0.1628015637397766 1.3731639385223389 3.7893776893615723 
v -0.16189821064472198 1.3712316751480103 3.7918310165405273 
v -0.163720965385437 1.3727340698242188 3.7891323566436768 
v -0.1618821769952774 1.3735936880111694 3.7891323566436768 
v -0.15858839452266693 1.3727790117263794 3.7903590202331543 
v -0.1610853672027588 1.3739662170410156 3.7885189056396484 
v -0.15760770440101624 1.3732374906539917 3.7886414527893066 
v -0.16059501469135284 1.3741954565048218 3.7876601219177246 
v -0.15723994374275208 1.3734095096588135 3.7866787910461426 
v -0.16041113436222076 1.3742815256118774 3.7866787910461426 
v -0.15760770440101624 1.3732374906539917 3.7847161293029785 
v -0.16059501469135284 1.3741954565048218 3.7856974601745605 
v -0.15858837962150574 1.3727790117263794 3.78299880027771 
v -0.1610853672027588 1.3739662170410156 3.784838914871216 
v -0.16012071073055267 1.3720626831054688 3.7818946838378906 
v -0.1618821769952774 1.3735936880111694 3.7842254638671875 
v -0.16189821064472198 1.3712316751480103 3.781526803970337 
v -0.1628015637397766 1.3731639385223389 3.783980131149292 
v -0.1636757105588913 1.3704006671905518 3.7818946838378906 
v -0.163720965385437 1.3727340698242188 3.7842254638671875 
v -0.16520802676677704 1.3696842193603516 3.78299880027771 
v -0.16451777517795563 1.3723615407943726 3.784838914871216 
v -0.16625002026557922 1.369197130203247 3.7847161293029785 
v -0.16506941616535187 1.3721036911010742 3.7856974601745605 
v -0.1665564775466919 1.369053840637207 3.7866787910461426 
v -0.16525328159332275 1.372017741203308 3.7866787910461426 
v -0.16625002026557922 1.369197130203247 3.7886414527893066 
v -0.16506941616535187 1.3721036911010742 3.7876601219177246 
v -0.16520802676677704 1.3696842193603516 3.7903590202331543 
v -0.16451777517795563 1.3723615407943726 3.7885189056396484 
v -0.1636757105588913 1.3704006671905518 3.7914628982543945 
v -0.1584344506263733 1.3684557676315308 3.7914628982543945 
v -0.16189821064472198 1.3712316751480103 3.7918310165405273 
v -0.1602119505405426 1.3676247596740723 3.7918310165405273 
v -0.1636757105588913 1.3704006671905518 3.7914628982543945 
v -0.16012071073055267 1.3720626831054688 3.7914628982543945 
v -0.15690211951732635 1.369172215461731 3.7903590202331543 
v -0.15858839452266693 1.3727790117263794 3.7903590202331543 
v -0.15592142939567566 1.3696306943893433 3.7886414527893066 
v -0.15760770440101624 1.3732374906539917 3.7886414527893066 
v -0.1555536687374115 1.3698025941848755 3.7866787910461426 
v -0.15723994374275208 1.3734095096588135 3.7866787910461426 
v -0.15592142939567566 1.3696306943893433 3.7847161293029785 
v -0.15760770440101624 1.3732374906539917 3.7847161293029785 
v -0.15690211951732635 1.369172215461731 3.78299880027771 
v -0.15858837962150574 1.3727790117263794 3.78299880027771 
v -0.1584344506263733 1.3684557676315308 3.7818946838378906 
v -0.16012071073055267 1.3720626831054688 3.7818946838378906 
v -0.1602119356393814 1.3676247596740723 3.781526803970337 
v -0.16189821064472198 1.3712316751480103 3.781526803970337 
v -0.16198943555355072 1.3667937517166138 3.7818946838378906 
v -0.1636757105588913 1.3704006671905518 3.7818946838378906 
v -0.16352176666259766 1.3660774230957031 3.78299880027771 
v -0.16520802676677704 1.3696842193603516 3.78299880027771 
v -0.16456374526023865 1.365590214729309 3.7847161293029785 
v -0.16625002026557922 1.369197130203247 3.7847161293029785 
v -0.1648702174425125 1.365446925163269 3.7866787910461426 
v -0.1665564775466919 1.369053840637207 3.7866787910461426 
v -0.16456374526023865 1.365590214729309 3.7886414527893066 
v -0.16625002026557922 1.369197130203247 3.7886414527893066 
v -0.16352176666259766 1.3660774230957031 3.7903590202331543 
v -0.16520802676677704 1.3696842193603516 3.7903590202331543 
v -0.16198943555355072 1.3667937517166138 3.7914628982543945 
v -0.15558789670467377 1.3647634983062744 3.7939164638519287 
v -0.1602119505405426 1.3676247596740723 3.7918310165405273 
v -0.15828478336334229 1.3635026216506958 3.794529676437378 
v -0.16198943555355072 1.3667937517166138 3.7914628982543945 
v -0.1584344506263733 1.3684557676315308 3.7914628982543945 
v -0.15325875580310822 1.3658524751663208 3.792198896408081 
v -0.15690211951732635 1.369172215461731 3.7903590202331543 
v -0.15172642469406128 1.3665688037872314 3.789745569229126 
v -0.15592142939567566 1.3696306943893433 3.7886414527893066 
v -0.15117478370666504 1.3668267726898193 3.7866787910461426 
v -0.1555536687374115 1.3698025941848755 3.7866787910461426 
v -0.15172642469406128 1.3665688037872314 3.7837347984313965 
v -0.15592142939567566 1.3696306943893433 3.7847161293029785 
v -0.15325875580310822 1.3658524751663208 3.781158685684204 
v -0.15690211951732635 1.369172215461731 3.78299880027771 
v -0.15558788180351257 1.3647634983062744 3.7794413566589355 
v -0.1584344506263733 1.3684557676315308 3.7818946838378906 
v -0.15828478336334229 1.3635026216506958 3.7788279056549072 
v -0.1602119356393814 1.3676247596740723 3.781526803970337 
v -0.1610429584980011 1.362213134765625 3.7794413566589355 
v -0.16198943555355072 1.3667937517166138 3.7818946838378906 
v -0.16331081092357635 1.3611528873443604 3.781158685684204 
v -0.16352176666259766 1.3660774230957031 3.78299880027771 
v -0.1648431271314621 1.3604365587234497 3.7837347984313965 
v -0.16456374526023865 1.365590214729309 3.7847161293029785 
v -0.16539476811885834 1.3601785898208618 3.7866787910461426 
v -0.1648702174425125 1.365446925163269 3.7866787910461426 
v -0.1648431271314621 1.3604365587234497 3.789745569229126 
v -0.16456374526023865 1.365590214729309 3.7886414527893066 
v -0.16331081092357635 1.3611528873443604 3.792198896408081 
v -0.16352176666259766 1.3660774230957031 3.7903590202331543 
v -0.1610429733991623 1.362213134765625 3.7939164638519287 
v -0.15571154654026031 1.364548683166504 3.793548345565796 
v -0.15828478336334229 1.3635026216506958 3.794529676437378 
v -0.15822455286979675 1.363373875617981 3.794039011001587 
v -0.1610429733991623 1.362213134765625 3.7939164638519287 
v -0.15558789670467377 1.3647634983062744 3.7939164638519287 
v -0.15350499749183655 1.3655803203582764 3.7919535636901855 
v -0.15325875580310822 1.3658524751663208 3.792198896408081 
v -0.1520952582359314 1.3662394285202026 3.7895002365112305 
v -0.15172642469406128 1.3665688037872314 3.789745569229126 
v -0.15154361724853516 1.366497278213501 3.7866787910461426 
v -0.15117478370666504 1.3668267726898193 3.7866787910461426 
v -0.1520952582359314 1.3662394285202026 3.7838573455810547 
v -0.15172642469406128 1.3665688037872314 3.7837347984313965 
v -0.15350499749183655 1.3655803203582764 3.781526803970337 
v -0.15325875580310822 1.3658524751663208 3.781158685684204 
v -0.15571154654026031 1.364548683166504 3.7799320220947266 
v -0.15558788180351257 1.3647634983062744 3.7794413566589355 
v -0.15822455286979675 1.363373875617981 3.7793185710906982 
v -0.15828478336334229 1.3635026216506958 3.7788279056549072 
v -0.16079886257648468 1.3621703386306763 3.7799320220947266 
v -0.1610429584980011 1.362213134765625 3.7794413566589355 
v -0.16294412314891815 1.3611674308776855 3.781526803970337 
v -0.16331081092357635 1.3611528873443604 3.781158685684204 
v -0.1644151508808136 1.3604795932769775 3.7838573455810547 
v -0.1648431271314621 1.3604365587234497 3.7837347984313965 
v -0.16490548849105835 1.3602503538131714 3.7866787910461426 
v -0.16539476811885834 1.3601785898208618 3.7866787910461426 
v -0.1644151508808136 1.360479712486267 3.7895002365112305 
v -0.1648431271314621 1.3604365587234497 3.789745569229126 
v -0.16294412314891815 1.3611674308776855 3.7919535636901855 
v -0.16331081092357635 1.3611528873443604 3.792198896408081 
v -0.16079886257648468 1.3621703386306763 3.793548345565796 
v -0.15342304110527039 1.3596537113189697 3.793548345565796 
v -0.15822455286979675 1.363373875617981 3.794039011001587 
v -0.15593604743480682 1.3584787845611572 3.794039011001587 
v -0.16079886257648468 1.3621703386306763 3.793548345565796 
v -0.15571154654026031 1.364548683166504 3.793548345565796 
v -0.15121649205684662 1.3606853485107422 3.7919535636901855 
v -0.15350499749183655 1.3655803203582764 3.7919535636901855 
v -0.14980675280094147 1.361344337463379 3.7895002365112305 
v -0.1520952582359314 1.3662394285202026 3.7895002365112305 
v -0.14925511181354523 1.3616023063659668 3.7866787910461426 
v -0.15154361724853516 1.366497278213501 3.7866787910461426 
v -0.14980675280094147 1.361344337463379 3.7838573455810547 
v -0.1520952582359314 1.3662394285202026 3.7838573455810547 
v -0.15121649205684662 1.3606853485107422 3.781526803970337 
v -0.15350499749183655 1.3655803203582764 3.781526803970337 
v -0.15342304110527039 1.3596537113189697 3.7799320220947266 
v -0.15571154654026031 1.364548683166504 3.7799320220947266 
v -0.15593604743480682 1.3584787845611572 3.7793185710906982 
v -0.15822455286979675 1.363373875617981 3.7793185710906982 
v -0.15851035714149475 1.3572752475738525 3.7799320220947266 
v -0.16079886257648468 1.3621703386306763 3.7799320220947266 
v -0.16065561771392822 1.3562723398208618 3.781526803970337 
v -0.16294412314891815 1.3611674308776855 3.781526803970337 
v -0.16212664544582367 1.3555846214294434 3.7838573455810547 
v -0.1644151508808136 1.3604795932769775 3.7838573455810547 
v -0.16261698305606842 1.3553553819656372 3.7866787910461426 
v -0.16490548849105835 1.3602503538131714 3.7866787910461426 
v -0.16212664544582367 1.3555846214294434 3.7895002365112305 
v -0.1644151508808136 1.360479712486267 3.7895002365112305 
v -0.16065561771392822 1.3562723398208618 3.7919535636901855 
v -0.16294412314891815 1.3611674308776855 3.7919535636901855 
v -0.15851035714149475 1.357275366783142 3.793548345565796 
v -0.15268751978874207 1.3599976301193237 3.7953884601593018 
v -0.15593604743480682 1.3584787845611572 3.794039011001587 
v -0.15593604743480682 1.3584787845611572 3.7961244583129883 
v -0.15851035714149475 1.357275366783142 3.793548345565796 
v -0.15342304110527039 1.3596537113189697 3.793548345565796 
v -0.14992932975292206 1.3612871170043945 3.7933030128479004 
v -0.15121649205684662 1.3606853485107422 3.7919535636901855 
v -0.14802925288677216 1.3621753454208374 3.7903590202331543 
v -0.14980675280094147 1.361344337463379 3.7895002365112305 
v -0.14741632342338562 1.3624619245529175 3.7866787910461426 
v -0.14925511181354523 1.3616023063659668 3.7866787910461426 
v -0.14802925288677216 1.3621753454208374 3.783121347427368 
v -0.14980675280094147 1.361344337463379 3.7838573455810547 
v -0.14992932975292206 1.3612871170043945 3.7800545692443848 
v -0.15121649205684662 1.3606853485107422 3.781526803970337 
v -0.15268751978874207 1.3599976301193237 3.7779693603515625 
v -0.15342304110527039 1.3596537113189697 3.7799320220947266 
v -0.15593604743480682 1.3584787845611572 3.777233362197876 
v -0.15593604743480682 1.3584787845611572 3.7793185710906982 
v -0.15924587845802307 1.356931447982788 3.7779693603515625 
v -0.15851035714149475 1.3572752475738525 3.7799320220947266 
v -0.16200405359268188 1.3556419610977173 3.7800545692443848 
v -0.16065561771392822 1.3562723398208618 3.781526803970337 
v -0.1638428419828415 1.354782223701477 3.783121347427368 
v -0.16212664544582367 1.3555846214294434 3.7838573455810547 
v -0.16451707482337952 1.3544670343399048 3.7866787910461426 
v -0.16261698305606842 1.3553553819656372 3.7866787910461426 
v -0.16384285688400269 1.354782223701477 3.7903590202331543 
v -0.16212664544582367 1.3555846214294434 3.7895002365112305 
v -0.16200405359268188 1.3556419610977173 3.7933030128479004 
v -0.16065561771392822 1.3562723398208618 3.7919535636901855 
v -0.15924587845802307 1.356931447982788 3.7953884601593018 
v -0.147929847240448 1.3498210906982422 3.7953884601593018 
v -0.15593604743480682 1.3584787845611572 3.7961244583129883 
v -0.15117837488651276 1.3483023643493652 3.7961244583129883 
v -0.15924587845802307 1.356931447982788 3.7953884601593018 
v -0.15268751978874207 1.3599976301193237 3.7953884601593018 
v -0.145171657204628 1.351110577583313 3.7933030128479004 
v -0.14992932975292206 1.3612871170043945 3.7933030128479004 
v -0.1432715654373169 1.3519989252090454 3.7903590202331543 
v -0.14802925288677216 1.3621753454208374 3.7903590202331543 
v -0.14265863597393036 1.3522855043411255 3.7866787910461426 
v -0.14741632342338562 1.3624619245529175 3.7866787910461426 
v -0.1432715654373169 1.3519989252090454 3.783121347427368 
v -0.14802925288677216 1.3621753454208374 3.783121347427368 
v -0.1451716423034668 1.351110577583313 3.7800545692443848 
v -0.14992932975292206 1.3612871170043945 3.7800545692443848 
v -0.1479298323392868 1.3498210906982422 3.7779693603515625 
v -0.15268751978874207 1.3599976301193237 3.7779693603515625 
v -0.15117835998535156 1.3483023643493652 3.777233362197876 
v -0.15593604743480682 1.3584787845611572 3.777233362197876 
v -0.1544881910085678 1.3467549085617065 3.7779693603515625 
v -0.15924587845802307 1.356931447982788 3.7779693603515625 
v -0.15724638104438782 1.3454654216766357 3.7800545692443848 
v -0.16200405359268188 1.3556419610977173 3.7800545692443848 
v -0.15908516943454742 1.344605803489685 3.783121347427368 
v -0.1638428419828415 1.354782223701477 3.783121347427368 
v -0.15975938737392426 1.3442906141281128 3.7866787910461426 
v -0.16451707482337952 1.3544670343399048 3.7866787910461426 
v -0.15908516943454742 1.344605803489685 3.7903590202331543 
v -0.16384285688400269 1.354782223701477 3.7903590202331543 
v -0.15724638104438782 1.3454654216766357 3.7933030128479004 
v -0.16200405359268188 1.3556419610977173 3.7933030128479004 
v -0.1544881910085678 1.3467549085617065 3.7953884601593018 
v -0.14776520431041718 1.3470726013183594 3.7929351329803467 
v -0.15117837488651276 1.3483023643493652 3.7961244583129883 
v -0.15009434521198273 1.345983624458313 3.7934257984161377 
v -0.1544881910085678 1.3467549085617065 3.7953884601593018 
v -0.147929847240448 1.3498210906982422 3.7953884601593018 
v -0.14580382406711578 1.347989559173584 3.7914628982543945 
v -0.145171657204628 1.351110577583313 3.7933030128479004 
v -0.14445538818836212 1.3486199378967285 3.789254903793335 
v -0.1432715654373169 1.3519989252090454 3.7903590202331543 
v -0.14396503567695618 1.3488491773605347 3.7866787910461426 
v -0.14265863597393036 1.3522855043411255 3.7866787910461426 
v -0.14445537328720093 1.3486199378967285 3.78410267829895 
v -0.1432715654373169 1.3519989252090454 3.783121347427368 
v -0.14580382406711578 1.347989559173584 3.7818946838378906 
v -0.1451716423034668 1.351110577583313 3.7800545692443848 
v -0.14776520431041718 1.3470726013183594 3.7804226875305176 
v -0.1479298323392868 1.3498210906982422 3.7779693603515625 
v -0.15009433031082153 1.345983624458313 3.7799320220947266 
v -0.15117835998535156 1.3483023643493652 3.777233362197876 
v -0.15248475968837738 1.3448660373687744 3.7804226875305176 
v -0.1544881910085678 1.3467549085617065 3.7779693603515625 
v -0.15444613993167877 1.3439490795135498 3.7818946838378906 
v -0.15724638104438782 1.3454654216766357 3.7800545692443848 
v -0.15579459071159363 1.3433187007904053 3.78410267829895 
v -0.15908516943454742 1.344605803489685 3.783121347427368 
v -0.15622363984584808 1.3431180715560913 3.7866787910461426 
v -0.15975938737392426 1.3442906141281128 3.7866787910461426 
v -0.15579459071159363 1.3433187007904053 3.789254903793335 
v -0.15908516943454742 1.344605803489685 3.7903590202331543 
v -0.15444613993167877 1.3439490795135498 3.7914628982543945 
v -0.15724638104438782 1.3454654216766357 3.7933030128479004 
v -0.15248477458953857 1.3448660373687744 3.7929351329803467 
v -0.1681390404701233 1.3879355192184448 3.7881507873535156 
v -0.16770999133586884 1.3881360292434692 3.7875375747680664 
v -0.16875196993350983 1.3876489400863647 3.7886414527893066 
v -0.16758739948272705 1.3881933689117432 3.7866787910461426 
v -0.16770999133586884 1.3881360292434692 3.785942792892456 
v -0.1681390404701233 1.3879355192184448 3.7852067947387695 
v -0.16875196993350983 1.3876489400863647 3.7848386764526367 
v -0.16942618787288666 1.3873337507247925 3.784593343734741 
v -0.17016170918941498 1.3869898319244385 3.7848386764526367 
v -0.1707746386528015 1.3867032527923584 3.7852067947387695 
v -0.17114239931106567 1.3865313529968262 3.785942792892456 
v -0.17132627964019775 1.38644540309906 3.7866787910461426 
v -0.17114239931106567 1.3865313529968262 3.7875375747680664 
v -0.1707746386528015 1.3867032527923584 3.7881507873535156 
v -0.17016170918941498 1.3869898319244385 3.7886414527893066 
v -0.16942618787288666 1.3873337507247925 3.788764238357544 
v -0.15248477458953857 1.3448660373687744 3.7929351329803467 
v -0.15009434521198273 1.345983624458313 3.7934257984161377 
v -0.15444613993167877 1.3439490795135498 3.7914628982543945 
v -0.15579459071159363 1.3433187007904053 3.789254903793335 
v -0.15622363984584808 1.3431180715560913 3.7866787910461426 
v -0.15579459071159363 1.3433187007904053 3.78410267829895 
v -0.15444613993167877 1.3439490795135498 3.7818946838378906 
v -0.15248475968837738 1.3448660373687744 3.7804226875305176 
v -0.15009433031082153 1.345983624458313 3.7799320220947266 
v -0.14776520431041718 1.3470726013183594 3.7804226875305176 
v -0.14580382406711578 1.347989559173584 3.7818946838378906 
v -0.14445537328720093 1.3486199378967285 3.78410267829895 
v -0.14396503567695618 1.3488491773605347 3.7866787910461426 
v -0.14445538818836212 1.3486199378967285 3.789254903793335 
v -0.14580382406711578 1.347989559173584 3.7914628982543945 
v -0.14776520431041718 1.3470726013183594 3.7929351329803467 
v -0.1743043214082718 1.3977677822113037 3.7893776893615723 
v -0.17363010346889496 1.3980830907821655 3.7886414527893066 
v -0.1733849197626114 1.3981976509094238 3.7891323566436768 
v -0.17301717400550842 1.398369550704956 3.7881507873535156 
v -0.1743043214082718 1.3977677822113037 3.788764238357544 
v -0.1752237230539322 1.3973380327224731 3.7891323566436768 
v -0.1750398427248001 1.3974239826202393 3.7886414527893066 
v -0.1760205328464508 1.396965503692627 3.7885189056396484 
v -0.17565277218818665 1.3971374034881592 3.7881507873535156 
v -0.17657215893268585 1.396707534790039 3.7876601219177246 
v -0.1760205179452896 1.396965503692627 3.7875375747680664 
v -0.17675603926181793 1.396621584892273 3.7866787910461426 
v -0.1762043982744217 1.3968795537948608 3.7866787910461426 
v -0.17657215893268585 1.396707534790039 3.7856974601745605 
v -0.1760205179452896 1.396965503692627 3.785942792892456 
v -0.1760205179452896 1.396965503692627 3.7848386764526367 
v -0.17565277218818665 1.3971374034881592 3.7852067947387695 
v -0.175223708152771 1.3973380327224731 3.7842254638671875 
v -0.1750398427248001 1.3974239826202393 3.7848386764526367 
v -0.1743043214082718 1.3977677822113037 3.783980131149292 
v -0.1743043214082718 1.3977677822113037 3.784593343734741 
v -0.1733849197626114 1.3981976509094238 3.7842254638671875 
v -0.17363010346889496 1.3980830907821655 3.7848386764526367 
v -0.17258810997009277 1.39857017993927 3.7848386764526367 
v -0.17301717400550842 1.398369550704956 3.7852067947387695 
v -0.17209777235984802 1.3987994194030762 3.7856974601745605 
v -0.17258810997009277 1.39857017993927 3.785942792892456 
v -0.17191389203071594 1.3988853693008423 3.7866787910461426 
v -0.17246553301811218 1.398627519607544 3.7866787910461426 
v -0.17209777235984802 1.3987994194030762 3.7876601219177246 
v -0.17258810997009277 1.39857017993927 3.7875375747680664 
v -0.17258810997009277 1.39857017993927 3.7885189056396484 
v -0.1743043214082718 1.3977677822113037 3.788764238357544 
v -0.16875196993350983 1.3876489400863647 3.7886414527893066 
v -0.17363010346889496 1.3980830907821655 3.7886414527893066 
v -0.1681390404701233 1.3879355192184448 3.7881507873535156 
v -0.16942618787288666 1.3873337507247925 3.788764238357544 
v -0.1750398427248001 1.3974239826202393 3.7886414527893066 
v -0.17016170918941498 1.3869898319244385 3.7886414527893066 
v -0.17565277218818665 1.3971374034881592 3.7881507873535156 
v -0.1707746386528015 1.3867032527923584 3.7881507873535156 
v -0.1760205179452896 1.396965503692627 3.7875375747680664 
v -0.17114239931106567 1.3865313529968262 3.7875375747680664 
v -0.1762043982744217 1.3968795537948608 3.7866787910461426 
v -0.17132627964019775 1.38644540309906 3.7866787910461426 
v -0.1760205179452896 1.396965503692627 3.785942792892456 
v -0.17114239931106567 1.3865313529968262 3.785942792892456 
v -0.17565277218818665 1.3971374034881592 3.7852067947387695 
v -0.1707746386528015 1.3867032527923584 3.7852067947387695 
v -0.1750398427248001 1.3974239826202393 3.7848386764526367 
v -0.17016170918941498 1.3869898319244385 3.7848386764526367 
v -0.1743043214082718 1.3977677822113037 3.784593343734741 
v -0.16942618787288666 1.3873337507247925 3.784593343734741 
v -0.17363010346889496 1.3980830907821655 3.7848386764526367 
v -0.16875196993350983 1.3876489400863647 3.7848386764526367 
v -0.17301717400550842 1.398369550704956 3.7852067947387695 
v -0.1681390404701233 1.3879355192184448 3.7852067947387695 
v -0.17258810997009277 1.39857017993927 3.785942792892456 
v -0.16770999133586884 1.3881360292434692 3.785942792892456 
v -0.17246553301811218 1.398627519607544 3.7866787910461426 
v -0.16758739948272705 1.3881933689117432 3.7866787910461426 
v -0.17258810997009277 1.39857017993927 3.7875375747680664 
v -0.16770999133586884 1.3881360292434692 3.7875375747680664 
v -0.17301717400550842 1.398369550704956 3.7881507873535156 
v -0.17133302986621857 1.3944478034973145 3.781036138534546 
v -0.17301930487155914 1.398054599761963 3.781036138534546 
v -0.17249760031700134 1.393903374671936 3.780668020248413 
v -0.17418387532234192 1.3975101709365845 3.780668020248413 
v -0.17079101502895355 1.393288493156433 3.7823853492736816 
v -0.17133302986621857 1.3944478034973145 3.781036138534546 
v -0.17195558547973633 1.3927439451217651 3.7817721366882324 
v -0.17249760031700134 1.393903374671936 3.780668020248413 
v -0.17366217076778412 1.393358826637268 3.781036138534546 
v -0.1731201559305191 1.3921995162963867 3.7823853492736816 
v -0.1669366955757141 1.3850442171096802 3.7823853492736816 
v -0.1681012660264969 1.3844997882843018 3.7817721366882324 
v -0.17079101502895355 1.393288493156433 3.7823853492736816 
v -0.17195558547973633 1.3927439451217651 3.7817721366882324 
v -0.16633445024490356 1.3837560415267944 3.780177354812622 
v -0.16749902069568634 1.383211612701416 3.7798092365264893 
v -0.1669366955757141 1.3850442171096802 3.7823853492736816 
v -0.1681012660264969 1.3844997882843018 3.7817721366882324 
v -0.16926583647727966 1.3839552402496338 3.7823853492736816 
v -0.16866359114646912 1.3826671838760376 3.780177354812622 
v -0.1573008894920349 1.3644335269927979 3.780177354812622 
v -0.1584654450416565 1.3638890981674194 3.7798092365264893 
v -0.16633445024490356 1.3837560415267944 3.780177354812622 
v -0.16749902069568634 1.383211612701416 3.7798092365264893 
v -0.1573008894920349 1.3644335269927979 3.785329580307007 
v -0.15840522944927216 1.3637603521347046 3.7843480110168457 
v -0.1573008894920349 1.3644335269927979 3.780177354812622 
v -0.15963001549243927 1.363344669342041 3.780177354812622 
v -0.1584654450416565 1.3638890981674194 3.7798092365264893 
v -0.15963001549243927 1.363344669342041 3.785329580307007 
v -0.17301930487155914 1.398054599761963 3.784961462020874 
v -0.17418387532234192 1.3975101709365845 3.7843480110168457 
v -0.1573008894920349 1.3644335269927979 3.785329580307007 
v -0.15840522944927216 1.3637603521347046 3.7843480110168457 
v -0.16223923861980438 1.374996542930603 3.7828760147094727 
v -0.16456837952136993 1.3739075660705566 3.7828760147094727 
v -0.1657322198152542 1.3824678659439087 3.7828760147094727 
v -0.16806136071681976 1.3813790082931519 3.7828760147094727 
v -0.16223923861980438 1.374996542930603 3.7804226875305176 
v -0.16456836462020874 1.3739075660705566 3.7804226875305176 
v -0.16223923861980438 1.374996542930603 3.7828760147094727 
v -0.16456837952136993 1.3739075660705566 3.7828760147094727 
v -0.1657322198152542 1.3824678659439087 3.7804226875305176 
v -0.16806136071681976 1.3813790082931519 3.7804226875305176 
v -0.16223923861980438 1.374996542930603 3.7804226875305176 
v -0.16456836462020874 1.3739075660705566 3.7804226875305176 
v -0.1657322198152542 1.3824678659439087 3.7828760147094727 
v -0.16806136071681976 1.3813790082931519 3.7828760147094727 
v -0.1657322198152542 1.3824678659439087 3.7804226875305176 
v -0.16806136071681976 1.3813790082931519 3.7804226875305176 
v -0.1585053652524948 1.3670098781585693 3.7828760147094727 
v -0.16083449125289917 1.3659210205078125 3.7828760147094727 
v -0.1613961011171341 1.3731931447982788 3.7828760147094727 
v -0.16372524201869965 1.3721041679382324 3.7828760147094727 
v -0.1585053652524948 1.3670098781585693 3.7804226875305176 
v -0.16083449125289917 1.3659210205078125 3.7804226875305176 
v -0.1585053652524948 1.3670098781585693 3.7828760147094727 
v -0.16083449125289917 1.3659210205078125 3.7828760147094727 
v -0.1613961011171341 1.3731931447982788 3.7804226875305176 
v -0.16372524201869965 1.3721041679382324 3.7804226875305176 
v -0.1585053652524948 1.3670098781585693 3.7804226875305176 
v -0.16083449125289917 1.3659210205078125 3.7804226875305176 
v -0.1613961011171341 1.3731931447982788 3.7828760147094727 
v -0.16372524201869965 1.3721041679382324 3.7828760147094727 
v -0.1613961011171341 1.3731931447982788 3.7804226875305176 
v -0.16372524201869965 1.3721041679382324 3.7804226875305176 
v -0.1613961011171341 1.3731931447982788 3.7804226875305176 
v -0.1585053652524948 1.3670098781585693 3.7804226875305176 
v -0.1613961011171341 1.3731931447982788 3.7828760147094727 
v -0.1585053652524948 1.3670098781585693 3.7828760147094727 
v -0.16223923861980438 1.374996542930603 3.7804226875305176 
v -0.16223923861980438 1.374996542930603 3.7828760147094727 
v -0.1657322198152542 1.3824678659439087 3.7804226875305176 
v -0.1573008894920349 1.3644335269927979 3.780177354812622 
v -0.1573008894920349 1.3644335269927979 3.785329580307007 
v -0.17301930487155914 1.398054599761963 3.784961462020874 
v -0.1657322198152542 1.3824678659439087 3.7828760147094727 
v -0.17301930487155914 1.398054599761963 3.781036138534546 
v -0.16633445024490356 1.3837560415267944 3.780177354812622 
v -0.17079101502895355 1.393288493156433 3.7823853492736816 
v -0.1669366955757141 1.3850442171096802 3.7823853492736816 
v -0.17133302986621857 1.3944478034973145 3.781036138534546 
v -0.1753484308719635 1.396965742111206 3.781036138534546 
v -0.1753484457731247 1.396965742111206 3.784961462020874 
v -0.17366217076778412 1.393358826637268 3.781036138534546 
v -0.16806136071681976 1.3813790082931519 3.7828760147094727 
v -0.15963001549243927 1.363344669342041 3.780177354812622 
v -0.16372524201869965 1.3721041679382324 3.7828760147094727 
v -0.15963001549243927 1.363344669342041 3.785329580307007 
v -0.16083449125289917 1.3659210205078125 3.7804226875305176 
v -0.16083449125289917 1.3659210205078125 3.7828760147094727 
v -0.16866359114646912 1.3826671838760376 3.780177354812622 
v -0.16926583647727966 1.3839552402496338 3.7823853492736816 
v -0.1731201559305191 1.3921995162963867 3.7823853492736816 
v -0.16372524201869965 1.3721041679382324 3.7804226875305176 
v -0.16806136071681976 1.3813790082931519 3.7804226875305176 
v -0.16456836462020874 1.3739075660705566 3.7804226875305176 
v -0.16456837952136993 1.3739075660705566 3.7828760147094727 
v -0.17366217076778412 1.393358826637268 3.781036138534546 
v -0.17249760031700134 1.393903374671936 3.780668020248413 
v -0.1753484308719635 1.396965742111206 3.781036138534546 
v -0.17418387532234192 1.3975101709365845 3.780668020248413 
v -0.16926583647727966 1.3839552402496338 3.7823853492736816 
v -0.1681012660264969 1.3844997882843018 3.7817721366882324 
v -0.1731201559305191 1.3921995162963867 3.7823853492736816 
v -0.17195558547973633 1.3927439451217651 3.7817721366882324 
v -0.15963001549243927 1.363344669342041 3.780177354812622 
v -0.1584654450416565 1.3638890981674194 3.7798092365264893 
v -0.16866359114646912 1.3826671838760376 3.780177354812622 
v -0.16749902069568634 1.383211612701416 3.7798092365264893 
v -0.1753484457731247 1.396965742111206 3.784961462020874 
v -0.17418387532234192 1.3975101709365845 3.7843480110168457 
v -0.15963001549243927 1.363344669342041 3.785329580307007 
v -0.15840522944927216 1.3637603521347046 3.7843480110168457 
v -0.1733546406030655 1.3936595916748047 3.7828760147094727 
v -0.1733546406030655 1.3936595916748047 3.7817721366882324 
v -0.17255783081054688 1.3940321207046509 3.7827534675598145 
v -0.17182230949401855 1.3943760395050049 3.7817721366882324 
v -0.17182230949401855 1.3943760395050049 3.7828760147094727 
v -0.17255783081054688 1.3940321207046509 3.7817721366882324 
v -0.17418387532234192 1.3975101709365845 3.780668020248413 
v -0.17498068511486053 1.3971376419067383 3.7817721366882324 
v -0.1753484308719635 1.396965742111206 3.781036138534546 
v -0.17498068511486053 1.3971376419067383 3.7828760147094727 
v -0.17418387532234192 1.3975101709365845 3.7817721366882324 
v -0.17301930487155914 1.398054599761963 3.781036138534546 
v -0.1734483540058136 1.3978540897369385 3.7817721366882324 
v -0.17301930487155914 1.398054599761963 3.784961462020874 
v -0.1734483540058136 1.3978540897369385 3.7828760147094727 
v -0.17418387532234192 1.3975101709365845 3.7843480110168457 
v -0.17418387532234192 1.3975101709365845 3.7827534675598145 
v -0.1753484457731247 1.396965742111206 3.784961462020874 
v -0.17498068511486053 1.3971376419067383 3.7817721366882324 
v -0.17418387532234192 1.3975101709365845 3.7817721366882324 
v -0.1733546406030655 1.3936595916748047 3.7817721366882324 
v -0.17255783081054688 1.3940321207046509 3.7817721366882324 
v -0.1734483540058136 1.3978540897369385 3.7817721366882324 
v -0.17182230949401855 1.3943760395050049 3.7817721366882324 
v -0.17498068511486053 1.3971376419067383 3.7828760147094727 
v -0.1733546406030655 1.3936595916748047 3.7828760147094727 
v -0.17498068511486053 1.3971376419067383 3.7817721366882324 
v -0.1733546406030655 1.3936595916748047 3.7817721366882324 
v -0.1733546406030655 1.3936595916748047 3.7828760147094727 
v -0.17498068511486053 1.3971376419067383 3.7828760147094727 
v -0.17255783081054688 1.3940321207046509 3.7827534675598145 
v -0.17418387532234192 1.3975101709365845 3.7827534675598145 
v -0.17182230949401855 1.3943760395050049 3.7828760147094727 
v -0.1734483540058136 1.3978540897369385 3.7828760147094727 
v -0.1734483540058136 1.3978540897369385 3.7817721366882324 
v -0.17182230949401855 1.3943760395050049 3.7817721366882324 
v -0.1734483540058136 1.3978540897369385 3.7828760147094727 
v -0.17182230949401855 1.3943760395050049 3.7828760147094727 
v -0.17418387532234192 1.3975101709365845 3.792689561843872 
v -0.17249760031700134 1.393903374671936 3.792689561843872 
v -0.17301930487155914 1.398054599761963 3.7924442291259766 
v -0.17133304476737976 1.3944478034973145 3.7924442291259766 
v -0.17079102993011475 1.393288493156433 3.7909722328186035 
v -0.17133304476737976 1.3944478034973145 3.7924442291259766 
v -0.17195558547973633 1.3927439451217651 3.791585683822632 
v -0.17249760031700134 1.393903374671936 3.792689561843872 
v -0.17366217076778412 1.393358826637268 3.7924442291259766 
v -0.1731201559305191 1.3921995162963867 3.7909722328186035 
v -0.17195558547973633 1.3927439451217651 3.791585683822632 
v -0.17079102993011475 1.393288493156433 3.7909722328186035 
v -0.1681012660264969 1.3844997882843018 3.791585683822632 
v -0.1669366955757141 1.3850442171096802 3.7909722328186035 
v -0.16633446514606476 1.3837560415267944 3.793180465698242 
v -0.16749903559684753 1.383211612701416 3.793548345565796 
v -0.1669366955757141 1.3850442171096802 3.7909722328186035 
v -0.1681012660264969 1.3844997882843018 3.791585683822632 
v -0.16926583647727966 1.3839552402496338 3.7909722328186035 
v -0.16866359114646912 1.3826671838760376 3.793180465698242 
v -0.16749903559684753 1.383211612701416 3.793548345565796 
v -0.16633446514606476 1.3837560415267944 3.793180465698242 
v -0.1584654599428177 1.3638890981674194 3.793548345565796 
v -0.1573008894920349 1.3644335269927979 3.793180465698242 
v -0.1584654599428177 1.3638890981674194 3.793548345565796 
v -0.1573008894920349 1.3644335269927979 3.793180465698242 
v -0.15963001549243927 1.363344669342041 3.793180465698242 
v -0.15840522944927216 1.3637603521347046 3.7890095710754395 
v -0.15963001549243927 1.363344669342041 3.7880282402038574 
v -0.1573008894920349 1.3644335269927979 3.7880282402038574 
v -0.15840522944927216 1.3637603521347046 3.7890095710754395 
v -0.1573008894920349 1.3644335269927979 3.7880282402038574 
v -0.17418387532234192 1.3975101709365845 3.7890095710754395 
v -0.17301930487155914 1.398054599761963 3.7885189056396484 
v -0.16806136071681976 1.3813790082931519 3.79060435295105 
v -0.1657322198152542 1.3824678659439087 3.79060435295105 
v -0.16456837952136993 1.3739075660705566 3.79060435295105 
v -0.16223923861980438 1.374996542930603 3.79060435295105 
v -0.16456837952136993 1.3739075660705566 3.79060435295105 
v -0.16223923861980438 1.374996542930603 3.79060435295105 
v -0.16456837952136993 1.3739075660705566 3.7929351329803467 
v -0.16223923861980438 1.374996542930603 3.7929351329803467 
v -0.16456837952136993 1.3739075660705566 3.7929351329803467 
v -0.16223923861980438 1.374996542930603 3.7929351329803467 
v -0.16806136071681976 1.3813790082931519 3.7929351329803467 
v -0.1657322198152542 1.3824678659439087 3.7929351329803467 
v -0.16806136071681976 1.3813790082931519 3.7929351329803467 
v -0.1657322198152542 1.3824678659439087 3.7929351329803467 
v -0.16806136071681976 1.3813790082931519 3.79060435295105 
v -0.1657322198152542 1.3824678659439087 3.79060435295105 
v -0.16372524201869965 1.3721041679382324 3.79060435295105 
v -0.1613961011171341 1.3731931447982788 3.79060435295105 
v -0.16083449125289917 1.3659210205078125 3.79060435295105 
v -0.1585053652524948 1.3670098781585693 3.79060435295105 
v -0.16083449125289917 1.3659210205078125 3.79060435295105 
v -0.1585053652524948 1.3670098781585693 3.79060435295105 
v -0.16083449125289917 1.3659210205078125 3.7929351329803467 
v -0.1585053652524948 1.3670098781585693 3.7929351329803467 
v -0.16083449125289917 1.3659210205078125 3.7929351329803467 
v -0.1585053652524948 1.3670098781585693 3.7929351329803467 
v -0.16372524201869965 1.3721041679382324 3.7929351329803467 
v -0.1613961011171341 1.3731931447982788 3.7929351329803467 
v -0.16372524201869965 1.3721041679382324 3.7929351329803467 
v -0.1613961011171341 1.3731931447982788 3.7929351329803467 
v -0.16372524201869965 1.3721041679382324 3.79060435295105 
v -0.1613961011171341 1.3731931447982788 3.79060435295105 
v -0.17301930487155914 1.398054599761963 3.7924442291259766 
v -0.17301930487155914 1.398054599761963 3.7885189056396484 
v -0.17133304476737976 1.3944478034973145 3.7924442291259766 
v -0.1657322198152542 1.3824678659439087 3.79060435295105 
v -0.1573008894920349 1.3644335269927979 3.793180465698242 
v -0.1613961011171341 1.3731931447982788 3.79060435295105 
v -0.1573008894920349 1.3644335269927979 3.7880282402038574 
v -0.1585053652524948 1.3670098781585693 3.7929351329803467 
v -0.1585053652524948 1.3670098781585693 3.79060435295105 
v -0.16633446514606476 1.3837560415267944 3.793180465698242 
v -0.1669366955757141 1.3850442171096802 3.7909722328186035 
v -0.17079102993011475 1.393288493156433 3.7909722328186035 
v -0.1613961011171341 1.3731931447982788 3.7929351329803467 
v -0.1657322198152542 1.3824678659439087 3.7929351329803467 
v -0.16223923861980438 1.374996542930603 3.7929351329803467 
v -0.16223923861980438 1.374996542930603 3.79060435295105 
v -0.16372524201869965 1.3721041679382324 3.7929351329803467 
v -0.16372524201869965 1.3721041679382324 3.79060435295105 
v -0.16083449125289917 1.3659210205078125 3.7929351329803467 
v -0.16083449125289917 1.3659210205078125 3.79060435295105 
v -0.16456837952136993 1.3739075660705566 3.7929351329803467 
v -0.16806136071681976 1.3813790082931519 3.7929351329803467 
v -0.16456837952136993 1.3739075660705566 3.79060435295105 
v -0.16806136071681976 1.3813790082931519 3.79060435295105 
v -0.1753484457731247 1.396965742111206 3.7885189056396484 
v -0.1753484457731247 1.396965742111206 3.7924442291259766 
v -0.16866359114646912 1.3826671838760376 3.793180465698242 
v -0.1731201559305191 1.3921995162963867 3.7909722328186035 
v -0.16926583647727966 1.3839552402496338 3.7909722328186035 
v -0.15963001549243927 1.363344669342041 3.7880282402038574 
v -0.15963001549243927 1.363344669342041 3.793180465698242 
v -0.17366217076778412 1.393358826637268 3.7924442291259766 
v -0.17418387532234192 1.3975101709365845 3.792689561843872 
v -0.17249760031700134 1.393903374671936 3.792689561843872 
v -0.1753484457731247 1.396965742111206 3.7924442291259766 
v -0.17366217076778412 1.393358826637268 3.7924442291259766 
v -0.17195558547973633 1.3927439451217651 3.791585683822632 
v -0.1681012660264969 1.3844997882843018 3.791585683822632 
v -0.1731201559305191 1.3921995162963867 3.7909722328186035 
v -0.16926583647727966 1.3839552402496338 3.7909722328186035 
v -0.16749903559684753 1.383211612701416 3.793548345565796 
v -0.1584654599428177 1.3638890981674194 3.793548345565796 
v -0.16866359114646912 1.3826671838760376 3.793180465698242 
v -0.15963001549243927 1.363344669342041 3.793180465698242 
v -0.15840522944927216 1.3637603521347046 3.7890095710754395 
v -0.17418387532234192 1.3975101709365845 3.7890095710754395 
v -0.15963001549243927 1.363344669342041 3.7880282402038574 
v -0.1753484457731247 1.396965742111206 3.7885189056396484 
v -0.17255783081054688 1.3940321207046509 3.79170823097229 
v -0.1733546406030655 1.3936595916748047 3.791585683822632 
v -0.17182230949401855 1.3943760395050049 3.791585683822632 
v -0.17255783081054688 1.3940321207046509 3.79060435295105 
v -0.17182230949401855 1.3943760395050049 3.7904815673828125 
v -0.1733546406030655 1.3936595916748047 3.7904815673828125 
v -0.17498068511486053 1.3971376419067383 3.791585683822632 
v -0.17418387532234192 1.3975101709365845 3.79170823097229 
v -0.17418387532234192 1.3975101709365845 3.792689561843872 
v -0.17301930487155914 1.398054599761963 3.7924442291259766 
v -0.1753484457731247 1.396965742111206 3.7924442291259766 
v -0.17498068511486053 1.3971376419067383 3.7904815673828125 
v -0.1753484457731247 1.396965742111206 3.7885189056396484 
v -0.17418387532234192 1.3975101709365845 3.79060435295105 
v -0.17418387532234192 1.3975101709365845 3.7890095710754395 
v -0.1734483540058136 1.3978540897369385 3.7904815673828125 
v -0.17301930487155914 1.398054599761963 3.7885189056396484 
v -0.1734483540058136 1.3978540897369385 3.791585683822632 
v -0.17498068511486053 1.3971376419067383 3.791585683822632 
v -0.17418387532234192 1.3975101709365845 3.79170823097229 
v -0.1733546406030655 1.3936595916748047 3.791585683822632 
v -0.17255783081054688 1.3940321207046509 3.79170823097229 
v -0.1734483540058136 1.3978540897369385 3.791585683822632 
v -0.17182230949401855 1.3943760395050049 3.791585683822632 
v -0.1733546406030655 1.3936595916748047 3.791585683822632 
v -0.17498068511486053 1.3971376419067383 3.791585683822632 
v -0.1733546406030655 1.3936595916748047 3.7904815673828125 
v -0.17498068511486053 1.3971376419067383 3.7904815673828125 
v -0.1733546406030655 1.3936595916748047 3.7904815673828125 
v -0.17498068511486053 1.3971376419067383 3.7904815673828125 
v -0.17255783081054688 1.3940321207046509 3.79060435295105 
v -0.17418387532234192 1.3975101709365845 3.79060435295105 
v -0.17182230949401855 1.3943760395050049 3.7904815673828125 
v -0.1734483540058136 1.3978540897369385 3.7904815673828125 
v -0.17182230949401855 1.3943760395050049 3.7904815673828125 
v -0.1734483540058136 1.3978540897369385 3.7904815673828125 
v -0.17182230949401855 1.3943760395050049 3.791585683822632 
v -0.1734483540058136 1.3978540897369385 3.791585683822632 
v -0.08749089390039444 1.4416508674621582 3.5456323623657227 
v -0.08744149655103683 1.250952959060669 3.5456323623657227 
v -0.08608543127775192 1.4416800737380981 3.5450189113616943 
v -0.08603603392839432 1.2509821653366089 3.5450189113616943 
v -0.08749140053987503 1.2346045970916748 3.5484538078308105 
v -0.08602678030729294 1.2343474626541138 3.5479631423950195 
v -0.08749283850193024 1.2163951396942139 3.553483247756958 
v -0.08602822571992874 1.2161380052566528 3.5528697967529297 
v -0.08749962598085403 1.19739830493927 3.561088800430298 
v -0.08603501319885254 1.1971412897109985 3.560598134994507 
v -0.08744405210018158 1.1785876750946045 3.571761131286621 
v -0.08610201627016068 1.178273320198059 3.57127046585083 
v -0.08744228631258011 1.1608506441116333 3.5859909057617188 
v -0.08604003489017487 1.1604074239730835 3.585622787475586 
v -0.08748578280210495 1.1454471349716187 3.6042685508728027 
v -0.08602330088615417 1.1448750495910645 3.603900671005249 
v -0.08744765818119049 1.1330641508102417 3.626962661743164 
v -0.0860464796423912 1.1324634552001953 3.6267173290252686 
v -0.08744198083877563 1.1249042749404907 3.6545634269714355 
v -0.08604079484939575 1.1243035793304443 3.6544406414031982 
v -0.08746229857206345 1.1219122409820557 3.68743896484375 
v -0.08606111258268356 1.1213115453720093 3.68743896484375 
v -0.08816361427307129 1.1266075372695923 3.719210386276245 
v -0.08670113235712051 1.126035451889038 3.7194557189941406 
v -0.09021157771348953 1.1399345397949219 3.7434990406036377 
v -0.08886954933404922 1.1396201848983765 3.7439897060394287 
v -0.09391908347606659 1.1608052253723145 3.7611634731292725 
v -0.09263727813959122 1.1606196165084839 3.761899471282959 
v -0.09947962313890457 1.1877162456512451 3.7733078002929688 
v -0.09819675236940384 1.1876882314682007 3.7741665840148926 
v -0.10696304589509964 1.2193794250488281 3.781036138534546 
v -0.10567910224199295 1.2195087671279907 3.7818946838378906 
v -0.11668223887681961 1.2547063827514648 3.785329580307007 
v -0.11545851826667786 1.2549645900726318 3.7861881256103516 
v -0.12876833975315094 1.2923802137374878 3.7871694564819336 
v -0.12754355370998383 1.2927958965301514 3.7880282402038574 
v -0.14347292482852936 1.3313413858413696 3.7876601219177246 
v -0.14224813878536224 1.3317570686340332 3.7885189056396484 
v -0.16086691617965698 1.3701441287994385 3.7876601219177246 
v -0.1597023606300354 1.370688557624817 3.7885189056396484 
v -0.08810168504714966 1.4416793584823608 3.5469815731048584 
v -0.08749089390039444 1.4416508674621582 3.5456323623657227 
v -0.0880512222647667 1.2511388063430786 3.5469818115234375 
v -0.08744149655103683 1.250952959060669 3.5456323623657227 
v -0.088039830327034 1.2348190546035767 3.5498030185699463 
v -0.08749140053987503 1.2346045970916748 3.5484538078308105 
v -0.08804020285606384 1.2167671918869019 3.554832696914673 
v -0.08749283850193024 1.2163951396942139 3.553483247756958 
v -0.08804591745138168 1.1979278326034546 3.5623154640197754 
v -0.08749962598085403 1.19739830493927 3.561088800430298 
v -0.0880495011806488 1.1794034242630005 3.5729877948760986 
v -0.08744405210018158 1.1785876750946045 3.571761131286621 
v -0.08804666250944138 1.1618238687515259 3.586972236633301 
v -0.08744228631258011 1.1608506441116333 3.5859909057617188 
v -0.08808908611536026 1.1465778350830078 3.6050045490264893 
v -0.08748578280210495 1.1454471349716187 3.6042685508728027 
v -0.08804990351200104 1.1343523263931274 3.627453327178955 
v -0.08744765818119049 1.1330641508102417 3.626962661743164 
v -0.08804314583539963 1.126349925994873 3.654808759689331 
v -0.08744198083877563 1.1249042749404907 3.6545634269714355 
v -0.08806347101926804 1.123357892036438 3.68743896484375 
v -0.08746229857206345 1.1219122409820557 3.68743896484375 
v -0.08870455622673035 1.1279243230819702 3.718719720840454 
v -0.08816361427307129 1.1266075372695923 3.719210386276245 
v -0.09075359255075455 1.1410938501358032 3.7425177097320557 
v -0.09021157771348953 1.1399345397949219 3.7434990406036377 
v -0.09440301358699799 1.1615208387374878 3.759936809539795 
v -0.09391908347606659 1.1608052253723145 3.7611634731292725 
v -0.09990439563989639 1.188145637512207 3.771958589553833 
v -0.09947962313890457 1.1877162456512451 3.7733078002929688 
v -0.10732866823673248 1.219522476196289 3.779564142227173 
v -0.10696304589509964 1.2193794250488281 3.781036138534546 
v -0.11698763817548752 1.2547205686569214 3.783857583999634 
v -0.11668223887681961 1.2547063827514648 3.785329580307007 
v -0.12907373905181885 1.2923943996429443 3.7856974601745605 
v -0.12876833975315094 1.2923802137374878 3.7871694564819336 
v -0.14371809363365173 1.3312268257141113 3.7860655784606934 
v -0.14347292482852936 1.3313413858413696 3.7876601219177246 
v -0.16111209988594055 1.3700294494628906 3.7861881256103516 
v -0.16086691617965698 1.3701441287994385 3.7876601219177246 
v -0.08749089390039444 1.4416508674621582 3.5484538078308105 
v -0.08810168504714966 1.4416793584823608 3.5469815731048584 
v -0.08750065416097641 1.25123929977417 3.5484538078308105 
v -0.0880512222647667 1.2511388063430786 3.5469818115234375 
v -0.08742690086364746 1.2351056337356567 3.5512752532958984 
v -0.088039830327034 1.2348190546035767 3.5498030185699463 
v -0.08742620050907135 1.217211127281189 3.5561819076538086 
v -0.08804020285606384 1.2167671918869019 3.554832696914673 
v -0.08749107271432877 1.1986581087112427 3.5636649131774902 
v -0.08804591745138168 1.1979278326034546 3.5623154640197754 
v -0.08749465644359589 1.1801338195800781 3.574091672897339 
v -0.0880495011806488 1.1794034242630005 3.5729877948760986 
v -0.08748967945575714 1.1628692150115967 3.588076114654541 
v -0.08804666250944138 1.1618238687515259 3.586972236633301 
v -0.08746974170207977 1.1478091478347778 3.605863332748413 
v -0.08808908611536026 1.1465778350830078 3.6050045490264893 
v -0.08749078214168549 1.1357125043869019 3.6280665397644043 
v -0.08804990351200104 1.1343523263931274 3.627453327178955 
v -0.08748402446508408 1.1277101039886475 3.6550540924072266 
v -0.08804314583539963 1.126349925994873 3.654808759689331 
v -0.08744305372238159 1.1247467994689941 3.6873161792755127 
v -0.08806347101926804 1.123357892036438 3.68743896484375 
v -0.0880841463804245 1.1293132305145264 3.718229055404663 
v -0.08870455622673035 1.1279243230819702 3.718719720840454 
v -0.09007402509450912 1.1421964168548584 3.741658926010132 
v -0.09075359255075455 1.1410938501358032 3.7425177097320557 
v -0.09372557699680328 1.1623084545135498 3.7588326930999756 
v -0.09440301358699799 1.1615208387374878 3.759936809539795 
v -0.09910652041435242 1.1886756420135498 3.7707316875457764 
v -0.09990439563989639 1.188145637512207 3.771958589553833 
v -0.1065920814871788 1.22002375125885 3.778337240219116 
v -0.10732866823673248 1.219522476196289 3.779564142227173 
v -0.1161908283829689 1.2550930976867676 3.782508134841919 
v -0.11698763817548752 1.2547205686569214 3.783857583999634 
v -0.1282166987657547 1.2926381826400757 3.784348249435425 
v -0.12907373905181885 1.2923943996429443 3.7856974601745605 
v -0.14286106824874878 1.3314704895019531 3.784838914871216 
v -0.14371809363365173 1.3312268257141113 3.7860655784606934 
v -0.16031529009342194 1.3704019784927368 3.784961462020874 
v -0.16111209988594055 1.3700294494628906 3.7861881256103516 
v -0.08608543127775192 1.4416800737380981 3.5490670204162598 
v -0.08749089390039444 1.4416508674621582 3.5484538078308105 
v -0.0860339030623436 1.251297116279602 3.5490670204162598 
v -0.08750065416097641 1.25123929977417 3.5484538078308105 
v -0.08602037280797958 1.2352923154830933 3.5517659187316895 
v -0.08742690086364746 1.2351056337356567 3.5512752532958984 
v -0.08601967245340347 1.2173978090286255 3.5566725730895996 
v -0.08742620050907135 1.217211127281189 3.5561819076538086 
v -0.08602324873209 1.1988734006881714 3.5641555786132812 
v -0.08749107271432877 1.1986581087112427 3.5636649131774902 
v -0.08608705550432205 1.1804778575897217 3.574582576751709 
v -0.08749465644359589 1.1801338195800781 3.574091672897339 
v -0.08602078258991241 1.163241982460022 3.588444232940674 
v -0.08748967945575714 1.1628692150115967 3.588076114654541 
v -0.08600084483623505 1.1481819152832031 3.606231451034546 
v -0.08746974170207977 1.1478091478347778 3.605863332748413 
v -0.0860208198428154 1.1362427473068237 3.6283118724823 
v -0.08749078214168549 1.1357125043869019 3.6280665397644043 
v -0.08601406216621399 1.1282403469085693 3.6551766395568848 
v -0.08748402446508408 1.1277101039886475 3.6550540924072266 
v -0.08609460294246674 1.1253771781921387 3.6873161792755127 
v -0.08744305372238159 1.1247467994689941 3.6873161792755127 
v -0.08667547255754471 1.129814863204956 3.718106269836426 
v -0.0880841463804245 1.1293132305145264 3.718229055404663 
v -0.08866535127162933 1.142698049545288 3.7414135932922363 
v -0.09007402509450912 1.1421964168548584 3.741658926010132 
v -0.09231690317392349 1.16280996799469 3.75858736038208 
v -0.09372557699680328 1.1623084545135498 3.7588326930999756 
v -0.09763762354850769 1.189048409461975 3.770486354827881 
v -0.09910652041435242 1.1886756420135498 3.7707316875457764 
v -0.10512319207191467 1.2203965187072754 3.7780919075012207 
v -0.1065920814871788 1.22002375125885 3.778337240219116 
v -0.11478215456008911 1.2555947303771973 3.7822628021240234 
v -0.1161908283829689 1.2550930976867676 3.782508134841919 
v -0.1268080323934555 1.2931396961212158 3.7841029167175293 
v -0.1282166987657547 1.2926381826400757 3.784348249435425 
v -0.14151261746883392 1.3321009874343872 3.7845935821533203 
v -0.14286106824874878 1.3314704895019531 3.784838914871216 
v -0.15896683931350708 1.3710323572158813 3.784593343734741 
v -0.16031529009342194 1.3704019784927368 3.784961462020874 
v -0.08461974561214447 1.4415805339813232 3.5484538078308105 
v -0.08608543127775192 1.4416800737380981 3.5490670204162598 
v -0.08462950587272644 1.2511688470840454 3.5484538078308105 
v -0.0860339030623436 1.251297116279602 3.5490670204162598 
v -0.08461597561836243 1.2351640462875366 3.5512752532958984 
v -0.08602037280797958 1.2352923154830933 3.5517659187316895 
v -0.08461527526378632 1.2172695398330688 3.5561819076538086 
v -0.08601967245340347 1.2173978090286255 3.5566725730895996 
v -0.0846199244260788 1.1985876560211182 3.5636649131774902 
v -0.08602324873209 1.1988734006881714 3.5641555786132812 
v -0.08468373119831085 1.1801921129226685 3.574091911315918 
v -0.08608705550432205 1.1804778575897217 3.574582576751709 
v -0.0846787616610527 1.162927508354187 3.588076114654541 
v -0.08602078258991241 1.163241982460022 3.588444232940674 
v -0.0846598893404007 1.1477100849151611 3.605863332748413 
v -0.08600084483623505 1.1481819152832031 3.606231451034546 
v -0.08461963385343552 1.1356420516967773 3.6280665397644043 
v -0.0860208198428154 1.1362427473068237 3.6283118724823 
v -0.0846128761768341 1.127639651298523 3.6550540924072266 
v -0.08601406216621399 1.1282403469085693 3.6551766395568848 
v -0.08463212847709656 1.124805212020874 3.68743896484375 
v -0.08609460294246674 1.1253771781921387 3.6873161792755127 
v -0.08527321368455887 1.1293716430664062 3.7183516025543213 
v -0.08667547255754471 1.129814863204956 3.718106269836426 
v -0.08726309984922409 1.1422548294067383 3.7420270442962646 
v -0.08866535127162933 1.142698049545288 3.7414135932922363 
v -0.09097380936145782 1.1626530885696411 3.7592008113861084 
v -0.09231690317392349 1.16280996799469 3.75858736038208 
v -0.0964149758219719 1.189149022102356 3.7712225914001465 
v -0.09763762354850769 1.189048409461975 3.770486354827881 
v -0.10383924096822739 1.220525860786438 3.7788279056549072 
v -0.10512319207191467 1.2203965187072754 3.7780919075012207 
v -0.11355843394994736 1.2558529376983643 3.783121347427368 
v -0.11478215456008911 1.2555947303771973 3.7822628021240234 
v -0.1255832314491272 1.2935553789138794 3.784961462020874 
v -0.1268080323934555 1.2931396961212158 3.7841029167175293 
v -0.14034804701805115 1.3326454162597656 3.785452127456665 
v -0.14151261746883392 1.3321009874343872 3.7845935821533203 
v -0.1578022688627243 1.3715769052505493 3.785452127456665 
v -0.15896683931350708 1.3710323572158813 3.784593343734741 
v -0.08406917005777359 1.441680908203125 3.5469815731048584 
v -0.08461974561214447 1.4415805339813232 3.5484538078308105 
v -0.08408000320196152 1.2511117458343506 3.5469818115234375 
v -0.08462950587272644 1.2511688470840454 3.5484538078308105 
v -0.08400731533765793 1.2348207235336304 3.5498030185699463 
v -0.08461597561836243 1.2351640462875366 3.5512752532958984 
v -0.08400769531726837 1.216768741607666 3.554832696914673 
v -0.08461527526378632 1.2172695398330688 3.5561819076538086 
v -0.08407363295555115 1.1980582475662231 3.5623154640197754 
v -0.0846199244260788 1.1985876560211182 3.5636649131774902 
v -0.08407828211784363 1.1793763637542725 3.5729877948760986 
v -0.08468373119831085 1.1801921129226685 3.574091911315918 
v -0.0840141549706459 1.1618255376815796 3.586972236633301 
v -0.0846787616610527 1.162927508354187 3.588076114654541 
v -0.08405657857656479 1.146579384803772 3.6050045490264893 
v -0.0846598893404007 1.1477100849151611 3.605863332748413 
v -0.08401739597320557 1.1343538761138916 3.627453327178955 
v -0.08461963385343552 1.1356420516967773 3.6280665397644043 
v -0.08407192677259445 1.126322865486145 3.654808759689331 
v -0.0846128761768341 1.127639651298523 3.6550540924072266 
v -0.08403096348047256 1.1233595609664917 3.68743896484375 
v -0.08463212847709656 1.124805212020874 3.68743896484375 
v -0.08467204868793488 1.127925992012024 3.7188425064086914 
v -0.08527321368455887 1.1293716430664062 3.7183516025543213 
v -0.08678130805492401 1.1412242650985718 3.7428858280181885 
v -0.08726309984922409 1.1422548294067383 3.7420270442962646 
v -0.09048987925052643 1.1619374752044678 3.7605502605438232 
v -0.09097380936145782 1.1626530885696411 3.7592008113861084 
v -0.09599019587039948 1.1887197494506836 3.7726945877075195 
v -0.0964149758219719 1.189149022102356 3.7712225914001465 
v -0.10347362607717514 1.2203829288482666 3.7804226875305176 
v -0.10383924096822739 1.220525860786438 3.7788279056549072 
v -0.11325303465127945 1.2558387517929077 3.7845935821533203 
v -0.11355843394994736 1.2558529376983643 3.783121347427368 
v -0.12533806264400482 1.2936700582504272 3.786433458328247 
v -0.1255832314491272 1.2935553789138794 3.784961462020874 
v -0.14004264771938324 1.332631230354309 3.786924123764038 
v -0.14034804701805115 1.3326454162597656 3.785452127456665 
v -0.15755710005760193 1.3716914653778076 3.7870469093322754 
v -0.1578022688627243 1.3715769052505493 3.785452127456665 
v -0.08461974561214447 1.4415805339813232 3.5456323623657227 
v -0.08406917005777359 1.441680908203125 3.5469815731048584 
v -0.0846305713057518 1.2510113716125488 3.5456323623657227 
v -0.08408000320196152 1.2511117458343506 3.5469818115234375 
v -0.08462025225162506 1.2345341444015503 3.5484538078308105 
v -0.08400731533765793 1.2348207235336304 3.5498030185699463 
v -0.08462169021368027 1.2163246870040894 3.553483247756958 
v -0.08400769531726837 1.216768741607666 3.554832696914673 
v -0.08462847769260406 1.197327971458435 3.561088800430298 
v -0.08407363295555115 1.1980582475662231 3.5623154640197754 
v -0.0846341997385025 1.1784886121749878 3.571761131286621 
v -0.08407828211784363 1.1793763637542725 3.5729877948760986 
v -0.08463136106729507 1.1609090566635132 3.5859909057617188 
v -0.0840141549706459 1.1618255376815796 3.586972236633301 
v -0.08461462706327438 1.1453766822814941 3.6042685508728027 
v -0.08405657857656479 1.146579384803772 3.6050045490264893 
v -0.08463674038648605 1.1331225633621216 3.626962661743164 
v -0.08401739597320557 1.1343538761138916 3.627453327178955 
v -0.0846310555934906 1.1249626874923706 3.6545634269714355 
v -0.08407192677259445 1.126322865486145 3.654808759689331 
v -0.08465137332677841 1.1219706535339355 3.68743896484375 
v -0.08403096348047256 1.1233595609664917 3.68743896484375 
v -0.08529245853424072 1.1265370845794678 3.7193331718444824 
v -0.08467204868793488 1.127925992012024 3.7188425064086914 
v -0.08739958703517914 1.1401504278182983 3.743744373321533 
v -0.08678130805492401 1.1412242650985718 3.7428858280181885 
v -0.0911070853471756 1.1610209941864014 3.7616541385650635 
v -0.09048987925052643 1.1619374752044678 3.7605502605438232 
v -0.09672785550355911 1.188060998916626 3.773921251296997 
v -0.09599019587039948 1.1887197494506836 3.7726945877075195 
v -0.10427043586969376 1.2200103998184204 3.781649351119995 
v -0.10347362607717514 1.2203829288482666 3.7804226875305176 
v -0.11404984444379807 1.2554662227630615 3.785942792892456 
v -0.11325303465127945 1.2558387517929077 3.7845935821533203 
v -0.12613487243652344 1.293297529220581 3.787782907485962 
v -0.12533806264400482 1.2936700582504272 3.786433458328247 
v -0.1408996880054474 1.3323874473571777 3.7881507873535156 
v -0.14004264771938324 1.332631230354309 3.786924123764038 
v -0.15835390985012054 1.3713189363479614 3.788273572921753 
v -0.15755710005760193 1.3716914653778076 3.7870469093322754 
v -0.08608543127775192 1.4416800737380981 3.5450189113616943 
v -0.08461974561214447 1.4415805339813232 3.5456323623657227 
v -0.08603603392839432 1.2509821653366089 3.5450189113616943 
v -0.0846305713057518 1.2510113716125488 3.5456323623657227 
v -0.08602678030729294 1.2343474626541138 3.5479631423950195 
v -0.08462025225162506 1.2345341444015503 3.5484538078308105 
v -0.08602822571992874 1.2161380052566528 3.5528697967529297 
v -0.08462169021368027 1.2163246870040894 3.553483247756958 
v -0.08603501319885254 1.1971412897109985 3.560598134994507 
v -0.08462847769260406 1.197327971458435 3.561088800430298 
v -0.08610201627016068 1.178273320198059 3.57127046585083 
v -0.0846341997385025 1.1784886121749878 3.571761131286621 
v -0.08604003489017487 1.1604074239730835 3.585622787475586 
v -0.08463136106729507 1.1609090566635132 3.5859909057617188 
v -0.08602330088615417 1.1448750495910645 3.603900671005249 
v -0.08461462706327438 1.1453766822814941 3.6042685508728027 
v -0.0860464796423912 1.1324634552001953 3.6267173290252686 
v -0.08463674038648605 1.1331225633621216 3.626962661743164 
v -0.08604079484939575 1.1243035793304443 3.6544406414031982 
v -0.0846310555934906 1.1249626874923706 3.6545634269714355 
v -0.08606111258268356 1.1213115453720093 3.68743896484375 
v -0.08465137332677841 1.1219706535339355 3.68743896484375 
v -0.08670113235712051 1.126035451889038 3.7194557189941406 
v -0.08529245853424072 1.1265370845794678 3.7193331718444824 
v -0.08886954933404922 1.1396201848983765 3.7439897060394287 
v -0.08739958703517914 1.1401504278182983 3.743744373321533 
v -0.09263727813959122 1.1606196165084839 3.761899471282959 
v -0.0911070853471756 1.1610209941864014 3.7616541385650635 
v -0.09819675236940384 1.1876882314682007 3.7741665840148926 
v -0.09672785550355911 1.188060998916626 3.773921251296997 
v -0.10567910224199295 1.2195087671279907 3.7818946838378906 
v -0.10427043586969376 1.2200103998184204 3.781649351119995 
v -0.11545851826667786 1.2549645900726318 3.7861881256103516 
v -0.11404984444379807 1.2554662227630615 3.785942792892456 
v -0.12754355370998383 1.2927958965301514 3.7880282402038574 
v -0.12613487243652344 1.293297529220581 3.787782907485962 
v -0.14224813878536224 1.3317570686340332 3.7885189056396484 
v -0.1408996880054474 1.3323874473571777 3.7881507873535156 
v -0.1597023606300354 1.370688557624817 3.7885189056396484 
v -0.15835390985012054 1.3713189363479614 3.788273572921753 
v -0.08810168504714966 1.4416793584823608 3.5469815731048584 
v -0.08749089390039444 1.4416508674621582 3.5484538078308105 
v -0.08749089390039444 1.4416508674621582 3.5456323623657227 
v -0.08608543127775192 1.4416800737380981 3.5490670204162598 
v -0.08461974561214447 1.4415805339813232 3.5484538078308105 
v -0.08406917005777359 1.441680908203125 3.5469815731048584 
v -0.08461974561214447 1.4415805339813232 3.5456323623657227 
v -0.08608543127775192 1.4416800737380981 3.5450189113616943 
v -0.16086691617965698 1.3701441287994385 3.7876601219177246 
v -0.16111209988594055 1.3700294494628906 3.7861881256103516 
v -0.1597023606300354 1.370688557624817 3.7885189056396484 
v -0.16031529009342194 1.3704019784927368 3.784961462020874 
v -0.15755710005760193 1.3716914653778076 3.7870469093322754 
v -0.1578022688627243 1.3715769052505493 3.785452127456665 
v -0.15896683931350708 1.3710323572158813 3.784593343734741 
v -0.15835390985012054 1.3713189363479614 3.788273572921753 
vn 0.3444965183734894 0.16314275562763214 0.9245033860206604 
vn 0.0019790504593402147 0.0009254217147827148 0.999997615814209 
vn 0.0019790504593402147 0.0009254217147827148 0.999997615814209 
vn -0.3436988592147827 -0.1648487150669098 0.9244976043701172 
vn 0.3444965183734894 0.16314275562763214 0.9245033860206604 
vn 0.6390595436096191 0.30085524916648865 0.7078762650489807 
vn 0.6390595436096191 0.30085524916648865 0.7078762650489807 
vn 0.835138201713562 0.3946201503276825 0.3831692337989807 
vn 0.835138201713562 0.3946201503276825 0.3831692337989807 
vn 0.9058874845504761 0.42351776361465454 -3.6648643231274036e-8 
vn 0.9058874845504761 0.42351776361465454 -3.6648643231274036e-8 
vn 0.8351382613182068 0.39462003111839294 -0.3831692934036255 
vn 0.8351382613182068 0.39462003111839294 -0.3831692934036255 
vn 0.6390595436096191 0.30085501074790955 -0.7078762650489807 
vn 0.6390595436096191 0.30085501074790955 -0.7078762650489807 
vn 0.34449657797813416 0.16314244270324707 -0.9245033860206604 
vn 0.34449657797813416 0.16314244270324707 -0.9245033860206604 
vn -0.0019790504593402147 -0.0009254217147827148 -0.999997615814209 
vn -0.0019790504593402147 -0.0009254217147827148 -0.999997615814209 
vn -0.34369879961013794 -0.16484901309013367 -0.9244976043701172 
vn -0.34369879961013794 -0.16484901309013367 -0.9244976043701172 
vn -0.6382626891136169 -0.30255958437919617 -0.707868754863739 
vn -0.6382626891136169 -0.30255958437919617 -0.707868754863739 
vn -0.8367414474487305 -0.39119088649749756 -0.3831879496574402 
vn -0.8367414474487305 -0.39119088649749756 -0.3831879496574402 
vn -0.9058874845504761 -0.42351776361465454 3.6648643231274036e-8 
vn -0.9058874845504761 -0.42351776361465454 3.6648643231274036e-8 
vn -0.8367415070533752 -0.391190767288208 0.38318800926208496 
vn -0.8367415070533752 -0.391190767288208 0.38318800926208496 
vn -0.6382627487182617 -0.30255937576293945 0.707868754863739 
vn -0.6382627487182617 -0.30255937576293945 0.707868754863739 
vn -0.3436988592147827 -0.1648487150669098 0.9244976043701172 
vn -0.12701205909252167 0.8186145424842834 0.5601229667663574 
vn -0.3353131413459778 0.7223798036575317 0.6047579646110535 
vn -0.3353131413459778 0.7223798036575317 0.6047579646110535 
vn -0.5468699336051941 0.6227920651435852 0.5595203042030334 
vn -0.12701205909252167 0.8186145424842834 0.5601229667663574 
vn 0.04732205346226692 0.9026255011558533 0.4278169572353363 
vn 0.04732205346226692 0.9026255011558533 0.4278169572353363 
vn 0.16802024841308594 0.9583014249801636 0.23114298284053802 
vn 0.16802024841308594 0.9583014249801636 0.23114298284053802 
vn 0.20995548367500305 0.9777106642723083 -1.5355335847289098e-7 
vn 0.20995548367500305 0.9777106642723083 -1.5355335847289098e-7 
vn 0.16802027821540833 0.958301305770874 -0.2311432808637619 
vn 0.16802027821540833 0.958301305770874 -0.2311432808637619 
vn 0.04732208326458931 0.9026253819465637 -0.4278172552585602 
vn 0.04732208326458931 0.9026253819465637 -0.4278172552585602 
vn -0.12701201438903809 0.8186143636703491 -0.5601232051849365 
vn -0.12701201438903809 0.8186143636703491 -0.5601232051849365 
vn -0.33927127718925476 0.7205291390419006 -0.6047582030296326 
vn -0.33927127718925476 0.7205291390419006 -0.6047582030296326 
vn -0.5468698740005493 0.6227918863296509 -0.5595205426216125 
vn -0.5468698740005493 0.6227918863296509 -0.5595205426216125 
vn -0.7230661511421204 0.5427640080451965 -0.42729634046554565 
vn -0.7230661511421204 0.5427640080451965 -0.42729634046554565 
vn -0.8431086540222168 0.4856855571269989 -0.23081764578819275 
vn -0.8431086540222168 0.4856855571269989 -0.23081764578819275 
vn -0.8848534226417542 0.46586892008781433 -1.0926169125013985e-7 
vn -0.8848534226417542 0.46586892008781433 -1.0926169125013985e-7 
vn -0.8431086540222168 0.48568564653396606 0.23081743717193604 
vn -0.8431086540222168 0.48568564653396606 0.23081743717193604 
vn -0.7230661511421204 0.5427641272544861 0.42729610204696655 
vn -0.7230661511421204 0.5427641272544861 0.42729610204696655 
vn -0.5468699336051941 0.6227920651435852 0.5595203042030334 
vn 0.5173031091690063 -0.3416160047054291 0.7846628427505493 
vn 0.2238111048936844 -0.4735644459724426 0.8518480658531189 
vn 0.2238111048936844 -0.4735644459724426 0.8518480658531189 
vn -0.07051315158605576 -0.6140496134757996 0.7861111760139465 
vn 0.5173031091690063 -0.3416160047054291 0.7846628427505493 
vn 0.7663969397544861 -0.2207290083169937 0.6032529473304749 
vn 0.7663969397544861 -0.2207290083169937 0.6032529473304749 
vn 0.9339755773544312 -0.1448238044977188 0.32667285203933716 
vn 0.9339755773544312 -0.1448238044977188 0.32667285203933716 
vn 0.993094265460968 -0.11731673032045364 5.574406714003999e-8 
vn 0.993094265460968 -0.11731673032045364 5.574406714003999e-8 
vn 0.9339755773544312 -0.14482392370700836 -0.3266727328300476 
vn 0.9339755773544312 -0.14482392370700836 -0.3266727328300476 
vn 0.7663969397544861 -0.22072921693325043 -0.6032528281211853 
vn 0.7663969397544861 -0.22072921693325043 -0.6032528281211853 
vn 0.5173031687736511 -0.3416162431240082 -0.7846627235412598 
vn 0.5173031687736511 -0.3416162431240082 -0.7846627235412598 
vn 0.2198529839515686 -0.4754152297973633 -0.8518479466438293 
vn 0.2198529839515686 -0.4754152297973633 -0.8518479466438293 
vn -0.07051309943199158 -0.6140498518943787 -0.7861109375953674 
vn -0.07051309943199158 -0.6140498518943787 -0.7861109375953674 
vn -0.32056480646133423 -0.7328879833221436 -0.6000941395759583 
vn -0.32056480646133423 -0.7328879833221436 -0.6000941395759583 
vn -0.4875032901763916 -0.8101624846458435 -0.3255407512187958 
vn -0.4875032901763916 -0.8101624846458435 -0.3255407512187958 
vn -0.546817421913147 -0.8372515439987183 1.1804283417404804e-7 
vn -0.546817421913147 -0.8372515439987183 1.1804283417404804e-7 
vn -0.4875032901763916 -0.8101624250411987 0.3255409896373749 
vn -0.4875032901763916 -0.8101624250411987 0.3255409896373749 
vn -0.3205648362636566 -0.7328878045082092 0.6000943779945374 
vn -0.3205648362636566 -0.7328878045082092 0.6000943779945374 
vn -0.07051315158605576 -0.6140496134757996 0.7861111760139465 
vn -0.08780176192522049 0.7847922444343567 0.6135076880455017 
vn -0.31502780318260193 0.6789903044700623 0.6631209850311279 
vn -0.31502780318260193 0.6789903044700623 0.6631209850311279 
vn -0.545881986618042 0.5706319808959961 0.6135076880455017 
vn -0.08780176192522049 0.7847922444343567 0.6135076880455017 
vn 0.10784360021352768 0.8746923804283142 0.47252780199050903 
vn 0.10784360021352768 0.8746923804283142 0.47252780199050903 
vn 0.23600278794765472 0.9383823871612549 0.252469003200531 
vn 0.23600278794765472 0.9383823871612549 0.252469003200531 
vn 0.28612324595451355 0.9581925272941589 -1.4754290589280572e-7 
vn 0.28612324595451355 0.9581925272941589 -1.4754290589280572e-7 
vn 0.23600280284881592 0.9383823275566101 -0.2524693012237549 
vn 0.23600280284881592 0.9383823275566101 -0.2524693012237549 
vn 0.10784363001585007 0.8746922612190247 -0.4725281000137329 
vn 0.10784363001585007 0.8746922612190247 -0.4725281000137329 
vn -0.08780171722173691 0.7847920656204224 -0.6135079264640808 
vn -0.08780171722173691 0.7847920656204224 -0.6135079264640808 
vn -0.3189859092235565 0.6771395802497864 -0.663121223449707 
vn -0.3189859092235565 0.6771395802497864 -0.663121223449707 
vn -0.545881986618042 0.5706318020820618 -0.6135079264640808 
vn -0.545881986618042 0.5706318020820618 -0.6135079264640808 
vn -0.740477979183197 0.478487104177475 -0.4719555079936981 
vn -0.740477979183197 0.478487104177475 -0.4719555079936981 
vn -0.8714319467544556 0.42077499628067017 -0.2520996630191803 
vn -0.8714319467544556 0.42077499628067017 -0.2520996630191803 
vn -0.918720543384552 0.3949076533317566 -9.879966000880813e-8 
vn -0.918720543384552 0.3949076533317566 -9.879966000880813e-8 
vn -0.8714319467544556 0.42077508568763733 0.25209948420524597 
vn -0.8714319467544556 0.42077508568763733 0.25209948420524597 
vn -0.740477979183197 0.4784872531890869 0.471955269575119 
vn -0.740477979183197 0.4784872531890869 0.471955269575119 
vn -0.545881986618042 0.5706319808959961 0.6135076880455017 
vn 0.3444965183734894 0.16314275562763214 0.9245033860206604 
vn 0.0019790504593402147 0.0009254217147827148 0.999997615814209 
vn 0.0019790504593402147 0.0009254217147827148 0.999997615814209 
vn -0.3436988592147827 -0.1648487150669098 0.9244976043701172 
vn 0.3444965183734894 0.16314275562763214 0.9245033860206604 
vn 0.6390595436096191 0.30085524916648865 0.7078762650489807 
vn 0.6390595436096191 0.30085524916648865 0.7078762650489807 
vn 0.835138201713562 0.3946201503276825 0.3831692337989807 
vn 0.835138201713562 0.3946201503276825 0.3831692337989807 
vn 0.9058874845504761 0.42351776361465454 -3.6648643231274036e-8 
vn 0.9058874845504761 0.42351776361465454 -3.6648643231274036e-8 
vn 0.8351382613182068 0.39462003111839294 -0.3831692934036255 
vn 0.8351382613182068 0.39462003111839294 -0.3831692934036255 
vn 0.6390595436096191 0.30085501074790955 -0.7078762650489807 
vn 0.6390595436096191 0.30085501074790955 -0.7078762650489807 
vn 0.34449657797813416 0.16314244270324707 -0.9245033860206604 
vn 0.34449657797813416 0.16314244270324707 -0.9245033860206604 
vn -0.0019790504593402147 -0.0009254217147827148 -0.999997615814209 
vn -0.0019790504593402147 -0.0009254217147827148 -0.999997615814209 
vn -0.34369879961013794 -0.16484901309013367 -0.9244976043701172 
vn -0.34369879961013794 -0.16484901309013367 -0.9244976043701172 
vn -0.6382626891136169 -0.30255958437919617 -0.707868754863739 
vn -0.6382626891136169 -0.30255958437919617 -0.707868754863739 
vn -0.8367414474487305 -0.39119088649749756 -0.3831879496574402 
vn -0.8367414474487305 -0.39119088649749756 -0.3831879496574402 
vn -0.9058874845504761 -0.42351776361465454 3.6648643231274036e-8 
vn -0.9058874845504761 -0.42351776361465454 3.6648643231274036e-8 
vn -0.8367415070533752 -0.391190767288208 0.38318800926208496 
vn -0.8367415070533752 -0.391190767288208 0.38318800926208496 
vn -0.6382627487182617 -0.30255937576293945 0.707868754863739 
vn -0.6382627487182617 -0.30255937576293945 0.707868754863739 
vn -0.3436988592147827 -0.1648487150669098 0.9244976043701172 
vn 0.080772764980793 0.6018580198287964 0.794507622718811 
vn -0.21437886357307434 0.46370628476142883 0.8596615791320801 
vn -0.21437886357307434 0.46370628476142883 0.8596615791320801 
vn -0.5140410661697388 0.32488563656806946 0.7938582301139832 
vn 0.080772764980793 0.6018580198287964 0.794507622718811 
vn 0.3351844847202301 0.7180575132369995 0.6099543571472168 
vn 0.3351844847202301 0.7180575132369995 0.6099543571472168 
vn 0.504993200302124 0.7980465888977051 0.32879024744033813 
vn 0.504993200302124 0.7980465888977051 0.32879024744033813 
vn 0.5649768114089966 0.8251064419746399 -1.1537418487250761e-7 
vn 0.5649768114089966 0.8251064419746399 -1.1537418487250761e-7 
vn 0.5049932599067688 0.7980464696884155 -0.32879048585891724 
vn 0.5049932599067688 0.7980464696884155 -0.32879048585891724 
vn 0.3351845443248749 0.7180573344230652 -0.6099545955657959 
vn 0.3351845443248749 0.7180573344230652 -0.6099545955657959 
vn 0.08077282458543777 0.6018577814102173 -0.7945078611373901 
vn 0.08077282458543777 0.6018577814102173 -0.7945078611373901 
vn -0.21833696961402893 0.4618555009365082 -0.8596616983413696 
vn -0.21833696961402893 0.4618555009365082 -0.8596616983413696 
vn -0.514041006565094 0.32488536834716797 -0.7938583493232727 
vn -0.514041006565094 0.32488536834716797 -0.7938583493232727 
vn -0.7666042447090149 0.2047320455312729 -0.6086068749427795 
vn -0.7666042447090149 0.2047320455312729 -0.6086068749427795 
vn -0.936349093914032 0.12460626661777496 -0.32821211218833923 
vn -0.936349093914032 0.12460626661777496 -0.32821211218833923 
vn -0.9954200983047485 0.09559441357851028 -5.224666566050473e-8 
vn -0.9954200983047485 0.09559441357851028 -5.224666566050473e-8 
vn -0.936349093914032 0.12460637837648392 0.3282119929790497 
vn -0.936349093914032 0.12460637837648392 0.3282119929790497 
vn -0.7666043043136597 0.2047322541475296 0.60860675573349 
vn -0.7666043043136597 0.2047322541475296 0.60860675573349 
vn -0.5140410661697388 0.32488563656806946 0.7938582301139832 
vn 0.5310761332511902 -0.7507956624031067 0.39276403188705444 
vn 0.38551467657089233 -0.8194419741630554 0.42413777112960815 
vn 0.38551467657089233 -0.8194419741630554 0.42413777112960815 
vn 0.23553939163684845 -0.888964056968689 0.39276403188705444 
vn 0.5310761332511902 -0.7507956624031067 0.39276403188705444 
vn 0.6549467444419861 -0.694849967956543 0.2970316410064697 
vn 0.6549467444419861 -0.694849967956543 0.2970316410064697 
vn 0.736385703086853 -0.6560510993003845 0.16532543301582336 
vn 0.736385703086853 -0.6560510993003845 0.16532543301582336 
vn 0.7684679627418518 -0.639876663684845 0.003776394296437502 
vn 0.7684679627418518 -0.639876663684845 0.003776394296437502 
vn 0.736385703086853 -0.6560511589050293 -0.16532516479492188 
vn 0.736385703086853 -0.6560511589050293 -0.16532516479492188 
vn 0.6549467444419861 -0.6948500275611877 -0.29703134298324585 
vn 0.6549467444419861 -0.6948500275611877 -0.29703134298324585 
vn 0.5310761332511902 -0.7507957816123962 -0.39276373386383057 
vn 0.5310761332511902 -0.7507957816123962 -0.39276373386383057 
vn 0.38155654072761536 -0.8212926387786865 -0.4241374731063843 
vn 0.38155654072761536 -0.8212926387786865 -0.4241374731063843 
vn 0.23553942143917084 -0.8889642357826233 -0.39276373386383057 
vn 0.23553942143917084 -0.8889642357826233 -0.39276373386383057 
vn 0.11317727714776993 -0.9481364488601685 -0.29703134298324585 
vn 0.11317727714776993 -0.9481364488601685 -0.29703134298324585 
vn 0.03148182854056358 -0.986386775970459 -0.1613987237215042 
vn 0.03148182854056358 -0.986386775970459 -0.1613987237215042 
vn -0.0017986989114433527 -0.9999980926513672 1.6485795129028702e-7 
vn -0.0017986989114433527 -0.9999980926513672 1.6485795129028702e-7 
vn 0.03148181736469269 -0.9863867163658142 0.16139905154705048 
vn 0.03148181736469269 -0.9863867163658142 0.16139905154705048 
vn 0.11317725479602814 -0.9481363296508789 0.2970316410064697 
vn 0.11317725479602814 -0.9481363296508789 0.2970316410064697 
vn 0.23553939163684845 -0.888964056968689 0.39276403188705444 
vn 0.3444965183734894 0.16314275562763214 0.9245033860206604 
vn 0.0019790504593402147 0.0009254217147827148 0.999997615814209 
vn 0.0019790504593402147 0.0009254217147827148 0.999997615814209 
vn -0.3436988592147827 -0.1648487150669098 0.9244976043701172 
vn 0.3444965183734894 0.16314275562763214 0.9245033860206604 
vn 0.6390595436096191 0.30085524916648865 0.7078762650489807 
vn 0.6390595436096191 0.30085524916648865 0.7078762650489807 
vn 0.835138201713562 0.3946201503276825 0.3831692337989807 
vn 0.835138201713562 0.3946201503276825 0.3831692337989807 
vn 0.9058874845504761 0.42351776361465454 -3.6648643231274036e-8 
vn 0.9058874845504761 0.42351776361465454 -3.6648643231274036e-8 
vn 0.8351382613182068 0.39462003111839294 -0.3831692934036255 
vn 0.8351382613182068 0.39462003111839294 -0.3831692934036255 
vn 0.6390595436096191 0.30085501074790955 -0.7078762650489807 
vn 0.6390595436096191 0.30085501074790955 -0.7078762650489807 
vn 0.34449657797813416 0.16314244270324707 -0.9245033860206604 
vn 0.34449657797813416 0.16314244270324707 -0.9245033860206604 
vn -0.0019790504593402147 -0.0009254217147827148 -0.999997615814209 
vn -0.0019790504593402147 -0.0009254217147827148 -0.999997615814209 
vn -0.34369879961013794 -0.16484901309013367 -0.9244976043701172 
vn -0.34369879961013794 -0.16484901309013367 -0.9244976043701172 
vn -0.6382626891136169 -0.30255958437919617 -0.707868754863739 
vn -0.6382626891136169 -0.30255958437919617 -0.707868754863739 
vn -0.8367414474487305 -0.39119088649749756 -0.3831879496574402 
vn -0.8367414474487305 -0.39119088649749756 -0.3831879496574402 
vn -0.9058874845504761 -0.42351776361465454 3.6648643231274036e-8 
vn -0.9058874845504761 -0.42351776361465454 3.6648643231274036e-8 
vn -0.8367415070533752 -0.391190767288208 0.38318800926208496 
vn -0.8367415070533752 -0.391190767288208 0.38318800926208496 
vn -0.6382627487182617 -0.30255937576293945 0.707868754863739 
vn -0.6382627487182617 -0.30255937576293945 0.707868754863739 
vn -0.3436988592147827 -0.1648487150669098 0.9244976043701172 
vn -0.42549583315849304 0.9049600958824158 -1.6484349885104166e-7 
vn -0.42549583315849304 0.9049600958824158 -1.6484349885104166e-7 
vn -0.42549583315849304 0.9049600958824158 -1.6484349885104166e-7 
vn -0.42549583315849304 0.9049600958824158 -1.6484349885104166e-7 
vn -0.42549583315849304 0.9049600958824158 -1.6484349885104166e-7 
vn -0.42549583315849304 0.9049600958824158 -1.6484349885104166e-7 
vn -0.42549583315849304 0.9049600958824158 -1.6484349885104166e-7 
vn -0.42549583315849304 0.9049600958824158 -1.6484349885104166e-7 
vn -0.42549583315849304 0.9049600958824158 -1.6484349885104166e-7 
vn -0.42549583315849304 0.9049600958824158 -1.6484349885104166e-7 
vn -0.42549583315849304 0.9049600958824158 -1.6484349885104166e-7 
vn -0.42549583315849304 0.9049600958824158 -1.6484349885104166e-7 
vn -0.42549583315849304 0.9049600958824158 -1.6484349885104166e-7 
vn -0.42549583315849304 0.9049600958824158 -1.6484349885104166e-7 
vn -0.42549583315849304 0.9049600958824158 -1.6484349885104166e-7 
vn -0.42549583315849304 0.9049600958824158 -1.6484349885104166e-7 
vn -0.42549583315849304 0.9049600958824158 -1.6484349885104166e-7 
vn -0.42549583315849304 0.9049600958824158 -1.6484349885104166e-7 
vn -0.42549583315849304 0.9049600958824158 -1.6484349885104166e-7 
vn -0.42549583315849304 0.9049600958824158 -1.6484349885104166e-7 
vn -0.42549583315849304 0.9049600958824158 -1.6484349885104166e-7 
vn -0.42549583315849304 0.9049600958824158 -1.6484349885104166e-7 
vn -0.42549583315849304 0.9049600958824158 -1.6484349885104166e-7 
vn -0.42549583315849304 0.9049600958824158 -1.6484349885104166e-7 
vn -0.42549583315849304 0.9049600958824158 -1.6484349885104166e-7 
vn -0.42549583315849304 0.9049600958824158 -1.6484349885104166e-7 
vn -0.42549583315849304 0.9049600958824158 -1.6484349885104166e-7 
vn -0.42549583315849304 0.9049600958824158 -1.6484349885104166e-7 
vn -0.42549583315849304 0.9049600958824158 -1.6484349885104166e-7 
vn -0.42549583315849304 0.9049600958824158 -1.6484349885104166e-7 
vn -0.42549583315849304 0.9049600958824158 -1.6484349885104166e-7 
vn -0.42549583315849304 0.9049600958824158 -1.6484349885104166e-7 
vn 0.3444965183734894 0.16314275562763214 0.9245033860206604 
vn -0.0019791238009929657 -0.0009250918519683182 0.999997615814209 
vn -0.0019791238009929657 -0.0009250918519683182 0.999997615814209 
vn -0.3436988592147827 -0.1648487150669098 0.9244976043701172 
vn 0.3444965183734894 0.16314275562763214 0.9245033860206604 
vn 0.6390595436096191 0.30085524916648865 0.7078762650489807 
vn 0.6390595436096191 0.30085524916648865 0.7078762650489807 
vn 0.835138201713562 0.3946201503276825 0.3831692337989807 
vn 0.835138201713562 0.3946201503276825 0.3831692337989807 
vn 0.9058874845504761 0.42351776361465454 -3.6648643231274036e-8 
vn 0.9058874845504761 0.42351776361465454 -3.6648643231274036e-8 
vn 0.8351382613182068 0.39462003111839294 -0.3831692934036255 
vn 0.8351382613182068 0.39462003111839294 -0.3831692934036255 
vn 0.6390595436096191 0.30085501074790955 -0.7078762650489807 
vn 0.6390595436096191 0.30085501074790955 -0.7078762650489807 
vn 0.34449657797813416 0.16314244270324707 -0.9245033860206604 
vn 0.34449657797813416 0.16314244270324707 -0.9245033860206604 
vn -0.0019790504593402147 -0.0009254217147827148 -0.999997615814209 
vn -0.0019790504593402147 -0.0009254217147827148 -0.999997615814209 
vn -0.34369879961013794 -0.16484901309013367 -0.9244976043701172 
vn -0.34369879961013794 -0.16484901309013367 -0.9244976043701172 
vn -0.6382626891136169 -0.30255958437919617 -0.707868754863739 
vn -0.6382626891136169 -0.30255958437919617 -0.707868754863739 
vn -0.8367414474487305 -0.39119088649749756 -0.3831879496574402 
vn -0.8367414474487305 -0.39119088649749756 -0.3831879496574402 
vn -0.9058874845504761 -0.42351776361465454 3.6648643231274036e-8 
vn -0.9058874845504761 -0.42351776361465454 3.6648643231274036e-8 
vn -0.8367415070533752 -0.391190767288208 0.38318800926208496 
vn -0.8367415070533752 -0.391190767288208 0.38318800926208496 
vn -0.6382627487182617 -0.30255937576293945 0.707868754863739 
vn -0.6382627487182617 -0.30255937576293945 0.707868754863739 
vn -0.3436988592147827 -0.1648487150669098 0.9244976043701172 
vn 0.5451211333274841 -0.5490639805793762 0.6335387825965881 
vn 0.30640077590942383 -0.6605373620986938 0.685425877571106 
vn 0.30640077590942383 -0.6605373620986938 0.685425877571106 
vn 0.07092934101819992 -0.7686430811882019 0.6357330083847046 
vn 0.5451211333274841 -0.5490639805793762 0.6335387825965881 
vn 0.746695876121521 -0.45549139380455017 0.4847395420074463 
vn 0.746695876121521 -0.45549139380455017 0.4847395420074463 
vn 0.8834799528121948 -0.39007094502449036 0.2594364583492279 
vn 0.8834799528121948 -0.39007094502449036 0.2594364583492279 
vn 0.9303674697875977 -0.3666275441646576 9.456259419948765e-8 
vn 0.9303674697875977 -0.3666275441646576 9.456259419948765e-8 
vn 0.8834800124168396 -0.3900710344314575 -0.2594362795352936 
vn 0.8834800124168396 -0.3900710344314575 -0.2594362795352936 
vn 0.7466959357261658 -0.4554915726184845 -0.48473936319351196 
vn 0.7466959357261658 -0.4554915726184845 -0.48473936319351196 
vn 0.5451211929321289 -0.5490642189979553 -0.633538544178009 
vn 0.5451211929321289 -0.5490642189979553 -0.633538544178009 
vn 0.3064008355140686 -0.660537600517273 -0.6854256391525269 
vn 0.3064008355140686 -0.660537600517273 -0.6854256391525269 
vn 0.0709293857216835 -0.768643319606781 -0.6357327699661255 
vn 0.0709293857216835 -0.768643319606781 -0.6357327699661255 
vn -0.13004401326179504 -0.8635022044181824 -0.48729053139686584 
vn -0.13004401326179504 -0.8635022044181824 -0.48729053139686584 
vn -0.26711925864219666 -0.9282998442649841 -0.2586621046066284 
vn -0.26711925864219666 -0.9282998442649841 -0.2586621046066284 
vn -0.3152960240840912 -0.9489855766296387 -0.0037705327849835157 
vn -0.3152960240840912 -0.9489855766296387 0.0037708228919655085 
vn -0.26711928844451904 -0.9282997846603394 0.2586624026298523 
vn -0.26711928844451904 -0.9282997846603394 0.2586624026298523 
vn -0.13004404306411743 -0.863502025604248 0.4872908294200897 
vn -0.13004404306411743 -0.863502025604248 0.4872908294200897 
vn 0.07092934101819992 -0.7686430811882019 0.6357330083847046 
vn -0.42549583315849304 0.9049600958824158 -1.6484349885104166e-7 
vn -0.42549583315849304 0.9049600958824158 -1.6484349885104166e-7 
vn -0.42549583315849304 0.9049600958824158 -1.6484349885104166e-7 
vn -0.42549583315849304 0.9049600958824158 -1.6484349885104166e-7 
vn -0.42549583315849304 0.9049600958824158 -1.6484349885104166e-7 
vn -0.42549583315849304 0.9049600958824158 -1.6484349885104166e-7 
vn -0.42549583315849304 0.9049600958824158 -1.6484349885104166e-7 
vn -0.42549583315849304 0.9049600958824158 -1.6484349885104166e-7 
vn -0.42549583315849304 0.9049600958824158 -1.6484349885104166e-7 
vn -0.42549583315849304 0.9049600958824158 -1.6484349885104166e-7 
vn -0.42549583315849304 0.9049600958824158 -1.6484349885104166e-7 
vn -0.42549583315849304 0.9049600958824158 -1.6484349885104166e-7 
vn -0.42549583315849304 0.9049600958824158 -1.6484349885104166e-7 
vn -0.42549583315849304 0.9049600958824158 -1.6484349885104166e-7 
vn -0.42549583315849304 0.9049600958824158 -1.6484349885104166e-7 
vn -0.42549583315849304 0.9049600958824158 -1.6484349885104166e-7 
vn 0.4215376675128937 -0.9068105816841125 1.6500383992479328e-7 
vn 0.4215376675128937 -0.9068105816841125 1.6500383992479328e-7 
vn 0.4215376675128937 -0.9068105816841125 1.6500383992479328e-7 
vn 0.4215376675128937 -0.9068105816841125 1.6500383992479328e-7 
vn 0.4215376675128937 -0.9068105816841125 1.6500383992479328e-7 
vn 0.4215376675128937 -0.9068105816841125 1.6500383992479328e-7 
vn 0.4215376675128937 -0.9068105816841125 1.6500383992479328e-7 
vn 0.4215376675128937 -0.9068105816841125 1.6500383992479328e-7 
vn 0.4215376675128937 -0.9068105816841125 1.6500383992479328e-7 
vn 0.4215376675128937 -0.9068105816841125 1.6500383992479328e-7 
vn 0.4215376675128937 -0.9068105816841125 1.6500383992479328e-7 
vn 0.4215376675128937 -0.9068105816841125 1.6500383992479328e-7 
vn 0.4215376675128937 -0.9068105816841125 1.6500383992479328e-7 
vn 0.4215376675128937 -0.9068105816841125 1.6500383992479328e-7 
vn 0.4215376675128937 -0.9068105816841125 1.6500383992479328e-7 
vn 0.4215376675128937 -0.9068105816841125 1.6500383992479328e-7 
vn 0.0019791238009929657 0.0009250918519683182 -0.999997615814209 
vn 0.0019791238009929657 0.0009250918519683182 -0.999997615814209 
vn 0.0019791238009929657 0.0009250918519683182 -0.999997615814209 
vn 0.0019791238009929657 0.0009250918519683182 -0.999997615814209 
vn -0.42549583315849304 0.9049600958824158 -1.6484349885104166e-7 
vn -0.42549583315849304 0.9049600958824158 -1.6484349885104166e-7 
vn -0.42549583315849304 0.9049600958824158 -1.6484349885104166e-7 
vn -0.42549583315849304 0.9049600958824158 -1.6484349885104166e-7 
vn 0.0019790504593402147 0.0009254217147827148 0.999997615814209 
vn 0.0019790504593402147 0.0009254217147827148 0.999997615814209 
vn 0.0019790504593402147 0.0009254217147827148 0.999997615814209 
vn 0.0019790504593402147 0.0009254217147827148 0.999997615814209 
vn 0.42549583315849304 -0.9049600958824158 1.648437120138624e-7 
vn 0.42549583315849304 -0.9049600958824158 1.648437120138624e-7 
vn 0.42549583315849304 -0.9049600958824158 1.648437120138624e-7 
vn 0.42549583315849304 -0.9049600958824158 1.648437120138624e-7 
vn -0.9058874845504761 -0.42351776361465454 3.6648643231274036e-8 
vn -0.9058874845504761 -0.42351776361465454 3.6648643231274036e-8 
vn -0.9058874845504761 -0.42351776361465454 3.6648643231274036e-8 
vn -0.9058874845504761 -0.42351776361465454 3.6648643231274036e-8 
vn 0.9058874845504761 0.42351776361465454 -3.6648643231274036e-8 
vn 0.9058874845504761 0.42351776361465454 -3.6648643231274036e-8 
vn 0.9058874845504761 0.42351776361465454 -3.6648643231274036e-8 
vn 0.9058874845504761 0.42351776361465454 -3.6648643231274036e-8 
vn 0.06886345893144608 -0.142137810587883 -0.9874485731124878 
vn 0.06886345893144608 -0.142137810587883 -0.9874485731124878 
vn 0.06886345893144608 -0.142137810587883 -0.9874485731124878 
vn 0.06886345893144608 -0.142137810587883 -0.9874485731124878 
vn 0.4033612608909607 -0.857615053653717 0.31905412673950195 
vn 0.4033612608909607 -0.857615053653717 0.31905412673950195 
vn 0.4033612608909607 -0.857615053653717 0.31905412673950195 
vn 0.4033612608909607 -0.857615053653717 0.31905412673950195 
vn 0.11878447979688644 -0.2489168792963028 -0.9612130522727966 
vn 0.11878447979688644 -0.2489168792963028 -0.9612130522727966 
vn 0.11878447979688644 -0.2489168792963028 -0.9612130522727966 
vn 0.11878447979688644 -0.2489168792963028 -0.9612130522727966 
vn -0.16405190527439117 0.3457418978214264 -0.9238773584365845 
vn -0.16405190527439117 0.3457418978214264 -0.9238773584365845 
vn -0.16405190527439117 0.3457418978214264 -0.9238773584365845 
vn -0.16405190527439117 0.3457418978214264 -0.9238773584365845 
vn -0.11570686846971512 0.24233399331569672 0.9632684588432312 
vn -0.11570686846971512 0.24233399331569672 0.9632684588432312 
vn -0.11570686846971512 0.24233399331569672 0.9632684588432312 
vn -0.11570686846971512 0.24233399331569672 0.9632684588432312 
vn 0.28757840394973755 -0.60996013879776 0.7384084463119507 
vn 0.28757840394973755 -0.60996013879776 0.7384084463119507 
vn 0.28757840394973755 -0.60996013879776 0.7384084463119507 
vn 0.28757840394973755 -0.60996013879776 0.7384084463119507 
vn -0.9058874845504761 -0.42351776361465454 3.6648643231274036e-8 
vn -0.9058874845504761 -0.42351776361465454 3.6648643231274036e-8 
vn -0.9058874845504761 -0.42351776361465454 3.6648643231274036e-8 
vn -0.9058874845504761 -0.42351776361465454 3.6648643231274036e-8 
vn -0.9058874845504761 -0.42351776361465454 3.6648643231274036e-8 
vn -0.9058874845504761 -0.42351776361465454 3.6648643231274036e-8 
vn 0.9058874845504761 0.42351776361465454 -3.6648643231274036e-8 
vn 0.9058874845504761 0.42351776361465454 -3.6648643231274036e-8 
vn 0.9058874845504761 0.42351776361465454 -3.6648643231274036e-8 
vn 0.9058874845504761 0.42351776361465454 -3.6648643231274036e-8 
vn 0.9058874845504761 0.42351776361465454 -3.6648643231274036e-8 
vn 0.9058874845504761 0.42351776361465454 -3.6648643231274036e-8 
vn 0.0688633844256401 -0.14213749766349792 0.9874485731124878 
vn 0.0688633844256401 -0.14213749766349792 0.9874485731124878 
vn 0.0688633844256401 -0.14213749766349792 0.9874485731124878 
vn 0.0688633844256401 -0.14213749766349792 0.9874485731124878 
vn 0.4033612906932831 -0.8576151728630066 -0.3190538287162781 
vn 0.4033612906932831 -0.8576151728630066 -0.3190538287162781 
vn 0.4033612906932831 -0.8576151728630066 -0.3190538287162781 
vn 0.4033612906932831 -0.8576151728630066 -0.3190538287162781 
vn 0.11878441274166107 -0.24891656637191772 0.9612131714820862 
vn 0.11878441274166107 -0.24891656637191772 0.9612131714820862 
vn 0.11878441274166107 -0.24891656637191772 0.9612131714820862 
vn 0.11878441274166107 -0.24891656637191772 0.9612131714820862 
vn -0.16405196487903595 0.34574222564697266 0.9238772392272949 
vn -0.16405196487903595 0.34574222564697266 0.9238772392272949 
vn -0.16405196487903595 0.34574222564697266 0.9238772392272949 
vn -0.16405196487903595 0.34574222564697266 0.9238772392272949 
vn -0.11570680141448975 0.24233366549015045 -0.9632685780525208 
vn -0.11570680141448975 0.24233366549015045 -0.9632685780525208 
vn -0.11570680141448975 0.24233366549015045 -0.9632685780525208 
vn -0.11570680141448975 0.24233366549015045 -0.9632685780525208 
vn 0.2875784635543823 -0.6099603772163391 -0.7384082078933716 
vn 0.2875784635543823 -0.6099603772163391 -0.7384082078933716 
vn 0.2875784635543823 -0.6099603772163391 -0.7384082078933716 
vn 0.2875784635543823 -0.6099603772163391 -0.7384082078933716 
vn -0.9058874845504761 -0.42351776361465454 3.6648643231274036e-8 
vn -0.9058874845504761 -0.42351776361465454 3.6648643231274036e-8 
vn -0.9058874845504761 -0.42351776361465454 3.6648643231274036e-8 
vn -0.9058874845504761 -0.42351776361465454 3.6648643231274036e-8 
vn -0.9058874845504761 -0.42351776361465454 3.6648643231274036e-8 
vn -0.9058874845504761 -0.42351776361465454 3.6648643231274036e-8 
vn 0.9058874845504761 0.42351776361465454 -3.6648643231274036e-8 
vn 0.9058874845504761 0.42351776361465454 -3.6648643231274036e-8 
vn 0.9058874845504761 0.42351776361465454 -3.6648643231274036e-8 
vn 0.9058874845504761 0.42351776361465454 -3.6648643231274036e-8 
vn 0.9058874845504761 0.42351776361465454 -3.6648643231274036e-8 
vn 0.9058874845504761 0.42351776361465454 -3.6648643231274036e-8 
vn -0.385794997215271 0.0020315253641456366 -0.92258220911026 
vn -0.38549456000328064 -0.06590299308300018 -0.9203535318374634 
vn -0.385794997215271 0.0020315253641456366 -0.92258220911026 
vn -0.38549456000328064 -0.06590299308300018 -0.9203535318374634 
vn -0.3823457658290863 -0.1579236388206482 -0.9104239344596863 
vn -0.3823457658290863 -0.1579236388206482 -0.9104239344596863 
vn -0.3826252818107605 -0.22262252867221832 -0.8966811299324036 
vn -0.3826252818107605 -0.22262252867221832 -0.8966811299324036 
vn -0.3815152943134308 -0.3256152272224426 -0.8651130795478821 
vn -0.3815152943134308 -0.3256152272224426 -0.8651130795478821 
vn -0.3827923536300659 -0.4557969272136688 -0.8035663962364197 
vn -0.3827923536300659 -0.4557969272136688 -0.8035663962364197 
vn -0.3833286166191101 -0.5986387133598328 -0.7033424377441406 
vn -0.3833286166191101 -0.5986387133598328 -0.7033424377441406 
vn -0.38502416014671326 -0.7389275431632996 -0.5529395341873169 
vn -0.38502416014671326 -0.7389275431632996 -0.5529395341873169 
vn -0.38486579060554504 -0.8445653915405273 -0.37227293848991394 
vn -0.38486579060554504 -0.8445653915405273 -0.37227293848991394 
vn -0.38323521614074707 -0.9054473638534546 -0.18246999382972717 
vn -0.38323521614074707 -0.9054473638534546 -0.18246999382972717 
vn -0.3848889172077179 -0.9228933453559875 0.011308089829981327 
vn -0.3848889172077179 -0.9228933453559875 0.011308089829981327 
vn -0.3922777473926544 -0.8861057162284851 0.24684874713420868 
vn -0.3922777473926544 -0.8861057162284851 0.24684874713420868 
vn -0.41053974628448486 -0.7675977945327759 0.49218931794166565 
vn -0.41053974628448486 -0.7675977945327759 0.49218931794166565 
vn -0.43844544887542725 -0.5934845209121704 0.6749380230903625 
vn -0.43844544887542725 -0.5934845209121704 0.6749380230903625 
vn -0.4668499529361725 -0.43643030524253845 0.7691420316696167 
vn -0.4668499529361725 -0.43643030524253845 0.7691420316696167 
vn -0.48921260237693787 -0.3221907317638397 0.8104714751243591 
vn -0.48921260237693787 -0.3221907317638397 0.8104714751243591 
vn -0.5049055814743042 -0.2547885775566101 0.8247138857841492 
vn -0.5049055814743042 -0.2547885775566101 0.8247138857841492 
vn -0.5160132646560669 -0.2225065976381302 0.8271765112876892 
vn -0.5160132646560669 -0.2225065976381302 0.8271765112876892 
vn -0.5160132646560669 -0.2225065976381302 0.8271765112876892 
vn -0.5160132646560669 -0.2225065976381302 0.8271765112876892 
vn -0.5096229910850525 -0.236175075173378 0.8273484706878662 
vn -0.5096229910850525 -0.236175075173378 0.8273484706878662 
vn -0.924375593662262 0.003630149643868208 -0.3814656436443329 
vn -0.924375593662262 0.003630149643868208 -0.3814656436443329 
vn -0.9230523705482483 -0.02704528719186783 -0.3837217688560486 
vn -0.9230523705482483 -0.02704528719186783 -0.3837217688560486 
vn -0.9230806827545166 -0.06436005979776382 -0.37918245792388916 
vn -0.9230806827545166 -0.06436005979776382 -0.37918245792388916 
vn -0.9246110916137695 -0.09160598367452621 -0.3697325885295868 
vn -0.9246110916137695 -0.09160598367452621 -0.3697325885295868 
vn -0.9241036176681519 -0.1357976645231247 -0.3571987450122833 
vn -0.9241036176681519 -0.1357976645231247 -0.3571987450122833 
vn -0.9245762228965759 -0.18717025220394135 -0.3318518102169037 
vn -0.9245762228965759 -0.18717025220394135 -0.3318518102169037 
vn -0.9259408712387085 -0.2448175996541977 -0.28757143020629883 
vn -0.9259408712387085 -0.2448175996541977 -0.28757143020629883 
vn -0.9257506132125854 -0.303005576133728 -0.22621408104896545 
vn -0.9257506132125854 -0.303005576133728 -0.22621408104896545 
vn -0.9249473214149475 -0.3485502004623413 -0.1516069620847702 
vn -0.9249473214149475 -0.3485502004623413 -0.1516069620847702 
vn -0.9241211414337158 -0.3745838701725006 -0.07540876418352127 
vn -0.9241211414337158 -0.3745838701725006 -0.07540876418352127 
vn -0.9251891374588013 -0.3795054852962494 2.868258164312465e-8 
vn -0.9251891374588013 -0.3795054852962494 2.868258164312465e-8 
vn -0.9266195297241211 -0.3692399263381958 0.07097593694925308 
vn -0.9266195297241211 -0.3692399263381958 0.07097593694925308 
vn -0.9315744638442993 -0.33610236644744873 0.1385774165391922 
vn -0.9315744638442993 -0.33610236644744873 0.1385774165391922 
vn -0.9378585815429688 -0.29675036668777466 0.17988869547843933 
vn -0.9378585815429688 -0.29675036668777466 0.17988869547843933 
vn -0.9415921568870544 -0.27429449558258057 0.1953616738319397 
vn -0.9415921568870544 -0.27429449558258057 0.1953616738319397 
vn -0.9431580305099487 -0.268380343914032 0.19602139294147491 
vn -0.9431580305099487 -0.268380343914032 0.19602139294147491 
vn -0.9387174844741821 -0.28544190526008606 0.19321462512016296 
vn -0.9387174844741821 -0.28544190526008606 0.19321462512016296 
vn -0.9284089803695679 -0.31922072172164917 0.19014295935630798 
vn -0.9284089803695679 -0.31922072172164917 0.19014295935630798 
vn -0.9103567600250244 -0.3684629201889038 0.1883748173713684 
vn -0.9103567600250244 -0.3684629201889038 0.1883748173713684 
vn -0.8987089991569519 -0.3953705132007599 0.1897467076778412 
vn -0.8987089991569519 -0.3953705132007599 0.1897467076778412 
vn -0.9243756532669067 0.0036302756052464247 0.3814655840396881 
vn -0.9243756532669067 0.0036302756052464247 0.3814655840396881 
vn -0.9253676533699036 0.028706863522529602 0.3779817819595337 
vn -0.9253676533699036 0.028706863522529602 0.3779817819595337 
vn -0.9244734048843384 0.06839457899332047 0.3750608265399933 
vn -0.9244734048843384 0.06839457899332047 0.3750608265399933 
vn -0.9240491390228271 0.09206301718950272 0.37102174758911133 
vn -0.9240491390228271 0.09206301718950272 0.37102174758911133 
vn -0.9228980541229248 0.1339893937110901 0.3609785735607147 
vn -0.9228980541229248 0.1339893937110901 0.3609785735607147 
vn -0.9244393706321716 0.19012096524238586 0.3305530548095703 
vn -0.9244393706321716 0.19012096524238586 0.3305530548095703 
vn -0.9244711995124817 0.24520719051361084 0.2919347882270813 
vn -0.9244711995124817 0.24520719051361084 0.2919347882270813 
vn -0.9248618483543396 0.3031773269176483 0.2295944094657898 
vn -0.9248618483543396 0.3031773269176483 0.2295944094657898 
vn -0.9253341555595398 0.34838539361953735 0.14961202442646027 
vn -0.9253341555595398 0.34838539361953735 0.14961202442646027 
vn -0.9238479137420654 0.37529614567756653 0.07521507143974304 
vn -0.9238479137420654 0.37529614567756653 0.07521507143974304 
vn -0.9237527251243591 0.38269174098968506 -0.015079832635819912 
vn -0.9237527251243591 0.38269174098968506 -0.015079832635819912 
vn -0.9228230118751526 0.357997328042984 -0.14224982261657715 
vn -0.9228230118751526 0.357997328042984 -0.14224982261657715 
vn -0.9128666520118713 0.28480732440948486 -0.292504221200943 
vn -0.9128666520118713 0.28480732440948486 -0.292504221200943 
vn -0.8920615315437317 0.1688898205757141 -0.4191681742668152 
vn -0.8920615315437317 0.1688898205757141 -0.4191681742668152 
vn -0.868157684803009 0.043042175471782684 -0.4944179952144623 
vn -0.868157684803009 0.043042175471782684 -0.4944179952144623 
vn -0.8432527780532837 -0.061947066336870193 -0.5339353084564209 
vn -0.8432527780532837 -0.061947066336870193 -0.5339353084564209 
vn -0.8220537304878235 -0.15067704021930695 -0.5491117238998413 
vn -0.8220537304878235 -0.15067704021930695 -0.5491117238998413 
vn -0.7977356910705566 -0.22668516635894775 -0.5587764978408813 
vn -0.7977356910705566 -0.22668516635894775 -0.5587764978408813 
vn -0.7722609043121338 -0.2987823784351349 -0.5606619715690613 
vn -0.7722609043121338 -0.2987823784351349 -0.5606619715690613 
vn -0.7595353722572327 -0.32600170373916626 -0.5628752708435059 
vn -0.7595353722572327 -0.32600170373916626 -0.5628752708435059 
vn -0.38579508662223816 0.002031829673796892 0.92258220911026 
vn -0.38579508662223816 0.002031829673796892 0.92258220911026 
vn -0.38233107328414917 0.06268434226512909 0.921896755695343 
vn -0.38233107328414917 0.06268434226512909 0.921896755695343 
vn -0.38371512293815613 0.1541818082332611 0.9104891419410706 
vn -0.38371512293815613 0.1541818082332611 0.9104891419410706 
vn -0.38566282391548157 0.22792962193489075 0.8940425515174866 
vn -0.38566282391548157 0.22792962193489075 0.8940425515174866 
vn -0.3854525089263916 0.32783469557762146 0.8625257611274719 
vn -0.3854525089263916 0.32783469557762146 0.8625257611274719 
vn -0.3840864896774292 0.4567627012729645 0.8023996353149414 
vn -0.3840864896774292 0.4567627012729645 0.8023996353149414 
vn -0.3845365643501282 0.6010211110115051 0.7006461024284363 
vn -0.3845365643501282 0.6010211110115051 0.7006461024284363 
vn -0.3855361044406891 0.7369728088378906 0.5551869869232178 
vn -0.3855361044406891 0.7369728088378906 0.5551869869232178 
vn -0.38376384973526 0.8466472625732422 0.36866405606269836 
vn -0.38376384973526 0.8466472625732422 0.36866405606269836 
vn -0.3826564848423004 0.906160295009613 0.18013057112693787 
vn -0.3826564848423004 0.906160295009613 0.18013057112693787 
vn -0.3854524791240692 0.9224497675895691 -0.02263442985713482 
vn -0.3854524791240692 0.9224497675895691 -0.02263442985713482 
vn -0.3771921992301941 0.8841618299484253 -0.2756507396697998 
vn -0.3771921992301941 0.8841618299484253 -0.2756507396697998 
vn -0.35628488659858704 0.746603786945343 -0.5618215799331665 
vn -0.35628488659858704 0.746603786945343 -0.5618215799331665 
vn -0.3226652145385742 0.5406728982925415 -0.7768911123275757 
vn -0.3226652145385742 0.5406728982925415 -0.7768911123275757 
vn -0.2862583100795746 0.33950769901275635 -0.8959857821464539 
vn -0.2862583100795746 0.33950769901275635 -0.8959857821464539 
vn -0.25198307633399963 0.18439511954784393 -0.9500015377998352 
vn -0.25198307633399963 0.18439511954784393 -0.9500015377998352 
vn -0.22241969406604767 0.07024942338466644 -0.9724168181419373 
vn -0.22241969406604767 0.07024942338466644 -0.9724168181419373 
vn -0.1976822167634964 -0.0029745406936854124 -0.9802616238594055 
vn -0.1976822167634964 -0.0029745406936854124 -0.9802616238594055 
vn -0.18473675847053528 -0.050943344831466675 -0.9814668297767639 
vn -0.18473675847053528 -0.050943344831466675 -0.9814668297767639 
vn -0.17834195494651794 -0.06462156772613525 -0.9818443059921265 
vn -0.17834195494651794 -0.06462156772613525 -0.9818443059921265 
vn 0.385794997215271 -0.0020315253641456366 0.92258220911026 
vn 0.385794997215271 -0.0020315253641456366 0.92258220911026 
vn 0.38390594720840454 0.06930099427700043 0.9207679033279419 
vn 0.38390594720840454 0.06930099427700043 0.9207679033279419 
vn 0.3823457658290863 0.1579236388206482 0.9104239344596863 
vn 0.3823457658290863 0.1579236388206482 0.9104239344596863 
vn 0.38102829456329346 0.22603839635849 0.8965065479278564 
vn 0.38102829456329346 0.22603839635849 0.8965065479278564 
vn 0.3806478977203369 0.3274705410003662 0.8647947907447815 
vn 0.3806478977203369 0.3274705410003662 0.8647947907447815 
vn 0.38493841886520386 0.4512065649032593 0.8051303625106812 
vn 0.38493841886520386 0.4512065649032593 0.8051303625106812 
vn 0.3838105797767639 0.5976077914237976 0.7039560079574585 
vn 0.3838105797767639 0.5976077914237976 0.7039560079574585 
vn 0.38415786623954773 0.7407804727554321 0.5510595440864563 
vn 0.38415786623954773 0.7407804727554321 0.5510595440864563 
vn 0.38334423303604126 0.8478199243545532 0.36639872193336487 
vn 0.38334423303604126 0.8478199243545532 0.36639872193336487 
vn 0.3828481435775757 0.9062752723693848 0.1791420727968216 
vn 0.3828481435775757 0.9062752723693848 0.1791420727968216 
vn 0.3849204480648041 0.9228258728981018 -0.015103774145245552 
vn 0.3849204480648041 0.9228258728981018 -0.015103774145245552 
vn 0.3917708098888397 0.887190043926239 -0.2437395304441452 
vn 0.3917708098888397 0.887190043926239 -0.2437395304441452 
vn 0.4110696315765381 0.7664644122123718 -0.4935115575790405 
vn 0.4110696315765381 0.7664644122123718 -0.4935115575790405 
vn 0.4389379620552063 0.5924310684204102 -0.6755431294441223 
vn 0.4389379620552063 0.5924310684204102 -0.6755431294441223 
vn 0.46815288066864014 0.4336433708667755 -0.7699260115623474 
vn 0.46815288066864014 0.4336433708667755 -0.7699260115623474 
vn 0.4915464222431183 0.3171987533569336 -0.8110283017158508 
vn 0.4915464222431183 0.3171987533569336 -0.8110283017158508 
vn 0.5072945952415466 0.2496785670518875 -0.8248106837272644 
vn 0.5072945952415466 0.2496785670518875 -0.8248106837272644 
vn 0.5152238607406616 0.22419510781764984 -0.8272126317024231 
vn 0.5152238607406616 0.22419510781764984 -0.8272126317024231 
vn 0.5152238607406616 0.22419510781764984 -0.8272126317024231 
vn 0.5152238607406616 0.22419510781764984 -0.8272126317024231 
vn 0.5120241641998291 0.2310391515493393 -0.8273161053657532 
vn 0.5120241641998291 0.2310391515493393 -0.8273161053657532 
vn 0.9238302707672119 -0.0024637472815811634 0.38279369473457336 
vn 0.9238302707672119 -0.0024637472815811634 0.38279369473457336 
vn 0.9236133098602295 0.025845462456345558 0.3824526071548462 
vn 0.9236133098602295 0.025845462456345558 0.3824526071548462 
vn 0.9236318469047546 0.06318115442991257 0.37803685665130615 
vn 0.9236318469047546 0.06318115442991257 0.37803685665130615 
vn 0.9239245653152466 0.09307446330785751 0.37107959389686584 
vn 0.9239245653152466 0.09307446330785751 0.37107959389686584 
vn 0.9246283769607544 0.13467518985271454 0.35626447200775146 
vn 0.9246283769607544 0.13467518985271454 0.35626447200775146 
vn 0.9241604208946228 0.18805955350399017 0.3325064778327942 
vn 0.9241604208946228 0.18805955350399017 0.3325064778327942 
vn 0.9254865050315857 0.24578940868377686 0.2882043123245239 
vn 0.9254865050315857 0.24578940868377686 0.2882043123245239 
vn 0.9252567291259766 0.30406200885772705 0.22681644558906555 
vn 0.9252567291259766 0.30406200885772705 0.22681644558906555 
vn 0.9258707761764526 0.34657490253448486 0.15049433708190918 
vn 0.9258707761764526 0.34657490253448486 0.15049433708190918 
vn 0.9259120225906372 0.37075334787368774 0.07230775058269501 
vn 0.9259120225906372 0.37075334787368774 0.07230775058269501 
vn 0.9251891374588013 0.3795054852962494 -2.8682570984983613e-8 
vn 0.9251891374588013 0.3795054852962494 -2.8682570984983613e-8 
vn 0.9259120225906372 0.37075331807136536 -0.07230781018733978 
vn 0.9259120225906372 0.37075331807136536 -0.07230781018733978 
vn 0.9320669174194336 0.335049033164978 -0.1378147155046463 
vn 0.9320669174194336 0.335049033164978 -0.1378147155046463 
vn 0.9383734464645386 0.29564914107322693 -0.17901493608951569 
vn 0.9383734464645386 0.29564914107322693 -0.17901493608951569 
vn 0.9424870610237122 0.27238035202026367 -0.19371771812438965 
vn 0.9424870610237122 0.27238035202026367 -0.19371771812438965 
vn 0.942439079284668 0.26991820335388184 -0.1973632574081421 
vn 0.942439079284668 0.26991820335388184 -0.1973632574081421 
vn 0.9383253455162048 0.28628069162368774 -0.19387730956077576 
vn 0.9383253455162048 0.28628069162368774 -0.19387730956077576 
vn 0.9274482727050781 0.32127559185028076 -0.19136640429496765 
vn 0.9274482727050781 0.32127559185028076 -0.19136640429496765 
vn 0.9090709686279297 0.3712131381034851 -0.18918290734291077 
vn 0.9090709686279297 0.3712131381034851 -0.18918290734291077 
vn 0.8963831663131714 0.4003453254699707 -0.1903163641691208 
vn 0.8963831663131714 0.4003453254699707 -0.1903163641691208 
vn 0.9238303303718567 -0.002463873475790024 -0.3827936351299286 
vn 0.9238303303718567 -0.002463873475790024 -0.3827936351299286 
vn 0.9248637557029724 -0.027629094198346138 -0.3792930543422699 
vn 0.9248637557029724 -0.027629094198346138 -0.3792930543422699 
vn 0.9229957461357117 -0.06523397564888 -0.37923988699913025 
vn 0.9229957461357117 -0.06523397564888 -0.37923988699913025 
vn 0.9248239398002625 -0.09372031688690186 -0.3686688542366028 
vn 0.9248239398002625 -0.09372031688690186 -0.3686688542366028 
vn 0.9236372113227844 -0.13557042181491852 -0.35848909616470337 
vn 0.9236372113227844 -0.13557042181491852 -0.35848909616470337 
vn 0.9233488440513611 -0.18778832256793976 -0.3349058926105499 
vn 0.9233488440513611 -0.18778832256793976 -0.3349058926105499 
vn 0.9250585436820984 -0.24646349251270294 -0.28900155425071716 
vn 0.9250585436820984 -0.24646349251270294 -0.28900155425071716 
vn 0.9248067140579224 -0.3030594289302826 -0.22997167706489563 
vn 0.9248067140579224 -0.3030594289302826 -0.22997167706489563 
vn 0.9249537587165833 -0.3475717306137085 -0.15379829704761505 
vn 0.9249537587165833 -0.3475717306137085 -0.15379829704761505 
vn 0.9239974021911621 -0.3756159543991089 -0.07169971615076065 
vn 0.9239974021911621 -0.3756159543991089 -0.07169971615076065 
vn 0.92375248670578 -0.38269129395484924 0.015104389749467373 
vn 0.92375248670578 -0.38269129395484924 0.015104389749467373 
vn 0.9227839112281799 -0.35791367292404175 0.14271321892738342 
vn 0.9227839112281799 -0.35791367292404175 0.14271321892738342 
vn 0.9121113419532776 -0.28319162130355835 0.29640328884124756 
vn 0.9121113419532776 -0.28319162130355835 0.29640328884124756 
vn 0.8916386365890503 -0.16798518598079681 0.42042961716651917 
vn 0.8916386365890503 -0.16798518598079681 0.42042961716651917 
vn 0.869929850101471 -0.04683271422982216 0.49094638228416443 
vn 0.869929850101471 -0.04683271422982216 0.49094638228416443 
vn 0.8455630540847778 0.0570053793489933 0.5308229923248291 
vn 0.8455630540847778 0.0570053793489933 0.5308229923248291 
vn 0.8224035501480103 0.1499287635087967 0.5487926006317139 
vn 0.8224035501480103 0.1499287635087967 0.5487926006317139 
vn 0.797966718673706 0.22619107365608215 0.5586469173431396 
vn 0.797966718673706 0.22619107365608215 0.5586469173431396 
vn 0.7739559412002563 0.29515665769577026 0.5602449178695679 
vn 0.7739559412002563 0.29515665769577026 0.5602449178695679 
vn 0.757982611656189 0.32932308316230774 0.5630349516868591 
vn 0.757982611656189 0.32932308316230774 0.5630349516868591 
vn 0.38579508662223816 -0.002031829673796892 -0.92258220911026 
vn 0.38579508662223816 -0.002031829673796892 -0.92258220911026 
vn 0.38477954268455505 -0.06792154163122177 -0.9205060005187988 
vn 0.38477954268455505 -0.06792154163122177 -0.9205060005187988 
vn 0.38311079144477844 -0.15288914740085602 -0.9109615087509155 
vn 0.38311079144477844 -0.15288914740085602 -0.9109615087509155 
vn 0.38418394327163696 -0.22476637363433838 -0.8954790234565735 
vn 0.38418394327163696 -0.22476637363433838 -0.8954790234565735 
vn 0.38355275988578796 -0.32377123832702637 -0.8649042248725891 
vn 0.38355275988578796 -0.32377123832702637 -0.8649042248725891 
vn 0.3840864896774292 -0.4567627012729645 -0.8023996353149414 
vn 0.3840864896774292 -0.4567627012729645 -0.8023996353149414 
vn 0.38340988755226135 -0.5986112356185913 -0.7033215165138245 
vn 0.38340988755226135 -0.5986112356185913 -0.7033215165138245 
vn 0.3855361044406891 -0.7369728088378906 -0.5551869869232178 
vn 0.3855361044406891 -0.7369728088378906 -0.5551869869232178 
vn 0.38376384973526 -0.8466472625732422 -0.36866405606269836 
vn 0.38376384973526 -0.8466472625732422 -0.36866405606269836 
vn 0.3826564848423004 -0.906160295009613 -0.18013057112693787 
vn 0.3826564848423004 -0.906160295009613 -0.18013057112693787 
vn 0.3854524791240692 -0.9224497675895691 0.02263442985713482 
vn 0.3854524791240692 -0.9224497675895691 0.02263442985713482 
vn 0.3771921992301941 -0.8841618299484253 0.2756507396697998 
vn 0.3771921992301941 -0.8841618299484253 0.2756507396697998 
vn 0.3602295219898224 -0.744724690914154 0.5618001222610474 
vn 0.3602295219898224 -0.744724690914154 0.5618001222610474 
vn 0.32390719652175903 -0.5433294773101807 0.774517297744751 
vn 0.32390719652175903 -0.5433294773101807 0.774517297744751 
vn 0.28769850730895996 -0.3425882160663605 0.8943504691123962 
vn 0.28769850730895996 -0.3425882160663605 0.8943504691123962 
vn 0.2504463791847229 -0.18110822141170502 0.9510396718978882 
vn 0.2504463791847229 -0.18110822141170502 0.9510396718978882 
vn 0.22241969406604767 -0.07024942338466644 0.9724168181419373 
vn 0.22241969406604767 -0.07024942338466644 0.9724168181419373 
vn 0.1969267874956131 0.004590364173054695 0.9804074168205261 
vn 0.1969267874956131 0.004590364173054695 0.9804074168205261 
vn 0.186335027217865 0.04752473533153534 0.9813361763954163 
vn 0.186335027217865 0.04752473533153534 0.9813361763954163 
vn 0.17674294114112854 0.06804182380437851 0.9819023609161377 
vn 0.17674294114112854 0.06804182380437851 0.9819023609161377 
vn 0.0017986989114433527 0.9999980926513672 -1.6485776654917572e-7 
vn 0.0017986989114433527 0.9999980926513672 -1.6485776654917572e-7 
vn 0.0017986989114433527 0.9999980926513672 -1.6485776654917572e-7 
vn 0.0017986989114433527 0.9999980926513672 -1.6485776654917572e-7 
vn 0.0017986989114433527 0.9999980926513672 -1.6485776654917572e-7 
vn 0.0017986989114433527 0.9999980926513672 -1.6485776654917572e-7 
vn 0.0017986989114433527 0.9999980926513672 -1.6485776654917572e-7 
vn 0.0017986989114433527 0.9999980926513672 -1.6485776654917572e-7 
vn -0.4016155004501343 0.9157769083976746 0.007549487520009279 
vn -0.4016155004501343 0.9157769083976746 0.007549487520009279 
vn -0.4016155004501343 0.9157769083976746 0.007549487520009279 
vn -0.4016155004501343 0.9157769083976746 0.007549487520009279 
vn -0.4016155004501343 0.9157769083976746 0.007549487520009279 
vn -0.4016155004501343 0.9157769083976746 0.007549487520009279 
vn -0.4016155004501343 0.9157769083976746 0.007549487520009279 
vn -0.4016155004501343 0.9157769083976746 0.007549487520009279 
vn 0.3444962799549103 0.16314275562763214 0.9245034456253052 
vn 0.001978812040761113 0.0009254217147827148 0.999997615814209 
vn 0.001978812040761113 0.0009254217147827148 0.999997615814209 
vn -0.3436990976333618 -0.1648487150669098 0.9244975447654724 
vn 0.3444962799549103 0.16314275562763214 0.9245034456253052 
vn 0.6390593647956848 0.30085524916648865 0.7078763842582703 
vn 0.6390593647956848 0.30085524916648865 0.7078763842582703 
vn 0.8351381421089172 0.3946201503276825 0.3831694424152374 
vn 0.8351381421089172 0.3946201503276825 0.3831694424152374 
vn 0.9058874845504761 0.42351776361465454 1.7933150786575425e-7 
vn 0.9058874845504761 0.42351776361465454 1.7933150786575425e-7 
vn 0.8351383209228516 0.39462003111839294 -0.3831690847873688 
vn 0.8351383209228516 0.39462003111839294 -0.3831690847873688 
vn 0.6390597224235535 0.30085501074790955 -0.7078761458396912 
vn 0.6390597224235535 0.30085501074790955 -0.7078761458396912 
vn 0.34449678659439087 0.16314244270324707 -0.9245033264160156 
vn 0.34449678659439087 0.16314244270324707 -0.9245033264160156 
vn -0.001978812040761113 -0.0009254217147827148 -0.999997615814209 
vn -0.001978812040761113 -0.0009254217147827148 -0.999997615814209 
vn -0.3436985909938812 -0.16484901309013367 -0.924497663974762 
vn -0.3436985909938812 -0.16484901309013367 -0.924497663974762 
vn -0.6382625102996826 -0.30255958437919617 -0.7078688740730286 
vn -0.6382625102996826 -0.30255958437919617 -0.7078688740730286 
vn -0.8367413878440857 -0.39119088649749756 -0.3831881582736969 
vn -0.8367413878440857 -0.39119088649749756 -0.3831881582736969 
vn -0.9058874845504761 -0.42351776361465454 -1.7933150786575425e-7 
vn -0.9058874845504761 -0.42351776361465454 -1.7933150786575425e-7 
vn -0.83674156665802 -0.391190767288208 0.38318780064582825 
vn -0.83674156665802 -0.391190767288208 0.38318780064582825 
vn -0.638262927532196 -0.30255937576293945 0.7078686356544495 
vn -0.638262927532196 -0.30255937576293945 0.7078686356544495 
vn -0.3436990976333618 -0.1648487150669098 0.9244975447654724 
vn -0.08780190348625183 0.7847922444343567 0.6135076284408569 
vn -0.31502795219421387 0.6789903044700623 0.6631209254264832 
vn -0.31502795219421387 0.6789903044700623 0.6631209254264832 
vn -0.5458821654319763 0.5706319808959961 0.6135075688362122 
vn -0.08780190348625183 0.7847922444343567 0.6135076284408569 
vn 0.10784348100423813 0.8746923804283142 0.4725278317928314 
vn 0.10784348100423813 0.8746923804283142 0.4725278317928314 
vn 0.23600272834300995 0.9383823871612549 0.2524690628051758 
vn 0.23600272834300995 0.9383823871612549 0.2524690628051758 
vn 0.28612324595451355 0.9581925272941589 -7.932587919867728e-8 
vn 0.28612324595451355 0.9581925272941589 -7.932587919867728e-8 
vn 0.2360028624534607 0.9383823275566101 -0.2524692416191101 
vn 0.2360028624534607 0.9383823275566101 -0.2524692416191101 
vn 0.10784374177455902 0.8746922612190247 -0.4725280702114105 
vn 0.10784374177455902 0.8746922612190247 -0.4725280702114105 
vn -0.08780156821012497 0.7847920656204224 -0.6135079860687256 
vn -0.08780156821012497 0.7847920656204224 -0.6135079860687256 
vn -0.3189857602119446 0.6771395802497864 -0.6631212830543518 
vn -0.3189857602119446 0.6771395802497864 -0.6631212830543518 
vn -0.5458818078041077 0.5706318020820618 -0.6135080456733704 
vn -0.5458818078041077 0.5706318020820618 -0.6135080456733704 
vn -0.7404778599739075 0.478487104177475 -0.47195565700531006 
vn -0.7404778599739075 0.478487104177475 -0.47195565700531006 
vn -0.8714318871498108 0.42077499628067017 -0.252099871635437 
vn -0.8714318871498108 0.42077499628067017 -0.252099871635437 
vn -0.918720543384552 0.3949076533317566 -3.1783943654772884e-7 
vn -0.918720543384552 0.3949076533317566 -3.1783943654772884e-7 
vn -0.8714320063591003 0.42077508568763733 0.25209927558898926 
vn -0.8714320063591003 0.42077508568763733 0.25209927558898926 
vn -0.7404780983924866 0.4784872531890869 0.4719551205635071 
vn -0.7404780983924866 0.4784872531890869 0.4719551205635071 
vn -0.5458821654319763 0.5706319808959961 0.6135075688362122 
vn 0.3444962799549103 0.16314275562763214 0.9245034456253052 
vn 0.001978812040761113 0.0009254217147827148 0.999997615814209 
vn 0.001978812040761113 0.0009254217147827148 0.999997615814209 
vn -0.3436990976333618 -0.1648487150669098 0.9244975447654724 
vn 0.3444962799549103 0.16314275562763214 0.9245034456253052 
vn 0.6390593647956848 0.30085524916648865 0.7078763842582703 
vn 0.6390593647956848 0.30085524916648865 0.7078763842582703 
vn 0.8351381421089172 0.3946201503276825 0.3831694424152374 
vn 0.8351381421089172 0.3946201503276825 0.3831694424152374 
vn 0.9058874845504761 0.42351776361465454 1.7933150786575425e-7 
vn 0.9058874845504761 0.42351776361465454 1.7933150786575425e-7 
vn 0.8351383209228516 0.39462003111839294 -0.3831690847873688 
vn 0.8351383209228516 0.39462003111839294 -0.3831690847873688 
vn 0.6390597224235535 0.30085501074790955 -0.7078761458396912 
vn 0.6390597224235535 0.30085501074790955 -0.7078761458396912 
vn 0.34449678659439087 0.16314244270324707 -0.9245033264160156 
vn 0.34449678659439087 0.16314244270324707 -0.9245033264160156 
vn -0.001978812040761113 -0.0009254217147827148 -0.999997615814209 
vn -0.001978812040761113 -0.0009254217147827148 -0.999997615814209 
vn -0.3436985909938812 -0.16484901309013367 -0.924497663974762 
vn -0.3436985909938812 -0.16484901309013367 -0.924497663974762 
vn -0.6382625102996826 -0.30255958437919617 -0.7078688740730286 
vn -0.6382625102996826 -0.30255958437919617 -0.7078688740730286 
vn -0.8367413878440857 -0.39119088649749756 -0.3831881582736969 
vn -0.8367413878440857 -0.39119088649749756 -0.3831881582736969 
vn -0.9058874845504761 -0.42351776361465454 -1.7933150786575425e-7 
vn -0.9058874845504761 -0.42351776361465454 -1.7933150786575425e-7 
vn -0.83674156665802 -0.391190767288208 0.38318780064582825 
vn -0.83674156665802 -0.391190767288208 0.38318780064582825 
vn -0.638262927532196 -0.30255937576293945 0.7078686356544495 
vn -0.638262927532196 -0.30255937576293945 0.7078686356544495 
vn -0.3436990976333618 -0.1648487150669098 0.9244975447654724 
vn 0.08077257126569748 0.6018580198287964 0.7945076823234558 
vn -0.21437907218933105 0.46370628476142883 0.8596615195274353 
vn -0.21437907218933105 0.46370628476142883 0.8596615195274353 
vn -0.5140412449836731 0.32488563656806946 0.7938581109046936 
vn 0.08077257126569748 0.6018580198287964 0.7945076823234558 
vn 0.33518436551094055 0.7180575132369995 0.6099544763565063 
vn 0.33518436551094055 0.7180575132369995 0.6099544763565063 
vn 0.5049931406974792 0.7980465888977051 0.3287903666496277 
vn 0.5049931406974792 0.7980465888977051 0.3287903666496277 
vn 0.5649768114089966 0.8251064419746399 1.932662918591177e-8 
vn 0.5649768114089966 0.8251064419746399 1.932662918591177e-8 
vn 0.5049933195114136 0.7980464696884155 -0.3287903666496277 
vn 0.5049933195114136 0.7980464696884155 -0.3287903666496277 
vn 0.3351846933364868 0.7180573344230652 -0.6099544763565063 
vn 0.3351846933364868 0.7180573344230652 -0.6099544763565063 
vn 0.0807730108499527 0.6018577814102173 -0.7945078015327454 
vn 0.0807730108499527 0.6018577814102173 -0.7945078015327454 
vn -0.21833676099777222 0.4618555009365082 -0.8596617579460144 
vn -0.21833676099777222 0.4618555009365082 -0.8596617579460144 
vn -0.5140408277511597 0.32488536834716797 -0.7938584685325623 
vn -0.5140408277511597 0.32488536834716797 -0.7938584685325623 
vn -0.7666041254997253 0.2047320455312729 -0.6086070537567139 
vn -0.7666041254997253 0.2047320455312729 -0.6086070537567139 
vn -0.9363489747047424 0.12460626661777496 -0.32821232080459595 
vn -0.9363489747047424 0.12460626661777496 -0.32821232080459595 
vn -0.9954200983047485 0.09559441357851028 -2.8957302333765256e-7 
vn -0.9954200983047485 0.09559441357851028 -2.8957302333765256e-7 
vn -0.9363491535186768 0.12460637837648392 0.32821178436279297 
vn -0.9363491535186768 0.12460637837648392 0.32821178436279297 
vn -0.766604483127594 0.2047322541475296 0.6086065769195557 
vn -0.766604483127594 0.2047322541475296 0.6086065769195557 
vn -0.5140412449836731 0.32488563656806946 0.7938581109046936 
vn 0.5310760140419006 -0.7507956624031067 0.392764151096344 
vn 0.38551458716392517 -0.8194419741630554 0.4241378605365753 
vn 0.38551458716392517 -0.8194419741630554 0.4241378605365753 
vn 0.2355392873287201 -0.888964056968689 0.3927640914916992 
vn 0.5310760140419006 -0.7507956624031067 0.392764151096344 
vn 0.6549466252326965 -0.694849967956543 0.29703179001808167 
vn 0.6549466252326965 -0.694849967956543 0.29703179001808167 
vn 0.736385703086853 -0.6560510993003845 0.1653256118297577 
vn 0.736385703086853 -0.6560510993003845 0.1653256118297577 
vn 0.7684679627418518 -0.639876663684845 0.0037765775341540575 
vn 0.7684679627418518 -0.639876663684845 0.0037765775341540575 
vn 0.7363857626914978 -0.6560511589050293 -0.16532498598098755 
vn 0.7363857626914978 -0.6560511589050293 -0.16532498598098755 
vn 0.6549468040466309 -0.6948500275611877 -0.2970311939716339 
vn 0.6549468040466309 -0.6948500275611877 -0.2970311939716339 
vn 0.5310762524604797 -0.7507957816123962 -0.392763614654541 
vn 0.5310762524604797 -0.7507957816123962 -0.392763614654541 
vn 0.3815566599369049 -0.8212926387786865 -0.4241373836994171 
vn 0.3815566599369049 -0.8212926387786865 -0.4241373836994171 
vn 0.235539510846138 -0.8889642357826233 -0.3927636742591858 
vn 0.235539510846138 -0.8889642357826233 -0.3927636742591858 
vn 0.1131773442029953 -0.9481364488601685 -0.29703131318092346 
vn 0.1131773442029953 -0.9481364488601685 -0.29703131318092346 
vn 0.03148186579346657 -0.986386775970459 -0.1613987237215042 
vn 0.03148186579346657 -0.986386775970459 -0.1613987237215042 
vn -0.0017986989114433527 -0.9999980926513672 1.6442911032754637e-7 
vn -0.0017986989114433527 -0.9999980926513672 1.6442911032754637e-7 
vn 0.0314817801117897 -0.9863867163658142 0.16139905154705048 
vn 0.0314817801117897 -0.9863867163658142 0.16139905154705048 
vn 0.11317718774080276 -0.9481363296508789 0.2970316708087921 
vn 0.11317718774080276 -0.9481363296508789 0.2970316708087921 
vn 0.2355392873287201 -0.888964056968689 0.3927640914916992 
vn 0.3444962799549103 0.16314275562763214 0.9245034456253052 
vn 0.001978812040761113 0.0009254217147827148 0.999997615814209 
vn 0.001978812040761113 0.0009254217147827148 0.999997615814209 
vn -0.3436990976333618 -0.1648487150669098 0.9244975447654724 
vn 0.3444962799549103 0.16314275562763214 0.9245034456253052 
vn 0.6390593647956848 0.30085524916648865 0.7078763842582703 
vn 0.6390593647956848 0.30085524916648865 0.7078763842582703 
vn 0.8351381421089172 0.3946201503276825 0.3831694424152374 
vn 0.8351381421089172 0.3946201503276825 0.3831694424152374 
vn 0.9058874845504761 0.42351776361465454 1.7933150786575425e-7 
vn 0.9058874845504761 0.42351776361465454 1.7933150786575425e-7 
vn 0.8351383209228516 0.39462003111839294 -0.3831690847873688 
vn 0.8351383209228516 0.39462003111839294 -0.3831690847873688 
vn 0.6390597224235535 0.30085501074790955 -0.7078761458396912 
vn 0.6390597224235535 0.30085501074790955 -0.7078761458396912 
vn 0.34449678659439087 0.16314244270324707 -0.9245033264160156 
vn 0.34449678659439087 0.16314244270324707 -0.9245033264160156 
vn -0.001978812040761113 -0.0009254217147827148 -0.999997615814209 
vn -0.001978812040761113 -0.0009254217147827148 -0.999997615814209 
vn -0.3436985909938812 -0.16484901309013367 -0.924497663974762 
vn -0.3436985909938812 -0.16484901309013367 -0.924497663974762 
vn -0.6382625102996826 -0.30255958437919617 -0.7078688740730286 
vn -0.6382625102996826 -0.30255958437919617 -0.7078688740730286 
vn -0.8367413878440857 -0.39119088649749756 -0.3831881582736969 
vn -0.8367413878440857 -0.39119088649749756 -0.3831881582736969 
vn -0.9058874845504761 -0.42351776361465454 -1.7933150786575425e-7 
vn -0.9058874845504761 -0.42351776361465454 -1.7933150786575425e-7 
vn -0.83674156665802 -0.391190767288208 0.38318780064582825 
vn -0.83674156665802 -0.391190767288208 0.38318780064582825 
vn -0.638262927532196 -0.30255937576293945 0.7078686356544495 
vn -0.638262927532196 -0.30255937576293945 0.7078686356544495 
vn -0.3436990976333618 -0.1648487150669098 0.9244975447654724 
vn -0.42549583315849304 0.9049600958824158 -2.662895042249147e-7 
vn -0.42549583315849304 0.9049600958824158 -2.662895042249147e-7 
vn -0.42549583315849304 0.9049600958824158 -2.662895042249147e-7 
vn -0.42549583315849304 0.9049600958824158 -2.662895042249147e-7 
vn -0.42549583315849304 0.9049600958824158 -2.662895042249147e-7 
vn -0.42549583315849304 0.9049600958824158 -2.662895042249147e-7 
vn -0.42549583315849304 0.9049600958824158 -2.662895042249147e-7 
vn -0.42549583315849304 0.9049600958824158 -2.662895042249147e-7 
vn -0.42549583315849304 0.9049600958824158 -2.662895042249147e-7 
vn -0.42549583315849304 0.9049600958824158 -2.662895042249147e-7 
vn -0.42549583315849304 0.9049600958824158 -2.662895042249147e-7 
vn -0.42549583315849304 0.9049600958824158 -2.662895042249147e-7 
vn -0.42549583315849304 0.9049600958824158 -2.662895042249147e-7 
vn -0.42549583315849304 0.9049600958824158 -2.662895042249147e-7 
vn -0.42549583315849304 0.9049600958824158 -2.662895042249147e-7 
vn -0.42549583315849304 0.9049600958824158 -2.662895042249147e-7 
vn -0.42549583315849304 0.9049600958824158 -2.662895042249147e-7 
vn -0.42549583315849304 0.9049600958824158 -2.662895042249147e-7 
vn -0.42549583315849304 0.9049600958824158 -2.662895042249147e-7 
vn -0.42549583315849304 0.9049600958824158 -2.662895042249147e-7 
vn -0.42549583315849304 0.9049600958824158 -2.662895042249147e-7 
vn -0.42549583315849304 0.9049600958824158 -2.662895042249147e-7 
vn -0.42549583315849304 0.9049600958824158 -2.662895042249147e-7 
vn -0.42549583315849304 0.9049600958824158 -2.662895042249147e-7 
vn -0.42549583315849304 0.9049600958824158 -2.662895042249147e-7 
vn -0.42549583315849304 0.9049600958824158 -2.662895042249147e-7 
vn -0.42549583315849304 0.9049600958824158 -2.662895042249147e-7 
vn -0.42549583315849304 0.9049600958824158 -2.662895042249147e-7 
vn -0.42549583315849304 0.9049600958824158 -2.662895042249147e-7 
vn -0.42549583315849304 0.9049600958824158 -2.662895042249147e-7 
vn -0.42549583315849304 0.9049600958824158 -2.662895042249147e-7 
vn -0.42549583315849304 0.9049600958824158 -2.662895042249147e-7 
vn 0.3444962799549103 0.16314275562763214 0.9245034456253052 
vn -0.0019793622195720673 -0.0009250918519683182 0.999997615814209 
vn -0.0019793622195720673 -0.0009250918519683182 0.999997615814209 
vn -0.3436990976333618 -0.1648487150669098 0.9244975447654724 
vn 0.3444962799549103 0.16314275562763214 0.9245034456253052 
vn 0.6390593647956848 0.30085524916648865 0.7078763842582703 
vn 0.6390593647956848 0.30085524916648865 0.7078763842582703 
vn 0.8351381421089172 0.3946201503276825 0.3831694424152374 
vn 0.8351381421089172 0.3946201503276825 0.3831694424152374 
vn 0.9058874845504761 0.42351776361465454 1.7933150786575425e-7 
vn 0.9058874845504761 0.42351776361465454 1.7933150786575425e-7 
vn 0.8351383209228516 0.39462003111839294 -0.3831690847873688 
vn 0.8351383209228516 0.39462003111839294 -0.3831690847873688 
vn 0.6390597224235535 0.30085501074790955 -0.7078761458396912 
vn 0.6390597224235535 0.30085501074790955 -0.7078761458396912 
vn 0.34449678659439087 0.16314244270324707 -0.9245033264160156 
vn 0.34449678659439087 0.16314244270324707 -0.9245033264160156 
vn -0.001978812040761113 -0.0009254217147827148 -0.999997615814209 
vn -0.001978812040761113 -0.0009254217147827148 -0.999997615814209 
vn -0.3436985909938812 -0.16484901309013367 -0.924497663974762 
vn -0.3436985909938812 -0.16484901309013367 -0.924497663974762 
vn -0.6382625102996826 -0.30255958437919617 -0.7078688740730286 
vn -0.6382625102996826 -0.30255958437919617 -0.7078688740730286 
vn -0.8367413878440857 -0.39119088649749756 -0.3831881582736969 
vn -0.8367413878440857 -0.39119088649749756 -0.3831881582736969 
vn -0.9058874845504761 -0.42351776361465454 -1.7933150786575425e-7 
vn -0.9058874845504761 -0.42351776361465454 -1.7933150786575425e-7 
vn -0.83674156665802 -0.391190767288208 0.38318780064582825 
vn -0.83674156665802 -0.391190767288208 0.38318780064582825 
vn -0.638262927532196 -0.30255937576293945 0.7078686356544495 
vn -0.638262927532196 -0.30255937576293945 0.7078686356544495 
vn -0.3436990976333618 -0.1648487150669098 0.9244975447654724 
vn 0.5451209545135498 -0.5490639805793762 0.6335389018058777 
vn 0.3064006268978119 -0.6605373620986938 0.6854259371757507 
vn 0.3064006268978119 -0.6605373620986938 0.6854259371757507 
vn 0.07092918455600739 -0.7686430811882019 0.6357330083847046 
vn 0.5451209545135498 -0.5490639805793762 0.6335389018058777 
vn 0.7466957569122314 -0.45549139380455017 0.4847397208213806 
vn 0.7466957569122314 -0.45549139380455017 0.4847397208213806 
vn 0.88347989320755 -0.39007094502449036 0.2594366669654846 
vn 0.88347989320755 -0.39007094502449036 0.2594366669654846 
vn 0.9303674697875977 -0.3666275441646576 3.1637921438232297e-7 
vn 0.9303674697875977 -0.3666275441646576 3.1637921438232297e-7 
vn 0.8834800720214844 -0.3900710344314575 -0.25943607091903687 
vn 0.8834800720214844 -0.3900710344314575 -0.25943607091903687 
vn 0.7466960549354553 -0.4554915726184845 -0.48473918437957764 
vn 0.7466960549354553 -0.4554915726184845 -0.48473918437957764 
vn 0.5451213121414185 -0.5490642189979553 -0.6335384249687195 
vn 0.5451213121414185 -0.5490642189979553 -0.6335384249687195 
vn 0.30640098452568054 -0.660537600517273 -0.6854255795478821 
vn 0.30640098452568054 -0.660537600517273 -0.6854255795478821 
vn 0.07092953473329544 -0.768643319606781 -0.6357327699661255 
vn 0.07092953473329544 -0.768643319606781 -0.6357327699661255 
vn -0.1300438940525055 -0.8635022044181824 -0.48729056119918823 
vn -0.1300438940525055 -0.8635022044181824 -0.48729056119918823 
vn -0.2671191990375519 -0.9282998442649841 -0.2586621642112732 
vn -0.2671191990375519 -0.9282998442649841 -0.2586621642112732 
vn -0.3152960240840912 -0.9489855766296387 -0.003770607989281416 
vn -0.3152960240840912 -0.9489855766296387 0.0037707476876676083 
vn -0.2671193480491638 -0.9282997846603394 0.2586623430252075 
vn -0.2671193480491638 -0.9282997846603394 0.2586623430252075 
vn -0.13004416227340698 -0.863502025604248 0.48729079961776733 
vn -0.13004416227340698 -0.863502025604248 0.48729079961776733 
vn 0.07092918455600739 -0.7686430811882019 0.6357330083847046 
vn -0.42549583315849304 0.9049600958824158 -2.662895042249147e-7 
vn -0.42549583315849304 0.9049600958824158 -2.662895042249147e-7 
vn -0.42549583315849304 0.9049600958824158 -2.662895042249147e-7 
vn -0.42549583315849304 0.9049600958824158 -2.662895042249147e-7 
vn -0.42549583315849304 0.9049600958824158 -2.662895042249147e-7 
vn -0.42549583315849304 0.9049600958824158 -2.662895042249147e-7 
vn -0.42549583315849304 0.9049600958824158 -2.662895042249147e-7 
vn -0.42549583315849304 0.9049600958824158 -2.662895042249147e-7 
vn -0.42549583315849304 0.9049600958824158 -2.662895042249147e-7 
vn -0.42549583315849304 0.9049600958824158 -2.662895042249147e-7 
vn -0.42549583315849304 0.9049600958824158 -2.662895042249147e-7 
vn -0.42549583315849304 0.9049600958824158 -2.662895042249147e-7 
vn -0.42549583315849304 0.9049600958824158 -2.662895042249147e-7 
vn -0.42549583315849304 0.9049600958824158 -2.662895042249147e-7 
vn -0.42549583315849304 0.9049600958824158 -2.662895042249147e-7 
vn -0.42549583315849304 0.9049600958824158 -2.662895042249147e-7 
vn 0.4215376675128937 -0.9068105816841125 2.655061450695939e-7 
vn 0.4215376675128937 -0.9068105816841125 2.655061450695939e-7 
vn 0.4215376675128937 -0.9068105816841125 2.655061450695939e-7 
vn 0.4215376675128937 -0.9068105816841125 2.655061450695939e-7 
vn 0.4215376675128937 -0.9068105816841125 2.655061450695939e-7 
vn 0.4215376675128937 -0.9068105816841125 2.655061450695939e-7 
vn 0.4215376675128937 -0.9068105816841125 2.655061450695939e-7 
vn 0.4215376675128937 -0.9068105816841125 2.655061450695939e-7 
vn 0.4215376675128937 -0.9068105816841125 2.655061450695939e-7 
vn 0.4215376675128937 -0.9068105816841125 2.655061450695939e-7 
vn 0.4215376675128937 -0.9068105816841125 2.655061450695939e-7 
vn 0.4215376675128937 -0.9068105816841125 2.655061450695939e-7 
vn 0.4215376675128937 -0.9068105816841125 2.655061450695939e-7 
vn 0.4215376675128937 -0.9068105816841125 2.655061450695939e-7 
vn 0.4215376675128937 -0.9068105816841125 2.655061450695939e-7 
vn 0.4215376675128937 -0.9068105816841125 2.655061450695939e-7 
vn -0.42549583315849304 0.9049600958824158 -2.662895042249147e-7 
vn -0.42549583315849304 0.9049600958824158 -2.662895042249147e-7 
vn -0.42549583315849304 0.9049600958824158 -2.662895042249147e-7 
vn -0.42549583315849304 0.9049600958824158 -2.662895042249147e-7 
vn -0.42549583315849304 0.9049600958824158 -2.662895042249147e-7 
vn -0.42549583315849304 0.9049600958824158 -2.662895042249147e-7 
vn -0.42549583315849304 0.9049600958824158 -2.662895042249147e-7 
vn -0.42549583315849304 0.9049600958824158 -2.662895042249147e-7 
vn -0.42549583315849304 0.9049600958824158 -2.662895042249147e-7 
vn -0.42549583315849304 0.9049600958824158 -2.662895042249147e-7 
vn -0.42549583315849304 0.9049600958824158 -2.662895042249147e-7 
vn -0.42549583315849304 0.9049600958824158 -2.662895042249147e-7 
vn -0.42549583315849304 0.9049600958824158 -2.662895042249147e-7 
vn -0.42549583315849304 0.9049600958824158 -2.662895042249147e-7 
vn -0.42549583315849304 0.9049600958824158 -2.662895042249147e-7 
vn -0.42549583315849304 0.9049600958824158 -2.662895042249147e-7 
vn -0.42549583315849304 0.9049600958824158 -2.662895042249147e-7 
vn -0.42549583315849304 0.9049600958824158 -2.662895042249147e-7 
vn -0.42549583315849304 0.9049600958824158 -2.662895042249147e-7 
vn -0.42549583315849304 0.9049600958824158 -2.662895042249147e-7 
vn -0.42549583315849304 0.9049600958824158 -2.662895042249147e-7 
vn -0.42549583315849304 0.9049600958824158 -2.662895042249147e-7 
vn -0.42549583315849304 0.9049600958824158 -2.662895042249147e-7 
vn -0.42549583315849304 0.9049600958824158 -2.662895042249147e-7 
vn -0.42549583315849304 0.9049600958824158 -2.662895042249147e-7 
vn -0.42549583315849304 0.9049600958824158 -2.662895042249147e-7 
vn -0.42549583315849304 0.9049600958824158 -2.662895042249147e-7 
vn -0.42549583315849304 0.9049600958824158 -2.662895042249147e-7 
vn -0.42549583315849304 0.9049600958824158 -2.662895042249147e-7 
vn -0.42549583315849304 0.9049600958824158 -2.662895042249147e-7 
vn -0.42549583315849304 0.9049600958824158 -2.662895042249147e-7 
vn -0.42549583315849304 0.9049600958824158 -2.662895042249147e-7 
vn -0.001978812040761113 -0.0009254217147827148 -0.999997615814209 
vn -0.3468935787677765 -0.15801507234573364 -0.924497663974762 
vn -0.3468935787677765 -0.15801507234573364 -0.924497663974762 
vn -0.6414552330970764 -0.2957305610179901 -0.7078688740730286 
vn -0.001978812040761113 -0.0009254217147827148 -0.999997615814209 
vn 0.34449678659439087 0.16314244270324707 -0.9245033264160156 
vn 0.34449678659439087 0.16314244270324707 -0.9245033264160156 
vn 0.6390597224235535 0.30085501074790955 -0.7078761458396912 
vn 0.6390597224235535 0.30085501074790955 -0.7078761458396912 
vn 0.8351383209228516 0.39462003111839294 -0.3831690847873688 
vn 0.8351383209228516 0.39462003111839294 -0.3831690847873688 
vn 0.9058874845504761 0.42351776361465454 1.7933150786575425e-7 
vn 0.9058874845504761 0.42351776361465454 1.7933150786575425e-7 
vn 0.8351381421089172 0.3946201503276825 0.3831694424152374 
vn 0.8351381421089172 0.3946201503276825 0.3831694424152374 
vn 0.6390593647956848 0.30085524916648865 0.7078763842582703 
vn 0.6390593647956848 0.30085524916648865 0.7078763842582703 
vn 0.3444962799549103 0.16314275562763214 0.9245034456253052 
vn 0.3444962799549103 0.16314275562763214 0.9245034456253052 
vn 0.001978812040761113 0.0009254217147827148 0.999997615814209 
vn 0.001978812040761113 0.0009254217147827148 0.999997615814209 
vn -0.3468940854072571 -0.15801475942134857 0.9244975447654724 
vn -0.3468940854072571 -0.15801475942134857 0.9244975447654724 
vn -0.6414555907249451 -0.295730322599411 0.7078686356544495 
vn -0.6414555907249451 -0.295730322599411 0.7078686356544495 
vn -0.83674156665802 -0.391190767288208 0.38318780064582825 
vn -0.83674156665802 -0.391190767288208 0.38318780064582825 
vn -0.9058874845504761 -0.42351776361465454 -1.7933150786575425e-7 
vn -0.9058874845504761 -0.42351776361465454 -1.7933150786575425e-7 
vn -0.8367413878440857 -0.39119088649749756 -0.3831881582736969 
vn -0.8367413878440857 -0.39119088649749756 -0.3831881582736969 
vn -0.6414552330970764 -0.2957305610179901 -0.7078688740730286 
vn 0.23749040067195892 0.10894613713026047 -0.9652611017227173 
vn 0.23749040067195892 0.10894613713026047 -0.9652611017227173 
vn 0.23749040067195892 0.10894613713026047 -0.9652611017227173 
vn 0.23749040067195892 0.10894613713026047 -0.9652611017227173 
vn 0.5057701468467712 -0.5048198699951172 -0.6995378136634827 
vn 0.5057701468467712 -0.5048198699951172 -0.6995378136634827 
vn 0.2945898473262787 -0.6249570846557617 -0.722942054271698 
vn 0.2945898473262787 -0.6249570846557617 -0.722942054271698 
vn 0.06302547454833984 -0.7118105292320251 -0.6995379328727722 
vn 0.06302547454833984 -0.7118105292320251 -0.6995379328727722 
vn 0.35544511675834656 0.1682603806257248 -0.9194276332855225 
vn 0.35544511675834656 0.1682603806257248 -0.9194276332855225 
vn 0.35544511675834656 0.1682603806257248 -0.9194276332855225 
vn 0.35544511675834656 0.1682603806257248 -0.9194276332855225 
vn -0.17485502362251282 0.8302226662635803 -0.5292972922325134 
vn -0.3576337695121765 0.7598060965538025 -0.5429479479789734 
vn -0.17485502362251282 0.8302226662635803 -0.5292972922325134 
vn -0.3576337695121765 0.7598060965538025 -0.5429479479789734 
vn -0.5250735282897949 0.6668968796730042 -0.5287210941314697 
vn -0.5250735282897949 0.6668968796730042 -0.5287210941314697 
vn 0.26332059502601624 0.12310656905174255 -0.9568212628364563 
vn 0.26332059502601624 0.12310656905174255 -0.9568212628364563 
vn 0.26332059502601624 0.12310656905174255 -0.9568212628364563 
vn 0.26332059502601624 0.12310656905174255 -0.9568212628364563 
vn 0.4254475235939026 -0.9048567414283752 -0.015102934092283249 
vn 0.4254475235939026 -0.9048567414283752 -0.015102934092283249 
vn 0.4254475235939026 -0.9048567414283752 -0.015102934092283249 
vn 0.4254475235939026 -0.9048567414283752 -0.015102934092283249 
vn 0.4254475235939026 -0.9048567414283752 -0.015102934092283249 
vn 0.4254475235939026 -0.9048567414283752 -0.015102934092283249 
vn -0.4388083219528198 -0.20306801795959473 0.8753345608711243 
vn -0.4388083219528198 -0.20306801795959473 0.8753345608711243 
vn -0.4388083219528198 -0.20306801795959473 0.8753345608711243 
vn -0.4388083219528198 -0.20306801795959473 0.8753345608711243 
vn -0.001978812040761113 -0.0009254217147827148 -0.999997615814209 
vn -0.001978812040761113 -0.0009254217147827148 -0.999997615814209 
vn -0.001978812040761113 -0.0009254217147827148 -0.999997615814209 
vn -0.001978812040761113 -0.0009254217147827148 -0.999997615814209 
vn -0.42549583315849304 0.9049600958824158 -2.662895042249147e-7 
vn -0.42549583315849304 0.9049600958824158 -2.662895042249147e-7 
vn -0.42549583315849304 0.9049600958824158 -2.662895042249147e-7 
vn -0.42549583315849304 0.9049600958824158 -2.662895042249147e-7 
vn 0.001978812040761113 0.0009254217147827148 0.999997615814209 
vn 0.001978812040761113 0.0009254217147827148 0.999997615814209 
vn 0.001978812040761113 0.0009254217147827148 0.999997615814209 
vn 0.001978812040761113 0.0009254217147827148 0.999997615814209 
vn 0.42549583315849304 -0.9049600958824158 2.662897031768807e-7 
vn 0.42549583315849304 -0.9049600958824158 2.662897031768807e-7 
vn 0.42549583315849304 -0.9049600958824158 2.662897031768807e-7 
vn 0.42549583315849304 -0.9049600958824158 2.662897031768807e-7 
vn -0.001978812040761113 -0.0009254217147827148 -0.999997615814209 
vn -0.001978812040761113 -0.0009254217147827148 -0.999997615814209 
vn -0.001978812040761113 -0.0009254217147827148 -0.999997615814209 
vn -0.001978812040761113 -0.0009254217147827148 -0.999997615814209 
vn -0.42549583315849304 0.9049600958824158 -2.662895042249147e-7 
vn -0.42549583315849304 0.9049600958824158 -2.662895042249147e-7 
vn -0.42549583315849304 0.9049600958824158 -2.662895042249147e-7 
vn -0.42549583315849304 0.9049600958824158 -2.662895042249147e-7 
vn 0.001978812040761113 0.0009254217147827148 0.999997615814209 
vn 0.001978812040761113 0.0009254217147827148 0.999997615814209 
vn 0.001978812040761113 0.0009254217147827148 0.999997615814209 
vn 0.001978812040761113 0.0009254217147827148 0.999997615814209 
vn 0.42549583315849304 -0.9049600958824158 2.662897031768807e-7 
vn 0.42549583315849304 -0.9049600958824158 2.662897031768807e-7 
vn 0.42549583315849304 -0.9049600958824158 2.662897031768807e-7 
vn 0.42549583315849304 -0.9049600958824158 2.662897031768807e-7 
vn 0.9058874845504761 0.42351776361465454 1.7933150786575425e-7 
vn 0.9058874845504761 0.42351776361465454 1.7933150786575425e-7 
vn 0.9058874845504761 0.42351776361465454 1.7933150786575425e-7 
vn 0.9058874845504761 0.42351776361465454 1.7933150786575425e-7 
vn 0.9058874845504761 0.42351776361465454 1.7933150786575425e-7 
vn 0.9058874845504761 0.42351776361465454 1.7933150786575425e-7 
vn 0.9058874845504761 0.42351776361465454 1.7933150786575425e-7 
vn 0.9058874845504761 0.42351776361465454 1.7933150786575425e-7 
vn 0.9058874845504761 0.42351776361465454 1.7933150786575425e-7 
vn 0.9058874845504761 0.42351776361465454 1.7933150786575425e-7 
vn 0.9058874845504761 0.42351776361465454 1.7933150786575425e-7 
vn 0.9058874845504761 0.42351776361465454 1.7933150786575425e-7 
vn 0.9058874845504761 0.42351776361465454 1.7933150786575425e-7 
vn 0.9058874845504761 0.42351776361465454 1.7933150786575425e-7 
vn 0.9058874845504761 0.42351776361465454 1.7933150786575425e-7 
vn 0.9058874845504761 0.42351776361465454 1.7933150786575425e-7 
vn -0.9058874845504761 -0.42351776361465454 -1.7933150786575425e-7 
vn -0.9058874845504761 -0.42351776361465454 -1.7933150786575425e-7 
vn -0.9058874845504761 -0.42351776361465454 -1.7933150786575425e-7 
vn -0.9058874845504761 -0.42351776361465454 -1.7933150786575425e-7 
vn -0.9058874845504761 -0.42351776361465454 -1.7933150786575425e-7 
vn -0.9058874845504761 -0.42351776361465454 -1.7933150786575425e-7 
vn -0.9058874845504761 -0.42351776361465454 -1.7933150786575425e-7 
vn -0.9058874845504761 -0.42351776361465454 -1.7933150786575425e-7 
vn -0.9058874845504761 -0.42351776361465454 -1.7933150786575425e-7 
vn -0.9058874845504761 -0.42351776361465454 -1.7933150786575425e-7 
vn -0.9058874845504761 -0.42351776361465454 -1.7933150786575425e-7 
vn -0.9058874845504761 -0.42351776361465454 -1.7933150786575425e-7 
vn -0.9058874845504761 -0.42351776361465454 -1.7933150786575425e-7 
vn -0.9058874845504761 -0.42351776361465454 -1.7933150786575425e-7 
vn -0.9058874845504761 -0.42351776361465454 -1.7933150786575425e-7 
vn -0.9058874845504761 -0.42351776361465454 -1.7933150786575425e-7 
vn -0.23669017851352692 -0.11065695434808731 -0.9652630686759949 
vn -0.23669017851352692 -0.11065695434808731 -0.9652630686759949 
vn -0.23669017851352692 -0.11065695434808731 -0.9652630686759949 
vn -0.23669017851352692 -0.11065695434808731 -0.9652630686759949 
vn -0.354647159576416 -0.1699664145708084 -0.919421911239624 
vn -0.354647159576416 -0.1699664145708084 -0.919421911239624 
vn -0.354647159576416 -0.1699664145708084 -0.919421911239624 
vn -0.354647159576416 -0.1699664145708084 -0.919421911239624 
vn -0.2641187310218811 -0.12139857560396194 -0.9568195343017578 
vn -0.2641187310218811 -0.12139857560396194 -0.9568195343017578 
vn -0.2641187310218811 -0.12139857560396194 -0.9568195343017578 
vn -0.2641187310218811 -0.12139857560396194 -0.9568195343017578 
vn 0.43480950593948364 0.21162064373493195 0.875304102897644 
vn 0.43480950593948364 0.21162064373493195 0.875304102897644 
vn 0.43480950593948364 0.21162064373493195 0.875304102897644 
vn 0.43480950593948364 0.21162064373493195 0.875304102897644 
vn -0.42549583315849304 0.9049600958824158 -2.662895042249147e-7 
vn -0.42549583315849304 0.9049600958824158 -2.662895042249147e-7 
vn -0.42549583315849304 0.9049600958824158 -2.662895042249147e-7 
vn -0.42549583315849304 0.9049600958824158 -2.662895042249147e-7 
vn -0.42549583315849304 0.9049600958824158 -2.662895042249147e-7 
vn -0.42549583315849304 0.9049600958824158 -2.662895042249147e-7 
vn -0.42549583315849304 0.9049600958824158 -2.662895042249147e-7 
vn -0.42549583315849304 0.9049600958824158 -2.662895042249147e-7 
vn -0.42549583315849304 0.9049600958824158 -2.662895042249147e-7 
vn -0.42549583315849304 0.9049600958824158 -2.662895042249147e-7 
vn -0.42549583315849304 0.9049600958824158 -2.662895042249147e-7 
vn -0.4215376675128937 0.9068105816841125 -2.6550591769591847e-7 
vn -0.4215376675128937 0.9068105816841125 -2.6550591769591847e-7 
vn -0.42549583315849304 0.9049600958824158 -2.662895042249147e-7 
vn -0.42549583315849304 0.9049600958824158 -2.662895042249147e-7 
vn -0.42549583315849304 0.9049600958824158 -2.662895042249147e-7 
vn -0.42549583315849304 0.9049600958824158 -2.662895042249147e-7 
vn -0.42549583315849304 0.9049600958824158 -2.662895042249147e-7 
vn 0.08023463189601898 0.039594616740942 0.9959892630577087 
vn 0.001978812040761113 0.0009254217147827148 0.999997615814209 
vn 0.08023463189601898 0.039594616740942 0.9959892630577087 
vn 0.001978812040761113 0.0009254217147827148 0.999997615814209 
vn -0.08183372020721436 -0.036175087094306946 0.9959892630577087 
vn -0.08183372020721436 -0.036175087094306946 0.9959892630577087 
vn 0.9058874845504761 0.42351776361465454 1.7933150786575425e-7 
vn 0.9058874845504761 0.42351776361465454 1.7933150786575425e-7 
vn 0.9058874845504761 0.42351776361465454 1.7933150786575425e-7 
vn 0.9058874845504761 0.42351776361465454 1.7933150786575425e-7 
vn -0.09992510080337524 -0.04880068451166153 -0.9937974810600281 
vn -0.09992510080337524 -0.04880068451166153 -0.9937974810600281 
vn -0.001978812040761113 -0.0009254217147827148 -0.999997615814209 
vn -0.001978812040761113 -0.0009254217147827148 -0.999997615814209 
vn 0.10152452439069748 0.045380428433418274 -0.9937974810600281 
vn 0.10152452439069748 0.045380428433418274 -0.9937974810600281 
vn -0.9058874845504761 -0.42351776361465454 -1.7933150786575425e-7 
vn -0.9058874845504761 -0.42351776361465454 -1.7933150786575425e-7 
vn -0.9058874845504761 -0.42351776361465454 -1.7933150786575425e-7 
vn -0.9058874845504761 -0.42351776361465454 -1.7933150786575425e-7 
vn 0.23748986423015594 0.10894645005464554 0.9652612209320068 
vn 0.23748986423015594 0.10894645005464554 0.9652612209320068 
vn 0.23748986423015594 0.10894645005464554 0.9652612209320068 
vn 0.23748986423015594 0.10894645005464554 0.9652612209320068 
vn 0.5057697296142578 -0.5048196315765381 0.6995382905006409 
vn 0.5057697296142578 -0.5048196315765381 0.6995382905006409 
vn 0.29458943009376526 -0.6249568462371826 0.7229424118995667 
vn 0.29458943009376526 -0.6249568462371826 0.7229424118995667 
vn 0.0630250945687294 -0.711810290813446 0.6995381712913513 
vn 0.0630250945687294 -0.711810290813446 0.6995381712913513 
vn 0.35544461011886597 0.16826067864894867 0.919427752494812 
vn 0.35544461011886597 0.16826067864894867 0.919427752494812 
vn 0.35544461011886597 0.16826067864894867 0.919427752494812 
vn 0.35544461011886597 0.16826067864894867 0.919427752494812 
vn -0.1748553067445755 0.8302228450775146 0.5292969346046448 
vn -0.3576340675354004 0.7598062753677368 0.5429474711418152 
vn -0.1748553067445755 0.8302228450775146 0.5292969346046448 
vn -0.3576340675354004 0.7598062753677368 0.5429474711418152 
vn -0.5250738263130188 0.6668970584869385 0.5287206172943115 
vn -0.5250738263130188 0.6668970584869385 0.5287206172943115 
vn 0.26332008838653564 0.12310688197612762 0.9568213820457458 
vn 0.26332008838653564 0.12310688197612762 0.9568213820457458 
vn 0.26332008838653564 0.12310688197612762 0.9568213820457458 
vn 0.26332008838653564 0.12310688197612762 0.9568213820457458 
vn 0.4254475235939026 -0.9048567414283752 0.015103466808795929 
vn 0.4254475235939026 -0.9048567414283752 0.015103466808795929 
vn 0.4254475235939026 -0.9048567414283752 0.015103466808795929 
vn 0.4254475235939026 -0.9048567414283752 0.015103466808795929 
vn 0.4254475235939026 -0.9048567414283752 0.015103466808795929 
vn 0.4254475235939026 -0.9048567414283752 0.015103466808795929 
vn -0.4388078451156616 -0.2030683159828186 -0.8753346800804138 
vn -0.4388078451156616 -0.2030683159828186 -0.8753346800804138 
vn -0.4388078451156616 -0.2030683159828186 -0.8753346800804138 
vn -0.4388078451156616 -0.2030683159828186 -0.8753346800804138 
vn -0.0019793622195720673 -0.0009250918519683182 0.999997615814209 
vn -0.0019793622195720673 -0.0009250918519683182 0.999997615814209 
vn -0.0019793622195720673 -0.0009250918519683182 0.999997615814209 
vn -0.0019793622195720673 -0.0009250918519683182 0.999997615814209 
vn -0.42549583315849304 0.9049600958824158 -2.662895042249147e-7 
vn -0.42549583315849304 0.9049600958824158 -2.662895042249147e-7 
vn -0.42549583315849304 0.9049600958824158 -2.662895042249147e-7 
vn -0.42549583315849304 0.9049600958824158 -2.662895042249147e-7 
vn 0.0019793622195720673 0.0009250918519683182 -0.999997615814209 
vn 0.0019793622195720673 0.0009250918519683182 -0.999997615814209 
vn 0.0019793622195720673 0.0009250918519683182 -0.999997615814209 
vn 0.0019793622195720673 0.0009250918519683182 -0.999997615814209 
vn 0.42549583315849304 -0.9049600958824158 2.662897031768807e-7 
vn 0.42549583315849304 -0.9049600958824158 2.662897031768807e-7 
vn 0.42549583315849304 -0.9049600958824158 2.662897031768807e-7 
vn 0.42549583315849304 -0.9049600958824158 2.662897031768807e-7 
vn -0.0019793622195720673 -0.0009250918519683182 0.999997615814209 
vn -0.0019793622195720673 -0.0009250918519683182 0.999997615814209 
vn -0.0019793622195720673 -0.0009250918519683182 0.999997615814209 
vn -0.0019793622195720673 -0.0009250918519683182 0.999997615814209 
vn -0.42549583315849304 0.9049600958824158 -2.662895042249147e-7 
vn -0.42549583315849304 0.9049600958824158 -2.662895042249147e-7 
vn -0.42549583315849304 0.9049600958824158 -2.662895042249147e-7 
vn -0.42549583315849304 0.9049600958824158 -2.662895042249147e-7 
vn 0.0019793622195720673 0.0009250918519683182 -0.999997615814209 
vn 0.0019793622195720673 0.0009250918519683182 -0.999997615814209 
vn 0.0019793622195720673 0.0009250918519683182 -0.999997615814209 
vn 0.0019793622195720673 0.0009250918519683182 -0.999997615814209 
vn 0.42549583315849304 -0.9049600958824158 2.662897031768807e-7 
vn 0.42549583315849304 -0.9049600958824158 2.662897031768807e-7 
vn 0.42549583315849304 -0.9049600958824158 2.662897031768807e-7 
vn 0.42549583315849304 -0.9049600958824158 2.662897031768807e-7 
vn 0.9058874845504761 0.42351776361465454 1.7933150786575425e-7 
vn 0.9058874845504761 0.42351776361465454 1.7933150786575425e-7 
vn 0.9058874845504761 0.42351776361465454 1.7933150786575425e-7 
vn 0.9058874845504761 0.42351776361465454 1.7933150786575425e-7 
vn 0.9058874845504761 0.42351776361465454 1.7933150786575425e-7 
vn 0.9058874845504761 0.42351776361465454 1.7933150786575425e-7 
vn 0.9058874845504761 0.42351776361465454 1.7933150786575425e-7 
vn 0.9058874845504761 0.42351776361465454 1.7933150786575425e-7 
vn 0.9058874845504761 0.42351776361465454 1.7933150786575425e-7 
vn 0.9058874845504761 0.42351776361465454 1.7933150786575425e-7 
vn 0.9058874845504761 0.42351776361465454 1.7933150786575425e-7 
vn 0.9058874845504761 0.42351776361465454 1.7933150786575425e-7 
vn 0.9058874845504761 0.42351776361465454 1.7933150786575425e-7 
vn 0.9058874845504761 0.42351776361465454 1.7933150786575425e-7 
vn 0.9058874845504761 0.42351776361465454 1.7933150786575425e-7 
vn 0.9058874845504761 0.42351776361465454 1.7933150786575425e-7 
vn -0.9058874845504761 -0.42351776361465454 -1.7933150786575425e-7 
vn -0.9058874845504761 -0.42351776361465454 -1.7933150786575425e-7 
vn -0.9058874845504761 -0.42351776361465454 -1.7933150786575425e-7 
vn -0.9058874845504761 -0.42351776361465454 -1.7933150786575425e-7 
vn -0.9058874845504761 -0.42351776361465454 -1.7933150786575425e-7 
vn -0.9058874845504761 -0.42351776361465454 -1.7933150786575425e-7 
vn -0.9058874845504761 -0.42351776361465454 -1.7933150786575425e-7 
vn -0.9058874845504761 -0.42351776361465454 -1.7933150786575425e-7 
vn -0.9058874845504761 -0.42351776361465454 -1.7933150786575425e-7 
vn -0.9058874845504761 -0.42351776361465454 -1.7933150786575425e-7 
vn -0.9058874845504761 -0.42351776361465454 -1.7933150786575425e-7 
vn -0.9058874845504761 -0.42351776361465454 -1.7933150786575425e-7 
vn -0.9058874845504761 -0.42351776361465454 -1.7933150786575425e-7 
vn -0.9058874845504761 -0.42351776361465454 -1.7933150786575425e-7 
vn -0.9058874845504761 -0.42351776361465454 -1.7933150786575425e-7 
vn -0.9058874845504761 -0.42351776361465454 -1.7933150786575425e-7 
vn -0.2366907149553299 -0.11065663397312164 0.9652629494667053 
vn -0.2366907149553299 -0.11065663397312164 0.9652629494667053 
vn -0.2366907149553299 -0.11065663397312164 0.9652629494667053 
vn -0.2366907149553299 -0.11065663397312164 0.9652629494667053 
vn -0.3546476662158966 -0.16996611654758453 0.9194217920303345 
vn -0.3546476662158966 -0.16996611654758453 0.9194217920303345 
vn -0.3546476662158966 -0.16996611654758453 0.9194217920303345 
vn -0.3546476662158966 -0.16996611654758453 0.9194217920303345 
vn -0.2641192674636841 -0.12139825522899628 0.9568194150924683 
vn -0.2641192674636841 -0.12139825522899628 0.9568194150924683 
vn -0.2641192674636841 -0.12139825522899628 0.9568194150924683 
vn -0.2641192674636841 -0.12139825522899628 0.9568194150924683 
vn 0.43480998277664185 0.21162034571170807 -0.8753039836883545 
vn 0.43480998277664185 0.21162034571170807 -0.8753039836883545 
vn 0.43480998277664185 0.21162034571170807 -0.8753039836883545 
vn 0.43480998277664185 0.21162034571170807 -0.8753039836883545 
vn -0.42549583315849304 0.9049600958824158 -2.662895042249147e-7 
vn -0.42549583315849304 0.9049600958824158 -2.662895042249147e-7 
vn -0.42549583315849304 0.9049600958824158 -2.662895042249147e-7 
vn -0.42549583315849304 0.9049600958824158 -2.662895042249147e-7 
vn -0.42549583315849304 0.9049600958824158 -2.662895042249147e-7 
vn -0.42549583315849304 0.9049600958824158 -2.662895042249147e-7 
vn -0.42549583315849304 0.9049600958824158 -2.662895042249147e-7 
vn -0.42549583315849304 0.9049600958824158 -2.662895042249147e-7 
vn -0.42549583315849304 0.9049600958824158 -2.662895042249147e-7 
vn -0.4215376675128937 0.9068105816841125 -2.6550591769591847e-7 
vn -0.42549583315849304 0.9049600958824158 -2.662895042249147e-7 
vn -0.42549583315849304 0.9049600958824158 -2.662895042249147e-7 
vn -0.42549583315849304 0.9049600958824158 -2.662895042249147e-7 
vn -0.42549583315849304 0.9049600958824158 -2.662895042249147e-7 
vn -0.42549583315849304 0.9049600958824158 -2.662895042249147e-7 
vn -0.42549583315849304 0.9049600958824158 -2.662895042249147e-7 
vn -0.42549583315849304 0.9049600958824158 -2.662895042249147e-7 
vn -0.4215376675128937 0.9068105816841125 -2.6550591769591847e-7 
vn 0.08023518323898315 0.03959428891539574 -0.9959892630577087 
vn 0.0019793622195720673 0.0009250918519683182 -0.999997615814209 
vn 0.08023518323898315 0.03959428891539574 -0.9959892630577087 
vn 0.0019793622195720673 0.0009250918519683182 -0.999997615814209 
vn -0.08183316886425018 -0.03617541491985321 -0.9959892630577087 
vn -0.08183316886425018 -0.03617541491985321 -0.9959892630577087 
vn 0.9058874845504761 0.42351776361465454 1.7933150786575425e-7 
vn 0.9058874845504761 0.42351776361465454 1.7933150786575425e-7 
vn 0.9058874845504761 0.42351776361465454 1.7933150786575425e-7 
vn 0.9058874845504761 0.42351776361465454 1.7933150786575425e-7 
vn -0.09992564469575882 -0.048800356686115265 0.9937974810600281 
vn -0.09992564469575882 -0.048800356686115265 0.9937974810600281 
vn -0.0019793622195720673 -0.0009250918519683182 0.999997615814209 
vn -0.0019793622195720673 -0.0009250918519683182 0.999997615814209 
vn 0.1015239730477333 0.04538075625896454 0.9937974810600281 
vn 0.1015239730477333 0.04538075625896454 0.9937974810600281 
vn -0.9058874845504761 -0.42351776361465454 -1.7933150786575425e-7 
vn -0.9058874845504761 -0.42351776361465454 -1.7933150786575425e-7 
vn -0.9058874845504761 -0.42351776361465454 -1.7933150786575425e-7 
vn -0.9058874845504761 -0.42351776361465454 -1.7933150786575425e-7 
vn -0.3857947885990143 0.0020315253641456366 -0.9225823283195496 
vn -0.3819846212863922 -0.0829567164182663 -0.9204378724098206 
vn -0.3857947885990143 0.0020315253641456366 -0.9225823283195496 
vn -0.3819846212863922 -0.0829567164182663 -0.9204378724098206 
vn -0.3819064497947693 -0.2056000828742981 -0.901041567325592 
vn -0.3819064497947693 -0.2056000828742981 -0.901041567325592 
vn -0.38452550768852234 -0.29198649525642395 -0.8757190704345703 
vn -0.38452550768852234 -0.29198649525642395 -0.8757190704345703 
vn -0.3842094838619232 -0.4002252221107483 -0.831987202167511 
vn -0.3842094838619232 -0.4002252221107483 -0.831987202167511 
vn -0.3852056562900543 -0.5193190574645996 -0.7628394961357117 
vn -0.3852056562900543 -0.5193190574645996 -0.7628394961357117 
vn -0.3853197991847992 -0.6433707475662231 -0.6615152359008789 
vn -0.3853197991847992 -0.6433707475662231 -0.6615152359008789 
vn -0.3849949836730957 -0.7620595693588257 -0.5206185579299927 
vn -0.3849949836730957 -0.7620595693588257 -0.5206185579299927 
vn -0.3850923776626587 -0.8513677716255188 -0.3561970293521881 
vn -0.3850923776626587 -0.8513677716255188 -0.3561970293521881 
vn -0.38609856367111206 -0.9063501954078674 -0.17162935435771942 
vn -0.38609856367111206 -0.9063501954078674 -0.17162935435771942 
vn -0.384960412979126 -0.9227403402328491 0.018845057114958763 
vn -0.384960412979126 -0.9227403402328491 0.018845057114958763 
vn -0.3971570134162903 -0.8756693005561829 0.274716317653656 
vn -0.3971570134162903 -0.8756693005561829 0.274716317653656 
vn -0.4210056960582733 -0.7303531169891357 0.5379015207290649 
vn -0.4210056960582733 -0.7303531169891357 0.5379015207290649 
vn -0.45459800958633423 -0.5352451205253601 0.7119360566139221 
vn -0.45459800958633423 -0.5352451205253601 0.7119360566139221 
vn -0.4854546785354614 -0.3801954686641693 0.7872642278671265 
vn -0.4854546785354614 -0.3801954686641693 0.7872642278671265 
vn -0.5083159804344177 -0.28132978081703186 0.8139215111732483 
vn -0.5083159804344177 -0.28132978081703186 0.8139215111732483 
vn -0.5225422978401184 -0.22556208074092865 0.8222354054450989 
vn -0.5225422978401184 -0.22556208074092865 0.8222354054450989 
vn -0.5272664427757263 -0.20695991814136505 0.8241101503372192 
vn -0.5272664427757263 -0.20695991814136505 0.8241101503372192 
vn -0.5257361531257629 -0.2187306433916092 0.8220451474189758 
vn -0.5257361531257629 -0.2187306433916092 0.8220451474189758 
vn -0.5193479061126709 -0.23239482939243317 0.8223564624786377 
vn -0.5193479061126709 -0.23239482939243317 0.8223564624786377 
vn -0.9243755340576172 0.003630149643868208 -0.381465882062912 
vn -0.9243755340576172 0.003630149643868208 -0.381465882062912 
vn -0.9252798557281494 -0.03315182775259018 -0.3778328001499176 
vn -0.9252798557281494 -0.03315182775259018 -0.3778328001499176 
vn -0.9248781204223633 -0.08101855963468552 -0.37153196334838867 
vn -0.9248781204223633 -0.08101855963468552 -0.37153196334838867 
vn -0.9229072332382202 -0.12434756755828857 -0.36438918113708496 
vn -0.9229072332382202 -0.12434756755828857 -0.36438918113708496 
vn -0.9255099296569824 -0.1640617400407791 -0.3413424491882324 
vn -0.9255099296569824 -0.1640617400407791 -0.3413424491882324 
vn -0.9243437647819519 -0.2154851108789444 -0.31488776206970215 
vn -0.9243437647819519 -0.2154851108789444 -0.31488776206970215 
vn -0.925677478313446 -0.26209068298339844 -0.27281704545021057 
vn -0.925677478313446 -0.26209068298339844 -0.27281704545021057 
vn -0.9241336584091187 -0.3141586184501648 -0.21744152903556824 
vn -0.9241336584091187 -0.3141586184501648 -0.21744152903556824 
vn -0.9239591956138611 -0.3540739417076111 -0.14467383921146393 
vn -0.9239591956138611 -0.3540739417076111 -0.14467383921146393 
vn -0.9244102835655212 -0.3748883008956909 -0.07017037272453308 
vn -0.9244102835655212 -0.3748883008956909 -0.07017037272453308 
vn -0.9251891374588013 -0.3795054852962494 -1.9189944566733175e-7 
vn -0.9251891374588013 -0.3795054852962494 -1.9189944566733175e-7 
vn -0.9284327626228333 -0.36439377069473267 0.07231356203556061 
vn -0.9284327626228333 -0.36439377069473267 0.07231356203556061 
vn -0.9331624507904053 -0.3309783935546875 0.14021620154380798 
vn -0.9331624507904053 -0.3309783935546875 0.14021620154380798 
vn -0.940414309501648 -0.29128390550613403 0.1754254698753357 
vn -0.940414309501648 -0.29128390550613403 0.1754254698753357 
vn -0.9437640905380249 -0.27464744448661804 0.1840585470199585 
vn -0.9437640905380249 -0.27464744448661804 0.1840585470199585 
vn -0.9437640905380249 -0.27464744448661804 0.1840585470199585 
vn -0.9437640905380249 -0.27464744448661804 0.1840585470199585 
vn -0.9369998574256897 -0.2962851822376251 0.18505609035491943 
vn -0.9369998574256897 -0.2962851822376251 0.18505609035491943 
vn -0.9258487224578857 -0.3312069773674011 0.1819491684436798 
vn -0.9258487224578857 -0.3312069773674011 0.1819491684436798 
vn -0.909525990486145 -0.37418249249458313 0.1809677928686142 
vn -0.909525990486145 -0.37418249249458313 0.1809677928686142 
vn -0.8978073000907898 -0.4011531472206116 0.181707501411438 
vn -0.8978073000907898 -0.4011531472206116 0.181707501411438 
vn -0.9243757128715515 0.0036302756052464247 0.381465345621109 
vn -0.9243757128715515 0.0036302756052464247 0.381465345621109 
vn -0.9250116348266602 0.033777374774217606 0.3784337043762207 
vn -0.9250116348266602 0.033777374774217606 0.3784337043762207 
vn -0.9226441383361816 0.08285939693450928 0.3766452372074127 
vn -0.9226441383361816 0.08285939693450928 0.3766452372074127 
vn -0.9245645999908447 0.12469395250082016 0.36004340648651123 
vn -0.9245645999908447 0.12469395250082016 0.36004340648651123 
vn -0.9249483346939087 0.16451504826545715 0.34264394640922546 
vn -0.9249483346939087 0.16451504826545715 0.34264394640922546 
vn -0.9233766794204712 0.2150880992412567 0.3179812431335449 
vn -0.9233766794204712 0.2150880992412567 0.3179812431335449 
vn -0.9246914982795715 0.2668595016002655 0.27153462171554565 
vn -0.9246914982795715 0.2668595016002655 0.27153462171554565 
vn -0.9240041971206665 0.315949022769928 0.21538758277893066 
vn -0.9240041971206665 0.315949022769928 0.21538758277893066 
vn -0.9243996739387512 0.3538627028465271 0.14235804975032806 
vn -0.9243996739387512 0.3538627028465271 0.14235804975032806 
vn -0.9238479137420654 0.37529614567756653 0.07521485537290573 
vn -0.9238479137420654 0.37529614567756653 0.07521485537290573 
vn -0.9236711263656616 0.3825172781944275 -0.022617952898144722 
vn -0.9236711263656616 0.3825172781944275 -0.022617952898144722 
vn -0.9223750829696655 0.3495323061943054 -0.16447114944458008 
vn -0.9223750829696655 0.3495323061943054 -0.16447114944458008 
vn -0.9070740342140198 0.2578749656677246 -0.3327411413192749 
vn -0.9070740342140198 0.2578749656677246 -0.3327411413192749 
vn -0.8804314136505127 0.12323014438152313 -0.4578803479671478 
vn -0.8804314136505127 0.12323014438152313 -0.4578803479671478 
vn -0.8513358235359192 -0.006078722886741161 -0.524585485458374 
vn -0.8513358235359192 -0.006078722886741161 -0.524585485458374 
vn -0.826682984828949 -0.10996482521295547 -0.5518175959587097 
vn -0.826682984828949 -0.10996482521295547 -0.5518175959587097 
vn -0.8039511442184448 -0.18939749896526337 -0.5637293457984924 
vn -0.8039511442184448 -0.18939749896526337 -0.5637293457984924 
vn -0.7852470874786377 -0.25339749455451965 -0.5649569034576416 
vn -0.7852470874786377 -0.25339749455451965 -0.5649569034576416 
vn -0.7630060911178589 -0.30687645077705383 -0.5689008831977844 
vn -0.7630060911178589 -0.30687645077705383 -0.5689008831977844 
vn -0.7533128261566162 -0.33347904682159424 -0.5668430924415588 
vn -0.7533128261566162 -0.33347904682159424 -0.5668430924415588 
vn -0.3857952952384949 0.002031829673796892 0.9225820899009705 
vn -0.3857952952384949 0.002031829673796892 0.9225820899009705 
vn -0.3855811357498169 0.07941793650388718 0.9192496538162231 
vn -0.3855811357498169 0.07941793650388718 0.9192496538162231 
vn -0.3834918737411499 0.2033451944589615 0.9008799195289612 
vn -0.3834918737411499 0.2033451944589615 0.9008799195289612 
vn -0.3841279149055481 0.2947862148284912 0.8749552369117737 
vn -0.3841279149055481 0.2947862148284912 0.8749552369117737 
vn -0.3829672932624817 0.40349435806274414 0.8309802412986755 
vn -0.3829672932624817 0.40349435806274414 0.8309802412986755 
vn -0.3853946328163147 0.5208369493484497 0.7617083787918091 
vn -0.3853946328163147 0.5208369493484497 0.7617083787918091 
vn -0.3847924470901489 0.6426854729652405 0.6624875664710999 
vn -0.3847924470901489 0.6426854729652405 0.6624875664710999 
vn -0.38243746757507324 0.7612806558609009 0.5236343145370483 
vn -0.38243746757507324 0.7612806558609009 0.5236343145370483 
vn -0.38607722520828247 0.8515952825546265 0.3545835018157959 
vn -0.38607722520828247 0.8515952825546265 0.3545835018157959 
vn -0.38322076201438904 0.9073672294616699 0.17270232737064362 
vn -0.38322076201438904 0.9073672294616699 0.17270232737064362 
vn -0.3853680193424225 0.9222691059112549 -0.030177270993590355 
vn -0.3853680193424225 0.9222691059112549 -0.030177270993590355 
vn -0.3765050768852234 0.8723801970481873 -0.3117629587650299 
vn -0.3765050768852234 0.8723801970481873 -0.3117629587650299 
vn -0.3491506278514862 0.7003964185714722 -0.6225258708000183 
vn -0.3491506278514862 0.7003964185714722 -0.6225258708000183 
vn -0.30297544598579407 0.4676828682422638 -0.8303483724594116 
vn -0.30297544598579407 0.4676828682422638 -0.8303483724594116 
vn -0.26107504963874817 0.2651572525501251 -0.9281871318817139 
vn -0.26107504963874817 0.2651572525501251 -0.9281871318817139 
vn -0.22413164377212524 0.11462606489658356 -0.9677942991256714 
vn -0.22413164377212524 0.11462606489658356 -0.9677942991256714 
vn -0.19711701571941376 0.026295974850654602 -0.9800272583961487 
vn -0.19711701571941376 0.026295974850654602 -0.9800272583961487 
vn -0.17785534262657166 -0.03523113206028938 -0.9834257960319519 
vn -0.17785534262657166 -0.03523113206028938 -0.9834257960319519 
vn -0.16895797848701477 -0.06441403925418854 -0.9835161566734314 
vn -0.16895797848701477 -0.06441403925418854 -0.9835161566734314 
vn -0.165762260556221 -0.07124953716993332 -0.9835885167121887 
vn -0.165762260556221 -0.07124953716993332 -0.9835885167121887 
vn 0.3857947885990143 -0.0020315253641456366 0.9225823283195496 
vn 0.3857947885990143 -0.0020315253641456366 0.9225823283195496 
vn 0.38282835483551025 0.08115197718143463 0.9202482104301453 
vn 0.38282835483551025 0.08115197718143463 0.9202482104301453 
vn 0.38429051637649536 0.20050066709518433 0.9011771082878113 
vn 0.38429051637649536 0.20050066709518433 0.9011771082878113 
vn 0.38208359479904175 0.29720959067344666 0.875030517578125 
vn 0.38208359479904175 0.29720959067344666 0.875030517578125 
vn 0.3833157420158386 0.4021369218826294 0.8314774632453918 
vn 0.3833157420158386 0.4021369218826294 0.8314774632453918 
vn 0.3842833638191223 0.5212917923927307 0.7619585990905762 
vn 0.3842833638191223 0.5212917923927307 0.7619585990905762 
vn 0.384402871131897 0.6453319787979126 0.660136878490448 
vn 0.384402871131897 0.6453319787979126 0.660136878490448 
vn 0.38640284538269043 0.7590482234954834 0.523963987827301 
vn 0.38640284538269043 0.7590482234954834 0.523963987827301 
vn 0.3844226002693176 0.8528004288673401 0.35348302125930786 
vn 0.3844226002693176 0.8528004288673401 0.35348302125930786 
vn 0.3861314356327057 0.9062799215316772 0.17192648351192474 
vn 0.3861314356327057 0.9062799215316772 0.17192648351192474 
vn 0.38501015305519104 0.9226340055465698 -0.0226531233638525 
vn 0.38501015305519104 0.9226340055465698 -0.0226531233638525 
vn 0.3966013491153717 0.8768578171730042 -0.27171167731285095 
vn 0.3966013491153717 0.8768578171730042 -0.27171167731285095 
vn 0.4204513728618622 0.7315387725830078 -0.5367226600646973 
vn 0.4204513728618622 0.7315387725830078 -0.5367226600646973 
vn 0.45367497205734253 0.5372194051742554 -0.711037278175354 
vn 0.45367497205734253 0.5372194051742554 -0.711037278175354 
vn 0.48615485429763794 0.37869778275489807 -0.7875539660453796 
vn 0.48615485429763794 0.37869778275489807 -0.7875539660453796 
vn 0.510687530040741 0.27625712752342224 -0.814174473285675 
vn 0.510687530040741 0.27625712752342224 -0.814174473285675 
vn 0.5217530727386475 0.22725018858909607 -0.8222717642784119 
vn 0.5217530727386475 0.22725018858909607 -0.8222717642784119 
vn 0.5264893174171448 0.20862217247486115 -0.8241878747940063 
vn 0.5264893174171448 0.20862217247486115 -0.8241878747940063 
vn 0.5249517560005188 0.2204083800315857 -0.8220982551574707 
vn 0.5249517560005188 0.2204083800315857 -0.8220982551574707 
vn 0.5185539126396179 0.23409315943717957 -0.8223758339881897 
vn 0.5185539126396179 0.23409315943717957 -0.8223758339881897 
vn 0.9238302111625671 -0.0024637472815811634 0.38279393315315247 
vn 0.9238302111625671 -0.0024637472815811634 0.38279393315315247 
vn 0.9238210320472717 0.03627217561006546 0.38110172748565674 
vn 0.9238210320472717 0.03627217561006546 0.38110172748565674 
vn 0.9233236312866211 0.08434352278709412 0.3746454119682312 
vn 0.9233236312866211 0.08434352278709412 0.3746454119682312 
vn 0.9234347939491272 0.1232190951704979 0.36343464255332947 
vn 0.9234347939491272 0.1232190951704979 0.36343464255332947 
vn 0.924717903137207 0.16575588285923004 0.34266799688339233 
vn 0.924717903137207 0.16575588285923004 0.34266799688339233 
vn 0.9234643578529358 0.2173660844564438 0.3161725103855133 
vn 0.9234643578529358 0.2173660844564438 0.3161725103855133 
vn 0.9247375130653381 0.2641012668609619 0.2740630507469177 
vn 0.9247375130653381 0.2641012668609619 0.2740630507469177 
vn 0.9245515465736389 0.3132648468017578 0.21695415675640106 
vn 0.9245515465736389 0.3132648468017578 0.21695415675640106 
vn 0.9243766069412231 0.3531810939311981 0.14418897032737732 
vn 0.9243766069412231 0.3531810939311981 0.14418897032737732 
vn 0.9236319065093994 0.37655308842658997 0.07149304449558258 
vn 0.9236319065093994 0.37655308842658997 0.07149304449558258 
vn 0.9251891374588013 0.3795054852962494 1.9189945987818646e-7 
vn 0.9251891374588013 0.3795054852962494 1.9189945987818646e-7 
vn 0.9265041351318359 0.36851900815963745 -0.0760478675365448 
vn 0.9265041351318359 0.36851900815963745 -0.0760478675365448 
vn 0.9340707659721375 0.32903552055358887 -0.13873301446437836 
vn 0.9340707659721375 0.32903552055358887 -0.13873301446437836 
vn 0.940943717956543 0.2901515066623688 -0.17446058988571167 
vn 0.940943717956543 0.2901515066623688 -0.17446058988571167 
vn 0.9434154033660889 0.2753932774066925 -0.18473048508167267 
vn 0.9434154033660889 0.2753932774066925 -0.18473048508167267 
vn 0.9434154033660889 0.2753932774066925 -0.18473048508167267 
vn 0.9434154033660889 0.2753932774066925 -0.18473048508167267 
vn 0.9375072717666626 0.29519984126091003 -0.18421879410743713 
vn 0.9375072717666626 0.29519984126091003 -0.18421879410743713 
vn 0.926275372505188 0.3302944302558899 -0.18143588304519653 
vn 0.926275372505188 0.3302944302558899 -0.18143588304519653 
vn 0.9097732305526733 0.3736536204814911 -0.1808176338672638 
vn 0.9097732305526733 0.3736536204814911 -0.1808176338672638 
vn 0.8979014754295349 0.40095171332359314 -0.18168675899505615 
vn 0.8979014754295349 0.40095171332359314 -0.18168675899505615 
vn 0.9238303899765015 -0.002463873475790024 -0.3827933967113495 
vn 0.9238303899765015 -0.002463873475790024 -0.3827933967113495 
vn 0.9234368801116943 -0.03040900081396103 -0.38254302740097046 
vn 0.9234368801116943 -0.03040900081396103 -0.38254302740097046 
vn 0.9244263768196106 -0.08667158335447311 -0.37138035893440247 
vn 0.9244263768196106 -0.08667158335447311 -0.37138035893440247 
vn 0.9232596158981323 -0.12190273404121399 -0.3643224537372589 
vn 0.9232596158981323 -0.12190273404121399 -0.3643224537372589 
vn 0.9246397018432617 -0.16385483741760254 -0.34379133582115173 
vn 0.9246397018432617 -0.16385483741760254 -0.34379133582115173 
vn 0.9231345653533936 -0.21457016468048096 -0.3190324604511261 
vn 0.9231345653533936 -0.21457016468048096 -0.3190324604511261 
vn 0.9239746332168579 -0.26532605290412903 -0.27544966340065 
vn 0.9239746332168579 -0.26532605290412903 -0.27544966340065 
vn 0.9234669208526611 -0.31479981541633606 -0.21933840215206146 
vn 0.9234669208526611 -0.31479981541633606 -0.21933840215206146 
vn 0.9243800044059753 -0.3538205325603485 -0.14259067177772522 
vn 0.9243800044059753 -0.3538205325603485 -0.14259067177772522 
vn 0.9239974617958069 -0.3756159543991089 -0.07169950008392334 
vn 0.9239974617958069 -0.3756159543991089 -0.07169950008392334 
vn 0.9236706495285034 -0.3825162351131439 0.022654777392745018 
vn 0.9236706495285034 -0.3825162351131439 0.022654777392745018 
vn 0.9223487377166748 -0.3494758903980255 0.16473868489265442 
vn 0.9223487377166748 -0.3494758903980255 0.16473868489265442 
vn 0.906069278717041 -0.2557257413864136 0.3371087312698364 
vn 0.906069278717041 -0.2557257413864136 0.3371087312698364 
vn 0.8799005746841431 -0.12209473550319672 0.45920300483703613 
vn 0.8799005746841431 -0.12209473550319672 0.45920300483703613 
vn 0.8495954871177673 0.009801307693123817 0.5273433923721313 
vn 0.8495954871177673 0.009801307693123817 0.5273433923721313 
vn 0.8261519074440002 0.11110073328018188 0.5523850917816162 
vn 0.8261519074440002 0.11110073328018188 0.5523850917816162 
vn 0.8042353391647339 0.18878954648971558 0.5635278224945068 
vn 0.8042353391647339 0.18878954648971558 0.5635278224945068 
vn 0.7854280471801758 0.25301048159599304 0.5648788213729858 
vn 0.7854280471801758 0.25301048159599304 0.5648788213729858 
vn 0.7614893317222595 0.31012073159217834 0.5691738128662109 
vn 0.7614893317222595 0.31012073159217834 0.5691738128662109 
vn 0.7533432841300964 0.33341389894485474 0.5668409466743469 
vn 0.7533432841300964 0.33341389894485474 0.5668409466743469 
vn 0.3857952952384949 -0.002031829673796892 -0.9225820899009705 
vn 0.3857952952384949 -0.002031829673796892 -0.9225820899009705 
vn 0.38647958636283875 -0.08133966475725174 -0.9187041521072388 
vn 0.38647958636283875 -0.08133966475725174 -0.9187041521072388 
vn 0.38441231846809387 -0.20531399548053741 -0.9000406861305237 
vn 0.38441231846809387 -0.20531399548053741 -0.9000406861305237 
vn 0.3850536644458771 -0.29676634073257446 -0.8738782405853271 
vn 0.3850536644458771 -0.29676634073257446 -0.8738782405853271 
vn 0.38161566853523254 -0.4006032347679138 -0.8329983949661255 
vn 0.38161566853523254 -0.4006032347679138 -0.8329983949661255 
vn 0.3841642439365387 -0.5182051658630371 -0.7641211152076721 
vn 0.3841642439365387 -0.5182051658630371 -0.7641211152076721 
vn 0.3847924470901489 -0.6426854729652405 -0.6624875664710999 
vn 0.3847924470901489 -0.6426854729652405 -0.6624875664710999 
vn 0.38243746757507324 -0.7612806558609009 -0.5236343145370483 
vn 0.38243746757507324 -0.7612806558609009 -0.5236343145370483 
vn 0.38607722520828247 -0.8515952825546265 -0.3545835018157959 
vn 0.38607722520828247 -0.8515952825546265 -0.3545835018157959 
vn 0.38322076201438904 -0.9073672294616699 -0.17270232737064362 
vn 0.38322076201438904 -0.9073672294616699 -0.17270232737064362 
vn 0.3853680193424225 -0.9222691059112549 0.030177270993590355 
vn 0.3853680193424225 -0.9222691059112549 0.030177270993590355 
vn 0.3765050768852234 -0.8723801970481873 0.3117629587650299 
vn 0.3765050768852234 -0.8723801970481873 0.3117629587650299 
vn 0.3491506278514862 -0.7003964185714722 0.6225258708000183 
vn 0.3491506278514862 -0.7003964185714722 0.6225258708000183 
vn 0.30297544598579407 -0.4676828682422638 0.8303483724594116 
vn 0.30297544598579407 -0.4676828682422638 0.8303483724594116 
vn 0.26107504963874817 -0.2651572525501251 0.9281871318817139 
vn 0.26107504963874817 -0.2651572525501251 0.9281871318817139 
vn 0.22413164377212524 -0.11462606489658356 0.9677942991256714 
vn 0.22413164377212524 -0.11462606489658356 0.9677942991256714 
vn 0.19637705385684967 -0.02471322938799858 0.9802169799804688 
vn 0.19637705385684967 -0.02471322938799858 0.9802169799804688 
vn 0.17945285141468048 0.03181413933634758 0.9832520484924316 
vn 0.17945285141468048 0.03181413933634758 0.9832520484924316 
vn 0.168164923787117 0.06611032783985138 0.9835395216941833 
vn 0.168164923787117 0.06611032783985138 0.9835395216941833 
vn 0.16496525704860687 0.07295428961515427 0.9835975766181946 
vn 0.16496525704860687 0.07295428961515427 0.9835975766181946 
vn 0.0017986989114433527 0.9999980926513672 -1.6442892558643507e-7 
vn 0.0017986989114433527 0.9999980926513672 -1.6442892558643507e-7 
vn 0.0017986989114433527 0.9999980926513672 -1.6442892558643507e-7 
vn 0.0017986989114433527 0.9999980926513672 -1.6442892558643507e-7 
vn 0.0017986989114433527 0.9999980926513672 -1.6442892558643507e-7 
vn 0.0017986989114433527 0.9999980926513672 -1.6442892558643507e-7 
vn 0.0017986989114433527 0.9999980926513672 -1.6442892558643507e-7 
vn 0.0017986989114433527 0.9999980926513672 -1.6442892558643507e-7 
vn -0.409615159034729 0.9122580885887146 -2.6312486056667694e-7 
vn -0.409615159034729 0.9122580885887146 -2.6312486056667694e-7 
vn -0.409615159034729 0.9122580885887146 -2.6312486056667694e-7 
vn -0.409615159034729 0.9122580885887146 -2.6312486056667694e-7 
vn -0.409615159034729 0.9122580885887146 -2.6312486056667694e-7 
vn -0.409615159034729 0.9122580885887146 -2.6312486056667694e-7 
vn -0.409615159034729 0.9122580885887146 -2.6312486056667694e-7 
vn -0.409615159034729 0.9122580885887146 -2.6312486056667694e-7 
s on 
f 1//1 2//2 3//3 
f 2//2 4//4 3//3 
f 3//3 4//4 4//4 
f 4//4 2//2 4//4 
f 4//4 2//2 2//2 
f 2//2 1//1 2//2 
f 2//2 1//1 5//5 
f 1//1 6//6 5//5 
f 5//5 6//6 7//7 
f 6//6 8//8 7//7 
f 7//7 8//8 9//9 
f 8//8 10//10 9//9 
f 9//9 10//10 11//11 
f 10//10 12//12 11//11 
f 11//11 12//12 13//13 
f 12//12 14//14 13//13 
f 13//13 14//14 15//15 
f 14//14 16//16 15//15 
f 15//15 16//16 17//17 
f 16//16 18//18 17//17 
f 17//17 18//18 19//19 
f 18//18 20//20 19//19 
f 19//19 20//20 21//21 
f 20//20 22//22 21//21 
f 21//21 22//22 23//23 
f 22//22 24//24 23//23 
f 23//23 24//24 25//25 
f 24//24 26//26 25//25 
f 25//25 26//26 27//27 
f 26//26 28//28 27//27 
f 27//27 28//28 29//29 
f 28//28 30//30 29//29 
f 29//29 30//30 31//31 
f 30//30 32//32 31//31 
f 31//31 32//32 4//4 
f 32//32 3//3 4//4 
f 4//4 3//3 3//3 
f 3//3 33//33 3//3 
f 3//3 33//33 33//33 
f 33//33 34//34 33//33 
f 33//33 34//34 35//35 
f 34//34 36//36 35//35 
f 35//35 36//36 36//36 
f 36//36 34//34 36//36 
f 36//36 34//34 34//34 
f 34//34 33//33 34//34 
f 34//34 33//33 37//37 
f 33//33 38//38 37//37 
f 37//37 38//38 39//39 
f 38//38 40//40 39//39 
f 39//39 40//40 41//41 
f 40//40 42//42 41//41 
f 41//41 42//42 43//43 
f 42//42 44//44 43//43 
f 43//43 44//44 45//45 
f 44//44 46//46 45//45 
f 45//45 46//46 47//47 
f 46//46 48//48 47//47 
f 47//47 48//48 49//49 
f 48//48 50//50 49//49 
f 49//49 50//50 51//51 
f 50//50 52//52 51//51 
f 51//51 52//52 53//53 
f 52//52 54//54 53//53 
f 53//53 54//54 55//55 
f 54//54 56//56 55//55 
f 55//55 56//56 57//57 
f 56//56 58//58 57//57 
f 57//57 58//58 59//59 
f 58//58 60//60 59//59 
f 59//59 60//60 61//61 
f 60//60 62//62 61//61 
f 61//61 62//62 63//63 
f 62//62 64//64 63//63 
f 63//63 64//64 36//36 
f 64//64 35//35 36//36 
f 36//36 35//35 35//35 
f 35//35 65//65 35//35 
f 35//35 65//65 65//65 
f 65//65 66//66 65//65 
f 65//65 66//66 67//67 
f 66//66 68//68 67//67 
f 67//67 68//68 68//68 
f 68//68 66//66 68//68 
f 68//68 66//66 66//66 
f 66//66 65//65 66//66 
f 66//66 65//65 69//69 
f 65//65 70//70 69//69 
f 69//69 70//70 71//71 
f 70//70 72//72 71//71 
f 71//71 72//72 73//73 
f 72//72 74//74 73//73 
f 73//73 74//74 75//75 
f 74//74 76//76 75//75 
f 75//75 76//76 77//77 
f 76//76 78//78 77//77 
f 77//77 78//78 79//79 
f 78//78 80//80 79//79 
f 79//79 80//80 81//81 
f 80//80 82//82 81//81 
f 81//81 82//82 83//83 
f 82//82 84//84 83//83 
f 83//83 84//84 85//85 
f 84//84 86//86 85//85 
f 85//85 86//86 87//87 
f 86//86 88//88 87//87 
f 87//87 88//88 89//89 
f 88//88 90//90 89//89 
f 89//89 90//90 91//91 
f 90//90 92//92 91//91 
f 91//91 92//92 93//93 
f 92//92 94//94 93//93 
f 93//93 94//94 95//95 
f 94//94 96//96 95//95 
f 95//95 96//96 68//68 
f 96//96 67//67 68//68 
f 68//68 67//67 67//67 
f 67//67 97//97 67//67 
f 67//67 97//97 97//97 
f 97//97 98//98 97//97 
f 97//97 98//98 99//99 
f 98//98 100//100 99//99 
f 99//99 100//100 100//100 
f 100//100 98//98 100//100 
f 100//100 98//98 98//98 
f 98//98 97//97 98//98 
f 98//98 97//97 101//101 
f 97//97 102//102 101//101 
f 101//101 102//102 103//103 
f 102//102 104//104 103//103 
f 103//103 104//104 105//105 
f 104//104 106//106 105//105 
f 105//105 106//106 107//107 
f 106//106 108//108 107//107 
f 107//107 108//108 109//109 
f 108//108 110//110 109//109 
f 109//109 110//110 111//111 
f 110//110 112//112 111//111 
f 111//111 112//112 113//113 
f 112//112 114//114 113//113 
f 113//113 114//114 115//115 
f 114//114 116//116 115//115 
f 115//115 116//116 117//117 
f 116//116 118//118 117//117 
f 117//117 118//118 119//119 
f 118//118 120//120 119//119 
f 119//119 120//120 121//121 
f 120//120 122//122 121//121 
f 121//121 122//122 123//123 
f 122//122 124//124 123//123 
f 123//123 124//124 125//125 
f 124//124 126//126 125//125 
f 125//125 126//126 127//127 
f 126//126 128//128 127//127 
f 127//127 128//128 100//100 
f 128//128 99//99 100//100 
f 100//100 99//99 99//99 
f 99//99 129//129 99//99 
f 99//99 129//129 129//129 
f 129//129 130//130 129//129 
f 129//129 130//130 131//131 
f 130//130 132//132 131//131 
f 131//131 132//132 132//132 
f 132//132 130//130 132//132 
f 132//132 130//130 130//130 
f 130//130 129//129 130//130 
f 130//130 129//129 133//133 
f 129//129 134//134 133//133 
f 133//133 134//134 135//135 
f 134//134 136//136 135//135 
f 135//135 136//136 137//137 
f 136//136 138//138 137//137 
f 137//137 138//138 139//139 
f 138//138 140//140 139//139 
f 139//139 140//140 141//141 
f 140//140 142//142 141//141 
f 141//141 142//142 143//143 
f 142//142 144//144 143//143 
f 143//143 144//144 145//145 
f 144//144 146//146 145//145 
f 145//145 146//146 147//147 
f 146//146 148//148 147//147 
f 147//147 148//148 149//149 
f 148//148 150//150 149//149 
f 149//149 150//150 151//151 
f 150//150 152//152 151//151 
f 151//151 152//152 153//153 
f 152//152 154//154 153//153 
f 153//153 154//154 155//155 
f 154//154 156//156 155//155 
f 155//155 156//156 157//157 
f 156//156 158//158 157//157 
f 157//157 158//158 159//159 
f 158//158 160//160 159//159 
f 159//159 160//160 132//132 
f 160//160 131//131 132//132 
f 132//132 131//131 131//131 
f 131//131 161//161 131//131 
f 131//131 161//161 161//161 
f 161//161 162//162 161//161 
f 161//161 162//162 163//163 
f 162//162 164//164 163//163 
f 163//163 164//164 164//164 
f 164//164 162//162 164//164 
f 164//164 162//162 162//162 
f 162//162 161//161 162//162 
f 162//162 161//161 165//165 
f 161//161 166//166 165//165 
f 165//165 166//166 167//167 
f 166//166 168//168 167//167 
f 167//167 168//168 169//169 
f 168//168 170//170 169//169 
f 169//169 170//170 171//171 
f 170//170 172//172 171//171 
f 171//171 172//172 173//173 
f 172//172 174//174 173//173 
f 173//173 174//174 175//175 
f 174//174 176//176 175//175 
f 175//175 176//176 177//177 
f 176//176 178//178 177//177 
f 177//177 178//178 179//179 
f 178//178 180//180 179//179 
f 179//179 180//180 181//181 
f 180//180 182//182 181//181 
f 181//181 182//182 183//183 
f 182//182 184//184 183//183 
f 183//183 184//184 185//185 
f 184//184 186//186 185//185 
f 185//185 186//186 187//187 
f 186//186 188//188 187//187 
f 187//187 188//188 189//189 
f 188//188 190//190 189//189 
f 189//189 190//190 191//191 
f 190//190 192//192 191//191 
f 191//191 192//192 164//164 
f 192//192 163//163 164//164 
f 164//164 163//163 163//163 
f 163//163 193//193 163//163 
f 163//163 193//193 193//193 
f 193//193 194//194 193//193 
f 193//193 194//194 195//195 
f 194//194 196//196 195//195 
f 195//195 196//196 196//196 
f 196//196 194//194 196//196 
f 196//196 194//194 194//194 
f 194//194 193//193 194//194 
f 194//194 193//193 197//197 
f 193//193 198//198 197//197 
f 197//197 198//198 199//199 
f 198//198 200//200 199//199 
f 199//199 200//200 201//201 
f 200//200 202//202 201//201 
f 201//201 202//202 203//203 
f 202//202 204//204 203//203 
f 203//203 204//204 205//205 
f 204//204 206//206 205//205 
f 205//205 206//206 207//207 
f 206//206 208//208 207//207 
f 207//207 208//208 209//209 
f 208//208 210//210 209//209 
f 209//209 210//210 211//211 
f 210//210 212//212 211//211 
f 211//211 212//212 213//213 
f 212//212 214//214 213//213 
f 213//213 214//214 215//215 
f 214//214 216//216 215//215 
f 215//215 216//216 217//217 
f 216//216 218//218 217//217 
f 217//217 218//218 219//219 
f 218//218 220//220 219//219 
f 219//219 220//220 221//221 
f 220//220 222//222 221//221 
f 221//221 222//222 223//223 
f 222//222 224//224 223//223 
f 223//223 224//224 196//196 
f 224//224 195//195 196//196 
f 196//196 195//195 195//195 
f 195//195 225//225 195//195 
f 195//195 225//225 225//225 
f 225//225 226//226 225//225 
f 225//225 226//226 227//227 
f 226//226 228//228 227//227 
f 227//227 228//228 228//228 
f 228//228 226//226 228//228 
f 228//228 226//226 226//226 
f 226//226 225//225 226//226 
f 226//226 225//225 229//229 
f 225//225 230//230 229//229 
f 229//229 230//230 231//231 
f 230//230 232//232 231//231 
f 231//231 232//232 233//233 
f 232//232 234//234 233//233 
f 233//233 234//234 235//235 
f 234//234 236//236 235//235 
f 235//235 236//236 237//237 
f 236//236 238//238 237//237 
f 237//237 238//238 239//239 
f 238//238 240//240 239//239 
f 239//239 240//240 241//241 
f 240//240 242//242 241//241 
f 241//241 242//242 243//243 
f 242//242 244//244 243//243 
f 243//243 244//244 245//245 
f 244//244 246//246 245//245 
f 245//245 246//246 247//247 
f 246//246 248//248 247//247 
f 247//247 248//248 249//249 
f 248//248 250//250 249//249 
f 249//249 250//250 251//251 
f 250//250 252//252 251//251 
f 251//251 252//252 253//253 
f 252//252 254//254 253//253 
f 253//253 254//254 255//255 
f 254//254 256//256 255//255 
f 255//255 256//256 228//228 
f 256//256 227//227 228//228 
f 228//228 227//227 227//227 
f 227//227 257//257 227//227 
f 227//227 257//257 257//257 
f 257//257 258//258 257//257 
f 257//257 258//258 259//259 
f 258//258 260//260 259//259 
f 259//259 260//260 260//260 
f 260//260 258//258 260//260 
f 260//260 258//258 258//258 
f 258//258 257//257 258//258 
f 258//258 257//257 261//261 
f 257//257 262//262 261//261 
f 261//261 262//262 263//263 
f 262//262 264//264 263//263 
f 263//263 264//264 265//265 
f 264//264 266//266 265//265 
f 265//265 266//266 267//267 
f 266//266 268//268 267//267 
f 267//267 268//268 269//269 
f 268//268 270//270 269//269 
f 269//269 270//270 271//271 
f 270//270 272//272 271//271 
f 271//271 272//272 273//273 
f 272//272 274//274 273//273 
f 273//273 274//274 275//275 
f 274//274 276//276 275//275 
f 275//275 276//276 277//277 
f 276//276 278//278 277//277 
f 277//277 278//278 279//279 
f 278//278 280//280 279//279 
f 279//279 280//280 281//281 
f 280//280 282//282 281//281 
f 281//281 282//282 283//283 
f 282//282 284//284 283//283 
f 283//283 284//284 285//285 
f 284//284 286//286 285//285 
f 285//285 286//286 287//287 
f 286//286 288//288 287//287 
f 287//287 288//288 260//260 
f 288//288 259//259 260//260 
f 260//260 259//259 259//259 
f 259//259 289//289 259//259 
f 259//259 289//289 289//289 
f 289//289 290//290 289//289 
f 289//289 290//290 291//291 
f 290//290 292//292 291//291 
f 291//291 292//292 292//292 
f 292//292 290//290 292//292 
f 292//292 290//290 290//290 
f 290//290 289//289 290//290 
f 290//290 289//289 293//293 
f 289//289 294//294 293//293 
f 293//293 294//294 295//295 
f 294//294 296//296 295//295 
f 295//295 296//296 297//297 
f 296//296 298//298 297//297 
f 297//297 298//298 299//299 
f 298//298 300//300 299//299 
f 299//299 300//300 301//301 
f 300//300 302//302 301//301 
f 301//301 302//302 303//303 
f 302//302 304//304 303//303 
f 303//303 304//304 305//305 
f 304//304 306//306 305//305 
f 305//305 306//306 307//307 
f 306//306 308//308 307//307 
f 307//307 308//308 309//309 
f 308//308 310//310 309//309 
f 309//309 310//310 311//311 
f 310//310 312//312 311//311 
f 311//311 312//312 313//313 
f 312//312 314//314 313//313 
f 313//313 314//314 315//315 
f 314//314 316//316 315//315 
f 315//315 316//316 317//317 
f 316//316 318//318 317//317 
f 317//317 318//318 319//319 
f 318//318 320//320 319//319 
f 319//319 320//320 292//292 
f 320//320 291//291 292//292 
f 292//292 291//291 291//291 
f 291//291 321//321 291//291 
f 291//291 321//321 321//321 
f 321//321 322//322 321//321 
f 321//321 322//322 323//323 
f 322//322 324//324 323//323 
f 323//323 324//324 324//324 
f 324//324 322//322 324//324 
f 324//324 322//322 322//322 
f 322//322 321//321 322//322 
f 322//322 321//321 325//325 
f 321//321 326//326 325//325 
f 325//325 326//326 327//327 
f 326//326 328//328 327//327 
f 327//327 328//328 329//329 
f 328//328 330//330 329//329 
f 329//329 330//330 331//331 
f 330//330 332//332 331//331 
f 331//331 332//332 333//333 
f 332//332 334//334 333//333 
f 333//333 334//334 335//335 
f 334//334 336//336 335//335 
f 335//335 336//336 337//337 
f 336//336 338//338 337//337 
f 337//337 338//338 339//339 
f 338//338 340//340 339//339 
f 339//339 340//340 341//341 
f 340//340 342//342 341//341 
f 341//341 342//342 343//343 
f 342//342 344//344 343//343 
f 343//343 344//344 345//345 
f 344//344 346//346 345//345 
f 345//345 346//346 347//347 
f 346//346 348//348 347//347 
f 347//347 348//348 349//349 
f 348//348 350//350 349//349 
f 349//349 350//350 351//351 
f 350//350 352//352 351//351 
f 351//351 352//352 324//324 
f 352//352 323//323 324//324 
f 324//324 323//323 323//323 
f 323//323 353//353 323//323 
f 323//323 353//353 353//353 
f 353//353 354//354 353//353 
f 353//353 354//354 355//355 
f 354//354 356//356 355//355 
f 355//355 356//356 355//355 
f 356//356 357//357 355//355 
f 355//355 357//357 355//355 
f 357//357 358//358 355//355 
f 355//355 358//358 355//355 
f 358//358 359//359 355//355 
f 355//355 359//359 355//355 
f 359//359 360//360 355//355 
f 355//355 360//360 355//355 
f 360//360 361//361 355//355 
f 355//355 361//361 355//355 
f 361//361 362//362 355//355 
f 355//355 362//362 355//355 
f 362//362 363//363 355//355 
f 355//355 363//363 355//355 
f 363//363 364//364 355//355 
f 355//355 364//364 355//355 
f 364//364 365//365 355//355 
f 355//355 365//365 355//355 
f 365//365 366//366 355//355 
f 355//355 366//366 355//355 
f 366//366 367//367 355//355 
f 355//355 367//367 368//368 
f 367//367 368//368 368//368 
f 368//368 368//368 369//369 
f 368//368 369//369 369//369 
f 369//369 369//369 370//370 
f 369//369 371//371 370//370 
f 370//370 371//371 370//370 
f 371//371 372//372 370//370 
f 370//370 372//372 370//370 
f 372//372 373//373 370//370 
f 370//370 373//373 370//370 
f 373//373 374//374 370//370 
f 370//370 374//374 370//370 
f 374//374 375//375 370//370 
f 370//370 375//375 370//370 
f 375//375 376//376 370//370 
f 370//370 376//376 370//370 
f 376//376 377//377 370//370 
f 370//370 377//377 370//370 
f 377//377 378//378 370//370 
f 370//370 378//378 370//370 
f 378//378 379//379 370//370 
f 370//370 379//379 370//370 
f 379//379 380//380 370//370 
f 370//370 380//380 370//370 
f 380//380 381//381 370//370 
f 370//370 381//381 370//370 
f 381//381 382//382 370//370 
f 370//370 382//382 370//370 
f 382//382 383//383 370//370 
f 370//370 383//383 384//384 
f 383//383 384//384 384//384 
f 384//384 384//384 385//385 
f 384//384 385//385 385//385 
f 385//385 385//385 386//386 
f 385//385 387//387 386//386 
f 386//386 387//387 388//388 
f 387//387 388//388 388//388 
f 388//388 388//388 389//389 
f 388//388 389//389 389//389 
f 389//389 389//389 390//390 
f 389//389 391//391 390//390 
f 390//390 391//391 392//392 
f 391//391 392//392 392//392 
f 392//392 392//392 393//393 
f 392//392 393//393 393//393 
f 393//393 393//393 394//394 
f 393//393 395//395 394//394 
f 394//394 395//395 396//396 
f 395//395 396//396 396//396 
f 396//396 396//396 397//397 
f 396//396 397//397 397//397 
f 397//397 397//397 398//398 
f 397//397 399//399 398//398 
f 398//398 399//399 400//400 
f 399//399 400//400 400//400 
f 400//400 400//400 401//401 
f 400//400 401//401 401//401 
f 401//401 401//401 402//402 
f 401//401 403//403 402//402 
f 402//402 403//403 404//404 
f 403//403 404//404 404//404 
f 404//404 404//404 405//405 
f 404//404 405//405 405//405 
f 405//405 405//405 406//406 
f 405//405 407//407 406//406 
f 406//406 407//407 408//408 
f 407//407 408//408 408//408 
f 408//408 408//408 409//409 
f 408//408 409//409 409//409 
f 409//409 409//409 410//410 
f 409//409 411//411 410//410 
f 410//410 411//411 412//412 
f 411//411 412//412 412//412 
f 412//412 412//412 413//413 
f 412//412 413//413 413//413 
f 413//413 413//413 414//414 
f 413//413 415//415 414//414 
f 414//414 415//415 416//416 
f 415//415 416//416 416//416 
f 416//416 416//416 417//417 
f 416//416 417//417 417//417 
f 417//417 417//417 418//418 
f 417//417 419//419 418//418 
f 418//418 419//419 420//420 
f 419//419 420//420 420//420 
f 420//420 420//420 421//421 
f 420//420 421//421 421//421 
f 421//421 421//421 422//422 
f 421//421 423//423 422//422 
f 422//422 423//423 424//424 
f 423//423 424//424 424//424 
f 424//424 424//424 425//425 
f 424//424 425//425 425//425 
f 425//425 425//425 426//426 
f 425//425 427//427 426//426 
f 426//426 427//427 428//428 
f 427//427 428//428 428//428 
f 428//428 428//428 429//429 
f 428//428 429//429 429//429 
f 429//429 429//429 430//430 
f 429//429 431//431 430//430 
f 430//430 431//431 432//432 
f 431//431 432//432 432//432 
f 432//432 432//432 433//433 
f 432//432 433//433 433//433 
f 433//433 433//433 434//434 
f 433//433 435//435 434//434 
f 434//434 435//435 436//436 
f 435//435 437//437 436//436 
f 436//436 437//437 438//438 
f 437//437 438//438 438//438 
f 438//438 438//438 439//439 
f 438//438 439//439 439//439 
f 439//439 439//439 440//440 
f 439//439 441//441 440//440 
f 440//440 441//441 442//442 
f 441//441 443//443 442//442 
f 442//442 443//443 443//443 
f 443//443 444//444 443//443 
f 443//443 444//444 444//444 
f 444//444 440//440 444//444 
f 444//444 440//440 442//442 
f 440//440 442//442 442//442 
f 442//442 442//442 445//445 
f 442//442 445//445 445//445 
f 445//445 445//445 446//446 
f 445//445 447//447 446//446 
f 446//446 447//447 448//448 
f 447//447 448//448 448//448 
f 448//448 448//448 449//449 
f 448//448 449//449 449//449 
f 449//449 449//449 450//450 
f 449//449 451//451 450//450 
f 450//450 451//451 452//452 
f 451//451 452//452 452//452 
f 452//452 452//452 453//453 
f 452//452 453//453 453//453 
f 453//453 453//453 454//454 
f 453//453 455//455 454//454 
f 454//454 455//455 456//456 
f 455//455 456//456 456//456 
f 456//456 456//456 457//457 
f 456//456 457//457 457//457 
f 457//457 457//457 458//458 
f 457//457 459//459 458//458 
f 458//458 459//459 460//460 
f 459//459 460//460 460//460 
f 460//460 460//460 461//461 
f 460//460 461//461 461//461 
f 461//461 461//461 462//462 
f 461//461 463//463 462//462 
f 462//462 463//463 464//464 
f 463//463 464//464 464//464 
f 464//464 464//464 465//465 
f 464//464 465//465 465//465 
f 465//465 465//465 466//466 
f 465//465 467//467 466//466 
f 466//466 467//467 468//468 
f 467//467 468//468 468//468 
f 468//468 468//468 469//469 
f 468//468 469//469 469//469 
f 469//469 469//469 470//470 
f 469//469 471//471 470//470 
f 470//470 471//471 472//472 
f 471//471 473//473 472//472 
f 472//472 473//473 473//473 
f 473//473 474//474 473//473 
f 473//473 474//474 474//474 
f 474//474 470//470 474//474 
f 474//474 470//470 472//472 
f 470//470 472//472 472//472 
f 472//472 472//472 475//475 
f 472//472 475//475 475//475 
f 475//475 475//475 476//476 
f 475//475 477//477 476//476 
f 476//476 477//477 478//478 
f 477//477 479//479 478//478 
f 478//478 479//479 480//480 
f 479//479 480//480 480//480 
f 480//480 480//480 481//481 
f 480//480 481//481 481//481 
f 481//481 481//481 482//482 
f 481//481 483//483 482//482 
f 482//482 483//483 482//482 
f 483//483 484//484 482//482 
f 482//482 484//484 485//485 
f 484//484 486//486 485//485 
f 485//485 486//486 487//487 
f 486//486 488//488 487//487 
f 487//487 488//488 489//489 
f 488//488 490//490 489//489 
f 489//489 490//490 491//491 
f 490//490 492//492 491//491 
f 491//491 492//492 493//493 
f 492//492 494//494 493//493 
f 493//493 494//494 495//495 
f 494//494 496//496 495//495 
f 495//495 496//496 497//497 
f 496//496 498//498 497//497 
f 497//497 498//498 499//499 
f 498//498 500//500 499//499 
f 499//499 500//500 501//501 
f 500//500 502//502 501//501 
f 501//501 502//502 503//503 
f 502//502 504//504 503//503 
f 503//503 504//504 505//505 
f 504//504 506//506 505//505 
f 505//505 506//506 507//507 
f 506//506 508//508 507//507 
f 507//507 508//508 509//509 
f 508//508 510//510 509//509 
f 509//509 510//510 511//511 
f 510//510 512//512 511//511 
f 511//511 512//512 513//513 
f 512//512 514//514 513//513 
f 513//513 514//514 515//515 
f 514//514 516//516 515//515 
f 515//515 516//516 517//517 
f 516//516 518//518 517//517 
f 517//517 518//518 519//519 
f 518//518 520//520 519//519 
f 519//519 520//520 520//520 
f 520//520 521//521 520//520 
f 520//520 521//521 521//521 
f 521//521 522//522 521//521 
f 521//521 522//522 523//523 
f 522//522 524//524 523//523 
f 523//523 524//524 525//525 
f 524//524 526//526 525//525 
f 525//525 526//526 527//527 
f 526//526 528//528 527//527 
f 527//527 528//528 529//529 
f 528//528 530//530 529//529 
f 529//529 530//530 531//531 
f 530//530 532//532 531//531 
f 531//531 532//532 533//533 
f 532//532 534//534 533//533 
f 533//533 534//534 535//535 
f 534//534 536//536 535//535 
f 535//535 536//536 537//537 
f 536//536 538//538 537//537 
f 537//537 538//538 539//539 
f 538//538 540//540 539//539 
f 539//539 540//540 541//541 
f 540//540 542//542 541//541 
f 541//541 542//542 543//543 
f 542//542 544//544 543//543 
f 543//543 544//544 545//545 
f 544//544 546//546 545//545 
f 545//545 546//546 547//547 
f 546//546 548//548 547//547 
f 547//547 548//548 549//549 
f 548//548 550//550 549//549 
f 549//549 550//550 551//551 
f 550//550 552//552 551//551 
f 551//551 552//552 553//553 
f 552//552 554//554 553//553 
f 553//553 554//554 555//555 
f 554//554 556//556 555//555 
f 555//555 556//556 557//557 
f 556//556 558//558 557//557 
f 557//557 558//558 559//559 
f 558//558 560//560 559//559 
f 559//559 560//560 560//560 
f 560//560 561//561 560//560 
f 560//560 561//561 561//561 
f 561//561 562//562 561//561 
f 561//561 562//562 563//563 
f 562//562 564//564 563//563 
f 563//563 564//564 565//565 
f 564//564 566//566 565//565 
f 565//565 566//566 567//567 
f 566//566 568//568 567//567 
f 567//567 568//568 569//569 
f 568//568 570//570 569//569 
f 569//569 570//570 571//571 
f 570//570 572//572 571//571 
f 571//571 572//572 573//573 
f 572//572 574//574 573//573 
f 573//573 574//574 575//575 
f 574//574 576//576 575//575 
f 575//575 576//576 577//577 
f 576//576 578//578 577//577 
f 577//577 578//578 579//579 
f 578//578 580//580 579//579 
f 579//579 580//580 581//581 
f 580//580 582//582 581//581 
f 581//581 582//582 583//583 
f 582//582 584//584 583//583 
f 583//583 584//584 585//585 
f 584//584 586//586 585//585 
f 585//585 586//586 587//587 
f 586//586 588//588 587//587 
f 587//587 588//588 589//589 
f 588//588 590//590 589//589 
f 589//589 590//590 591//591 
f 590//590 592//592 591//591 
f 591//591 592//592 593//593 
f 592//592 594//594 593//593 
f 593//593 594//594 595//595 
f 594//594 596//596 595//595 
f 595//595 596//596 597//597 
f 596//596 598//598 597//597 
f 597//597 598//598 599//599 
f 598//598 600//600 599//599 
f 599//599 600//600 600//600 
f 600//600 601//601 600//600 
f 600//600 601//601 601//601 
f 601//601 602//602 601//601 
f 601//601 602//602 603//603 
f 602//602 604//604 603//603 
f 603//603 604//604 605//605 
f 604//604 606//606 605//605 
f 605//605 606//606 607//607 
f 606//606 608//608 607//607 
f 607//607 608//608 609//609 
f 608//608 610//610 609//609 
f 609//609 610//610 611//611 
f 610//610 612//612 611//611 
f 611//611 612//612 613//613 
f 612//612 614//614 613//613 
f 613//613 614//614 615//615 
f 614//614 616//616 615//615 
f 615//615 616//616 617//617 
f 616//616 618//618 617//617 
f 617//617 618//618 619//619 
f 618//618 620//620 619//619 
f 619//619 620//620 621//621 
f 620//620 622//622 621//621 
f 621//621 622//622 623//623 
f 622//622 624//624 623//623 
f 623//623 624//624 625//625 
f 624//624 626//626 625//625 
f 625//625 626//626 627//627 
f 626//626 628//628 627//627 
f 627//627 628//628 629//629 
f 628//628 630//630 629//629 
f 629//629 630//630 631//631 
f 630//630 632//632 631//631 
f 631//631 632//632 633//633 
f 632//632 634//634 633//633 
f 633//633 634//634 635//635 
f 634//634 636//636 635//635 
f 635//635 636//636 637//637 
f 636//636 638//638 637//637 
f 637//637 638//638 639//639 
f 638//638 640//640 639//639 
f 639//639 640//640 640//640 
f 640//640 641//641 640//640 
f 640//640 641//641 641//641 
f 641//641 642//642 641//641 
f 641//641 642//642 643//643 
f 642//642 644//644 643//643 
f 643//643 644//644 645//645 
f 644//644 646//646 645//645 
f 645//645 646//646 647//647 
f 646//646 648//648 647//647 
f 647//647 648//648 649//649 
f 648//648 650//650 649//649 
f 649//649 650//650 651//651 
f 650//650 652//652 651//651 
f 651//651 652//652 653//653 
f 652//652 654//654 653//653 
f 653//653 654//654 655//655 
f 654//654 656//656 655//655 
f 655//655 656//656 657//657 
f 656//656 658//658 657//657 
f 657//657 658//658 659//659 
f 658//658 660//660 659//659 
f 659//659 660//660 661//661 
f 660//660 662//662 661//661 
f 661//661 662//662 663//663 
f 662//662 664//664 663//663 
f 663//663 664//664 665//665 
f 664//664 666//666 665//665 
f 665//665 666//666 667//667 
f 666//666 668//668 667//667 
f 667//667 668//668 669//669 
f 668//668 670//670 669//669 
f 669//669 670//670 671//671 
f 670//670 672//672 671//671 
f 671//671 672//672 673//673 
f 672//672 674//674 673//673 
f 673//673 674//674 675//675 
f 674//674 676//676 675//675 
f 675//675 676//676 677//677 
f 676//676 678//678 677//677 
f 677//677 678//678 679//679 
f 678//678 680//680 679//679 
f 679//679 680//680 680//680 
f 680//680 681//681 680//680 
f 680//680 681//681 681//681 
f 681//681 682//682 681//681 
f 681//681 682//682 683//683 
f 682//682 684//684 683//683 
f 683//683 684//684 685//685 
f 684//684 686//686 685//685 
f 685//685 686//686 687//687 
f 686//686 688//688 687//687 
f 687//687 688//688 689//689 
f 688//688 690//690 689//689 
f 689//689 690//690 691//691 
f 690//690 692//692 691//691 
f 691//691 692//692 693//693 
f 692//692 694//694 693//693 
f 693//693 694//694 695//695 
f 694//694 696//696 695//695 
f 695//695 696//696 697//697 
f 696//696 698//698 697//697 
f 697//697 698//698 699//699 
f 698//698 700//700 699//699 
f 699//699 700//700 701//701 
f 700//700 702//702 701//701 
f 701//701 702//702 703//703 
f 702//702 704//704 703//703 
f 703//703 704//704 705//705 
f 704//704 706//706 705//705 
f 705//705 706//706 707//707 
f 706//706 708//708 707//707 
f 707//707 708//708 709//709 
f 708//708 710//710 709//709 
f 709//709 710//710 711//711 
f 710//710 712//712 711//711 
f 711//711 712//712 713//713 
f 712//712 714//714 713//713 
f 713//713 714//714 715//715 
f 714//714 716//716 715//715 
f 715//715 716//716 717//717 
f 716//716 718//718 717//717 
f 717//717 718//718 719//719 
f 718//718 720//720 719//719 
f 719//719 720//720 720//720 
f 720//720 721//721 720//720 
f 720//720 721//721 721//721 
f 721//721 722//722 721//721 
f 721//721 722//722 723//723 
f 722//722 724//724 723//723 
f 723//723 724//724 725//725 
f 724//724 726//726 725//725 
f 725//725 726//726 727//727 
f 726//726 728//728 727//727 
f 727//727 728//728 729//729 
f 728//728 730//730 729//729 
f 729//729 730//730 731//731 
f 730//730 732//732 731//731 
f 731//731 732//732 733//733 
f 732//732 734//734 733//733 
f 733//733 734//734 735//735 
f 734//734 736//736 735//735 
f 735//735 736//736 737//737 
f 736//736 738//738 737//737 
f 737//737 738//738 739//739 
f 738//738 740//740 739//739 
f 739//739 740//740 741//741 
f 740//740 742//742 741//741 
f 741//741 742//742 743//743 
f 742//742 744//744 743//743 
f 743//743 744//744 745//745 
f 744//744 746//746 745//745 
f 745//745 746//746 747//747 
f 746//746 748//748 747//747 
f 747//747 748//748 749//749 
f 748//748 750//750 749//749 
f 749//749 750//750 751//751 
f 750//750 752//752 751//751 
f 751//751 752//752 753//753 
f 752//752 754//754 753//753 
f 753//753 754//754 755//755 
f 754//754 756//756 755//755 
f 755//755 756//756 757//757 
f 756//756 758//758 757//757 
f 757//757 758//758 759//759 
f 758//758 760//760 759//759 
f 759//759 760//760 760//760 
f 760//760 761//761 760//760 
f 760//760 761//761 761//761 
f 761//761 762//762 761//761 
f 761//761 762//762 763//763 
f 762//762 764//764 763//763 
f 763//763 764//764 765//765 
f 764//764 766//766 765//765 
f 765//765 766//766 767//767 
f 766//766 768//768 767//767 
f 767//767 768//768 769//769 
f 768//768 770//770 769//769 
f 769//769 770//770 771//771 
f 770//770 772//772 771//771 
f 771//771 772//772 773//773 
f 772//772 774//774 773//773 
f 773//773 774//774 775//775 
f 774//774 776//776 775//775 
f 775//775 776//776 777//777 
f 776//776 778//778 777//777 
f 777//777 778//778 779//779 
f 778//778 780//780 779//779 
f 779//779 780//780 781//781 
f 780//780 782//782 781//781 
f 781//781 782//782 783//783 
f 782//782 784//784 783//783 
f 783//783 784//784 785//785 
f 784//784 786//786 785//785 
f 785//785 786//786 787//787 
f 786//786 788//788 787//787 
f 787//787 788//788 789//789 
f 788//788 790//790 789//789 
f 789//789 790//790 791//791 
f 790//790 792//792 791//791 
f 791//791 792//792 793//793 
f 792//792 794//794 793//793 
f 793//793 794//794 795//795 
f 794//794 796//796 795//795 
f 795//795 796//796 797//797 
f 796//796 798//798 797//797 
f 797//797 798//798 799//799 
f 798//798 800//800 799//799 
f 799//799 800//800 800//800 
f 800//800 801//801 800//800 
f 800//800 801//801 801//801 
f 801//801 802//802 801//801 
f 801//801 802//802 803//803 
f 802//802 804//804 803//803 
f 803//803 804//804 803//803 
f 804//804 805//805 803//803 
f 803//803 805//805 803//803 
f 805//805 806//806 803//803 
f 803//803 806//806 803//803 
f 806//806 807//807 803//803 
f 803//803 807//807 808//808 
f 807//807 808//808 808//808 
f 808//808 808//808 809//809 
f 808//808 809//809 809//809 
f 809//809 809//809 810//810 
f 809//809 811//811 810//810 
f 810//810 811//811 812//812 
f 811//811 813//813 812//812 
f 812//812 813//813 812//812 
f 813//813 814//814 812//812 
f 812//812 814//814 815//815 
f 814//814 815//815 815//815 
f 815//815 815//815 816//816 
f 815//815 816//816 816//816 
f 816//816 816//816 811//811 
f 816//816 813//813 811//811 
f 811//811 813//813 813//813 
f 813//813 817//817 813//813 
f 813//813 817//817 817//817 
f 817//817 818//818 817//817 
f 817//817 818//818 819//819 
f 818//818 820//820 819//819 
f 819//819 820//820 820//820 
f 820//820 818//818 820//820 
f 820//820 818//818 818//818 
f 818//818 817//817 818//818 
f 818//818 817//817 821//821 
f 817//817 822//822 821//821 
f 821//821 822//822 823//823 
f 822//822 824//824 823//823 
f 823//823 824//824 825//825 
f 824//824 826//826 825//825 
f 825//825 826//826 827//827 
f 826//826 828//828 827//827 
f 827//827 828//828 829//829 
f 828//828 830//830 829//829 
f 829//829 830//830 831//831 
f 830//830 832//832 831//831 
f 831//831 832//832 833//833 
f 832//832 834//834 833//833 
f 833//833 834//834 835//835 
f 834//834 836//836 835//835 
f 835//835 836//836 837//837 
f 836//836 838//838 837//837 
f 837//837 838//838 839//839 
f 838//838 840//840 839//839 
f 839//839 840//840 841//841 
f 840//840 842//842 841//841 
f 841//841 842//842 843//843 
f 842//842 844//844 843//843 
f 843//843 844//844 845//845 
f 844//844 846//846 845//845 
f 845//845 846//846 847//847 
f 846//846 848//848 847//847 
f 847//847 848//848 820//820 
f 848//848 819//819 820//820 
f 820//820 819//819 819//819 
f 819//819 849//849 819//819 
f 819//819 849//849 849//849 
f 849//849 850//850 849//849 
f 849//849 850//850 851//851 
f 850//850 852//852 851//851 
f 851//851 852//852 852//852 
f 852//852 850//850 852//852 
f 852//852 850//850 850//850 
f 850//850 849//849 850//850 
f 850//850 849//849 853//853 
f 849//849 854//854 853//853 
f 853//853 854//854 855//855 
f 854//854 856//856 855//855 
f 855//855 856//856 857//857 
f 856//856 858//858 857//857 
f 857//857 858//858 859//859 
f 858//858 860//860 859//859 
f 859//859 860//860 861//861 
f 860//860 862//862 861//861 
f 861//861 862//862 863//863 
f 862//862 864//864 863//863 
f 863//863 864//864 865//865 
f 864//864 866//866 865//865 
f 865//865 866//866 867//867 
f 866//866 868//868 867//867 
f 867//867 868//868 869//869 
f 868//868 870//870 869//869 
f 869//869 870//870 871//871 
f 870//870 872//872 871//871 
f 871//871 872//872 873//873 
f 872//872 874//874 873//873 
f 873//873 874//874 875//875 
f 874//874 876//876 875//875 
f 875//875 876//876 877//877 
f 876//876 878//878 877//877 
f 877//877 878//878 879//879 
f 878//878 880//880 879//879 
f 879//879 880//880 852//852 
f 880//880 851//851 852//852 
f 852//852 851//851 851//851 
f 851//851 881//881 851//851 
f 851//851 881//881 881//881 
f 881//881 882//882 881//881 
f 881//881 882//882 883//883 
f 882//882 884//884 883//883 
f 883//883 884//884 884//884 
f 884//884 882//882 884//884 
f 884//884 882//882 882//882 
f 882//882 881//881 882//882 
f 882//882 881//881 885//885 
f 881//881 886//886 885//885 
f 885//885 886//886 887//887 
f 886//886 888//888 887//887 
f 887//887 888//888 889//889 
f 888//888 890//890 889//889 
f 889//889 890//890 891//891 
f 890//890 892//892 891//891 
f 891//891 892//892 893//893 
f 892//892 894//894 893//893 
f 893//893 894//894 895//895 
f 894//894 896//896 895//895 
f 895//895 896//896 897//897 
f 896//896 898//898 897//897 
f 897//897 898//898 899//899 
f 898//898 900//900 899//899 
f 899//899 900//900 901//901 
f 900//900 902//902 901//901 
f 901//901 902//902 903//903 
f 902//902 904//904 903//903 
f 903//903 904//904 905//905 
f 904//904 906//906 905//905 
f 905//905 906//906 907//907 
f 906//906 908//908 907//907 
f 907//907 908//908 909//909 
f 908//908 910//910 909//909 
f 909//909 910//910 911//911 
f 910//910 912//912 911//911 
f 911//911 912//912 884//884 
f 912//912 883//883 884//884 
f 884//884 883//883 883//883 
f 883//883 913//913 883//883 
f 883//883 913//913 913//913 
f 913//913 914//914 913//913 
f 913//913 914//914 915//915 
f 914//914 916//916 915//915 
f 915//915 916//916 916//916 
f 916//916 914//914 916//916 
f 916//916 914//914 914//914 
f 914//914 913//913 914//914 
f 914//914 913//913 917//917 
f 913//913 918//918 917//917 
f 917//917 918//918 919//919 
f 918//918 920//920 919//919 
f 919//919 920//920 921//921 
f 920//920 922//922 921//921 
f 921//921 922//922 923//923 
f 922//922 924//924 923//923 
f 923//923 924//924 925//925 
f 924//924 926//926 925//925 
f 925//925 926//926 927//927 
f 926//926 928//928 927//927 
f 927//927 928//928 929//929 
f 928//928 930//930 929//929 
f 929//929 930//930 931//931 
f 930//930 932//932 931//931 
f 931//931 932//932 933//933 
f 932//932 934//934 933//933 
f 933//933 934//934 935//935 
f 934//934 936//936 935//935 
f 935//935 936//936 937//937 
f 936//936 938//938 937//937 
f 937//937 938//938 939//939 
f 938//938 940//940 939//939 
f 939//939 940//940 941//941 
f 940//940 942//942 941//941 
f 941//941 942//942 943//943 
f 942//942 944//944 943//943 
f 943//943 944//944 916//916 
f 944//944 915//915 916//916 
f 916//916 915//915 915//915 
f 915//915 945//945 915//915 
f 915//915 945//945 945//945 
f 945//945 946//946 945//945 
f 945//945 946//946 947//947 
f 946//946 948//948 947//947 
f 947//947 948//948 948//948 
f 948//948 946//946 948//948 
f 948//948 946//946 946//946 
f 946//946 945//945 946//946 
f 946//946 945//945 949//949 
f 945//945 950//950 949//949 
f 949//949 950//950 951//951 
f 950//950 952//952 951//951 
f 951//951 952//952 953//953 
f 952//952 954//954 953//953 
f 953//953 954//954 955//955 
f 954//954 956//956 955//955 
f 955//955 956//956 957//957 
f 956//956 958//958 957//957 
f 957//957 958//958 959//959 
f 958//958 960//960 959//959 
f 959//959 960//960 961//961 
f 960//960 962//962 961//961 
f 961//961 962//962 963//963 
f 962//962 964//964 963//963 
f 963//963 964//964 965//965 
f 964//964 966//966 965//965 
f 965//965 966//966 967//967 
f 966//966 968//968 967//967 
f 967//967 968//968 969//969 
f 968//968 970//970 969//969 
f 969//969 970//970 971//971 
f 970//970 972//972 971//971 
f 971//971 972//972 973//973 
f 972//972 974//974 973//973 
f 973//973 974//974 975//975 
f 974//974 976//976 975//975 
f 975//975 976//976 948//948 
f 976//976 947//947 948//948 
f 948//948 947//947 947//947 
f 947//947 977//977 947//947 
f 947//947 977//977 977//977 
f 977//977 978//978 977//977 
f 977//977 978//978 979//979 
f 978//978 980//980 979//979 
f 979//979 980//980 980//980 
f 980//980 978//978 980//980 
f 980//980 978//978 978//978 
f 978//978 977//977 978//978 
f 978//978 977//977 981//981 
f 977//977 982//982 981//981 
f 981//981 982//982 983//983 
f 982//982 984//984 983//983 
f 983//983 984//984 985//985 
f 984//984 986//986 985//985 
f 985//985 986//986 987//987 
f 986//986 988//988 987//987 
f 987//987 988//988 989//989 
f 988//988 990//990 989//989 
f 989//989 990//990 991//991 
f 990//990 992//992 991//991 
f 991//991 992//992 993//993 
f 992//992 994//994 993//993 
f 993//993 994//994 995//995 
f 994//994 996//996 995//995 
f 995//995 996//996 997//997 
f 996//996 998//998 997//997 
f 997//997 998//998 999//999 
f 998//998 1000//1000 999//999 
f 999//999 1000//1000 1001//1001 
f 1000//1000 1002//1002 1001//1001 
f 1001//1001 1002//1002 1003//1003 
f 1002//1002 1004//1004 1003//1003 
f 1003//1003 1004//1004 1005//1005 
f 1004//1004 1006//1006 1005//1005 
f 1005//1005 1006//1006 1007//1007 
f 1006//1006 1008//1008 1007//1007 
f 1007//1007 1008//1008 980//980 
f 1008//1008 979//979 980//980 
f 980//980 979//979 979//979 
f 979//979 1009//1009 979//979 
f 979//979 1009//1009 1009//1009 
f 1009//1009 1010//1010 1009//1009 
f 1009//1009 1010//1010 1011//1011 
f 1010//1010 1012//1012 1011//1011 
f 1011//1011 1012//1012 1012//1012 
f 1012//1012 1010//1010 1012//1012 
f 1012//1012 1010//1010 1010//1010 
f 1010//1010 1009//1009 1010//1010 
f 1010//1010 1009//1009 1013//1013 
f 1009//1009 1014//1014 1013//1013 
f 1013//1013 1014//1014 1015//1015 
f 1014//1014 1016//1016 1015//1015 
f 1015//1015 1016//1016 1017//1017 
f 1016//1016 1018//1018 1017//1017 
f 1017//1017 1018//1018 1019//1019 
f 1018//1018 1020//1020 1019//1019 
f 1019//1019 1020//1020 1021//1021 
f 1020//1020 1022//1022 1021//1021 
f 1021//1021 1022//1022 1023//1023 
f 1022//1022 1024//1024 1023//1023 
f 1023//1023 1024//1024 1025//1025 
f 1024//1024 1026//1026 1025//1025 
f 1025//1025 1026//1026 1027//1027 
f 1026//1026 1028//1028 1027//1027 
f 1027//1027 1028//1028 1029//1029 
f 1028//1028 1030//1030 1029//1029 
f 1029//1029 1030//1030 1031//1031 
f 1030//1030 1032//1032 1031//1031 
f 1031//1031 1032//1032 1033//1033 
f 1032//1032 1034//1034 1033//1033 
f 1033//1033 1034//1034 1035//1035 
f 1034//1034 1036//1036 1035//1035 
f 1035//1035 1036//1036 1037//1037 
f 1036//1036 1038//1038 1037//1037 
f 1037//1037 1038//1038 1039//1039 
f 1038//1038 1040//1040 1039//1039 
f 1039//1039 1040//1040 1012//1012 
f 1040//1040 1011//1011 1012//1012 
f 1012//1012 1011//1011 1011//1011 
f 1011//1011 1041//1041 1011//1011 
f 1011//1011 1041//1041 1041//1041 
f 1041//1041 1042//1042 1041//1041 
f 1041//1041 1042//1042 1043//1043 
f 1042//1042 1044//1044 1043//1043 
f 1043//1043 1044//1044 1044//1044 
f 1044//1044 1042//1042 1044//1044 
f 1044//1044 1042//1042 1042//1042 
f 1042//1042 1041//1041 1042//1042 
f 1042//1042 1041//1041 1045//1045 
f 1041//1041 1046//1046 1045//1045 
f 1045//1045 1046//1046 1047//1047 
f 1046//1046 1048//1048 1047//1047 
f 1047//1047 1048//1048 1049//1049 
f 1048//1048 1050//1050 1049//1049 
f 1049//1049 1050//1050 1051//1051 
f 1050//1050 1052//1052 1051//1051 
f 1051//1051 1052//1052 1053//1053 
f 1052//1052 1054//1054 1053//1053 
f 1053//1053 1054//1054 1055//1055 
f 1054//1054 1056//1056 1055//1055 
f 1055//1055 1056//1056 1057//1057 
f 1056//1056 1058//1058 1057//1057 
f 1057//1057 1058//1058 1059//1059 
f 1058//1058 1060//1060 1059//1059 
f 1059//1059 1060//1060 1061//1061 
f 1060//1060 1062//1062 1061//1061 
f 1061//1061 1062//1062 1063//1063 
f 1062//1062 1064//1064 1063//1063 
f 1063//1063 1064//1064 1065//1065 
f 1064//1064 1066//1066 1065//1065 
f 1065//1065 1066//1066 1067//1067 
f 1066//1066 1068//1068 1067//1067 
f 1067//1067 1068//1068 1069//1069 
f 1068//1068 1070//1070 1069//1069 
f 1069//1069 1070//1070 1071//1071 
f 1070//1070 1072//1072 1071//1071 
f 1071//1071 1072//1072 1044//1044 
f 1072//1072 1043//1043 1044//1044 
f 1044//1044 1043//1043 1043//1043 
f 1043//1043 1073//1073 1043//1043 
f 1043//1043 1073//1073 1073//1073 
f 1073//1073 1074//1074 1073//1073 
f 1073//1073 1074//1074 1075//1075 
f 1074//1074 1076//1076 1075//1075 
f 1075//1075 1076//1076 1076//1076 
f 1076//1076 1074//1074 1076//1076 
f 1076//1076 1074//1074 1074//1074 
f 1074//1074 1073//1073 1074//1074 
f 1074//1074 1073//1073 1077//1077 
f 1073//1073 1078//1078 1077//1077 
f 1077//1077 1078//1078 1079//1079 
f 1078//1078 1080//1080 1079//1079 
f 1079//1079 1080//1080 1081//1081 
f 1080//1080 1082//1082 1081//1081 
f 1081//1081 1082//1082 1083//1083 
f 1082//1082 1084//1084 1083//1083 
f 1083//1083 1084//1084 1085//1085 
f 1084//1084 1086//1086 1085//1085 
f 1085//1085 1086//1086 1087//1087 
f 1086//1086 1088//1088 1087//1087 
f 1087//1087 1088//1088 1089//1089 
f 1088//1088 1090//1090 1089//1089 
f 1089//1089 1090//1090 1091//1091 
f 1090//1090 1092//1092 1091//1091 
f 1091//1091 1092//1092 1093//1093 
f 1092//1092 1094//1094 1093//1093 
f 1093//1093 1094//1094 1095//1095 
f 1094//1094 1096//1096 1095//1095 
f 1095//1095 1096//1096 1097//1097 
f 1096//1096 1098//1098 1097//1097 
f 1097//1097 1098//1098 1099//1099 
f 1098//1098 1100//1100 1099//1099 
f 1099//1099 1100//1100 1101//1101 
f 1100//1100 1102//1102 1101//1101 
f 1101//1101 1102//1102 1103//1103 
f 1102//1102 1104//1104 1103//1103 
f 1103//1103 1104//1104 1076//1076 
f 1104//1104 1075//1075 1076//1076 
f 1076//1076 1075//1075 1075//1075 
f 1075//1075 1105//1105 1075//1075 
f 1075//1075 1105//1105 1105//1105 
f 1105//1105 1106//1106 1105//1105 
f 1105//1105 1106//1106 1107//1107 
f 1106//1106 1108//1108 1107//1107 
f 1107//1107 1108//1108 1107//1107 
f 1108//1108 1109//1109 1107//1107 
f 1107//1107 1109//1109 1107//1107 
f 1109//1109 1110//1110 1107//1107 
f 1107//1107 1110//1110 1107//1107 
f 1110//1110 1111//1111 1107//1107 
f 1107//1107 1111//1111 1107//1107 
f 1111//1111 1112//1112 1107//1107 
f 1107//1107 1112//1112 1107//1107 
f 1112//1112 1113//1113 1107//1107 
f 1107//1107 1113//1113 1107//1107 
f 1113//1113 1114//1114 1107//1107 
f 1107//1107 1114//1114 1107//1107 
f 1114//1114 1115//1115 1107//1107 
f 1107//1107 1115//1115 1107//1107 
f 1115//1115 1116//1116 1107//1107 
f 1107//1107 1116//1116 1107//1107 
f 1116//1116 1117//1117 1107//1107 
f 1107//1107 1117//1117 1107//1107 
f 1117//1117 1118//1118 1107//1107 
f 1107//1107 1118//1118 1107//1107 
f 1118//1118 1119//1119 1107//1107 
f 1107//1107 1119//1119 1120//1120 
f 1119//1119 1120//1120 1120//1120 
f 1120//1120 1120//1120 1121//1121 
f 1120//1120 1121//1121 1121//1121 
f 1121//1121 1121//1121 1122//1122 
f 1121//1121 1123//1123 1122//1122 
f 1122//1122 1123//1123 1122//1122 
f 1123//1123 1124//1124 1122//1122 
f 1122//1122 1124//1124 1122//1122 
f 1124//1124 1125//1125 1122//1122 
f 1122//1122 1125//1125 1122//1122 
f 1125//1125 1126//1126 1122//1122 
f 1122//1122 1126//1126 1122//1122 
f 1126//1126 1127//1127 1122//1122 
f 1122//1122 1127//1127 1122//1122 
f 1127//1127 1128//1128 1122//1122 
f 1122//1122 1128//1128 1122//1122 
f 1128//1128 1129//1129 1122//1122 
f 1122//1122 1129//1129 1122//1122 
f 1129//1129 1130//1130 1122//1122 
f 1122//1122 1130//1130 1122//1122 
f 1130//1130 1131//1131 1122//1122 
f 1122//1122 1131//1131 1122//1122 
f 1131//1131 1132//1132 1122//1122 
f 1122//1122 1132//1132 1122//1122 
f 1132//1132 1133//1133 1122//1122 
f 1122//1122 1133//1133 1122//1122 
f 1133//1133 1134//1134 1122//1122 
f 1122//1122 1134//1134 1122//1122 
f 1134//1134 1135//1135 1122//1122 
f 1122//1122 1135//1135 1136//1136 
f 1135//1135 1136//1136 1136//1136 
f 1136//1136 1136//1136 1137//1137 
f 1136//1136 1137//1137 1137//1137 
f 1137//1137 1137//1137 1138//1138 
f 1137//1137 1139//1139 1138//1138 
f 1138//1138 1139//1139 1140//1140 
f 1139//1139 1140//1140 1140//1140 
f 1140//1140 1140//1140 1138//1138 
f 1140//1140 1138//1138 1138//1138 
f 1138//1138 1138//1138 1137//1137 
f 1138//1138 1141//1141 1137//1137 
f 1137//1137 1141//1141 1142//1142 
f 1141//1141 1143//1143 1142//1142 
f 1142//1142 1143//1143 1144//1144 
f 1143//1143 1145//1145 1144//1144 
f 1144//1144 1145//1145 1146//1146 
f 1145//1145 1147//1147 1146//1146 
f 1146//1146 1147//1147 1148//1148 
f 1147//1147 1149//1149 1148//1148 
f 1148//1148 1149//1149 1150//1150 
f 1149//1149 1151//1151 1150//1150 
f 1150//1150 1151//1151 1152//1152 
f 1151//1151 1153//1153 1152//1152 
f 1152//1152 1153//1153 1154//1154 
f 1153//1153 1155//1155 1154//1154 
f 1154//1154 1155//1155 1156//1156 
f 1155//1155 1157//1157 1156//1156 
f 1156//1156 1157//1157 1158//1158 
f 1157//1157 1159//1159 1158//1158 
f 1158//1158 1159//1159 1160//1160 
f 1159//1159 1161//1161 1160//1160 
f 1160//1160 1161//1161 1162//1162 
f 1161//1161 1163//1163 1162//1162 
f 1162//1162 1163//1163 1164//1164 
f 1163//1163 1165//1165 1164//1164 
f 1164//1164 1165//1165 1166//1166 
f 1165//1165 1167//1167 1166//1166 
f 1166//1166 1167//1167 1168//1168 
f 1167//1167 1140//1140 1168//1168 
f 1168//1168 1140//1140 1139//1139 
f 1140//1140 1139//1139 1139//1139 
f 1139//1139 1139//1139 1169//1169 
f 1139//1139 1169//1169 1169//1169 
f 1169//1169 1169//1169 1170//1170 
f 1169//1169 1171//1171 1170//1170 
f 1170//1170 1171//1171 1172//1172 
f 1171//1171 1172//1172 1172//1172 
f 1172//1172 1172//1172 1170//1170 
f 1172//1172 1170//1170 1170//1170 
f 1170//1170 1170//1170 1169//1169 
f 1170//1170 1173//1173 1169//1169 
f 1169//1169 1173//1173 1174//1174 
f 1173//1173 1175//1175 1174//1174 
f 1174//1174 1175//1175 1176//1176 
f 1175//1175 1177//1177 1176//1176 
f 1176//1176 1177//1177 1178//1178 
f 1177//1177 1179//1179 1178//1178 
f 1178//1178 1179//1179 1180//1180 
f 1179//1179 1181//1181 1180//1180 
f 1180//1180 1181//1181 1182//1182 
f 1181//1181 1183//1183 1182//1182 
f 1182//1182 1183//1183 1184//1184 
f 1183//1183 1185//1185 1184//1184 
f 1184//1184 1185//1185 1186//1186 
f 1185//1185 1187//1187 1186//1186 
f 1186//1186 1187//1187 1188//1188 
f 1187//1187 1189//1189 1188//1188 
f 1188//1188 1189//1189 1190//1190 
f 1189//1189 1191//1191 1190//1190 
f 1190//1190 1191//1191 1192//1192 
f 1191//1191 1193//1193 1192//1192 
f 1192//1192 1193//1193 1194//1194 
f 1193//1193 1195//1195 1194//1194 
f 1194//1194 1195//1195 1196//1196 
f 1195//1195 1197//1197 1196//1196 
f 1196//1196 1197//1197 1198//1198 
f 1197//1197 1199//1199 1198//1198 
f 1198//1198 1199//1199 1200//1200 
f 1199//1199 1172//1172 1200//1200 
f 1200//1200 1172//1172 1171//1171 
f 1172//1172 1171//1171 1171//1171 
f 1171//1171 1171//1171 1201//1201 
f 1171//1171 1201//1201 1201//1201 
f 1201//1201 1201//1201 1202//1202 
f 1201//1201 1203//1203 1202//1202 
f 1202//1202 1203//1203 1204//1204 
f 1203//1203 1204//1204 1204//1204 
f 1204//1204 1204//1204 1205//1205 
f 1204//1204 1205//1205 1205//1205 
f 1205//1205 1205//1205 1206//1206 
f 1205//1205 1207//1207 1206//1206 
f 1206//1206 1207//1207 1208//1208 
f 1207//1207 1207//1207 1208//1208 
f 1208//1208 1207//1207 1209//1209 
f 1207//1207 1210//1210 1209//1209 
f 1209//1209 1210//1210 1210//1210 
f 1210//1210 1211//1211 1210//1210 
f 1210//1210 1211//1211 1211//1211 
f 1211//1211 1212//1212 1211//1211 
f 1211//1211 1212//1212 1213//1213 
f 1212//1212 1214//1214 1213//1213 
f 1213//1213 1214//1214 1214//1214 
f 1214//1214 1215//1215 1214//1214 
f 1214//1214 1215//1215 1215//1215 
f 1215//1215 1216//1216 1215//1215 
f 1215//1215 1216//1216 1217//1217 
f 1216//1216 1216//1216 1217//1217 
f 1217//1217 1216//1216 1218//1218 
f 1216//1216 1216//1216 1218//1218 
f 1218//1218 1216//1216 1219//1219 
f 1216//1216 1220//1220 1219//1219 
f 1219//1219 1220//1220 1220//1220 
f 1220//1220 1221//1221 1220//1220 
f 1220//1220 1221//1221 1221//1221 
f 1221//1221 1222//1222 1221//1221 
f 1221//1221 1222//1222 1223//1223 
f 1222//1222 1224//1224 1223//1223 
f 1223//1223 1224//1224 1224//1224 
f 1224//1224 1225//1225 1224//1224 
f 1224//1224 1225//1225 1225//1225 
f 1225//1225 1226//1226 1225//1225 
f 1225//1225 1226//1226 1227//1227 
f 1226//1226 1228//1228 1227//1227 
f 1227//1227 1228//1228 1229//1229 
f 1228//1228 1229//1229 1229//1229 
f 1229//1229 1229//1229 1226//1226 
f 1229//1229 1226//1226 1226//1226 
f 1226//1226 1226//1226 1228//1228 
f 1226//1226 1230//1230 1228//1228 
f 1228//1228 1230//1230 1230//1230 
f 1230//1230 1231//1231 1230//1230 
f 1230//1230 1231//1231 1231//1231 
f 1231//1231 1232//1232 1231//1231 
f 1231//1231 1232//1232 1233//1233 
f 1232//1232 1234//1234 1233//1233 
f 1233//1233 1234//1234 1234//1234 
f 1234//1234 1235//1235 1234//1234 
f 1234//1234 1235//1235 1235//1235 
f 1235//1235 1236//1236 1235//1235 
f 1235//1235 1236//1236 1237//1237 
f 1236//1236 1238//1238 1237//1237 
f 1237//1237 1238//1238 1238//1238 
f 1238//1238 1239//1239 1238//1238 
f 1238//1238 1239//1239 1239//1239 
f 1239//1239 1240//1240 1239//1239 
f 1239//1239 1240//1240 1241//1241 
f 1240//1240 1242//1242 1241//1241 
f 1241//1241 1242//1242 1242//1242 
f 1242//1242 1243//1243 1242//1242 
f 1242//1242 1243//1243 1243//1243 
f 1243//1243 1244//1244 1243//1243 
f 1243//1243 1244//1244 1245//1245 
f 1244//1244 1246//1246 1245//1245 
f 1245//1245 1246//1246 1246//1246 
f 1246//1246 1247//1247 1246//1246 
f 1246//1246 1247//1247 1247//1247 
f 1247//1247 1248//1248 1247//1247 
f 1247//1247 1248//1248 1249//1249 
f 1248//1248 1250//1250 1249//1249 
f 1249//1249 1250//1250 1250//1250 
f 1250//1250 1251//1251 1250//1250 
f 1250//1250 1251//1251 1251//1251 
f 1251//1251 1252//1252 1251//1251 
f 1251//1251 1252//1252 1253//1253 
f 1252//1252 1254//1254 1253//1253 
f 1253//1253 1254//1254 1254//1254 
f 1254//1254 1255//1255 1254//1254 
f 1254//1254 1255//1255 1255//1255 
f 1255//1255 1256//1256 1255//1255 
f 1255//1255 1256//1256 1257//1257 
f 1256//1256 1258//1258 1257//1257 
f 1257//1257 1258//1258 1258//1258 
f 1258//1258 1259//1259 1258//1258 
f 1258//1258 1259//1259 1259//1259 
f 1259//1259 1260//1260 1259//1259 
f 1259//1259 1260//1260 1261//1261 
f 1260//1260 1262//1262 1261//1261 
f 1261//1261 1262//1262 1262//1262 
f 1262//1262 1263//1263 1262//1262 
f 1262//1262 1263//1263 1263//1263 
f 1263//1263 1264//1264 1263//1263 
f 1263//1263 1264//1264 1265//1265 
f 1264//1264 1266//1266 1265//1265 
f 1265//1265 1266//1266 1266//1266 
f 1266//1266 1267//1267 1266//1266 
f 1266//1266 1267//1267 1267//1267 
f 1267//1267 1268//1268 1267//1267 
f 1267//1267 1268//1268 1269//1269 
f 1268//1268 1270//1270 1269//1269 
f 1269//1269 1270//1270 1270//1270 
f 1270//1270 1271//1271 1270//1270 
f 1270//1270 1271//1271 1271//1271 
f 1271//1271 1272//1272 1271//1271 
f 1271//1271 1272//1272 1273//1273 
f 1272//1272 1269//1269 1273//1273 
f 1273//1273 1269//1269 1274//1274 
f 1269//1269 1269//1269 1274//1274 
f 1274//1274 1269//1269 1275//1275 
f 1269//1269 1269//1269 1275//1275 
f 1275//1275 1269//1269 1276//1276 
f 1269//1269 1277//1277 1276//1276 
f 1276//1276 1277//1277 1276//1276 
f 1277//1277 1273//1273 1276//1276 
f 1276//1276 1273//1273 1278//1278 
f 1273//1273 1279//1279 1278//1278 
f 1278//1278 1279//1279 1280//1280 
f 1279//1279 1281//1281 1280//1280 
f 1280//1280 1281//1281 1281//1281 
f 1281//1281 1274//1274 1281//1281 
f 1281//1281 1274//1274 1274//1274 
f 1274//1274 1279//1279 1274//1274 
f 1274//1274 1279//1279 1273//1273 
f 1279//1279 1273//1273 1273//1273 
f 1273//1273 1273//1273 1269//1269 
f 1273//1273 1269//1269 1269//1269 
f 1269//1269 1269//1269 1277//1277 
f 1269//1269 1272//1272 1277//1277 
f 1277//1277 1272//1272 1272//1272 
f 1272//1272 1280//1280 1272//1272 
f 1272//1272 1280//1280 1280//1280 
f 1280//1280 1282//1282 1280//1280 
f 1280//1280 1282//1282 1278//1278 
f 1282//1282 1278//1278 1278//1278 
f 1278//1278 1278//1278 1283//1283 
f 1278//1278 1283//1283 1283//1283 
f 1283//1283 1283//1283 1284//1284 
f 1283//1283 1285//1285 1284//1284 
f 1284//1284 1285//1285 1286//1286 
f 1285//1285 1287//1287 1286//1286 
f 1286//1286 1287//1287 1288//1288 
f 1287//1287 1289//1289 1288//1288 
f 1288//1288 1289//1289 1288//1288 
f 1289//1289 1284//1284 1288//1288 
f 1288//1288 1284//1284 1288//1288 
f 1284//1284 1286//1286 1288//1288 
f 1288//1288 1286//1286 1290//1290 
f 1286//1286 1288//1288 1290//1290 
f 1290//1290 1288//1288 1291//1291 
f 1288//1288 1291//1291 1291//1291 
f 1291//1291 1291//1291 1287//1287 
f 1291//1291 1287//1287 1287//1287 
f 1287//1287 1287//1287 1292//1292 
f 1287//1287 1285//1285 1292//1292 
f 1292//1292 1285//1285 1293//1293 
f 1285//1285 1294//1294 1293//1293 
f 1293//1293 1294//1294 1294//1294 
f 1294//1294 1288//1288 1294//1294 
f 1294//1294 1288//1288 1288//1288 
f 1288//1288 1290//1290 1288//1288 
f 1288//1288 1290//1290 1295//1295 
f 1290//1290 1295//1295 1295//1295 
f 1295//1295 1295//1295 1296//1296 
f 1295//1295 1296//1296 1296//1296 
f 1296//1296 1296//1296 1297//1297 
f 1296//1296 1286//1286 1297//1297 
f 1297//1297 1286//1286 1298//1298 
f 1286//1286 1298//1298 1298//1298 
f 1298//1298 1298//1298 1299//1299 
f 1298//1298 1299//1299 1299//1299 
f 1299//1299 1299//1299 1300//1300 
f 1299//1299 1301//1301 1300//1300 
f 1300//1300 1301//1301 1302//1302 
f 1301//1301 1302//1302 1302//1302 
f 1302//1302 1302//1302 1303//1303 
f 1302//1302 1303//1303 1303//1303 
f 1303//1303 1303//1303 1304//1304 
f 1303//1303 1305//1305 1304//1304 
f 1304//1304 1305//1305 1306//1306 
f 1305//1305 1306//1306 1306//1306 
f 1306//1306 1306//1306 1307//1307 
f 1306//1306 1307//1307 1307//1307 
f 1307//1307 1307//1307 1308//1308 
f 1307//1307 1309//1309 1308//1308 
f 1308//1308 1309//1309 1310//1310 
f 1309//1309 1310//1310 1310//1310 
f 1310//1310 1310//1310 1311//1311 
f 1310//1310 1311//1311 1311//1311 
f 1311//1311 1311//1311 1312//1312 
f 1311//1311 1313//1313 1312//1312 
f 1312//1312 1313//1313 1314//1314 
f 1313//1313 1314//1314 1314//1314 
f 1314//1314 1314//1314 1315//1315 
f 1314//1314 1315//1315 1315//1315 
f 1315//1315 1315//1315 1316//1316 
f 1315//1315 1317//1317 1316//1316 
f 1316//1316 1317//1317 1318//1318 
f 1317//1317 1319//1319 1318//1318 
f 1318//1318 1319//1319 1319//1319 
f 1319//1319 1316//1316 1319//1319 
f 1319//1319 1316//1316 1316//1316 
f 1316//1316 1318//1318 1316//1316 
f 1316//1316 1318//1318 1320//1320 
f 1318//1318 1320//1320 1320//1320 
f 1320//1320 1320//1320 1321//1321 
f 1320//1320 1321//1321 1321//1321 
f 1321//1321 1321//1321 1322//1322 
f 1321//1321 1323//1323 1322//1322 
f 1322//1322 1323//1323 1324//1324 
f 1323//1323 1324//1324 1324//1324 
f 1324//1324 1324//1324 1322//1322 
f 1324//1324 1322//1322 1322//1322 
f 1322//1322 1322//1322 1321//1321 
f 1322//1322 1325//1325 1321//1321 
f 1321//1321 1325//1325 1326//1326 
f 1325//1325 1327//1327 1326//1326 
f 1326//1326 1327//1327 1328//1328 
f 1327//1327 1329//1329 1328//1328 
f 1328//1328 1329//1329 1330//1330 
f 1329//1329 1331//1331 1330//1330 
f 1330//1330 1331//1331 1332//1332 
f 1331//1331 1324//1324 1332//1332 
f 1332//1332 1324//1324 1323//1323 
f 1324//1324 1323//1323 1323//1323 
f 1323//1323 1323//1323 1333//1333 
f 1323//1323 1333//1333 1333//1333 
f 1333//1333 1333//1333 1334//1334 
f 1333//1333 1335//1335 1334//1334 
f 1334//1334 1335//1335 1334//1334 
f 1335//1335 1336//1336 1334//1334 
f 1334//1334 1336//1336 1337//1337 
f 1336//1336 1338//1338 1337//1337 
f 1337//1337 1338//1338 1338//1338 
f 1338//1338 1339//1339 1338//1338 
f 1338//1338 1339//1339 1339//1339 
f 1339//1339 1340//1340 1339//1339 
f 1339//1339 1340//1340 1341//1341 
f 1340//1340 1342//1342 1341//1341 
f 1341//1341 1342//1342 1342//1342 
f 1342//1342 1343//1343 1342//1342 
f 1342//1342 1343//1343 1343//1343 
f 1343//1343 1344//1344 1343//1343 
f 1343//1343 1344//1344 1345//1345 
f 1344//1344 1346//1346 1345//1345 
f 1345//1345 1346//1346 1347//1347 
f 1346//1346 1348//1348 1347//1347 
f 1347//1347 1348//1348 1348//1348 
f 1348//1348 1349//1349 1348//1348 
f 1348//1348 1349//1349 1349//1349 
f 1349//1349 1350//1350 1349//1349 
f 1349//1349 1350//1350 1351//1351 
f 1350//1350 1352//1352 1351//1351 
f 1351//1351 1352//1352 1352//1352 
f 1352//1352 1353//1353 1352//1352 
f 1352//1352 1353//1353 1353//1353 
f 1353//1353 1354//1354 1353//1353 
f 1353//1353 1354//1354 1355//1355 
f 1354//1354 1356//1356 1355//1355 
f 1355//1355 1356//1356 1356//1356 
f 1356//1356 1357//1357 1356//1356 
f 1356//1356 1357//1357 1357//1357 
f 1357//1357 1358//1358 1357//1357 
f 1357//1357 1358//1358 1359//1359 
f 1358//1358 1360//1360 1359//1359 
f 1359//1359 1360//1360 1359//1359 
f 1360//1360 1361//1361 1359//1359 
f 1359//1359 1361//1361 1362//1362 
f 1361//1361 1362//1362 1362//1362 
f 1362//1362 1362//1362 1363//1363 
f 1362//1362 1363//1363 1363//1363 
f 1363//1363 1363//1363 1364//1364 
f 1363//1363 1365//1365 1364//1364 
f 1364//1364 1365//1365 1366//1366 
f 1365//1365 1366//1366 1366//1366 
f 1366//1366 1366//1366 1367//1367 
f 1366//1366 1367//1367 1367//1367 
f 1367//1367 1367//1367 1368//1368 
f 1367//1367 1369//1369 1368//1368 
f 1368//1368 1369//1369 1368//1368 
f 1369//1369 1370//1370 1368//1368 
f 1368//1368 1370//1370 1368//1368 
f 1370//1370 1371//1371 1368//1368 
f 1368//1368 1371//1371 1372//1372 
f 1371//1371 1372//1372 1372//1372 
f 1372//1372 1372//1372 1373//1373 
f 1372//1372 1373//1373 1373//1373 
f 1373//1373 1373//1373 1374//1374 
f 1373//1373 1375//1375 1374//1374 
f 1374//1374 1375//1375 1376//1376 
f 1375//1375 1376//1376 1376//1376 
f 1376//1376 1376//1376 1377//1377 
f 1376//1376 1377//1377 1377//1377 
f 1377//1377 1377//1377 1378//1378 
f 1377//1377 1379//1379 1378//1378 
f 1378//1378 1379//1379 1380//1380 
f 1379//1379 1381//1381 1380//1380 
f 1380//1380 1381//1381 1381//1381 
f 1381//1381 1378//1378 1381//1381 
f 1381//1381 1378//1378 1378//1378 
f 1378//1378 1380//1380 1378//1378 
f 1378//1378 1380//1380 1382//1382 
f 1380//1380 1382//1382 1382//1382 
f 1382//1382 1382//1382 1383//1383 
f 1382//1382 1383//1383 1383//1383 
f 1383//1383 1383//1383 1384//1384 
f 1383//1383 1385//1385 1384//1384 
f 1384//1384 1385//1385 1386//1386 
f 1385//1385 1386//1386 1386//1386 
f 1386//1386 1386//1386 1387//1387 
f 1386//1386 1387//1387 1387//1387 
f 1387//1387 1387//1387 1388//1388 
f 1387//1387 1389//1389 1388//1388 
f 1388//1388 1389//1389 1390//1390 
f 1389//1389 1390//1390 1390//1390 
f 1390//1390 1390//1390 1391//1391 
f 1390//1390 1391//1391 1391//1391 
f 1391//1391 1391//1391 1392//1392 
f 1391//1391 1393//1393 1392//1392 
f 1392//1392 1393//1393 1394//1394 
f 1393//1393 1394//1394 1394//1394 
f 1394//1394 1394//1394 1395//1395 
f 1394//1394 1395//1395 1395//1395 
f 1395//1395 1395//1395 1396//1396 
f 1395//1395 1397//1397 1396//1396 
f 1396//1396 1397//1397 1398//1398 
f 1397//1397 1398//1398 1398//1398 
f 1398//1398 1398//1398 1399//1399 
f 1398//1398 1399//1399 1399//1399 
f 1399//1399 1399//1399 1400//1400 
f 1399//1399 1401//1401 1400//1400 
f 1400//1400 1401//1401 1402//1402 
f 1401//1401 1402//1402 1402//1402 
f 1402//1402 1402//1402 1403//1403 
f 1402//1402 1403//1403 1403//1403 
f 1403//1403 1403//1403 1404//1404 
f 1403//1403 1405//1405 1404//1404 
f 1404//1404 1405//1405 1406//1406 
f 1405//1405 1406//1406 1406//1406 
f 1406//1406 1406//1406 1407//1407 
f 1406//1406 1407//1407 1407//1407 
f 1407//1407 1407//1407 1408//1408 
f 1407//1407 1409//1409 1408//1408 
f 1408//1408 1409//1409 1410//1410 
f 1409//1409 1410//1410 1410//1410 
f 1410//1410 1410//1410 1411//1411 
f 1410//1410 1411//1411 1411//1411 
f 1411//1411 1411//1411 1412//1412 
f 1411//1411 1413//1413 1412//1412 
f 1412//1412 1413//1413 1414//1414 
f 1413//1413 1414//1414 1414//1414 
f 1414//1414 1414//1414 1415//1415 
f 1414//1414 1415//1415 1415//1415 
f 1415//1415 1415//1415 1416//1416 
f 1415//1415 1417//1417 1416//1416 
f 1416//1416 1417//1417 1418//1418 
f 1417//1417 1418//1418 1418//1418 
f 1418//1418 1418//1418 1419//1419 
f 1418//1418 1419//1419 1419//1419 
f 1419//1419 1419//1419 1420//1420 
f 1419//1419 1421//1421 1420//1420 
f 1420//1420 1421//1421 1422//1422 
f 1421//1421 1423//1423 1422//1422 
f 1422//1422 1423//1423 1424//1424 
f 1423//1423 1425//1425 1424//1424 
f 1424//1424 1425//1425 1424//1424 
f 1425//1425 1420//1420 1424//1424 
f 1424//1424 1420//1420 1424//1424 
f 1420//1420 1422//1422 1424//1424 
f 1424//1424 1422//1422 1426//1426 
f 1422//1422 1424//1424 1426//1426 
f 1426//1426 1424//1424 1427//1427 
f 1424//1424 1427//1427 1427//1427 
f 1427//1427 1427//1427 1423//1423 
f 1427//1427 1423//1423 1423//1423 
f 1423//1423 1423//1423 1428//1428 
f 1423//1423 1421//1421 1428//1428 
f 1428//1428 1421//1421 1429//1429 
f 1421//1421 1430//1430 1429//1429 
f 1429//1429 1430//1430 1430//1430 
f 1430//1430 1424//1424 1430//1430 
f 1430//1430 1424//1424 1424//1424 
f 1424//1424 1426//1426 1424//1424 
f 1424//1424 1426//1426 1431//1431 
f 1426//1426 1431//1431 1431//1431 
f 1431//1431 1431//1431 1432//1432 
f 1431//1431 1432//1432 1432//1432 
f 1432//1432 1432//1432 1433//1433 
f 1432//1432 1422//1422 1433//1433 
f 1433//1433 1422//1422 1434//1434 
f 1422//1422 1434//1434 1434//1434 
f 1434//1434 1434//1434 1435//1435 
f 1434//1434 1435//1435 1435//1435 
f 1435//1435 1435//1435 1436//1436 
f 1435//1435 1437//1437 1436//1436 
f 1436//1436 1437//1437 1438//1438 
f 1437//1437 1438//1438 1438//1438 
f 1438//1438 1438//1438 1439//1439 
f 1438//1438 1439//1439 1439//1439 
f 1439//1439 1439//1439 1440//1440 
f 1439//1439 1441//1441 1440//1440 
f 1440//1440 1441//1441 1436//1436 
f 1441//1441 1442//1442 1436//1436 
f 1436//1436 1442//1442 1443//1443 
f 1442//1442 1440//1440 1443//1443 
f 1443//1443 1440//1440 1444//1444 
f 1440//1440 1445//1445 1444//1444 
f 1444//1444 1445//1445 1446//1446 
f 1445//1445 1447//1447 1446//1446 
f 1446//1446 1447//1447 1447//1447 
f 1447//1447 1443//1443 1447//1447 
f 1447//1447 1443//1443 1443//1443 
f 1443//1443 1448//1448 1443//1443 
f 1443//1443 1448//1448 1436//1436 
f 1448//1448 1449//1449 1436//1436 
f 1436//1436 1449//1449 1440//1440 
f 1449//1449 1445//1445 1440//1440 
f 1440//1440 1445//1445 1445//1445 
f 1445//1445 1446//1446 1445//1445 
f 1445//1445 1446//1446 1446//1446 
f 1446//1446 1450//1450 1446//1446 
f 1446//1446 1450//1450 1444//1444 
f 1450//1450 1444//1444 1444//1444 
f 1444//1444 1444//1444 1451//1451 
f 1444//1444 1451//1451 1451//1451 
f 1451//1451 1451//1451 1452//1452 
f 1451//1451 1453//1453 1452//1452 
f 1452//1452 1453//1453 1454//1454 
f 1453//1453 1454//1454 1454//1454 
f 1454//1454 1454//1454 1455//1455 
f 1454//1454 1455//1455 1455//1455 
f 1455//1455 1455//1455 1456//1456 
f 1455//1455 1457//1457 1456//1456 
f 1456//1456 1457//1457 1458//1458 
f 1457//1457 1458//1458 1458//1458 
f 1458//1458 1458//1458 1459//1459 
f 1458//1458 1459//1459 1459//1459 
f 1459//1459 1459//1459 1460//1460 
f 1459//1459 1461//1461 1460//1460 
f 1460//1460 1461//1461 1462//1462 
f 1461//1461 1462//1462 1462//1462 
f 1462//1462 1462//1462 1463//1463 
f 1462//1462 1463//1463 1463//1463 
f 1463//1463 1463//1463 1464//1464 
f 1463//1463 1465//1465 1464//1464 
f 1464//1464 1465//1465 1466//1466 
f 1465//1465 1466//1466 1466//1466 
f 1466//1466 1466//1466 1467//1467 
f 1466//1466 1467//1467 1467//1467 
f 1467//1467 1467//1467 1468//1468 
f 1467//1467 1469//1469 1468//1468 
f 1468//1468 1469//1469 1470//1470 
f 1469//1469 1471//1471 1470//1470 
f 1470//1470 1471//1471 1471//1471 
f 1471//1471 1468//1468 1471//1471 
f 1471//1471 1468//1468 1468//1468 
f 1468//1468 1470//1470 1468//1468 
f 1468//1468 1470//1470 1472//1472 
f 1470//1470 1472//1472 1472//1472 
f 1472//1472 1472//1472 1473//1473 
f 1472//1472 1473//1473 1473//1473 
f 1473//1473 1473//1473 1474//1474 
f 1473//1473 1475//1475 1474//1474 
f 1474//1474 1475//1475 1476//1476 
f 1475//1475 1476//1476 1476//1476 
f 1476//1476 1476//1476 1475//1475 
f 1476//1476 1475//1475 1475//1475 
f 1475//1475 1475//1475 1477//1477 
f 1475//1475 1473//1473 1477//1477 
f 1477//1477 1473//1473 1477//1477 
f 1473//1473 1478//1478 1477//1477 
f 1477//1477 1478//1478 1479//1479 
f 1478//1478 1480//1480 1479//1479 
f 1479//1479 1480//1480 1481//1481 
f 1480//1480 1482//1482 1481//1481 
f 1481//1481 1482//1482 1483//1483 
f 1482//1482 1484//1484 1483//1483 
f 1483//1483 1484//1484 1476//1476 
f 1484//1484 1474//1474 1476//1476 
f 1476//1476 1474//1474 1474//1474 
f 1474//1474 1485//1485 1474//1474 
f 1474//1474 1485//1485 1485//1485 
f 1485//1485 1486//1486 1485//1485 
f 1485//1485 1486//1486 1487//1487 
f 1486//1486 1486//1486 1487//1487 
f 1487//1487 1486//1486 1488//1488 
f 1486//1486 1489//1489 1488//1488 
f 1488//1488 1489//1489 1490//1490 
f 1489//1489 1490//1490 1490//1490 
f 1490//1490 1490//1490 1491//1491 
f 1490//1490 1491//1491 1491//1491 
f 1491//1491 1491//1491 1492//1492 
f 1491//1491 1493//1493 1492//1492 
f 1492//1492 1493//1493 1494//1494 
f 1493//1493 1494//1494 1494//1494 
f 1494//1494 1494//1494 1495//1495 
f 1494//1494 1495//1495 1495//1495 
f 1495//1495 1495//1495 1496//1496 
f 1495//1495 1497//1497 1496//1496 
f 1496//1496 1497//1497 1498//1498 
f 1497//1497 1499//1499 1498//1498 
f 1498//1498 1499//1499 1500//1500 
f 1499//1499 1500//1500 1500//1500 
f 1500//1500 1500//1500 1501//1501 
f 1500//1500 1501//1501 1501//1501 
f 1501//1501 1501//1501 1502//1502 
f 1501//1501 1503//1503 1502//1502 
f 1502//1502 1503//1503 1504//1504 
f 1503//1503 1504//1504 1504//1504 
f 1504//1504 1504//1504 1505//1505 
f 1504//1504 1505//1505 1505//1505 
f 1505//1505 1505//1505 1506//1506 
f 1505//1505 1507//1507 1506//1506 
f 1506//1506 1507//1507 1506//1506 
f 1507//1507 1508//1508 1506//1506 
f 1506//1506 1508//1508 1509//1509 
f 1508//1508 1510//1510 1509//1509 
f 1509//1509 1510//1510 1511//1511 
f 1510//1510 1512//1512 1511//1511 
f 1511//1511 1512//1512 1513//1513 
f 1512//1512 1514//1514 1513//1513 
f 1513//1513 1514//1514 1515//1515 
f 1514//1514 1516//1516 1515//1515 
f 1515//1515 1516//1516 1517//1517 
f 1516//1516 1518//1518 1517//1517 
f 1517//1517 1518//1518 1519//1519 
f 1518//1518 1520//1520 1519//1519 
f 1519//1519 1520//1520 1521//1521 
f 1520//1520 1522//1522 1521//1521 
f 1521//1521 1522//1522 1523//1523 
f 1522//1522 1524//1524 1523//1523 
f 1523//1523 1524//1524 1525//1525 
f 1524//1524 1526//1526 1525//1525 
f 1525//1525 1526//1526 1527//1527 
f 1526//1526 1528//1528 1527//1527 
f 1527//1527 1528//1528 1529//1529 
f 1528//1528 1530//1530 1529//1529 
f 1529//1529 1530//1530 1531//1531 
f 1530//1530 1532//1532 1531//1531 
f 1531//1531 1532//1532 1533//1533 
f 1532//1532 1534//1534 1533//1533 
f 1533//1533 1534//1534 1535//1535 
f 1534//1534 1536//1536 1535//1535 
f 1535//1535 1536//1536 1537//1537 
f 1536//1536 1538//1538 1537//1537 
f 1537//1537 1538//1538 1539//1539 
f 1538//1538 1540//1540 1539//1539 
f 1539//1539 1540//1540 1541//1541 
f 1540//1540 1542//1542 1541//1541 
f 1541//1541 1542//1542 1543//1543 
f 1542//1542 1544//1544 1543//1543 
f 1543//1543 1544//1544 1544//1544 
f 1544//1544 1545//1545 1544//1544 
f 1544//1544 1545//1545 1545//1545 
f 1545//1545 1546//1546 1545//1545 
f 1545//1545 1546//1546 1547//1547 
f 1546//1546 1548//1548 1547//1547 
f 1547//1547 1548//1548 1549//1549 
f 1548//1548 1550//1550 1549//1549 
f 1549//1549 1550//1550 1551//1551 
f 1550//1550 1552//1552 1551//1551 
f 1551//1551 1552//1552 1553//1553 
f 1552//1552 1554//1554 1553//1553 
f 1553//1553 1554//1554 1555//1555 
f 1554//1554 1556//1556 1555//1555 
f 1555//1555 1556//1556 1557//1557 
f 1556//1556 1558//1558 1557//1557 
f 1557//1557 1558//1558 1559//1559 
f 1558//1558 1560//1560 1559//1559 
f 1559//1559 1560//1560 1561//1561 
f 1560//1560 1562//1562 1561//1561 
f 1561//1561 1562//1562 1563//1563 
f 1562//1562 1564//1564 1563//1563 
f 1563//1563 1564//1564 1565//1565 
f 1564//1564 1566//1566 1565//1565 
f 1565//1565 1566//1566 1567//1567 
f 1566//1566 1568//1568 1567//1567 
f 1567//1567 1568//1568 1569//1569 
f 1568//1568 1570//1570 1569//1569 
f 1569//1569 1570//1570 1571//1571 
f 1570//1570 1572//1572 1571//1571 
f 1571//1571 1572//1572 1573//1573 
f 1572//1572 1574//1574 1573//1573 
f 1573//1573 1574//1574 1575//1575 
f 1574//1574 1576//1576 1575//1575 
f 1575//1575 1576//1576 1577//1577 
f 1576//1576 1578//1578 1577//1577 
f 1577//1577 1578//1578 1579//1579 
f 1578//1578 1580//1580 1579//1579 
f 1579//1579 1580//1580 1581//1581 
f 1580//1580 1582//1582 1581//1581 
f 1581//1581 1582//1582 1583//1583 
f 1582//1582 1584//1584 1583//1583 
f 1583//1583 1584//1584 1584//1584 
f 1584//1584 1585//1585 1584//1584 
f 1584//1584 1585//1585 1585//1585 
f 1585//1585 1586//1586 1585//1585 
f 1585//1585 1586//1586 1587//1587 
f 1586//1586 1588//1588 1587//1587 
f 1587//1587 1588//1588 1589//1589 
f 1588//1588 1590//1590 1589//1589 
f 1589//1589 1590//1590 1591//1591 
f 1590//1590 1592//1592 1591//1591 
f 1591//1591 1592//1592 1593//1593 
f 1592//1592 1594//1594 1593//1593 
f 1593//1593 1594//1594 1595//1595 
f 1594//1594 1596//1596 1595//1595 
f 1595//1595 1596//1596 1597//1597 
f 1596//1596 1598//1598 1597//1597 
f 1597//1597 1598//1598 1599//1599 
f 1598//1598 1600//1600 1599//1599 
f 1599//1599 1600//1600 1601//1601 
f 1600//1600 1602//1602 1601//1601 
f 1601//1601 1602//1602 1603//1603 
f 1602//1602 1604//1604 1603//1603 
f 1603//1603 1604//1604 1605//1605 
f 1604//1604 1606//1606 1605//1605 
f 1605//1605 1606//1606 1607//1607 
f 1606//1606 1608//1608 1607//1607 
f 1607//1607 1608//1608 1609//1609 
f 1608//1608 1610//1610 1609//1609 
f 1609//1609 1610//1610 1611//1611 
f 1610//1610 1612//1612 1611//1611 
f 1611//1611 1612//1612 1613//1613 
f 1612//1612 1614//1614 1613//1613 
f 1613//1613 1614//1614 1615//1615 
f 1614//1614 1616//1616 1615//1615 
f 1615//1615 1616//1616 1617//1617 
f 1616//1616 1618//1618 1617//1617 
f 1617//1617 1618//1618 1619//1619 
f 1618//1618 1620//1620 1619//1619 
f 1619//1619 1620//1620 1621//1621 
f 1620//1620 1622//1622 1621//1621 
f 1621//1621 1622//1622 1623//1623 
f 1622//1622 1624//1624 1623//1623 
f 1623//1623 1624//1624 1624//1624 
f 1624//1624 1625//1625 1624//1624 
f 1624//1624 1625//1625 1625//1625 
f 1625//1625 1626//1626 1625//1625 
f 1625//1625 1626//1626 1627//1627 
f 1626//1626 1628//1628 1627//1627 
f 1627//1627 1628//1628 1629//1629 
f 1628//1628 1630//1630 1629//1629 
f 1629//1629 1630//1630 1631//1631 
f 1630//1630 1632//1632 1631//1631 
f 1631//1631 1632//1632 1633//1633 
f 1632//1632 1634//1634 1633//1633 
f 1633//1633 1634//1634 1635//1635 
f 1634//1634 1636//1636 1635//1635 
f 1635//1635 1636//1636 1637//1637 
f 1636//1636 1638//1638 1637//1637 
f 1637//1637 1638//1638 1639//1639 
f 1638//1638 1640//1640 1639//1639 
f 1639//1639 1640//1640 1641//1641 
f 1640//1640 1642//1642 1641//1641 
f 1641//1641 1642//1642 1643//1643 
f 1642//1642 1644//1644 1643//1643 
f 1643//1643 1644//1644 1645//1645 
f 1644//1644 1646//1646 1645//1645 
f 1645//1645 1646//1646 1647//1647 
f 1646//1646 1648//1648 1647//1647 
f 1647//1647 1648//1648 1649//1649 
f 1648//1648 1650//1650 1649//1649 
f 1649//1649 1650//1650 1651//1651 
f 1650//1650 1652//1652 1651//1651 
f 1651//1651 1652//1652 1653//1653 
f 1652//1652 1654//1654 1653//1653 
f 1653//1653 1654//1654 1655//1655 
f 1654//1654 1656//1656 1655//1655 
f 1655//1655 1656//1656 1657//1657 
f 1656//1656 1658//1658 1657//1657 
f 1657//1657 1658//1658 1659//1659 
f 1658//1658 1660//1660 1659//1659 
f 1659//1659 1660//1660 1661//1661 
f 1660//1660 1662//1662 1661//1661 
f 1661//1661 1662//1662 1663//1663 
f 1662//1662 1664//1664 1663//1663 
f 1663//1663 1664//1664 1664//1664 
f 1664//1664 1665//1665 1664//1664 
f 1664//1664 1665//1665 1665//1665 
f 1665//1665 1666//1666 1665//1665 
f 1665//1665 1666//1666 1667//1667 
f 1666//1666 1668//1668 1667//1667 
f 1667//1667 1668//1668 1669//1669 
f 1668//1668 1670//1670 1669//1669 
f 1669//1669 1670//1670 1671//1671 
f 1670//1670 1672//1672 1671//1671 
f 1671//1671 1672//1672 1673//1673 
f 1672//1672 1674//1674 1673//1673 
f 1673//1673 1674//1674 1675//1675 
f 1674//1674 1676//1676 1675//1675 
f 1675//1675 1676//1676 1677//1677 
f 1676//1676 1678//1678 1677//1677 
f 1677//1677 1678//1678 1679//1679 
f 1678//1678 1680//1680 1679//1679 
f 1679//1679 1680//1680 1681//1681 
f 1680//1680 1682//1682 1681//1681 
f 1681//1681 1682//1682 1683//1683 
f 1682//1682 1684//1684 1683//1683 
f 1683//1683 1684//1684 1685//1685 
f 1684//1684 1686//1686 1685//1685 
f 1685//1685 1686//1686 1687//1687 
f 1686//1686 1688//1688 1687//1687 
f 1687//1687 1688//1688 1689//1689 
f 1688//1688 1690//1690 1689//1689 
f 1689//1689 1690//1690 1691//1691 
f 1690//1690 1692//1692 1691//1691 
f 1691//1691 1692//1692 1693//1693 
f 1692//1692 1694//1694 1693//1693 
f 1693//1693 1694//1694 1695//1695 
f 1694//1694 1696//1696 1695//1695 
f 1695//1695 1696//1696 1697//1697 
f 1696//1696 1698//1698 1697//1697 
f 1697//1697 1698//1698 1699//1699 
f 1698//1698 1700//1700 1699//1699 
f 1699//1699 1700//1700 1701//1701 
f 1700//1700 1702//1702 1701//1701 
f 1701//1701 1702//1702 1703//1703 
f 1702//1702 1704//1704 1703//1703 
f 1703//1703 1704//1704 1704//1704 
f 1704//1704 1705//1705 1704//1704 
f 1704//1704 1705//1705 1705//1705 
f 1705//1705 1706//1706 1705//1705 
f 1705//1705 1706//1706 1707//1707 
f 1706//1706 1708//1708 1707//1707 
f 1707//1707 1708//1708 1709//1709 
f 1708//1708 1710//1710 1709//1709 
f 1709//1709 1710//1710 1711//1711 
f 1710//1710 1712//1712 1711//1711 
f 1711//1711 1712//1712 1713//1713 
f 1712//1712 1714//1714 1713//1713 
f 1713//1713 1714//1714 1715//1715 
f 1714//1714 1716//1716 1715//1715 
f 1715//1715 1716//1716 1717//1717 
f 1716//1716 1718//1718 1717//1717 
f 1717//1717 1718//1718 1719//1719 
f 1718//1718 1720//1720 1719//1719 
f 1719//1719 1720//1720 1721//1721 
f 1720//1720 1722//1722 1721//1721 
f 1721//1721 1722//1722 1723//1723 
f 1722//1722 1724//1724 1723//1723 
f 1723//1723 1724//1724 1725//1725 
f 1724//1724 1726//1726 1725//1725 
f 1725//1725 1726//1726 1727//1727 
f 1726//1726 1728//1728 1727//1727 
f 1727//1727 1728//1728 1729//1729 
f 1728//1728 1730//1730 1729//1729 
f 1729//1729 1730//1730 1731//1731 
f 1730//1730 1732//1732 1731//1731 
f 1731//1731 1732//1732 1733//1733 
f 1732//1732 1734//1734 1733//1733 
f 1733//1733 1734//1734 1735//1735 
f 1734//1734 1736//1736 1735//1735 
f 1735//1735 1736//1736 1737//1737 
f 1736//1736 1738//1738 1737//1737 
f 1737//1737 1738//1738 1739//1739 
f 1738//1738 1740//1740 1739//1739 
f 1739//1739 1740//1740 1741//1741 
f 1740//1740 1742//1742 1741//1741 
f 1741//1741 1742//1742 1743//1743 
f 1742//1742 1744//1744 1743//1743 
f 1743//1743 1744//1744 1744//1744 
f 1744//1744 1745//1745 1744//1744 
f 1744//1744 1745//1745 1745//1745 
f 1745//1745 1746//1746 1745//1745 
f 1745//1745 1746//1746 1747//1747 
f 1746//1746 1748//1748 1747//1747 
f 1747//1747 1748//1748 1749//1749 
f 1748//1748 1750//1750 1749//1749 
f 1749//1749 1750//1750 1751//1751 
f 1750//1750 1752//1752 1751//1751 
f 1751//1751 1752//1752 1753//1753 
f 1752//1752 1754//1754 1753//1753 
f 1753//1753 1754//1754 1755//1755 
f 1754//1754 1756//1756 1755//1755 
f 1755//1755 1756//1756 1757//1757 
f 1756//1756 1758//1758 1757//1757 
f 1757//1757 1758//1758 1759//1759 
f 1758//1758 1760//1760 1759//1759 
f 1759//1759 1760//1760 1761//1761 
f 1760//1760 1762//1762 1761//1761 
f 1761//1761 1762//1762 1763//1763 
f 1762//1762 1764//1764 1763//1763 
f 1763//1763 1764//1764 1765//1765 
f 1764//1764 1766//1766 1765//1765 
f 1765//1765 1766//1766 1767//1767 
f 1766//1766 1768//1768 1767//1767 
f 1767//1767 1768//1768 1769//1769 
f 1768//1768 1770//1770 1769//1769 
f 1769//1769 1770//1770 1771//1771 
f 1770//1770 1772//1772 1771//1771 
f 1771//1771 1772//1772 1773//1773 
f 1772//1772 1774//1774 1773//1773 
f 1773//1773 1774//1774 1775//1775 
f 1774//1774 1776//1776 1775//1775 
f 1775//1775 1776//1776 1777//1777 
f 1776//1776 1778//1778 1777//1777 
f 1777//1777 1778//1778 1779//1779 
f 1778//1778 1780//1780 1779//1779 
f 1779//1779 1780//1780 1781//1781 
f 1780//1780 1782//1782 1781//1781 
f 1781//1781 1782//1782 1783//1783 
f 1782//1782 1784//1784 1783//1783 
f 1783//1783 1784//1784 1784//1784 
f 1784//1784 1785//1785 1784//1784 
f 1784//1784 1785//1785 1785//1785 
f 1785//1785 1786//1786 1785//1785 
f 1785//1785 1786//1786 1787//1787 
f 1786//1786 1788//1788 1787//1787 
f 1787//1787 1788//1788 1789//1789 
f 1788//1788 1790//1790 1789//1789 
f 1789//1789 1790//1790 1791//1791 
f 1790//1790 1792//1792 1791//1791 
f 1791//1791 1792//1792 1793//1793 
f 1792//1792 1794//1794 1793//1793 
f 1793//1793 1794//1794 1795//1795 
f 1794//1794 1796//1796 1795//1795 
f 1795//1795 1796//1796 1797//1797 
f 1796//1796 1798//1798 1797//1797 
f 1797//1797 1798//1798 1799//1799 
f 1798//1798 1800//1800 1799//1799 
f 1799//1799 1800//1800 1801//1801 
f 1800//1800 1802//1802 1801//1801 
f 1801//1801 1802//1802 1803//1803 
f 1802//1802 1804//1804 1803//1803 
f 1803//1803 1804//1804 1805//1805 
f 1804//1804 1806//1806 1805//1805 
f 1805//1805 1806//1806 1807//1807 
f 1806//1806 1808//1808 1807//1807 
f 1807//1807 1808//1808 1809//1809 
f 1808//1808 1810//1810 1809//1809 
f 1809//1809 1810//1810 1811//1811 
f 1810//1810 1812//1812 1811//1811 
f 1811//1811 1812//1812 1813//1813 
f 1812//1812 1814//1814 1813//1813 
f 1813//1813 1814//1814 1815//1815 
f 1814//1814 1816//1816 1815//1815 
f 1815//1815 1816//1816 1817//1817 
f 1816//1816 1818//1818 1817//1817 
f 1817//1817 1818//1818 1819//1819 
f 1818//1818 1820//1820 1819//1819 
f 1819//1819 1820//1820 1821//1821 
f 1820//1820 1822//1822 1821//1821 
f 1821//1821 1822//1822 1823//1823 
f 1822//1822 1824//1824 1823//1823 
f 1823//1823 1824//1824 1824//1824 
f 1824//1824 1825//1825 1824//1824 
f 1824//1824 1825//1825 1825//1825 
f 1825//1825 1826//1826 1825//1825 
f 1825//1825 1826//1826 1827//1827 
f 1826//1826 1828//1828 1827//1827 
f 1827//1827 1828//1828 1827//1827 
f 1828//1828 1829//1829 1827//1827 
f 1827//1827 1829//1829 1827//1827 
f 1829//1829 1830//1830 1827//1827 
f 1827//1827 1830//1830 1827//1827 
f 1830//1830 1831//1831 1827//1827 
f 1827//1827 1831//1831 1832//1832 
f 1831//1831 1832//1832 1832//1832 
f 1832//1832 1832//1832 1833//1833 
f 1832//1832 1833//1833 1833//1833 
f 1833//1833 1833//1833 1834//1834 
f 1833//1833 1835//1835 1834//1834 
f 1834//1834 1835//1835 1836//1836 
f 1835//1835 1837//1837 1836//1836 
f 1836//1836 1837//1837 1836//1836 
f 1837//1837 1838//1838 1836//1836 
f 1836//1836 1838//1838 1839//1839 
f 1838//1838 1839//1839 1839//1839 
f 1839//1839 1839//1839 1840//1840 
f 1839//1839 1840//1840 1840//1840 
f 1840//1840 1840//1840 1835//1835 
f 1840//1840 1837//1837 1835//1835 

