mtllib model_0.mtl
usemtl material_0
o model_0
v -0.10869095474481583 1.4864439964294434 4.359104633331299 
v -0.13076645135879517 1.4864439964294434 4.268995761871338 
v -0.10869093984365463 1.4864439964294434 4.268995761871338 
v -0.10869093984365463 1.4866353273391724 4.267429828643799 
v -0.13076646625995636 1.4864439964294434 4.359104633331299 
v -0.10869095474481583 1.4866353273391724 4.360670566558838 
v -0.13157066702842712 1.4866353273391724 4.360101222991943 
v -0.10869095474481583 1.4873369932174683 4.361762046813965 
v -0.13076646625995636 1.4873369932174683 4.361762046813965 
v -0.13237488269805908 1.4873369932174683 4.361002445220947 
v -0.13301824033260345 1.4873369932174683 4.359104633331299 
v -0.13301822543144226 1.4873369932174683 4.268995761871338 
v -0.1320933848619461 1.4866353273391724 4.268995761871338 
v -0.13301822543144226 1.4881024360656738 4.267097473144531 
v -0.1320933848619461 1.4868905544281006 4.267524719238281 
v -0.1320933848619461 1.4874645471572876 4.266528129577637 
v -0.13076645135879517 1.4866353273391724 4.267429828643799 
v -0.10869093984365463 1.4873369932174683 4.266338348388672 
v -0.13076645135879517 1.4873369932174683 4.266338348388672 
v -0.10869088023900986 1.6141449213027954 4.268995761871338 
v -0.1307663917541504 1.6141449213027954 4.268995761871338 
v -0.10869089514017105 1.6141449213027954 4.359104633331299 
v -0.13076640665531158 1.6141449213027954 4.359104633331299 
v -0.10869088023900986 1.6138898134231567 4.267429828643799 
v -0.1307663917541504 1.6138898134231567 4.267429828643799 
v -0.10869088023900986 1.6132519245147705 4.266338348388672 
v -0.1307663917541504 1.6132519245147705 4.266338348388672 
v -0.13209332525730133 1.6136984825134277 4.267524719238281 
v -0.13209332525730133 1.6130605936050415 4.266528129577637 
v -0.13301816582679749 1.612486481666565 4.267097473144531 
v -0.13301816582679749 1.6132519245147705 4.268995761871338 
v -0.13209332525730133 1.6138898134231567 4.268995761871338 
v -0.13301818072795868 1.6132519245147705 4.359104633331299 
v -0.13209334015846252 1.6138898134231567 4.359104633331299 
v -0.13201291859149933 1.6136984825134277 4.360670566558838 
v -0.13289755582809448 1.6130605936050415 4.360670566558838 
v -0.1323748230934143 1.612486481666565 4.361762046813965 
v -0.13076640665531158 1.6132519245147705 4.361762046813965 
v -0.13076640665531158 1.6138898134231567 4.360670566558838 
v -0.10869089514017105 1.6132519245147705 4.361762046813965 
v -0.10869089514017105 1.6138898134231567 4.360670566558838 
v -0.10869095474481583 1.4873369932174683 4.361762046813965 
v -0.10869095474481583 1.4884213209152222 4.3623785972595215 
v -0.13076646625995636 1.4873369932174683 4.361762046813965 
v -0.13076646625995636 1.4884213209152222 4.3623785972595215 
v -0.1320129781961441 1.4884213209152222 4.362188816070557 
v -0.13237488269805908 1.4873369932174683 4.361002445220947 
v -0.13289761543273926 1.4884213209152222 4.361572265625 
v -0.13301824033260345 1.4899522066116333 4.361762046813965 
v -0.1320933997631073 1.4899522066116333 4.3623785972595215 
v -0.13076646625995636 1.4899522066116333 4.362616062164307 
v -0.10869095474481583 1.4899522066116333 4.362616062164307 
v -0.10869089514017105 1.6106367111206055 4.362616062164307 
v -0.13076640665531158 1.6106367111206055 4.362616062164307 
v -0.13157060742378235 1.61159348487854 4.3623785972595215 
v -0.13301818072795868 1.6106367111206055 4.361762046813965 
v -0.1323748230934143 1.612486481666565 4.361762046813965 
v -0.13076640665531158 1.6132519245147705 4.361762046813965 
v -0.10869089514017105 1.6121675968170166 4.3623785972595215 
v -0.10869089514017105 1.6132519245147705 4.361762046813965 
v -0.06896307319402695 1.4873369932174683 4.361002445220947 
v -0.06831970810890198 1.4873369932174683 4.359104633331299 
v -0.0679176077246666 1.4884213209152222 4.3605756759643555 
v -0.0677567645907402 1.4884213209152222 4.359104633331299 
v -0.06831969320774078 1.4873369932174683 4.268995761871338 
v -0.06775674968957901 1.4884213209152222 4.268995761871338 
v -0.06755571067333221 1.4899522066116333 4.359104633331299 
v -0.06755569577217102 1.4899522066116333 4.268995761871338 
v -0.06755564361810684 1.6106367111206055 4.268995761871338 
v -0.06755565851926804 1.610636591911316 4.359104633331299 
v -0.0677567645907402 1.4899522066116333 4.360670566558838 
v -0.06775670498609543 1.61159348487854 4.360101222991943 
v -0.06831970810890198 1.4899522066116333 4.361762046813965 
v -0.0683196559548378 1.610636591911316 4.361762046813965 
v -0.0683196485042572 1.612486481666565 4.3610029220581055 
v -0.0683196485042572 1.6132519245147705 4.359104633331299 
v -0.06775669008493423 1.6121675968170166 4.268995761871338 
v -0.06844034045934677 1.4884213209152222 4.361572265625 
v -0.06831963360309601 1.6132519245147705 4.268995761871338 
v -0.0684402659535408 1.6130605936050415 4.267429828643799 
v -0.06791753321886063 1.6120399236679077 4.267429828643799 
v -0.06896299868822098 1.612486481666565 4.266338348388672 
v -0.06775669008493423 1.6106367111206055 4.267429828643799 
v -0.0683196410536766 1.6106367111206055 4.266338348388672 
v -0.06775674968957901 1.4899522066116333 4.267429828643799 
v -0.06831969320774078 1.4899522066116333 4.266338348388672 
v -0.0679175928235054 1.4884850978851318 4.267429828643799 
v -0.06844032555818558 1.4874645471572876 4.267429828643799 
v -0.06896305829286575 1.4881024360656738 4.266338348388672 
v -0.10587620735168457 1.4873369932174683 4.266338348388672 
v -0.10587620735168457 1.4884213209152222 4.265721321105957 
v -0.07061168551445007 1.4873369932174683 4.266338348388672 
v -0.06976727396249771 1.4889954328536987 4.265721321105957 
v -0.06896305829286575 1.4881024360656738 4.266338348388672 
v -0.06831969320774078 1.4899522066116333 4.266338348388672 
v -0.06976721435785294 1.61159348487854 4.265721321105957 
v -0.0683196410536766 1.6106367111206055 4.266338348388672 
v -0.06896299868822098 1.612486481666565 4.266338348388672 
v -0.0706116259098053 1.6132519245147705 4.266338348388672 
v -0.1058761477470398 1.6121675968170166 4.265721321105957 
v -0.1058761477470398 1.6132519245147705 4.266338348388672 
v -0.10587620735168457 1.4899522066116333 4.26548433303833 
v -0.07061168551445007 1.4899522066116333 4.26548433303833 
v -0.1058761477470398 1.6106367111206055 4.26548433303833 
v -0.0706116259098053 1.6106367111206055 4.26548433303833 
v -0.06831969320774078 1.4873369932174683 4.268995761871338 
v -0.06924453377723694 1.4866353273391724 4.268995761871338 
v -0.06844032555818558 1.4874645471572876 4.267429828643799 
v -0.06936516612768173 1.486890435218811 4.267429828643799 
v -0.07061169296503067 1.4864439964294434 4.268995761871338 
v -0.0697672888636589 1.4866353273391724 4.360101222991943 
v -0.06831970810890198 1.4873369932174683 4.359104633331299 
v -0.06896307319402695 1.4873369932174683 4.361002445220947 
v -0.07061170041561127 1.4873369932174683 4.361762046813965 
v -0.10587622225284576 1.4873369932174683 4.361762046813965 
v -0.10587622225284576 1.4866353273391724 4.360670566558838 
v -0.07061170041561127 1.4864439964294434 4.359104633331299 
v -0.10587622225284576 1.4864439964294434 4.359104633331299 
v -0.10587620735168457 1.4864439964294434 4.268995761871338 
v -0.10587620735168457 1.4866353273391724 4.267429828643799 
v -0.07061168551445007 1.4866353273391724 4.267429828643799 
v -0.10587620735168457 1.4873369932174683 4.266338348388672 
v -0.07061168551445007 1.4873369932174683 4.266338348388672 
v -0.06896305829286575 1.4881024360656738 4.266338348388672 
v -0.0683196485042572 1.612486481666565 4.3610029220581055 
v -0.06924448907375336 1.6136983633041382 4.3605756759643555 
v -0.0683196485042572 1.6132519245147705 4.359104633331299 
v -0.06924448907375336 1.6138898134231567 4.359104633331299 
v -0.06831963360309601 1.6132519245147705 4.268995761871338 
v -0.06924447417259216 1.6138898134231567 4.268995761871338 
v -0.07061164081096649 1.6141449213027954 4.359104633331299 
v -0.07061164081096649 1.6138898134231567 4.360670566558838 
v -0.10587616264820099 1.6138898134231567 4.360670566558838 
v -0.10587616264820099 1.6132519245147705 4.361762046813965 
v -0.07061164081096649 1.6132519245147705 4.361762046813965 
v -0.06924448907375336 1.6130605936050415 4.361572265625 
v -0.10587616264820099 1.6141449213027954 4.359104633331299 
v -0.0706116259098053 1.6141449213027954 4.268995761871338 
v -0.1058761477470398 1.6141449213027954 4.268995761871338 
v -0.1058761477470398 1.6138898134231567 4.267429828643799 
v -0.0706116259098053 1.6138898134231567 4.267429828643799 
v -0.1058761477470398 1.6132519245147705 4.266338348388672 
v -0.0706116259098053 1.6132519245147705 4.266338348388672 
v -0.06936510652303696 1.6136984825134277 4.267429828643799 
v -0.06896299868822098 1.612486481666565 4.266338348388672 
v -0.0684402659535408 1.6130605936050415 4.267429828643799 
v -0.13301824033260345 1.4899522066116333 4.361762046813965 
v -0.13358119130134583 1.4899522066116333 4.360670566558838 
v -0.13301818072795868 1.6106367111206055 4.361762046813965 
v -0.13358113169670105 1.6106367111206055 4.360670566558838 
v -0.13378223776817322 1.4899522066116333 4.359104633331299 
v -0.13342034816741943 1.4884213209152222 4.3605756759643555 
v -0.13358119130134583 1.4884213209152222 4.359104633331299 
v -0.13237488269805908 1.4873369932174683 4.361002445220947 
v -0.13301824033260345 1.4873369932174683 4.359104633331299 
v -0.13358117640018463 1.4889954328536987 4.267999172210693 
v -0.13301822543144226 1.4873369932174683 4.268995761871338 
v -0.13301822543144226 1.4881024360656738 4.267097473144531 
v -0.13301822543144226 1.4899522066116333 4.266338348388672 
v -0.13358111679553986 1.61159348487854 4.267999172210693 
v -0.13301816582679749 1.6106367111206055 4.266338348388672 
v -0.13301816582679749 1.612486481666565 4.267097473144531 
v -0.13301816582679749 1.6132519245147705 4.268995761871338 
v -0.13358113169670105 1.6121675968170166 4.359104633331299 
v -0.13301818072795868 1.6132519245147705 4.359104633331299 
v -0.13289755582809448 1.6130605936050415 4.360670566558838 
v -0.13342028856277466 1.6120400428771973 4.360670566558838 
v -0.1323748230934143 1.612486481666565 4.361762046813965 
v -0.13289761543273926 1.4884213209152222 4.361572265625 
v -0.13378217816352844 1.6106367111206055 4.359104633331299 
v -0.13378216326236725 1.6106367111206055 4.268995761871338 
v -0.13378222286701202 1.4899522066116333 4.268995761871338 
v -0.13378223776817322 1.49224853515625 4.313504219055176 
v -0.13378223776817322 1.4925037622451782 4.315544605255127 
v -0.13378223776817322 1.4934605360031128 4.317110538482666 
v -0.13378223776817322 1.5049421787261963 4.359104633331299 
v -0.13378222286701202 1.4967774152755737 4.3185343742370605 
v -0.13378222286701202 1.5001580715179443 4.317063331604004 
v -0.13378222286701202 1.4986271858215332 4.318154811859131 
v -0.13378222286701202 1.5049421787261963 4.268995761871338 
v -0.13378223776817322 1.4949276447296143 4.318154811859131 
v -0.13378222286701202 1.5011149644851685 4.315402507781982 
v -0.13378222286701202 1.5012425184249878 4.313409328460693 
v -0.13378223776817322 1.5049421787261963 4.353457927703857 
v -0.13378222286701202 1.5006684064865112 4.31170129776001 
v -0.13378222286701202 1.499456524848938 4.3103251457214355 
v -0.13378222286701202 1.4956930875778198 4.309613227844238 
v -0.13378222286701202 1.494098424911499 4.3103251457214355 
v -0.13378223776817322 1.4928226470947266 4.31170129776001 
v -0.13378222286701202 1.4977341890335083 4.309566020965576 
v -0.06831970810890198 1.4899522066116333 4.361762046813965 
v -0.06844034045934677 1.4884213209152222 4.361572265625 
v -0.06924454867839813 1.4899522066116333 4.3623785972595215 
v -0.06936518102884293 1.4884213209152222 4.362188816070557 
v -0.07061170041561127 1.4899522066116333 4.362616062164307 
v -0.06924448907375336 1.610636591911316 4.3623785972595215 
v -0.0683196559548378 1.610636591911316 4.361762046813965 
v -0.0683196485042572 1.612486481666565 4.3610029220581055 
v -0.06924448907375336 1.6120399236679077 4.362188816070557 
v -0.06924448907375336 1.6130605936050415 4.361572265625 
v -0.07061164826154709 1.612167477607727 4.3623785972595215 
v -0.07061164081096649 1.6132519245147705 4.361762046813965 
v -0.10587616264820099 1.6121675968170166 4.3623785972595215 
v -0.10587616264820099 1.6132519245147705 4.361762046813965 
v -0.10587617009878159 1.6106367111206055 4.362616062164307 
v -0.07061164826154709 1.610636591911316 4.362616062164307 
v -0.10587622225284576 1.4899522066116333 4.362616062164307 
v -0.07061170041561127 1.4884213209152222 4.3623785972595215 
v -0.10587622225284576 1.4884213209152222 4.3623785972595215 
v -0.07061170041561127 1.4873369932174683 4.361762046813965 
v -0.06896307319402695 1.4873369932174683 4.361002445220947 
v -0.10587622225284576 1.4873369932174683 4.361762046813965 
v -0.10869093984365463 1.4873369932174683 4.266338348388672 
v -0.10869093984365463 1.4884213209152222 4.265721321105957 
v -0.13076645135879517 1.4873369932174683 4.266338348388672 
v -0.13076645135879517 1.4884213209152222 4.265721321105957 
v -0.1320933848619461 1.4884852170944214 4.265911102294922 
v -0.1320933848619461 1.4899522066116333 4.265721321105957 
v -0.13301822543144226 1.4899522066116333 4.266338348388672 
v -0.13301822543144226 1.4881024360656738 4.267097473144531 
v -0.1320933848619461 1.4874645471572876 4.266528129577637 
v -0.10869093984365463 1.4899522066116333 4.26548433303833 
v -0.13076645135879517 1.4899522066116333 4.26548433303833 
v -0.1307663917541504 1.6106367111206055 4.26548433303833 
v -0.13209332525730133 1.6106367111206055 4.265721321105957 
v -0.13301816582679749 1.6106367111206055 4.266338348388672 
v -0.10869088023900986 1.6106367111206055 4.26548433303833 
v -0.1307663917541504 1.6121675968170166 4.265721321105957 
v -0.13209332525730133 1.6120400428771973 4.265911102294922 
v -0.13209332525730133 1.6130605936050415 4.266528129577637 
v -0.13301816582679749 1.612486481666565 4.267097473144531 
v -0.1307663917541504 1.6132519245147705 4.266338348388672 
v -0.10869088023900986 1.6121675968170166 4.265721321105957 
v -0.10869088023900986 1.6132519245147705 4.266338348388672 
v -0.1072835847735405 1.4902074337005615 4.361050128936768 
v -0.10869095474481583 1.4873369932174683 4.361762046813965 
v -0.1072835847735405 1.4891867637634277 4.360385894775391 
v -0.10869095474481583 1.4866353273391724 4.360670566558838 
v -0.1072835847735405 1.4885488748550415 4.359342098236084 
v -0.10869095474481583 1.4864439964294434 4.359104633331299 
v -0.1072835847735405 1.4883575439453125 4.357871055603027 
v -0.10869093984365463 1.4864439964294434 4.268995761871338 
v -0.1072835773229599 1.4883575439453125 4.270229339599609 
v -0.10869093984365463 1.4866353273391724 4.267429828643799 
v -0.1072835698723793 1.488548994064331 4.268758296966553 
v -0.10869093984365463 1.4873369932174683 4.266338348388672 
v -0.1072835698723793 1.4891867637634277 4.267714500427246 
v -0.10869093984365463 1.4884213209152222 4.265721321105957 
v -0.1072835698723793 1.4902074337005615 4.267050266265869 
v -0.10869095474481583 1.4884213209152222 4.3623785972595215 
v -0.10728351771831512 1.6103177070617676 4.267050266265869 
v -0.10869088023900986 1.6132519245147705 4.266338348388672 
v -0.10728351771831512 1.611402153968811 4.267714500427246 
v -0.10869088023900986 1.6138898134231567 4.267429828643799 
v -0.10728351771831512 1.6120400428771973 4.268758296966553 
v -0.10869088023900986 1.6141449213027954 4.268995761871338 
v -0.10728351771831512 1.6122313737869263 4.270229339599609 
v -0.10869089514017105 1.6141449213027954 4.359104633331299 
v -0.10728353261947632 1.6122313737869263 4.357871055603027 
v -0.10869089514017105 1.6138898134231567 4.360670566558838 
v -0.10728353261947632 1.6120400428771973 4.359342098236084 
v -0.10869089514017105 1.6132519245147705 4.361762046813965 
v -0.10728353261947632 1.611402153968811 4.360385894775391 
v -0.10869089514017105 1.6121675968170166 4.3623785972595215 
v -0.10728353261947632 1.6103177070617676 4.361050128936768 
v -0.10869088023900986 1.6121675968170166 4.265721321105957 
v -0.1072835847735405 1.4902074337005615 4.361050128936768 
v -0.1072835847735405 1.4917383193969727 4.361239910125732 
v -0.10869095474481583 1.4884213209152222 4.3623785972595215 
v -0.10869095474481583 1.4899522066116333 4.362616062164307 
v -0.10728353261947632 1.6088505983352661 4.361239910125732 
v -0.10869089514017105 1.6106367111206055 4.362616062164307 
v -0.10728353261947632 1.6103177070617676 4.361050128936768 
v -0.10869089514017105 1.6121675968170166 4.3623785972595215 
v -0.1072835698723793 1.4902074337005615 4.267050266265869 
v -0.10587620735168457 1.4884213209152222 4.265721321105957 
v -0.1072835698723793 1.4917383193969727 4.266860485076904 
v -0.10587620735168457 1.4899522066116333 4.26548433303833 
v -0.10728351771831512 1.6088507175445557 4.266860485076904 
v -0.1058761477470398 1.6106367111206055 4.26548433303833 
v -0.10728351771831512 1.6103177070617676 4.267050266265869 
v -0.1058761477470398 1.6121675968170166 4.265721321105957 
v -0.1072835847735405 1.4883575439453125 4.357871055603027 
v -0.1072835847735405 1.4885488748550415 4.359342098236084 
v -0.10587622225284576 1.4866353273391724 4.360670566558838 
v -0.10587622225284576 1.4873369932174683 4.361762046813965 
v -0.10587622225284576 1.4864439964294434 4.359104633331299 
v -0.1072835773229599 1.4883575439453125 4.270229339599609 
v -0.10587620735168457 1.4864439964294434 4.268995761871338 
v -0.1072835698723793 1.488548994064331 4.268758296966553 
v -0.10587620735168457 1.4866353273391724 4.267429828643799 
v -0.1072835698723793 1.4891867637634277 4.267714500427246 
v -0.10587620735168457 1.4873369932174683 4.266338348388672 
v -0.1072835698723793 1.4902074337005615 4.267050266265869 
v -0.10587620735168457 1.4884213209152222 4.265721321105957 
v -0.1072835847735405 1.4891867637634277 4.360385894775391 
v -0.10587622225284576 1.4884213209152222 4.3623785972595215 
v -0.1072835847735405 1.4902074337005615 4.361050128936768 
v -0.10728351771831512 1.6122313737869263 4.270229339599609 
v -0.10728351771831512 1.6120400428771973 4.268758296966553 
v -0.1058761477470398 1.6138898134231567 4.267429828643799 
v -0.1058761477470398 1.6132519245147705 4.266338348388672 
v -0.1058761477470398 1.6141449213027954 4.268995761871338 
v -0.10728353261947632 1.6122313737869263 4.357871055603027 
v -0.10587616264820099 1.6141449213027954 4.359104633331299 
v -0.10728353261947632 1.6120400428771973 4.359342098236084 
v -0.10587616264820099 1.6138898134231567 4.360670566558838 
v -0.10728353261947632 1.611402153968811 4.360385894775391 
v -0.10587616264820099 1.6132519245147705 4.361762046813965 
v -0.10728353261947632 1.6103177070617676 4.361050128936768 
v -0.10587616264820099 1.6121675968170166 4.3623785972595215 
v -0.10728351771831512 1.611402153968811 4.267714500427246 
v -0.1058761477470398 1.6121675968170166 4.265721321105957 
v -0.10728351771831512 1.6103177070617676 4.267050266265869 
v -0.10869093984365463 1.4884213209152222 4.265721321105957 
v -0.1072835698723793 1.4902074337005615 4.267050266265869 
v -0.10869093984365463 1.4899522066116333 4.26548433303833 
v -0.1072835698723793 1.4917383193969727 4.266860485076904 
v -0.10869088023900986 1.6106367111206055 4.26548433303833 
v -0.10728351771831512 1.6088507175445557 4.266860485076904 
v -0.10869088023900986 1.6121675968170166 4.265721321105957 
v -0.10728351771831512 1.6103177070617676 4.267050266265869 
v -0.10587622225284576 1.4884213209152222 4.3623785972595215 
v -0.1072835847735405 1.4902074337005615 4.361050128936768 
v -0.10587622225284576 1.4899522066116333 4.362616062164307 
v -0.1072835847735405 1.4917383193969727 4.361239910125732 
v -0.10587617009878159 1.6106367111206055 4.362616062164307 
v -0.10728353261947632 1.6088505983352661 4.361239910125732 
v -0.10587616264820099 1.6121675968170166 4.3623785972595215 
v -0.10728353261947632 1.6103177070617676 4.361050128936768 
v -0.09027452766895294 1.6170153617858887 4.345344066619873 
v -0.08745979517698288 1.6170153617858887 4.347384452819824 
v -0.09027452766895294 1.6085954904556274 4.345344066619873 
v -0.08745980262756348 1.6085954904556274 4.347384452819824 
v -0.08408212661743164 1.6170153617858887 4.348095893859863 
v -0.08408212661743164 1.6085954904556274 4.348095893859863 
v -0.0807044506072998 1.6170153617858887 4.347384452819824 
v -0.0807044580578804 1.6085954904556274 4.347384452819824 
v -0.07788972556591034 1.6170153617858887 4.345344066619873 
v -0.07788972556591034 1.6085954904556274 4.345344066619873 
v -0.09027452766895294 1.6085954904556274 4.345344066619873 
v -0.09027452766895294 1.6170153617858887 4.345344066619873 
v -0.09200357645750046 1.6085954904556274 4.3423542976379395 
v -0.09200357645750046 1.6170153617858887 4.3423542976379395 
v -0.09236546605825424 1.6085954904556274 4.338890552520752 
v -0.09236546605825424 1.6170153617858887 4.338890552520752 
v -0.09127978980541229 1.6085954904556274 4.335616588592529 
v -0.0912797823548317 1.6170153617858887 4.335616588592529 
v -0.088987797498703 1.6085954904556274 4.333006858825684 
v -0.0889877900481224 1.6170153617858887 4.333006858825684 
v -0.088987797498703 1.6085954904556274 4.333006858825684 
v -0.0889877900481224 1.6170153617858887 4.333006858825684 
v -0.08581117540597916 1.6085954904556274 4.331630706787109 
v -0.08581116795539856 1.6170153617858887 4.331630706787109 
v -0.08235307782888412 1.6085954904556274 4.331630706787109 
v -0.08235307782888412 1.6170153617858887 4.331630706787109 
v -0.07917645573616028 1.6085954904556274 4.333006858825684 
v -0.07917645573616028 1.6170153617858887 4.333006858825684 
v -0.07917645573616028 1.6085954904556274 4.333006858825684 
v -0.07917645573616028 1.6170153617858887 4.333006858825684 
v -0.07688446342945099 1.6085954904556274 4.335616588592529 
v -0.07688446342945099 1.6170153617858887 4.335616588592529 
v -0.07579878717660904 1.6085954904556274 4.338890552520752 
v -0.07579877972602844 1.6170153617858887 4.338890552520752 
v -0.07616067677736282 1.6085954904556274 4.3423542976379395 
v -0.07616067677736282 1.6170153617858887 4.3423542976379395 
v -0.07788972556591034 1.6085954904556274 4.345344066619873 
v -0.07788972556591034 1.6170153617858887 4.345344066619873 
v -0.07965897768735886 1.6144638061523438 4.343730449676514 
v -0.07845266908407211 1.6144638061523438 4.34159517288208 
v -0.08166950196027756 1.6144638061523438 4.345154285430908 
v -0.07817119359970093 1.6144638061523438 4.339128017425537 
v -0.07893519103527069 1.6144638061523438 4.336802959442139 
v -0.08058381825685501 1.6144638061523438 4.334952354431152 
v -0.0828355997800827 1.6144638061523438 4.333955764770508 
v -0.08532864600419998 1.6144638061523438 4.333955764770508 
v -0.08758042752742767 1.6144638061523438 4.334952354431152 
v -0.089229054749012 1.6144638061523438 4.336802959442139 
v -0.08999305218458176 1.6144638061523438 4.339128017425537 
v -0.08971158415079117 1.6144638061523438 4.34159517288208 
v -0.08846505731344223 1.6144638061523438 4.343730449676514 
v -0.08649475127458572 1.6144638061523438 4.345154285430908 
v -0.08408212661743164 1.6144638061523438 4.345675945281982 
v -0.08408212661743164 1.6170153617858887 4.348095893859863 
v -0.08745979517698288 1.6170153617858887 4.347384452819824 
v -0.08408212661743164 1.6170153617858887 4.345675945281982 
v -0.08649475127458572 1.6170153617858887 4.345154285430908 
v -0.0807044506072998 1.6170153617858887 4.347384452819824 
v -0.08408212661743164 1.6170153617858887 4.348095893859863 
v -0.08166950196027756 1.6170153617858887 4.345154285430908 
v -0.08408212661743164 1.6170153617858887 4.345675945281982 
v -0.08166950196027756 1.6170153617858887 4.345154285430908 
v -0.07965897768735886 1.6170153617858887 4.343730449676514 
v -0.0807044506072998 1.6170153617858887 4.347384452819824 
v -0.07788972556591034 1.6170153617858887 4.345344066619873 
v -0.07845266908407211 1.6170153617858887 4.34159517288208 
v -0.07616067677736282 1.6170153617858887 4.3423542976379395 
v -0.07817119359970093 1.6170153617858887 4.339128017425537 
v -0.07579877972602844 1.6170153617858887 4.338890552520752 
v -0.07893519103527069 1.6170153617858887 4.336802959442139 
v -0.07688446342945099 1.6170153617858887 4.335616588592529 
v -0.07917645573616028 1.6170153617858887 4.333006858825684 
v -0.08058381825685501 1.6170153617858887 4.334952354431152 
v -0.07688446342945099 1.6170153617858887 4.335616588592529 
v -0.07893519103527069 1.6170153617858887 4.336802959442139 
v -0.08235307782888412 1.6170153617858887 4.331630706787109 
v -0.0828355997800827 1.6170153617858887 4.333955764770508 
v -0.07917645573616028 1.6170153617858887 4.333006858825684 
v -0.08058381825685501 1.6170153617858887 4.334952354431152 
v -0.08581116795539856 1.6170153617858887 4.331630706787109 
v -0.08532864600419998 1.6170153617858887 4.333955764770508 
v -0.08235307782888412 1.6170153617858887 4.331630706787109 
v -0.0828355997800827 1.6170153617858887 4.333955764770508 
v -0.08532864600419998 1.6170153617858887 4.333955764770508 
v -0.08581116795539856 1.6170153617858887 4.331630706787109 
v -0.08758042752742767 1.6170153617858887 4.334952354431152 
v -0.0889877900481224 1.6170153617858887 4.333006858825684 
v -0.089229054749012 1.6170153617858887 4.336802959442139 
v -0.0912797823548317 1.6170153617858887 4.335616588592529 
v -0.08999305218458176 1.6170153617858887 4.339128017425537 
v -0.09236546605825424 1.6170153617858887 4.338890552520752 
v -0.08971157670021057 1.6170153617858887 4.34159517288208 
v -0.09200357645750046 1.6170153617858887 4.3423542976379395 
v -0.08846505731344223 1.6170153617858887 4.343730449676514 
v -0.09027452766895294 1.6170153617858887 4.345344066619873 
v -0.08745979517698288 1.6170153617858887 4.347384452819824 
v -0.08649475127458572 1.6170153617858887 4.345154285430908 
v -0.09027452766895294 1.6170153617858887 4.345344066619873 
v -0.08846505731344223 1.6170153617858887 4.343730449676514 
v -0.08846505731344223 1.6144638061523438 4.343730449676514 
v -0.08846505731344223 1.6170153617858887 4.343730449676514 
v -0.08649475127458572 1.6144638061523438 4.345154285430908 
v -0.08649475127458572 1.6170153617858887 4.345154285430908 
v -0.08408212661743164 1.6144638061523438 4.345675945281982 
v -0.08408212661743164 1.6170153617858887 4.345675945281982 
v -0.08166950196027756 1.6144638061523438 4.345154285430908 
v -0.08166950196027756 1.6170153617858887 4.345154285430908 
v -0.07965897768735886 1.6144638061523438 4.343730449676514 
v -0.07965897768735886 1.6170153617858887 4.343730449676514 
v -0.07965897768735886 1.6144638061523438 4.343730449676514 
v -0.07965897768735886 1.6170153617858887 4.343730449676514 
v -0.07845266908407211 1.6144638061523438 4.34159517288208 
v -0.07845266908407211 1.6170153617858887 4.34159517288208 
v -0.07817119359970093 1.6144638061523438 4.339128017425537 
v -0.07817119359970093 1.6170153617858887 4.339128017425537 
v -0.07893519103527069 1.6144638061523438 4.336802959442139 
v -0.07893519103527069 1.6170153617858887 4.336802959442139 
v -0.08058381825685501 1.6144638061523438 4.334952354431152 
v -0.08058381825685501 1.6170153617858887 4.334952354431152 
v -0.08058381825685501 1.6144638061523438 4.334952354431152 
v -0.08058381825685501 1.6170153617858887 4.334952354431152 
v -0.0828355997800827 1.6144638061523438 4.333955764770508 
v -0.0828355997800827 1.6170153617858887 4.333955764770508 
v -0.08532864600419998 1.6144638061523438 4.333955764770508 
v -0.08532864600419998 1.6170153617858887 4.333955764770508 
v -0.08758042752742767 1.6144638061523438 4.334952354431152 
v -0.08758042752742767 1.6170153617858887 4.334952354431152 
v -0.08758042752742767 1.6144638061523438 4.334952354431152 
v -0.08758042752742767 1.6170153617858887 4.334952354431152 
v -0.089229054749012 1.6144638061523438 4.336802959442139 
v -0.089229054749012 1.6170153617858887 4.336802959442139 
v -0.08999305218458176 1.6144638061523438 4.339128017425537 
v -0.08999305218458176 1.6170153617858887 4.339128017425537 
v -0.08971158415079117 1.6144638061523438 4.34159517288208 
v -0.08971157670021057 1.6170153617858887 4.34159517288208 
v -0.08846505731344223 1.6144638061523438 4.343730449676514 
v -0.08846505731344223 1.6170153617858887 4.343730449676514 
v -0.09027452021837234 1.6170153617858887 4.319530487060547 
v -0.09027452766895294 1.6085954904556274 4.319530487060547 
v -0.08745979517698288 1.6170153617858887 4.321570873260498 
v -0.08745979517698288 1.6085954904556274 4.321570873260498 
v -0.08408211916685104 1.6170153617858887 4.322282791137695 
v -0.08408212661743164 1.6085954904556274 4.322282791137695 
v -0.0807044506072998 1.6170153617858887 4.321570873260498 
v -0.0807044506072998 1.6085954904556274 4.321570873260498 
v -0.07788971811532974 1.6170153617858887 4.319530487060547 
v -0.07788972556591034 1.6085954904556274 4.319530487060547 
v -0.09027452766895294 1.6085954904556274 4.319530487060547 
v -0.09027452021837234 1.6170153617858887 4.319530487060547 
v -0.09200356900691986 1.6085954904556274 4.3165411949157715 
v -0.09200356900691986 1.6170153617858887 4.3165411949157715 
v -0.09236546605825424 1.6085954904556274 4.313077449798584 
v -0.09236545860767365 1.6170153617858887 4.313077449798584 
v -0.0912797823548317 1.6085954904556274 4.309803485870361 
v -0.0912797823548317 1.6170153617858887 4.309803485870361 
v -0.0889877900481224 1.6085954904556274 4.307240962982178 
v -0.08898778259754181 1.6170153617858887 4.307240962982178 
v -0.0889877900481224 1.6085954904556274 4.307240962982178 
v -0.08898778259754181 1.6170153617858887 4.307240962982178 
v -0.08581116795539856 1.6085954904556274 4.305817604064941 
v -0.08581116795539856 1.6170153617858887 4.305817604064941 
v -0.08235307037830353 1.6085954904556274 4.305817604064941 
v -0.08235307037830353 1.6170153617858887 4.305817604064941 
v -0.07917645573616028 1.6085954904556274 4.307240962982178 
v -0.07917644828557968 1.6170153617858887 4.307240962982178 
v -0.07917645573616028 1.6085954904556274 4.307240962982178 
v -0.07917644828557968 1.6170153617858887 4.307240962982178 
v -0.07688446342945099 1.6085954904556274 4.309803485870361 
v -0.07688445597887039 1.6170153617858887 4.309803485870361 
v -0.07579877972602844 1.6085954904556274 4.313077449798584 
v -0.07579877972602844 1.6170153617858887 4.313077449798584 
v -0.07616067677736282 1.6085954904556274 4.3165411949157715 
v -0.07616066932678223 1.6170153617858887 4.3165411949157715 
v -0.07788972556591034 1.6085954904556274 4.319530487060547 
v -0.07788971811532974 1.6170153617858887 4.319530487060547 
v -0.07965897768735886 1.6144638061523438 4.317917346954346 
v -0.07845266163349152 1.6144638061523438 4.315782070159912 
v -0.08166949450969696 1.6144638061523438 4.319388389587402 
v -0.07817119359970093 1.6144638061523438 4.313362121582031 
v -0.07893519103527069 1.6144638061523438 4.3109893798828125 
v -0.08058381080627441 1.6144638061523438 4.3091864585876465 
v -0.0828355997800827 1.6144638061523438 4.30814266204834 
v -0.08532863855361938 1.6144638061523438 4.30814266204834 
v -0.08758042752742767 1.6144639253616333 4.3091864585876465 
v -0.0892290472984314 1.6144639253616333 4.3109893798828125 
v -0.08999305218458176 1.6144639253616333 4.313362121582031 
v -0.08971157670021057 1.6144639253616333 4.315782070159912 
v -0.08846505731344223 1.6144638061523438 4.317917346954346 
v -0.08649474382400513 1.6144638061523438 4.319388389587402 
v -0.08408211916685104 1.6144638061523438 4.3198628425598145 
v -0.0807044506072998 1.6170153617858887 4.321570873260498 
v -0.08408211916685104 1.6170153617858887 4.322282791137695 
v -0.08166949450969696 1.6170153617858887 4.319388389587402 
v -0.08408211916685104 1.6170153617858887 4.3198628425598145 
v -0.08745979517698288 1.6170153617858887 4.321570873260498 
v -0.08649474382400513 1.6170153617858887 4.319388389587402 
v -0.09027452021837234 1.6170153617858887 4.319530487060547 
v -0.08846504986286163 1.6170153617858887 4.317917346954346 
v -0.09200356900691986 1.6170153617858887 4.3165411949157715 
v -0.08971157670021057 1.6170153617858887 4.315782070159912 
v -0.09236545860767365 1.6170153617858887 4.313077449798584 
v -0.08999304473400116 1.6170153617858887 4.313362121582031 
v -0.0912797823548317 1.6170153617858887 4.309803485870361 
v -0.0892290472984314 1.6170153617858887 4.3109893798828125 
v -0.08898778259754181 1.6170153617858887 4.307240962982178 
v -0.08758042007684708 1.6170153617858887 4.3091864585876465 
v -0.08581116795539856 1.6170153617858887 4.305817604064941 
v -0.08532863855361938 1.6170153617858887 4.30814266204834 
v -0.08235307037830353 1.6170153617858887 4.305817604064941 
v -0.0828355997800827 1.6170153617858887 4.30814266204834 
v -0.07917644828557968 1.6170153617858887 4.307240962982178 
v -0.08058381080627441 1.6170153617858887 4.3091864585876465 
v -0.07688445597887039 1.6170153617858887 4.309803485870361 
v -0.07893519103527069 1.6170153617858887 4.3109893798828125 
v -0.07788971811532974 1.6170153617858887 4.319530487060547 
v -0.07965897768735886 1.6170153617858887 4.317917346954346 
v -0.0807044506072998 1.6170153617858887 4.321570873260498 
v -0.08166949450969696 1.6170153617858887 4.319388389587402 
v -0.07616066932678223 1.6170153617858887 4.3165411949157715 
v -0.07845266163349152 1.6170153617858887 4.315782070159912 
v -0.07788971811532974 1.6170153617858887 4.319530487060547 
v -0.07965897768735886 1.6170153617858887 4.317917346954346 
v -0.07579877972602844 1.6170153617858887 4.313077449798584 
v -0.07817119359970093 1.6170153617858887 4.313362121582031 
v -0.07616066932678223 1.6170153617858887 4.3165411949157715 
v -0.07845266163349152 1.6170153617858887 4.315782070159912 
v -0.07688445597887039 1.6170153617858887 4.309803485870361 
v -0.07893519103527069 1.6170153617858887 4.3109893798828125 
v -0.07579877972602844 1.6170153617858887 4.313077449798584 
v -0.07817119359970093 1.6170153617858887 4.313362121582031 
v -0.08846505731344223 1.6144638061523438 4.317917346954346 
v -0.08846504986286163 1.6170153617858887 4.317917346954346 
v -0.08649474382400513 1.6144638061523438 4.319388389587402 
v -0.08649474382400513 1.6170153617858887 4.319388389587402 
v -0.08408211916685104 1.6144638061523438 4.3198628425598145 
v -0.08408211916685104 1.6170153617858887 4.3198628425598145 
v -0.08166949450969696 1.6144638061523438 4.319388389587402 
v -0.08166949450969696 1.6170153617858887 4.319388389587402 
v -0.07965897768735886 1.6144638061523438 4.317917346954346 
v -0.07965897768735886 1.6170153617858887 4.317917346954346 
v -0.07965897768735886 1.6144638061523438 4.317917346954346 
v -0.07965897768735886 1.6170153617858887 4.317917346954346 
v -0.07845266163349152 1.6144638061523438 4.315782070159912 
v -0.07845266163349152 1.6170153617858887 4.315782070159912 
v -0.07817119359970093 1.6144638061523438 4.313362121582031 
v -0.07817119359970093 1.6170153617858887 4.313362121582031 
v -0.07893519103527069 1.6144638061523438 4.3109893798828125 
v -0.07893519103527069 1.6170153617858887 4.3109893798828125 
v -0.08058381080627441 1.6144638061523438 4.3091864585876465 
v -0.08058381080627441 1.6170153617858887 4.3091864585876465 
v -0.08058381080627441 1.6144638061523438 4.3091864585876465 
v -0.08058381080627441 1.6170153617858887 4.3091864585876465 
v -0.0828355997800827 1.6144638061523438 4.30814266204834 
v -0.0828355997800827 1.6170153617858887 4.30814266204834 
v -0.08532863855361938 1.6144638061523438 4.30814266204834 
v -0.08532863855361938 1.6170153617858887 4.30814266204834 
v -0.08758042752742767 1.6144639253616333 4.3091864585876465 
v -0.08758042007684708 1.6170153617858887 4.3091864585876465 
v -0.08758042752742767 1.6144639253616333 4.3091864585876465 
v -0.08758042007684708 1.6170153617858887 4.3091864585876465 
v -0.0892290472984314 1.6144639253616333 4.3109893798828125 
v -0.0892290472984314 1.6170153617858887 4.3109893798828125 
v -0.08999305218458176 1.6144639253616333 4.313362121582031 
v -0.08999304473400116 1.6170153617858887 4.313362121582031 
v -0.08971157670021057 1.6144639253616333 4.315782070159912 
v -0.08971157670021057 1.6170153617858887 4.315782070159912 
v -0.08846505731344223 1.6144638061523438 4.317917346954346 
v -0.08846504986286163 1.6170153617858887 4.317917346954346 
v -0.09027452021837234 1.6170153617858887 4.293765068054199 
v -0.09027452021837234 1.6085954904556274 4.293765068054199 
v -0.08745978772640228 1.6170153617858887 4.29575777053833 
v -0.08745979517698288 1.6085954904556274 4.29575777053833 
v -0.08408211916685104 1.6170153617858887 4.2965168952941895 
v -0.08408211916685104 1.6085954904556274 4.2965168952941895 
v -0.08070444315671921 1.6170153617858887 4.29575777053833 
v -0.0807044506072998 1.6085954904556274 4.29575777053833 
v -0.07788971066474915 1.6170153617858887 4.293765068054199 
v -0.07788971811532974 1.6085954904556274 4.293765068054199 
v -0.09027452021837234 1.6085954904556274 4.293765068054199 
v -0.09027452021837234 1.6170153617858887 4.293765068054199 
v -0.09200356900691986 1.6085954904556274 4.2907280921936035 
v -0.09200356155633926 1.6170153617858887 4.2907280921936035 
v -0.09236545860767365 1.6085954904556274 4.287311553955078 
v -0.09236545860767365 1.6170153617858887 4.287311553955078 
v -0.0912797823548317 1.6085954904556274 4.283989906311035 
v -0.0912797749042511 1.6170153617858887 4.283989906311035 
v -0.08898778259754181 1.6085954904556274 4.28142786026001 
v -0.08898778259754181 1.6170153617858887 4.28142786026001 
v -0.08898778259754181 1.6085954904556274 4.28142786026001 
v -0.08898778259754181 1.6170153617858887 4.28142786026001 
v -0.08581116795539856 1.6085954904556274 4.280004024505615 
v -0.08581116050481796 1.6170153617858887 4.280004024505615 
v -0.08235307037830353 1.6085954904556274 4.280004024505615 
v -0.08235306292772293 1.6170153617858887 4.280004024505615 
v -0.07917644828557968 1.6085954904556274 4.28142786026001 
v -0.07917644083499908 1.6170153617858887 4.28142786026001 
v -0.07917644828557968 1.6085954904556274 4.28142786026001 
v -0.07917644083499908 1.6170153617858887 4.28142786026001 
v -0.07688445597887039 1.6085954904556274 4.283989906311035 
v -0.0768844485282898 1.6170153617858887 4.283989906311035 
v -0.07579877972602844 1.6085954904556274 4.287311553955078 
v -0.07579877227544785 1.6170153617858887 4.287311553955078 
v -0.07616066932678223 1.6085954904556274 4.2907280921936035 
v -0.07616066932678223 1.6170153617858887 4.2907280921936035 
v -0.07788971811532974 1.6085954904556274 4.293765068054199 
v -0.07788971066474915 1.6170153617858887 4.293765068054199 
v -0.07965897023677826 1.6144638061523438 4.29215145111084 
v -0.07845266163349152 1.6144638061523438 4.290016174316406 
v -0.08166949450969696 1.6144639253616333 4.293575286865234 
v -0.07817118614912033 1.6144638061523438 4.287549018859863 
v -0.0789351835846901 1.6144639253616333 4.285223960876465 
v -0.08058381080627441 1.6144639253616333 4.2833733558654785 
v -0.0828355923295021 1.6144639253616333 4.282376766204834 
v -0.08532863855361938 1.6144639253616333 4.282376766204834 
v -0.08758042007684708 1.6144639253616333 4.2833733558654785 
v -0.0892290472984314 1.6144639253616333 4.285223960876465 
v -0.08999304473400116 1.6144639253616333 4.287549018859863 
v -0.08971156924962997 1.6144639253616333 4.290016174316406 
v -0.08846504986286163 1.6144639253616333 4.29215145111084 
v -0.08649474382400513 1.6144639253616333 4.293575286865234 
v -0.08408211916685104 1.6144639253616333 4.294096946716309 
v -0.08745978772640228 1.6170153617858887 4.29575777053833 
v -0.08408211171627045 1.6170153617858887 4.294096946716309 
v -0.08408211916685104 1.6170153617858887 4.2965168952941895 
v -0.08166949450969696 1.6170153617858887 4.293575286865234 
v -0.08649473637342453 1.6170153617858887 4.293575286865234 
v -0.09027452021837234 1.6170153617858887 4.293765068054199 
v -0.08846504986286163 1.6170153617858887 4.29215145111084 
v -0.09200356155633926 1.6170153617858887 4.2907280921936035 
v -0.08971156924962997 1.6170153617858887 4.290016174316406 
v -0.09236545860767365 1.6170153617858887 4.287311553955078 
v -0.08999304473400116 1.6170153617858887 4.287549018859863 
v -0.0912797749042511 1.6170153617858887 4.283989906311035 
v -0.0892290472984314 1.6170153617858887 4.285223960876465 
v -0.08898778259754181 1.6170153617858887 4.28142786026001 
v -0.08758042007684708 1.6170153617858887 4.2833733558654785 
v -0.08581116050481796 1.6170153617858887 4.280004024505615 
v -0.08532863855361938 1.6170153617858887 4.282376766204834 
v -0.08235306292772293 1.6170153617858887 4.280004024505615 
v -0.0828355923295021 1.6170153617858887 4.282376766204834 
v -0.07917644083499908 1.6170153617858887 4.28142786026001 
v -0.08058381080627441 1.6170153617858887 4.2833733558654785 
v -0.0768844485282898 1.6170153617858887 4.283989906311035 
v -0.0789351835846901 1.6170153617858887 4.285223960876465 
v -0.07579877227544785 1.6170153617858887 4.287311553955078 
v -0.07817118614912033 1.6170153617858887 4.287549018859863 
v -0.07616066932678223 1.6170153617858887 4.2907280921936035 
v -0.07845266163349152 1.6170153617858887 4.290016174316406 
v -0.07788971066474915 1.6170153617858887 4.293765068054199 
v -0.07965897023677826 1.6170153617858887 4.29215145111084 
v -0.08070444315671921 1.6170153617858887 4.29575777053833 
v -0.08846504986286163 1.6144639253616333 4.29215145111084 
v -0.08649474382400513 1.6144639253616333 4.293575286865234 
v -0.08846504986286163 1.6170153617858887 4.29215145111084 
v -0.08649473637342453 1.6170153617858887 4.293575286865234 
v -0.08408211916685104 1.6144639253616333 4.294096946716309 
v -0.08408211171627045 1.6170153617858887 4.294096946716309 
v -0.08166949450969696 1.6144639253616333 4.293575286865234 
v -0.08166949450969696 1.6170153617858887 4.293575286865234 
v -0.07965897023677826 1.6144638061523438 4.29215145111084 
v -0.07965897023677826 1.6170153617858887 4.29215145111084 
v -0.07965897023677826 1.6144638061523438 4.29215145111084 
v -0.07965897023677826 1.6170153617858887 4.29215145111084 
v -0.07845266163349152 1.6144638061523438 4.290016174316406 
v -0.07845266163349152 1.6170153617858887 4.290016174316406 
v -0.07817118614912033 1.6144638061523438 4.287549018859863 
v -0.07817118614912033 1.6170153617858887 4.287549018859863 
v -0.0789351835846901 1.6144639253616333 4.285223960876465 
v -0.0789351835846901 1.6170153617858887 4.285223960876465 
v -0.08058381080627441 1.6144639253616333 4.2833733558654785 
v -0.08058381080627441 1.6170153617858887 4.2833733558654785 
v -0.08058381080627441 1.6144639253616333 4.2833733558654785 
v -0.08058381080627441 1.6170153617858887 4.2833733558654785 
v -0.0828355923295021 1.6144639253616333 4.282376766204834 
v -0.0828355923295021 1.6170153617858887 4.282376766204834 
v -0.08532863855361938 1.6144639253616333 4.282376766204834 
v -0.08532863855361938 1.6170153617858887 4.282376766204834 
v -0.08758042007684708 1.6144639253616333 4.2833733558654785 
v -0.08758042007684708 1.6170153617858887 4.2833733558654785 
v -0.08758042007684708 1.6144639253616333 4.2833733558654785 
v -0.08758042007684708 1.6170153617858887 4.2833733558654785 
v -0.0892290472984314 1.6144639253616333 4.285223960876465 
v -0.0892290472984314 1.6170153617858887 4.285223960876465 
v -0.08999304473400116 1.6144639253616333 4.287549018859863 
v -0.08999304473400116 1.6170153617858887 4.287549018859863 
v -0.08971156924962997 1.6144639253616333 4.290016174316406 
v -0.08971156924962997 1.6170153617858887 4.290016174316406 
v -0.08846504986286163 1.6144639253616333 4.29215145111084 
v -0.08846504986286163 1.6170153617858887 4.29215145111084 
v -0.13378220796585083 1.5264382362365723 4.286789417266846 
v -0.13378220796585083 1.52854323387146 4.284464359283447 
v -0.13378222286701202 1.518528699874878 4.295567989349365 
v -0.13378220796585083 1.5403437614440918 4.279244899749756 
v -0.13378222286701202 1.5049421787261963 4.268995761871338 
v -0.13378222286701202 1.5154669284820557 4.324655532836914 
v -0.13378223776817322 1.5049421787261963 4.353457927703857 
v -0.13378222286701202 1.5229300260543823 4.33760929107666 
v -0.13378222286701202 1.5350494384765625 4.34638786315918 
v -0.13378220796585083 1.549656629562378 4.3494720458984375 
v -0.13378219306468964 1.5940521955490112 4.359104633331299 
v -0.13378219306468964 1.5763832330703735 4.33760929107666 
v -0.13378219306468964 1.5846116542816162 4.317348003387451 
v -0.13378219306468964 1.5838463306427002 4.324655532836914 
v -0.13378220796585083 1.5324980020523071 4.282708644866943 
v -0.13378222286701202 1.5139360427856445 4.309803009033203 
v -0.13378223776817322 1.5049421787261963 4.359104633331299 
v -0.13378220796585083 1.5642637014389038 4.34638786315918 
v -0.13378217816352844 1.5940521955490112 4.268995761871338 
v -0.13378219306468964 1.580784559249878 4.295567989349365 
v -0.13378219306468964 1.557119607925415 4.278390884399414 
v -0.13378219306468964 1.570770025253296 4.284464359283447 
v -0.13378219306468964 1.5853772163391113 4.309803485870361 
v -0.13378220796585083 1.5421935319900513 4.278390884399414 
v -0.12557925283908844 1.6072560548782349 4.310230255126953 
v -0.12557925283908844 1.6084041595458984 4.3114166259765625 
v -0.12557925283908844 1.6057251691818237 4.309566020965576 
v -0.12557925283908844 1.603811502456665 4.309566020965576 
v -0.12557925283908844 1.601770281791687 4.310609817504883 
v -0.12557925283908844 1.6008135080337524 4.31170129776001 
v -0.12557925283908844 1.6002393960952759 4.313599109649658 
v -0.12557925283908844 1.6004308462142944 4.315402507781982 
v -0.12557925283908844 1.601387619972229 4.317063331604004 
v -0.12557925283908844 1.6029185056686401 4.318154811859131 
v -0.12557925283908844 1.6047682762145996 4.3185343742370605 
v -0.12557925283908844 1.6066181659698486 4.318154811859131 
v -0.12557925283908844 1.6081490516662598 4.317063331604004 
v -0.12557925283908844 1.6091058254241943 4.315402507781982 
v -0.12557925283908844 1.609169602394104 4.313124656677246 
v -0.13378217816352844 1.6008135080337524 4.31170129776001 
v -0.13378217816352844 1.6002393960952759 4.313599109649658 
v -0.13378217816352844 1.6017704010009766 4.310609817504883 
v -0.13378217816352844 1.6057251691818237 4.309566020965576 
v -0.13378217816352844 1.603811502456665 4.309566020965576 
v -0.13378217816352844 1.6072560548782349 4.310230255126953 
v -0.13378217816352844 1.6084041595458984 4.3114166259765625 
v -0.13378217816352844 1.609169602394104 4.313124656677246 
v -0.13378217816352844 1.6091058254241943 4.315402507781982 
v -0.13378217816352844 1.6066181659698486 4.318154811859131 
v -0.13378217816352844 1.6029185056686401 4.318154811859131 
v -0.13378217816352844 1.6047682762145996 4.3185343742370605 
v -0.13378217816352844 1.6081490516662598 4.317063331604004 
v -0.13378219306468964 1.5940521955490112 4.359104633331299 
v -0.13378217816352844 1.601387619972229 4.317063331604004 
v -0.13378217816352844 1.6004308462142944 4.315402507781982 
v -0.13378217816352844 1.5940521955490112 4.268995761871338 
v -0.12557931244373322 1.4934605360031128 4.317110538482666 
v -0.12557931244373322 1.4949276447296143 4.318154811859131 
v -0.12557931244373322 1.4925037622451782 4.315544605255127 
v -0.12557931244373322 1.4967774152755737 4.3185343742370605 
v -0.12557931244373322 1.4986271858215332 4.318154811859131 
v -0.12557931244373322 1.5001580715179443 4.317063331604004 
v -0.12557931244373322 1.5011149644851685 4.315402507781982 
v -0.12557931244373322 1.5012425184249878 4.313409328460693 
v -0.12557931244373322 1.5006684064865112 4.31170129776001 
v -0.12557931244373322 1.499456524848938 4.3103251457214355 
v -0.12557931244373322 1.4977341890335083 4.309566020965576 
v -0.12557931244373322 1.4956930875778198 4.309613227844238 
v -0.12557931244373322 1.494098424911499 4.3103251457214355 
v -0.12557931244373322 1.4928226470947266 4.31170129776001 
v -0.12557931244373322 1.49224853515625 4.313504219055176 
v -0.13378217816352844 1.6081490516662598 4.317063331604004 
v -0.13378217816352844 1.6066181659698486 4.318154811859131 
v -0.12557925283908844 1.6081490516662598 4.317063331604004 
v -0.12557925283908844 1.6066181659698486 4.318154811859131 
v -0.13378217816352844 1.6047682762145996 4.3185343742370605 
v -0.12557925283908844 1.6047682762145996 4.3185343742370605 
v -0.13378217816352844 1.6029185056686401 4.318154811859131 
v -0.12557925283908844 1.6029185056686401 4.318154811859131 
v -0.13378217816352844 1.601387619972229 4.317063331604004 
v -0.12557925283908844 1.601387619972229 4.317063331604004 
v -0.12557925283908844 1.6081490516662598 4.317063331604004 
v -0.13378217816352844 1.6081490516662598 4.317063331604004 
v -0.12557925283908844 1.6091058254241943 4.315402507781982 
v -0.13378217816352844 1.6091058254241943 4.315402507781982 
v -0.12557925283908844 1.609169602394104 4.313124656677246 
v -0.13378217816352844 1.609169602394104 4.313124656677246 
v -0.12557925283908844 1.6084041595458984 4.3114166259765625 
v -0.13378217816352844 1.6084041595458984 4.3114166259765625 
v -0.12557925283908844 1.6072560548782349 4.310230255126953 
v -0.13378217816352844 1.6072560548782349 4.310230255126953 
v -0.12557925283908844 1.6072560548782349 4.310230255126953 
v -0.13378217816352844 1.6072560548782349 4.310230255126953 
v -0.12557925283908844 1.6057251691818237 4.309566020965576 
v -0.13378217816352844 1.6057251691818237 4.309566020965576 
v -0.12557925283908844 1.603811502456665 4.309566020965576 
v -0.13378217816352844 1.603811502456665 4.309566020965576 
v -0.12557925283908844 1.601770281791687 4.310609817504883 
v -0.13378217816352844 1.6017704010009766 4.310609817504883 
v -0.12557925283908844 1.601770281791687 4.310609817504883 
v -0.13378217816352844 1.6017704010009766 4.310609817504883 
v -0.12557925283908844 1.6008135080337524 4.31170129776001 
v -0.13378217816352844 1.6008135080337524 4.31170129776001 
v -0.12557925283908844 1.6002393960952759 4.313599109649658 
v -0.13378217816352844 1.6002393960952759 4.313599109649658 
v -0.12557925283908844 1.6004308462142944 4.315402507781982 
v -0.13378217816352844 1.6004308462142944 4.315402507781982 
v -0.12557925283908844 1.601387619972229 4.317063331604004 
v -0.13378217816352844 1.601387619972229 4.317063331604004 
v -0.13378222286701202 1.5001580715179443 4.317063331604004 
v -0.12557931244373322 1.5001580715179443 4.317063331604004 
v -0.13378222286701202 1.4986271858215332 4.318154811859131 
v -0.12557931244373322 1.4986271858215332 4.318154811859131 
v -0.13378222286701202 1.4967774152755737 4.3185343742370605 
v -0.12557931244373322 1.4967774152755737 4.3185343742370605 
v -0.13378223776817322 1.4949276447296143 4.318154811859131 
v -0.12557931244373322 1.4949276447296143 4.318154811859131 
v -0.13378223776817322 1.4934605360031128 4.317110538482666 
v -0.12557931244373322 1.4934605360031128 4.317110538482666 
v -0.12557931244373322 1.5001580715179443 4.317063331604004 
v -0.13378222286701202 1.5001580715179443 4.317063331604004 
v -0.12557931244373322 1.5011149644851685 4.315402507781982 
v -0.13378222286701202 1.5011149644851685 4.315402507781982 
v -0.12557931244373322 1.5012425184249878 4.313409328460693 
v -0.13378222286701202 1.5012425184249878 4.313409328460693 
v -0.12557931244373322 1.5006684064865112 4.31170129776001 
v -0.13378222286701202 1.5006684064865112 4.31170129776001 
v -0.12557931244373322 1.499456524848938 4.3103251457214355 
v -0.13378222286701202 1.499456524848938 4.3103251457214355 
v -0.12557931244373322 1.499456524848938 4.3103251457214355 
v -0.13378222286701202 1.499456524848938 4.3103251457214355 
v -0.12557931244373322 1.4977341890335083 4.309566020965576 
v -0.13378222286701202 1.4977341890335083 4.309566020965576 
v -0.12557931244373322 1.4956930875778198 4.309613227844238 
v -0.13378222286701202 1.4956930875778198 4.309613227844238 
v -0.12557931244373322 1.494098424911499 4.3103251457214355 
v -0.13378222286701202 1.494098424911499 4.3103251457214355 
v -0.12557931244373322 1.494098424911499 4.3103251457214355 
v -0.13378222286701202 1.494098424911499 4.3103251457214355 
v -0.12557931244373322 1.4928226470947266 4.31170129776001 
v -0.13378223776817322 1.4928226470947266 4.31170129776001 
v -0.12557931244373322 1.49224853515625 4.313504219055176 
v -0.13378223776817322 1.49224853515625 4.313504219055176 
v -0.12557931244373322 1.4925037622451782 4.315544605255127 
v -0.13378223776817322 1.4925037622451782 4.315544605255127 
v -0.12557931244373322 1.4934605360031128 4.317110538482666 
v -0.13378223776817322 1.4934605360031128 4.317110538482666 
v -0.09011371433734894 1.549656629562378 4.352271556854248 
v -0.09011371433734894 1.557629942893982 4.351465225219727 
v -0.1428295522928238 1.557629942893982 4.351465225219727 
v -0.1428295373916626 1.565220594406128 4.348997592926025 
v -0.1428295522928238 1.549656629562378 4.352271556854248 
v -0.09011372178792953 1.5416831970214844 4.351465225219727 
v -0.1428295522928238 1.541683316230774 4.351465225219727 
v -0.09011372178792953 1.534092664718628 4.348997592926025 
v -0.1428295522928238 1.534092664718628 4.348997592926025 
v -0.09011372923851013 1.5272036790847778 4.3450117111206055 
v -0.14282956719398499 1.5272036790847778 4.3450117111206055 
v -0.09011372923851013 1.5212076902389526 4.339649677276611 
v -0.14282956719398499 1.5212076902389526 4.339649677276611 
v -0.09011370688676834 1.5652204751968384 4.348997592926025 
v -0.1428295373916626 1.572109580039978 4.3450117111206055 
v -0.09011370688676834 1.5721094608306885 4.3450117111206055 
v -0.1428295373916626 1.5781054496765137 4.339649677276611 
v -0.09011369943618774 1.5781054496765137 4.339649677276611 
v -0.1428295373916626 1.5781054496765137 4.339649677276611 
v -0.09011369943618774 1.5781054496765137 4.339649677276611 
v -0.1428295373916626 1.5827618837356567 4.333148956298828 
v -0.09011369943618774 1.5827618837356567 4.333148956298828 
v -0.1428295224905014 1.586014986038208 4.3258891105651855 
v -0.09011369943618774 1.586014986038208 4.3258891105651855 
v -0.1428295224905014 1.5876734256744385 4.318059921264648 
v -0.09011369198560715 1.5876734256744385 4.318059921264648 
v -0.1428295224905014 1.5876734256744385 4.310040473937988 
v -0.09011369198560715 1.5876734256744385 4.310040473937988 
v -0.1428295224905014 1.586014986038208 4.302211284637451 
v -0.09011369198560715 1.586014986038208 4.302211284637451 
v -0.1428295224905014 1.5827618837356567 4.29495096206665 
v -0.09011369198560715 1.5827618837356567 4.29495096206665 
v -0.1428295224905014 1.5781054496765137 4.288450241088867 
v -0.09011369198560715 1.5781054496765137 4.288450241088867 
v -0.1428295224905014 1.5781054496765137 4.288450241088867 
v -0.09011369198560715 1.5781054496765137 4.288450241088867 
v -0.1428295224905014 1.572109580039978 4.283088684082031 
v -0.09011369198560715 1.5721094608306885 4.283088684082031 
v -0.1428295373916626 1.565220594406128 4.279102802276611 
v -0.09011369943618774 1.565220594406128 4.279102802276611 
v -0.1428295373916626 1.557629942893982 4.27663516998291 
v -0.09011369943618774 1.557629942893982 4.27663516998291 
v -0.1428295373916626 1.549656629562378 4.2758283615112305 
v -0.09011370688676834 1.549656629562378 4.2758283615112305 
v -0.1428295373916626 1.541683316230774 4.27663516998291 
v -0.09011370688676834 1.5416831970214844 4.27663516998291 
v -0.1428295522928238 1.534092664718628 4.279102802276611 
v -0.09011371433734894 1.534092664718628 4.279102802276611 
v -0.1428295522928238 1.5272036790847778 4.283088684082031 
v -0.09011371433734894 1.5272036790847778 4.283088684082031 
v -0.1428295522928238 1.5212076902389526 4.288450241088867 
v -0.09011372178792953 1.5212076902389526 4.288450241088867 
v -0.1428295522928238 1.5212076902389526 4.288450241088867 
v -0.09011372178792953 1.5212076902389526 4.288450241088867 
v -0.1428295522928238 1.5165512561798096 4.29495096206665 
v -0.09011372178792953 1.5165512561798096 4.29495096206665 
v -0.14282956719398499 1.5132981538772583 4.302211284637451 
v -0.09011372923851013 1.5132981538772583 4.302211284637451 
v -0.14282956719398499 1.5116397142410278 4.310040473937988 
v -0.09011372923851013 1.5116397142410278 4.310040473937988 
v -0.14282956719398499 1.5116397142410278 4.318059921264648 
v -0.09011372923851013 1.5116397142410278 4.318059921264648 
v -0.14282956719398499 1.5132981538772583 4.3258891105651855 
v -0.09011372923851013 1.5132981538772583 4.3258891105651855 
v -0.14282956719398499 1.5165512561798096 4.333148956298828 
v -0.09011372923851013 1.5165512561798096 4.333148956298828 
v -0.14282956719398499 1.5212076902389526 4.339649677276611 
v -0.09011372923851013 1.5212076902389526 4.339649677276611 
v -0.12907758355140686 1.5560990571975708 4.344299793243408 
v -0.12907758355140686 1.5622225999832153 4.342307090759277 
v -0.12907759845256805 1.549656629562378 4.344964504241943 
v -0.12907758355140686 1.567835807800293 4.339080333709717 
v -0.12907758355140686 1.5726197957992554 4.3347625732421875 
v -0.12907758355140686 1.5764470100402832 4.329495429992676 
v -0.12907758355140686 1.5790622234344482 4.323611259460449 
v -0.12907756865024567 1.5804017782211304 4.317300319671631 
v -0.12907756865024567 1.5804017782211304 4.310799598693848 
v -0.12907756865024567 1.5790622234344482 4.304488658905029 
v -0.12907756865024567 1.5764470100402832 4.298604965209961 
v -0.12907756865024567 1.5726197957992554 4.293337821960449 
v -0.12907756865024567 1.567835807800293 4.289019584655762 
v -0.12907758355140686 1.5622225999832153 4.285793304443359 
v -0.12907758355140686 1.5560990571975708 4.28380012512207 
v -0.12907758355140686 1.549656629562378 4.283135890960693 
v -0.12907758355140686 1.543214201927185 4.28380012512207 
v -0.12907758355140686 1.5370906591415405 4.285793304443359 
v -0.12907759845256805 1.531477451324463 4.289019584655762 
v -0.12907759845256805 1.526693344116211 4.293337821960449 
v -0.12907759845256805 1.5228662490844727 4.298604965209961 
v -0.12907759845256805 1.520250916481018 4.304488658905029 
v -0.12907759845256805 1.518911361694336 4.310799598693848 
v -0.12907759845256805 1.518911361694336 4.317300319671631 
v -0.12907759845256805 1.520250916481018 4.323611259460449 
v -0.12907759845256805 1.522866129875183 4.329495429992676 
v -0.12907759845256805 1.526693344116211 4.3347625732421875 
v -0.12907759845256805 1.5314773321151733 4.339080333709717 
v -0.12907759845256805 1.5370906591415405 4.342307090759277 
v -0.12907759845256805 1.543214201927185 4.344299793243408 
v -0.14777542650699615 1.549656629562378 4.351560115814209 
v -0.14777542650699615 1.557438611984253 4.350705623626709 
v -0.14540301263332367 1.557629942893982 4.351465225219727 
v -0.14540301263332367 1.565220594406128 4.348997592926025 
v -0.14540301263332367 1.549656629562378 4.352271556854248 
v -0.14777544140815735 1.541874647140503 4.350705623626709 
v -0.14540302753448486 1.541683316230774 4.351465225219727 
v -0.14777544140815735 1.5344115495681763 4.348285675048828 
v -0.14540302753448486 1.534092664718628 4.348997592926025 
v -0.14777544140815735 1.527650237083435 4.344394683837891 
v -0.14540302753448486 1.5272036790847778 4.3450117111206055 
v -0.14777544140815735 1.5217818021774292 4.339128017425537 
v -0.14540302753448486 1.5212076902389526 4.339649677276611 
v -0.14777542650699615 1.56490159034729 4.348285675048828 
v -0.14540301263332367 1.572109580039978 4.3450117111206055 
v -0.14777542650699615 1.5716630220413208 4.344394683837891 
v -0.14540299773216248 1.5781054496765137 4.339649677276611 
v -0.14777541160583496 1.5775314569473267 4.339128017425537 
v -0.14540299773216248 1.5781054496765137 4.339649677276611 
v -0.14777541160583496 1.5775314569473267 4.339128017425537 
v -0.14540299773216248 1.5827618837356567 4.333148956298828 
v -0.14777541160583496 1.5821239948272705 4.332817077636719 
v -0.14540299773216248 1.586014986038208 4.3258891105651855 
v -0.14777541160583496 1.585313320159912 4.3256516456604 
v -0.14540299773216248 1.5876734256744385 4.318059921264648 
v -0.14777541160583496 1.5869081020355225 4.317965030670166 
v -0.14540299773216248 1.5876734256744385 4.310040473937988 
v -0.14777541160583496 1.5869081020355225 4.310135364532471 
v -0.14540299773216248 1.586014986038208 4.302211284637451 
v -0.14777541160583496 1.5853134393692017 4.302448272705078 
v -0.14540299773216248 1.5827618837356567 4.29495096206665 
v -0.14777541160583496 1.5821239948272705 4.295283317565918 
v -0.14540299773216248 1.5781054496765137 4.288450241088867 
v -0.14777541160583496 1.5775314569473267 4.2889723777771 
v -0.14540299773216248 1.5781054496765137 4.288450241088867 
v -0.14777541160583496 1.5775314569473267 4.2889723777771 
v -0.14540299773216248 1.572109580039978 4.283088684082031 
v -0.14777541160583496 1.5716630220413208 4.283705234527588 
v -0.14540299773216248 1.565220594406128 4.279102802276611 
v -0.14777541160583496 1.56490159034729 4.27981424331665 
v -0.14540299773216248 1.557629942893982 4.27663516998291 
v -0.14777541160583496 1.557438611984253 4.2773942947387695 
v -0.14540301263332367 1.549656629562378 4.2758283615112305 
v -0.14777542650699615 1.549656629562378 4.276540279388428 
v -0.14540301263332367 1.541683316230774 4.27663516998291 
v -0.14777542650699615 1.541874647140503 4.2773942947387695 
v -0.14540301263332367 1.534092664718628 4.279102802276611 
v -0.14777542650699615 1.5344115495681763 4.27981424331665 
v -0.14540301263332367 1.5272036790847778 4.283088684082031 
v -0.14777542650699615 1.527650237083435 4.283705234527588 
v -0.14540302753448486 1.5212076902389526 4.288450241088867 
v -0.14777544140815735 1.5217818021774292 4.2889723777771 
v -0.14540302753448486 1.5212076902389526 4.288450241088867 
v -0.14777544140815735 1.5217818021774292 4.2889723777771 
v -0.14540302753448486 1.5165513753890991 4.29495096206665 
v -0.14777544140815735 1.5171891450881958 4.295283317565918 
v -0.14540302753448486 1.5132981538772583 4.302211284637451 
v -0.14777544140815735 1.5139998197555542 4.302448272705078 
v -0.14540302753448486 1.5116397142410278 4.310040473937988 
v -0.14777544140815735 1.5123413801193237 4.310135364532471 
v -0.14540302753448486 1.5116397142410278 4.318059921264648 
v -0.14777544140815735 1.5123413801193237 4.317964553833008 
v -0.14540302753448486 1.5132981538772583 4.3258891105651855 
v -0.14777544140815735 1.5139998197555542 4.3256516456604 
v -0.14540302753448486 1.5165512561798096 4.333148956298828 
v -0.14777544140815735 1.5171891450881958 4.332817077636719 
v -0.14540302753448486 1.5212076902389526 4.339649677276611 
v -0.14777544140815735 1.5217818021774292 4.339128017425537 
v -0.14777542650699615 1.549656629562378 4.351560115814209 
v -0.14777542650699615 1.5560990571975708 4.344299793243408 
v -0.14777542650699615 1.557438611984253 4.350705623626709 
v -0.14777542650699615 1.5622225999832153 4.342307090759277 
v -0.14777542650699615 1.549656629562378 4.344964504241943 
v -0.14777544140815735 1.541874647140503 4.350705623626709 
v -0.14777544140815735 1.543214201927185 4.344299793243408 
v -0.14777544140815735 1.5344115495681763 4.348285675048828 
v -0.14777544140815735 1.5370906591415405 4.342307090759277 
v -0.14777544140815735 1.527650237083435 4.344394683837891 
v -0.14777544140815735 1.531477451324463 4.339080333709717 
v -0.14777544140815735 1.5217818021774292 4.339128017425537 
v -0.14777544140815735 1.526693344116211 4.3347625732421875 
v -0.14777544140815735 1.5171891450881958 4.332817077636719 
v -0.14777544140815735 1.5228662490844727 4.329495429992676 
v -0.14777544140815735 1.5139998197555542 4.3256516456604 
v -0.14777544140815735 1.520250916481018 4.323611259460449 
v -0.14777544140815735 1.5123413801193237 4.317964553833008 
v -0.14777544140815735 1.5189114809036255 4.317300319671631 
v -0.14777544140815735 1.5123413801193237 4.310135364532471 
v -0.14777544140815735 1.5189114809036255 4.310799598693848 
v -0.14777544140815735 1.5139998197555542 4.302448272705078 
v -0.14777544140815735 1.520250916481018 4.304488658905029 
v -0.14777544140815735 1.5171891450881958 4.295283317565918 
v -0.14777544140815735 1.5228662490844727 4.298604965209961 
v -0.14777544140815735 1.5217818021774292 4.2889723777771 
v -0.14777542650699615 1.526693344116211 4.293337821960449 
v -0.14777542650699615 1.527650237083435 4.283705234527588 
v -0.14777542650699615 1.531477451324463 4.289019584655762 
v -0.14777542650699615 1.5344115495681763 4.27981424331665 
v -0.14777542650699615 1.5370906591415405 4.285793304443359 
v -0.14777542650699615 1.541874647140503 4.2773942947387695 
v -0.14777542650699615 1.543214201927185 4.28380012512207 
v -0.14777542650699615 1.549656629562378 4.276540279388428 
v -0.14777542650699615 1.549656629562378 4.283135890960693 
v -0.14777541160583496 1.557438611984253 4.2773942947387695 
v -0.14777541160583496 1.5560990571975708 4.28380012512207 
v -0.14777541160583496 1.56490159034729 4.27981424331665 
v -0.14777541160583496 1.5622225999832153 4.285793304443359 
v -0.14777541160583496 1.5716630220413208 4.283705234527588 
v -0.14777541160583496 1.567835807800293 4.289019584655762 
v -0.14777541160583496 1.5775314569473267 4.2889723777771 
v -0.14777541160583496 1.5726197957992554 4.293337821960449 
v -0.14777541160583496 1.5821239948272705 4.295283317565918 
v -0.14777541160583496 1.5764470100402832 4.298604965209961 
v -0.14777541160583496 1.5853134393692017 4.302448272705078 
v -0.14777541160583496 1.5790623426437378 4.304488658905029 
v -0.14777541160583496 1.5869081020355225 4.310135364532471 
v -0.14777541160583496 1.5804017782211304 4.310799598693848 
v -0.14777541160583496 1.5869081020355225 4.317965030670166 
v -0.14777541160583496 1.5804017782211304 4.317300319671631 
v -0.14777541160583496 1.585313320159912 4.3256516456604 
v -0.14777541160583496 1.5790622234344482 4.323611259460449 
v -0.14777541160583496 1.5821239948272705 4.332817077636719 
v -0.14777541160583496 1.5764470100402832 4.329495429992676 
v -0.14777541160583496 1.5775314569473267 4.339128017425537 
v -0.14777541160583496 1.5726197957992554 4.3347625732421875 
v -0.14777542650699615 1.5716630220413208 4.344394683837891 
v -0.14777542650699615 1.567835807800293 4.339080333709717 
v -0.14777542650699615 1.56490159034729 4.348285675048828 
v -0.14777542650699615 1.549656629562378 4.344964504241943 
v -0.12907758355140686 1.5560990571975708 4.344299793243408 
v -0.14777542650699615 1.5560990571975708 4.344299793243408 
v -0.12907758355140686 1.5622225999832153 4.342307090759277 
v -0.12907759845256805 1.549656629562378 4.344964504241943 
v -0.14777544140815735 1.543214201927185 4.344299793243408 
v -0.12907759845256805 1.543214201927185 4.344299793243408 
v -0.14777544140815735 1.5370906591415405 4.342307090759277 
v -0.12907759845256805 1.5370906591415405 4.342307090759277 
v -0.14777544140815735 1.531477451324463 4.339080333709717 
v -0.12907759845256805 1.5314773321151733 4.339080333709717 
v -0.14777544140815735 1.526693344116211 4.3347625732421875 
v -0.12907759845256805 1.526693344116211 4.3347625732421875 
v -0.14777542650699615 1.5622225999832153 4.342307090759277 
v -0.12907758355140686 1.567835807800293 4.339080333709717 
v -0.14777542650699615 1.567835807800293 4.339080333709717 
v -0.12907758355140686 1.5726197957992554 4.3347625732421875 
v -0.14777541160583496 1.5726197957992554 4.3347625732421875 
v -0.12907758355140686 1.5726197957992554 4.3347625732421875 
v -0.14777541160583496 1.5726197957992554 4.3347625732421875 
v -0.12907758355140686 1.5764470100402832 4.329495429992676 
v -0.14777541160583496 1.5764470100402832 4.329495429992676 
v -0.12907758355140686 1.5790622234344482 4.323611259460449 
v -0.14777541160583496 1.5790622234344482 4.323611259460449 
v -0.12907756865024567 1.5804017782211304 4.317300319671631 
v -0.14777541160583496 1.5804017782211304 4.317300319671631 
v -0.12907756865024567 1.5804017782211304 4.310799598693848 
v -0.14777541160583496 1.5804017782211304 4.310799598693848 
v -0.12907756865024567 1.5790622234344482 4.304488658905029 
v -0.14777541160583496 1.5790623426437378 4.304488658905029 
v -0.12907756865024567 1.5764470100402832 4.298604965209961 
v -0.14777541160583496 1.5764470100402832 4.298604965209961 
v -0.12907756865024567 1.5726197957992554 4.293337821960449 
v -0.14777541160583496 1.5726197957992554 4.293337821960449 
v -0.12907756865024567 1.5726197957992554 4.293337821960449 
v -0.14777541160583496 1.5726197957992554 4.293337821960449 
v -0.12907756865024567 1.567835807800293 4.289019584655762 
v -0.14777541160583496 1.567835807800293 4.289019584655762 
v -0.12907758355140686 1.5622225999832153 4.285793304443359 
v -0.14777541160583496 1.5622225999832153 4.285793304443359 
v -0.12907758355140686 1.5560990571975708 4.28380012512207 
v -0.14777541160583496 1.5560990571975708 4.28380012512207 
v -0.12907758355140686 1.549656629562378 4.283135890960693 
v -0.14777542650699615 1.549656629562378 4.283135890960693 
v -0.12907758355140686 1.543214201927185 4.28380012512207 
v -0.14777542650699615 1.543214201927185 4.28380012512207 
v -0.12907758355140686 1.5370906591415405 4.285793304443359 
v -0.14777542650699615 1.5370906591415405 4.285793304443359 
v -0.12907759845256805 1.531477451324463 4.289019584655762 
v -0.14777542650699615 1.531477451324463 4.289019584655762 
v -0.12907759845256805 1.526693344116211 4.293337821960449 
v -0.14777542650699615 1.526693344116211 4.293337821960449 
v -0.12907759845256805 1.526693344116211 4.293337821960449 
v -0.14777542650699615 1.526693344116211 4.293337821960449 
v -0.12907759845256805 1.5228662490844727 4.298604965209961 
v -0.14777544140815735 1.5228662490844727 4.298604965209961 
v -0.12907759845256805 1.520250916481018 4.304488658905029 
v -0.14777544140815735 1.520250916481018 4.304488658905029 
v -0.12907759845256805 1.518911361694336 4.310799598693848 
v -0.14777544140815735 1.5189114809036255 4.310799598693848 
v -0.12907759845256805 1.518911361694336 4.317300319671631 
v -0.14777544140815735 1.5189114809036255 4.317300319671631 
v -0.12907759845256805 1.520250916481018 4.323611259460449 
v -0.14777544140815735 1.520250916481018 4.323611259460449 
v -0.12907759845256805 1.522866129875183 4.329495429992676 
v -0.14777544140815735 1.5228662490844727 4.329495429992676 
v -0.12907759845256805 1.526693344116211 4.3347625732421875 
v -0.14777544140815735 1.526693344116211 4.3347625732421875 
v -0.12867547571659088 1.555014729499817 4.282139301300049 
v -0.1490621417760849 1.555014729499817 4.282139301300049 
v -0.12867549061775208 1.555014729499817 4.34596061706543 
v -0.1490621566772461 1.555014729499817 4.34596061706543 
v -0.12867547571659088 1.544298529624939 4.282139301300049 
v -0.1490621566772461 1.544298529624939 4.282139301300049 
v -0.12867547571659088 1.555014729499817 4.282139301300049 
v -0.1490621417760849 1.555014729499817 4.282139301300049 
v -0.12867549061775208 1.544298529624939 4.34596061706543 
v -0.1490621566772461 1.544298529624939 4.34596061706543 
v -0.12867547571659088 1.544298529624939 4.282139301300049 
v -0.1490621566772461 1.544298529624939 4.282139301300049 
v -0.12867549061775208 1.555014729499817 4.34596061706543 
v -0.1490621566772461 1.555014729499817 4.34596061706543 
v -0.12867549061775208 1.544298529624939 4.34596061706543 
v -0.1490621566772461 1.544298529624939 4.34596061706543 
v -0.14986637234687805 1.5543768405914307 4.345296382904053 
v -0.14986635744571686 1.5543768405914307 4.282803535461426 
v -0.14986637234687805 1.5449364185333252 4.345296382904053 
v -0.14986635744571686 1.5449364185333252 4.282803535461426 
v -0.14986637234687805 1.5543768405914307 4.345296382904053 
v -0.1490621417760849 1.555014729499817 4.282139301300049 
v -0.14986635744571686 1.5543768405914307 4.282803535461426 
v -0.1490621566772461 1.544298529624939 4.282139301300049 
v -0.14986635744571686 1.5449364185333252 4.282803535461426 
v -0.1490621566772461 1.544298529624939 4.34596061706543 
v -0.14986637234687805 1.5449364185333252 4.345296382904053 
v -0.1490621566772461 1.555014729499817 4.34596061706543 
v -0.14540301263332367 1.549656629562378 4.352271556854248 
v -0.1428295522928238 1.557629942893982 4.351465225219727 
v -0.14540301263332367 1.557629942893982 4.351465225219727 
v -0.1428295373916626 1.565220594406128 4.348997592926025 
v -0.1428295522928238 1.549656629562378 4.352271556854248 
v -0.14540302753448486 1.541683316230774 4.351465225219727 
v -0.1428295522928238 1.541683316230774 4.351465225219727 
v -0.14540302753448486 1.534092664718628 4.348997592926025 
v -0.1428295522928238 1.534092664718628 4.348997592926025 
v -0.14540302753448486 1.5272036790847778 4.3450117111206055 
v -0.14282956719398499 1.5272036790847778 4.3450117111206055 
v -0.14540302753448486 1.5212076902389526 4.339649677276611 
v -0.14282956719398499 1.5212076902389526 4.339649677276611 
v -0.14540301263332367 1.565220594406128 4.348997592926025 
v -0.1428295373916626 1.572109580039978 4.3450117111206055 
v -0.14540301263332367 1.572109580039978 4.3450117111206055 
v -0.1428295373916626 1.5781054496765137 4.339649677276611 
v -0.14540299773216248 1.5781054496765137 4.339649677276611 
v -0.1428295373916626 1.5781054496765137 4.339649677276611 
v -0.14540299773216248 1.5781054496765137 4.339649677276611 
v -0.1428295373916626 1.5827618837356567 4.333148956298828 
v -0.14540299773216248 1.5827618837356567 4.333148956298828 
v -0.1428295224905014 1.586014986038208 4.3258891105651855 
v -0.14540299773216248 1.586014986038208 4.3258891105651855 
v -0.1428295224905014 1.5876734256744385 4.318059921264648 
v -0.14540299773216248 1.5876734256744385 4.318059921264648 
v -0.1428295224905014 1.5876734256744385 4.310040473937988 
v -0.14540299773216248 1.5876734256744385 4.310040473937988 
v -0.1428295224905014 1.586014986038208 4.302211284637451 
v -0.14540299773216248 1.586014986038208 4.302211284637451 
v -0.1428295224905014 1.5827618837356567 4.29495096206665 
v -0.14540299773216248 1.5827618837356567 4.29495096206665 
v -0.1428295224905014 1.5781054496765137 4.288450241088867 
v -0.14540299773216248 1.5781054496765137 4.288450241088867 
v -0.1428295224905014 1.5781054496765137 4.288450241088867 
v -0.14540299773216248 1.5781054496765137 4.288450241088867 
v -0.1428295224905014 1.572109580039978 4.283088684082031 
v -0.14540299773216248 1.572109580039978 4.283088684082031 
v -0.1428295373916626 1.565220594406128 4.279102802276611 
v -0.14540299773216248 1.565220594406128 4.279102802276611 
v -0.1428295373916626 1.557629942893982 4.27663516998291 
v -0.14540299773216248 1.557629942893982 4.27663516998291 
v -0.1428295373916626 1.549656629562378 4.2758283615112305 
v -0.14540301263332367 1.549656629562378 4.2758283615112305 
v -0.1428295373916626 1.541683316230774 4.27663516998291 
v -0.14540301263332367 1.541683316230774 4.27663516998291 
v -0.1428295522928238 1.534092664718628 4.279102802276611 
v -0.14540301263332367 1.534092664718628 4.279102802276611 
v -0.1428295522928238 1.5272036790847778 4.283088684082031 
v -0.14540301263332367 1.5272036790847778 4.283088684082031 
v -0.1428295522928238 1.5212076902389526 4.288450241088867 
v -0.14540302753448486 1.5212076902389526 4.288450241088867 
v -0.1428295522928238 1.5212076902389526 4.288450241088867 
v -0.14540302753448486 1.5212076902389526 4.288450241088867 
v -0.1428295522928238 1.5165512561798096 4.29495096206665 
v -0.14540302753448486 1.5165513753890991 4.29495096206665 
v -0.14282956719398499 1.5132981538772583 4.302211284637451 
v -0.14540302753448486 1.5132981538772583 4.302211284637451 
v -0.14282956719398499 1.5116397142410278 4.310040473937988 
v -0.14540302753448486 1.5116397142410278 4.310040473937988 
v -0.14282956719398499 1.5116397142410278 4.318059921264648 
v -0.14540302753448486 1.5116397142410278 4.318059921264648 
v -0.14282956719398499 1.5132981538772583 4.3258891105651855 
v -0.14540302753448486 1.5132981538772583 4.3258891105651855 
v -0.14282956719398499 1.5165512561798096 4.333148956298828 
v -0.14540302753448486 1.5165512561798096 4.333148956298828 
v -0.14282956719398499 1.5212076902389526 4.339649677276611 
v -0.14540302753448486 1.5212076902389526 4.339649677276611 
vn -4.892366405329085e-7 -0.9961841106414795 0.08727650344371796 
vn -0.09126318991184235 -0.9935539364814758 -0.06724300980567932 
vn -4.642916451302881e-7 -0.9975572824478149 -0.06985348463058472 
vn -3.9495412806900276e-7 -0.9424833059310913 -0.3342531621456146 
vn -0.07911111414432526 -0.994954526424408 0.06170074641704559 
vn -0.007551297079771757 -0.9522644281387329 0.305181086063385 
vn -0.26057174801826477 -0.9380209445953369 0.22851470112800598 
vn -4.623007328063977e-7 -0.7395282983779907 0.6731255054473877 
vn -0.10530050843954086 -0.739528238773346 0.6648381948471069 
vn -0.5029639601707458 -0.7365797758102417 0.45219185948371887 
vn -0.7214023470878601 -0.6875349879264832 0.0829111859202385 
vn -0.7651380896568298 -0.6385003328323364 -0.08295189589262009 
vn -0.38119417428970337 -0.9202863574028015 -0.08811353147029877 
vn -0.7945339679718018 -0.42909693717956543 -0.4296412467956543 
vn -0.4198819696903229 -0.8522401452064514 -0.3120671212673187 
vn -0.42090943455696106 -0.6418570876121521 -0.640979528427124 
vn -0.0859018936753273 -0.9395263195037842 -0.33152836561203003 
vn 0.003775425720959902 -0.7063338160514832 -0.7078688144683838 
vn -0.08670675754547119 -0.703234076499939 -0.7056513428688049 
vn -0.003717259271070361 0.9975572824478149 -0.06975418329238892 
vn -0.08456576615571976 0.9940398931503296 -0.06879961490631104 
vn 4.6429161670857866e-7 0.9975572824478149 0.06985348463058472 
vn -0.08456578850746155 0.9940398931503296 0.06879988312721252 
vn -0.003763168817386031 0.9424834251403809 -0.3342316746711731 
vn -0.08195944875478745 0.9395264983177185 -0.33252444863319397 
vn 4.521343726082705e-7 0.7063340544700623 -0.7078786492347717 
vn -0.08281434327363968 0.7032343149185181 -0.7061184048652649 
vn -0.41694745421409607 0.8522406220436096 -0.3159758150577545 
vn -0.4171675145626068 0.6418576836585999 -0.6434205770492554 
vn -0.7957112193107605 0.42909783124923706 -0.4274560809135437 
vn -0.781520664691925 0.6181073188781738 -0.0846686139702797 
vn -0.39729514718055725 0.9133085012435913 -0.08957721292972565 
vn -0.7608340382575989 0.6452021598815918 0.06961126625537872 
vn -0.37279343605041504 0.9253360629081726 0.06912519037723541 
vn -0.3612416982650757 0.8545182347297668 0.37323322892189026 
vn -0.6982624530792236 0.618107259273529 0.36107200384140015 
vn -0.5037946701049805 0.4526274800300598 0.735744059085846 
vn -0.10526737570762634 0.6650073528289795 0.7393808364868164 
vn -0.10387968271970749 0.9286137819290161 0.3562098443508148 
vn 1.9947600549130584e-7 0.671508252620697 0.7409970760345459 
vn 3.949540712255839e-7 0.9424833059310913 0.3342531621456146 
vn -4.623007328063977e-7 -0.7395282983779907 0.6731255054473877 
vn -3.1379670417663874e-7 -0.336311399936676 0.9417508244514465 
vn -0.10530050843954086 -0.739528238773346 0.6648381948471069 
vn -0.10553351044654846 -0.35680386424064636 0.9281991720199585 
vn -0.36028003692626953 -0.37307557463645935 0.8549929261207581 
vn -0.5029639601707458 -0.7365797758102417 0.45219185948371887 
vn -0.6957539916038513 -0.36088189482688904 0.6210399866104126 
vn -0.7278143763542175 -0.06767356395721436 0.6824268698692322 
vn -0.35449835658073425 -0.07203249633312225 0.9322779774665833 
vn -0.09048088639974594 -0.072032630443573 0.9932897686958313 
vn -1.968456189160861e-7 -0.07203267514705658 0.9974023103713989 
vn -1.2175119934454415e-7 0.08509993553161621 0.996372401714325 
vn -0.07538648694753647 0.06331369280815125 0.9951423406600952 
vn -0.2608336806297302 0.22738651931285858 0.938222348690033 
vn -0.7061305046081543 0.08074598014354706 0.7034626603126526 
vn -0.5037946701049805 0.4526274800300598 0.735744059085846 
vn -0.10526737570762634 0.6650073528289795 0.7393808364868164 
vn -0.007549233268946409 0.3073541522026062 0.9515652656555176 
vn 1.9947600549130584e-7 0.671508252620697 0.7409970760345459 
vn 0.502963125705719 -0.7365802526473999 0.4521920084953308 
vn 0.7027869820594788 -0.7063342928886414 0.08474870026111603 
vn 0.8923608660697937 -0.34452855587005615 0.29153403639793396 
vn 0.942595899105072 -0.3239385485649109 0.08109758794307709 
vn 0.7291496992111206 -0.6811638474464417 -0.06600388139486313 
vn 0.9520866870880127 -0.29902735352516174 -0.06413716077804565 
vn 0.995810329914093 -0.063314288854599 0.06597794592380524 
vn 0.9960526823997498 -0.06331426650285721 -0.06221252679824829 
vn 0.9956428408622742 0.06767334789037704 -0.06415389478206635 
vn 0.9965474009513855 0.058952104300260544 0.058462485671043396 
vn 0.9576161503791809 -0.06331430375576019 0.2810029089450836 
vn 0.9578047394752502 0.2060588002204895 0.2003743201494217 
vn 0.7629379034042358 -0.06767427176237106 0.6429198980331421 
vn 0.7816784977912903 0.08509961515665054 0.6178485155105591 
vn 0.7957116365432739 0.42909693717956543 0.42745622992515564 
vn 0.7819184064865112 0.6181066036224365 0.08091941475868225 
vn 0.9573068618774414 0.28230375051498413 -0.062193743884563446 
vn 0.6957533955574036 -0.36088255047798157 0.6210402250289917 
vn 0.7611687183380127 0.6452014446258545 -0.0658579170703888 
vn 0.6965231895446777 0.6181066632270813 -0.36441677808761597 
vn 0.8918538093566895 0.28649279475212097 -0.35002657771110535 
vn 0.5069015026092529 0.4526272416114807 -0.7336071133613586 
vn 0.9420955777168274 0.08509968221187592 -0.32436710596084595 
vn 0.6876586675643921 0.08509986847639084 -0.72102952003479 
vn 0.9420954585075378 -0.08510048687458038 -0.32436713576316833 
vn 0.6876585483551025 -0.08510030061006546 -0.72102952003479 
vn 0.8937457203865051 -0.28649353981018066 -0.34516680240631104 
vn 0.6988652348518372 -0.618107259273529 -0.3599039316177368 
vn 0.5043898224830627 -0.4526274800300598 -0.7353361248970032 
vn -1.994761618107077e-7 -0.671508252620697 -0.7409970760345459 
vn 8.476805923862685e-9 -0.3073541522026062 -0.9515951871871948 
vn 0.10917473584413528 -0.6650073528289795 -0.7388139963150024 
vn 0.2538628578186035 -0.22738651931285858 -0.9401324391365051 
vn 0.5043898224830627 -0.4526274800300598 -0.7353361248970032 
vn 0.6876585483551025 -0.08510030061006546 -0.72102952003479 
vn 0.249913290143013 0.22738656401634216 -0.9411900639533997 
vn 0.6876586675643921 0.08509986847639084 -0.72102952003479 
vn 0.5069015026092529 0.4526272416114807 -0.7336071133613586 
vn 0.10526800900697708 0.665007472038269 -0.7393806576728821 
vn 3.0159259267747984e-7 0.3073544502258301 -0.9515950679779053 
vn 0.003773375414311886 0.6715084910392761 -0.740987241268158 
vn 0.003775982651859522 -0.08509993553161621 -0.9963652491569519 
vn 0.10169194638729095 -0.06331370025873184 -0.9927991628646851 
vn 0.0037760636769235134 0.08510023355484009 -0.9963652491569519 
vn 0.10169200599193573 0.06331390887498856 -0.9927991628646851 
vn 0.7291496992111206 -0.6811638474464417 -0.06600388139486313 
vn 0.35585254430770874 -0.9318209886550903 -0.07126480340957642 
vn 0.6988652348518372 -0.618107259273529 -0.3599039316177368 
vn 0.361905574798584 -0.8545182347297668 -0.3725895285606384 
vn 0.09126226603984833 -0.9935540556907654 -0.06724298000335693 
vn 0.26057079434394836 -0.9380212426185608 0.22851477563381195 
vn 0.7027869820594788 -0.7063342928886414 0.08474870026111603 
vn 0.502963125705719 -0.7365802526473999 0.4521920084953308 
vn 0.10529958456754684 -0.7395283579826355 0.6648381948471069 
vn -4.623007328063977e-7 -0.7395282983779907 0.6731255054473877 
vn -5.038105541643745e-7 -0.9522644281387329 0.30527448654174805 
vn 0.07911014556884766 -0.9949545860290527 0.06170077249407768 
vn -4.892366405329085e-7 -0.9961841106414795 0.08727650344371796 
vn -4.642916451302881e-7 -0.9975572824478149 -0.06985348463058472 
vn -3.9495412806900276e-7 -0.9424833059310913 -0.3342531621456146 
vn 0.10453584790229797 -0.9286137819290161 -0.3560178577899933 
vn -1.994761618107077e-7 -0.671508252620697 -0.7409970760345459 
vn 0.10917473584413528 -0.6650073528289795 -0.7388139963150024 
vn 0.5043898224830627 -0.4526274800300598 -0.7353361248970032 
vn 0.7957116365432739 0.42909693717956543 0.42745622992515564 
vn 0.41694825887680054 0.8522401452064514 0.315976083278656 
vn 0.7819184064865112 0.6181066036224365 0.08091941475868225 
vn 0.3972960114479065 0.9133081436157227 0.08957748860120773 
vn 0.7611687183380127 0.6452014446258545 -0.0658579170703888 
vn 0.3720909655094147 0.925335705280304 -0.07281597703695297 
vn 0.08456671237945557 0.99403977394104 0.06879991292953491 
vn 0.08196034282445908 0.939526379108429 0.33252471685409546 
vn 3.949540712255839e-7 0.9424833059310913 0.3342531621456146 
vn 2.2147777656300605e-7 0.7063338160514832 0.7078788876533508 
vn 0.0828150138258934 0.703234076499939 0.706118643283844 
vn 0.4203264117240906 0.6418570876121521 0.6413620114326477 
vn 4.6429161670857866e-7 0.9975572824478149 0.06985348463058472 
vn 0.08456673473119736 0.99403977394104 -0.06879958510398865 
vn 0.003718233434483409 0.9975572824478149 -0.06975418329238892 
vn 0.003764176508411765 0.9424834251403809 -0.3342316746711731 
vn 0.10388056933879852 0.9286137819290161 -0.35620957612991333 
vn 0.003773375414311886 0.6715084910392761 -0.740987241268158 
vn 0.10526800900697708 0.665007472038269 -0.7393806576728821 
vn 0.3585250675678253 0.8545179963111877 -0.3758441209793091 
vn 0.5069015026092529 0.4526272416114807 -0.7336071133613586 
vn 0.6965231895446777 0.6181066632270813 -0.36441677808761597 
vn -0.7278143763542175 -0.06767356395721436 0.6824268698692322 
vn -0.9532576203346252 -0.06331339478492737 0.29545095562934875 
vn -0.7061305046081543 0.08074598014354706 0.7034626603126526 
vn -0.9433178901672363 0.08510048687458038 0.32079464197158813 
vn -0.9956428408622742 -0.06767334789037704 0.06415389478206635 
vn -0.8923613429069519 -0.3445276916027069 0.2915337383747101 
vn -0.9479742050170898 -0.3073538541793823 0.08293677866458893 
vn -0.5029639601707458 -0.7365797758102417 0.45219185948371887 
vn -0.7214023470878601 -0.6875349879264832 0.0829111859202385 
vn -0.9594427943229675 -0.2017812281847 -0.19685986638069153 
vn -0.7651380896568298 -0.6385003328323364 -0.08295189589262009 
vn -0.7945339679718018 -0.42909693717956543 -0.4296412467956543 
vn -0.793244481086731 -0.08509961515665054 -0.6029272079467773 
vn -0.9594426155090332 0.2017822116613388 -0.19685979187488556 
vn -0.7932444214820862 0.08510055392980576 -0.6029272079467773 
vn -0.7957112193107605 0.42909783124923706 -0.4274560809135437 
vn -0.781520664691925 0.6181073188781738 -0.0846686139702797 
vn -0.9570547342300415 0.28230464458465576 0.06595737487077713 
vn -0.7608340382575989 0.6452021598815918 0.06961126625537872 
vn -0.6982624530792236 0.618107259273529 0.36107200384140015 
vn -0.8918535709381104 0.2864935100078583 0.3500266671180725 
vn -0.5037946701049805 0.4526274800300598 0.735744059085846 
vn -0.6957539916038513 -0.36088189482688904 0.6210399866104126 
vn -0.9956427812576294 0.06767427176237106 0.06415391713380814 
vn -0.9952642917633057 0.05895307660102844 -0.07728812098503113 
vn -0.9952643513679504 -0.058952100574970245 -0.07728813588619232 
vn -0.999997615814209 0.002185171004384756 -1.6259035362509167e-7 
vn -0.999997615814209 0.002185171004384756 -1.6259035362509167e-7 
vn -0.999997615814209 0.002185171004384756 -1.6259035362509167e-7 
vn -0.999997615814209 0.002185171004384756 -1.6259035362509167e-7 
vn -0.999997615814209 0.002185171004384756 -1.6259035362509167e-7 
vn -0.999997615814209 0.002185171004384756 -1.6259035362509167e-7 
vn -0.999997615814209 0.002185171004384756 -1.6259035362509167e-7 
vn -0.999997615814209 0.002185171004384756 -1.6259035362509167e-7 
vn -0.999997615814209 0.002185171004384756 -1.6259035362509167e-7 
vn -0.999997615814209 0.002185171004384756 -1.6259035362509167e-7 
vn -0.999997615814209 0.002185171004384756 -1.6259035362509167e-7 
vn -0.999997615814209 0.002185171004384756 -1.6259035362509167e-7 
vn -0.999997615814209 0.002185171004384756 -1.6259035362509167e-7 
vn -0.999997615814209 0.002185171004384756 -1.6259035362509167e-7 
vn -0.999997615814209 0.002185171004384756 -1.6259035362509167e-7 
vn -0.999997615814209 0.002185171004384756 -1.6259035362509167e-7 
vn -0.999997615814209 0.002185171004384756 -1.6259035362509167e-7 
vn -0.999997615814209 0.002185171004384756 -1.6259035362509167e-7 
vn 0.7629379034042358 -0.06767427176237106 0.6429198980331421 
vn 0.6957533955574036 -0.36088255047798157 0.6210402250289917 
vn 0.37557709217071533 -0.07203284651041031 0.923987627029419 
vn 0.360279381275177 -0.3730759024620056 0.8549930453300476 
vn 0.08295866847038269 -0.07203271239995956 0.9939462542533875 
vn 0.39635220170021057 0.08945247530937195 0.9137303233146667 
vn 0.7816784977912903 0.08509961515665054 0.6178485155105591 
vn 0.7957116365432739 0.42909693717956543 0.42745622992515564 
vn 0.4156920909881592 0.3115089237689972 0.8544953465461731 
vn 0.4203264117240906 0.6418570876121521 0.6413620114326477 
vn 0.08291438966989517 0.33631107211112976 0.9380938410758972 
vn 0.0828150138258934 0.703234076499939 0.706118643283844 
vn 6.934576024519856e-9 0.33631110191345215 0.9417509436607361 
vn 2.2147777656300605e-7 0.7063338160514832 0.7078788876533508 
vn -1.2815007721656002e-7 0.0720323771238327 0.9974023103713989 
vn 0.08295873552560806 0.07203233987092972 0.9939462542533875 
vn -1.968456189160861e-7 -0.07203267514705658 0.9974023103713989 
vn 0.10553286969661713 -0.3568039536476135 0.9281991720199585 
vn -3.1379670417663874e-7 -0.336311399936676 0.9417508244514465 
vn 0.10529958456754684 -0.7395283579826355 0.6648381948471069 
vn 0.502963125705719 -0.7365802526473999 0.4521920084953308 
vn -4.623007328063977e-7 -0.7395282983779907 0.6731255054473877 
vn 0.003775425720959902 -0.7063338160514832 -0.7078688144683838 
vn -6.93477097968298e-9 -0.33631110191345215 -0.9417509436607361 
vn -0.08670675754547119 -0.703234076499939 -0.7056513428688049 
vn -0.08291438966989517 -0.33631107211112976 -0.9380938410758972 
vn -0.4190825819969177 -0.3115089237689972 -0.8528376221656799 
vn -0.3998120427131653 -0.08945247530937195 -0.9122217893600464 
vn -0.793244481086731 -0.08509961515665054 -0.6029272079467773 
vn -0.7945339679718018 -0.42909693717956543 -0.4296412467956543 
vn -0.42090943455696106 -0.6418570876121521 -0.640979528427124 
vn 1.28149878264594e-7 -0.0720323771238327 -0.9974023103713989 
vn -0.08295873552560806 -0.07203233987092972 -0.9939462542533875 
vn -0.08295866847038269 0.07203271239995956 -0.9939462542533875 
vn -0.3998119831085205 0.08945313096046448 -0.9122217893600464 
vn -0.7932444214820862 0.08510055392980576 -0.6029272079467773 
vn 1.9684541996412008e-7 0.07203267514705658 -0.9974023103713989 
vn -0.0829140692949295 0.3363114297389984 -0.9380937218666077 
vn -0.41908228397369385 0.3115095794200897 -0.8528375029563904 
vn -0.4171675145626068 0.6418576836585999 -0.6434205770492554 
vn -0.7957112193107605 0.42909783124923706 -0.4274560809135437 
vn -0.08281434327363968 0.7032343149185181 -0.7061184048652649 
vn 3.1379650522467273e-7 0.336311399936676 -0.9417508244514465 
vn 4.521343726082705e-7 0.7063340544700623 -0.7078786492347717 
vn 0.7839703559875488 -0.16312046349048615 0.5989843010902405 
vn 0.8476718068122864 -0.38116955757141113 0.36900168657302856 
vn 0.8471753597259521 -0.3649541139602661 0.38613784313201904 
vn 0.8427682518959045 -0.5025209784507751 0.19291003048419952 
vn 0.8395756483078003 -0.5175539255142212 0.16507740318775177 
vn 0.8134047985076904 -0.5796258449554443 0.04905649647116661 
vn 0.8067175149917603 -0.5902573466300964 0.02833932265639305 
vn 0.8134047985076904 -0.5796257853507996 -0.04905640706419945 
vn 0.8065760135650635 -0.5902572870254517 -0.03211593255400658 
vn 0.8436031937599182 -0.5025209188461304 -0.1892256885766983 
vn 0.8395757079124451 -0.5175538659095764 -0.16507728397846222 
vn 0.8491723537445068 -0.38116946816444397 -0.3655354380607605 
vn 0.8456032276153564 -0.36495399475097656 -0.38956865668296814 
vn 0.8095883131027222 -0.2231297343969345 -0.542936384677887 
vn 0.7862568497657776 -0.16312028467655182 -0.5959797501564026 
vn 0.8116852045059204 -0.22312989830970764 0.5397964119911194 
vn 0.7862570285797119 0.16311971843242645 -0.5959796905517578 
vn 0.8471153378486633 0.38116875290870667 -0.3702782094478607 
vn 0.8456035852432251 0.36495327949523926 -0.389568567276001 
vn 0.8424068093299866 0.5025202035903931 -0.1944846659898758 
vn 0.8399823307991028 0.5175531506538391 -0.16299837827682495 
vn 0.8130502104759216 0.5796250700950623 -0.05462806299328804 
vn 0.80665123462677 0.5902565717697144 -0.030182529240846634 
vn 0.8132941722869873 0.5796250104904175 0.05086611956357956 
vn 0.80665123462677 0.5902565121650696 0.030182968825101852 
vn 0.842406690120697 0.5025201439857483 0.19448508322238922 
vn 0.8392559289932251 0.5175530910491943 0.16669829189777374 
vn 0.8471152186393738 0.3811686635017395 0.37027862668037415 
vn 0.8471757173538208 0.3649531602859497 0.3861379325389862 
vn 0.8110307455062866 0.22312897443771362 0.5407796502113342 
vn 0.7839705348014832 0.16311953961849213 0.5989843606948853 
vn 0.811030924320221 0.22312913835048676 -0.5407792925834656 
vn 0.7839703559875488 -0.16312046349048615 0.5989843010902405 
vn 0.7121391296386719 -0.02839767374098301 0.7014637589454651 
vn 0.8116852045059204 -0.22312989830970764 0.5397964119911194 
vn 0.7380624413490295 -0.06767426431179047 0.6713300943374634 
vn 0.7121391296386719 0.028396783396601677 0.7014637589454651 
vn 0.7380625009536743 0.06767335534095764 0.6713300943374634 
vn 0.7839705348014832 0.16311953961849213 0.5989843606948853 
vn 0.8110307455062866 0.22312897443771362 0.5407796502113342 
vn -0.7862568497657776 -0.16311953961849213 -0.5959800481796265 
vn -0.8095883131027222 -0.22312897443771362 -0.5429366827011108 
vn -0.7121391296386719 -0.028396783396601677 -0.7014637589454651 
vn -0.7380625009536743 -0.06767335534095764 -0.6713300943374634 
vn -0.7121391296386719 0.02839767374098301 -0.7014637589454651 
vn -0.7380624413490295 0.06767426431179047 -0.6713300943374634 
vn -0.7862566709518433 0.16312046349048615 -0.5959799885749817 
vn -0.8110305666923523 0.22312989830970764 -0.5407795906066895 
vn -0.806718111038208 -0.5902565717697144 0.02833906002342701 
vn -0.839576244354248 -0.5175531506538391 0.16507713496685028 
vn -0.8427688479423523 -0.5025202035903931 0.19290976226329803 
vn -0.8476722836494446 -0.38116875290870667 0.3690013885498047 
vn -0.8134053945541382 -0.5796250700950623 0.04905623197555542 
vn -0.8065766096115112 -0.5902565121650696 -0.03211619332432747 
vn -0.8134053945541382 -0.5796250104904175 -0.04905667155981064 
vn -0.8395761847496033 -0.5175530910491943 -0.1650775521993637 
vn -0.8436036705970764 -0.5025201439857483 -0.1892259567975998 
vn -0.8456034660339355 -0.3649531602859497 -0.38956892490386963 
vn -0.8491725921630859 -0.3811686635017395 -0.3655357360839844 
vn -0.7862568497657776 -0.16311953961849213 -0.5959800481796265 
vn -0.8095883131027222 -0.22312897443771362 -0.5429366827011108 
vn -0.8471758365631104 -0.36495327949523926 0.38613757491111755 
vn -0.8116855621337891 -0.22312912344932556 0.5397961139678955 
vn -0.7839707136154175 -0.16311971843242645 0.5989840030670166 
vn -0.8066506385803223 0.5902573466300964 -0.030182791873812675 
vn -0.839981734752655 0.5175539255142212 -0.16299864649772644 
vn -0.8424062132835388 0.5025209784507751 -0.19448493421077728 
vn -0.8471148610115051 0.38116955757141113 -0.3702785074710846 
vn -0.8130496144294739 0.5796258449554443 -0.05462832748889923 
vn -0.8066506385803223 0.5902572870254517 0.03018270619213581 
vn -0.8132936954498291 0.5796257853507996 0.05086585506796837 
vn -0.8392554521560669 0.5175538659095764 0.16669802367687225 
vn -0.8424063324928284 0.5025209188461304 0.19448481500148773 
vn -0.8471754789352417 0.36495399475097656 0.3861376643180847 
vn -0.8471149802207947 0.38116946816444397 0.37027832865715027 
vn -0.7839705348014832 0.16312028467655182 0.5989840626716614 
vn -0.8110307455062866 0.2231297343969345 0.5407793521881104 
vn -0.8456031084060669 0.3649541139602661 -0.38956883549690247 
vn -0.8110305666923523 0.22312989830970764 -0.5407795906066895 
vn -0.7862566709518433 0.16312046349048615 -0.5959799885749817 
vn 0.8095883131027222 -0.2231297343969345 -0.542936384677887 
vn 0.7862568497657776 -0.16312028467655182 -0.5959797501564026 
vn 0.7380626201629639 -0.06767406314611435 -0.6713298559188843 
vn 0.712139368057251 -0.028397461399435997 -0.701463520526886 
vn 0.7380626797676086 0.06767355650663376 -0.6713298559188843 
vn 0.712139368057251 0.02839699573814869 -0.701463520526886 
vn 0.811030924320221 0.22312913835048676 -0.5407792925834656 
vn 0.7862570285797119 0.16311971843242645 -0.5959796905517578 
vn -0.8116855621337891 -0.22312912344932556 0.5397961139678955 
vn -0.7839707136154175 -0.16311971843242645 0.5989840030670166 
vn -0.7380626797676086 -0.06767355650663376 0.6713298559188843 
vn -0.712139368057251 -0.02839699573814869 0.701463520526886 
vn -0.7380626201629639 0.06767406314611435 0.6713298559188843 
vn -0.712139368057251 0.028397461399435997 0.701463520526886 
vn -0.8110307455062866 0.2231297343969345 0.5407793521881104 
vn -0.7839705348014832 0.16312028467655182 0.5989840626716614 
vn -0.7434799671173096 0.002184947719797492 0.6687546372413635 
vn -0.40351375937461853 0.0021847484167665243 0.9149709939956665 
vn -0.7434799671173096 0.002184947719797492 0.6687546372413635 
vn -0.40351375937461853 0.0021847484167665243 0.9149709939956665 
vn -1.6187894402719394e-7 0.0021845430601388216 0.999997615814209 
vn -1.6187894402719394e-7 0.0021845430601388216 0.999997615814209 
vn 0.40351346135139465 -0.0021850247867405415 0.914971113204956 
vn 0.40351346135139465 -0.0021850247867405415 0.914971113204956 
vn 0.7434797286987305 -0.00218514958396554 0.6687548756599426 
vn 0.7434797286987305 -0.00218514958396554 0.6687548756599426 
vn -0.7434799671173096 0.002184947719797492 0.6687546372413635 
vn -0.7434799671173096 0.002184947719797492 0.6687546372413635 
vn -0.9501165151596069 0.0021851002238690853 0.31188759207725525 
vn -0.9501165151596069 0.0021851002238690853 0.31188759207725525 
vn -0.9944137930870056 -0.0021842040587216616 -0.10552972555160522 
vn -0.9944137930870056 -0.0021842040587216616 -0.10552972555160522 
vn -0.8672791719436646 -0.0021842054557055235 -0.49781733751296997 
vn -0.8672791719436646 -0.0021842054557055235 -0.49781733751296997 
vn -0.5865611433982849 -0.0021842920687049627 -0.809902012348175 
vn -0.5865611433982849 -0.0021842920687049627 -0.809902012348175 
vn -0.5865611433982849 -0.0021842920687049627 -0.809902012348175 
vn -0.5865611433982849 -0.0021842920687049627 -0.809902012348175 
vn -0.20988044142723083 -0.0021844464354217052 -0.9777246713638306 
vn -0.20988044142723083 -0.0021844464354217052 -0.9777246713638306 
vn 0.2098807692527771 -0.0021846466697752476 -0.977724552154541 
vn 0.2098807692527771 -0.0021846466697752476 -0.977724552154541 
vn 0.586561381816864 -0.002184851560741663 -0.809901773929596 
vn 0.586561381816864 -0.002184851560741663 -0.809901773929596 
vn 0.586561381816864 -0.002184851560741663 -0.809901773929596 
vn 0.586561381816864 -0.002184851560741663 -0.809901773929596 
vn 0.8672792911529541 -0.002185032470151782 -0.4978170394897461 
vn 0.8672792911529541 -0.002185032470151782 -0.4978170394897461 
vn 0.9944137930870056 0.002184235956519842 -0.10552939772605896 
vn 0.9944137930870056 0.002184235956519842 -0.10552939772605896 
vn 0.9501163959503174 -0.0021851942874491215 0.3118878901004791 
vn 0.9501163959503174 -0.0021851942874491215 0.3118878901004791 
vn 0.7434797286987305 -0.00218514958396554 0.6687548756599426 
vn 0.7434797286987305 -0.00218514958396554 0.6687548756599426 
vn 4.768369876728684e-7 1 1.5099607253432623e-7 
vn 4.768369876728684e-7 1 1.5099607253432623e-7 
vn 4.768369876728684e-7 1 1.5099607253432623e-7 
vn 4.768369876728684e-7 1 1.5099607253432623e-7 
vn 4.768369876728684e-7 1 1.5099607253432623e-7 
vn 4.768369876728684e-7 1 1.5099607253432623e-7 
vn 4.768369876728684e-7 1 1.5099607253432623e-7 
vn 4.768369876728684e-7 1 1.5099607253432623e-7 
vn 4.768369876728684e-7 1 1.5099607253432623e-7 
vn 4.768369876728684e-7 1 1.5099607253432623e-7 
vn 4.768369876728684e-7 1 1.5099607253432623e-7 
vn 4.768369876728684e-7 1 1.5099607253432623e-7 
vn 4.768369876728684e-7 1 1.5099607253432623e-7 
vn 4.768369876728684e-7 1 1.5099607253432623e-7 
vn 4.768369876728684e-7 1 1.5099607253432623e-7 
vn 4.768369876728684e-7 1 1.5099607253432623e-7 
vn 4.768369876728684e-7 1 1.5099607253432623e-7 
vn 4.768369876728684e-7 1 1.5099607253432623e-7 
vn 4.768369876728684e-7 1 1.5099607253432623e-7 
vn 4.768369876728684e-7 1 1.5099607253432623e-7 
vn 4.768369876728684e-7 1 1.5099607253432623e-7 
vn 4.768369876728684e-7 1 1.5099607253432623e-7 
vn 4.768369876728684e-7 1 1.5099607253432623e-7 
vn 4.768369876728684e-7 1 1.5099607253432623e-7 
vn 4.768369876728684e-7 1 1.5099607253432623e-7 
vn 4.768369876728684e-7 1 1.5099607253432623e-7 
vn 4.768369876728684e-7 1 1.5099607253432623e-7 
vn 4.768369876728684e-7 1 1.5099607253432623e-7 
vn 4.768369876728684e-7 1 1.5099607253432623e-7 
vn 4.768369876728684e-7 1 1.5099607253432623e-7 
vn 4.768369876728684e-7 1 1.5099607253432623e-7 
vn 4.768369876728684e-7 1 1.5099607253432623e-7 
vn 4.768369876728684e-7 1 1.5099607253432623e-7 
vn 4.768369876728684e-7 1 1.5099607253432623e-7 
vn 4.768369876728684e-7 1 1.5099607253432623e-7 
vn 4.768369876728684e-7 1 1.5099607253432623e-7 
vn 4.768369876728684e-7 1 1.5099607253432623e-7 
vn 4.768369876728684e-7 1 1.5099607253432623e-7 
vn 4.768369876728684e-7 1 1.5099607253432623e-7 
vn 4.768369876728684e-7 1 1.5099607253432623e-7 
vn 4.768369876728684e-7 1 1.5099607253432623e-7 
vn 4.768369876728684e-7 1 1.5099607253432623e-7 
vn 4.768369876728684e-7 1 1.5099607253432623e-7 
vn 4.768369876728684e-7 1 1.5099607253432623e-7 
vn 4.768369876728684e-7 1 1.5099607253432623e-7 
vn 4.768369876728684e-7 1 1.5099607253432623e-7 
vn 4.768369876728684e-7 1 1.5099607253432623e-7 
vn 4.768369876728684e-7 1 1.5099607253432623e-7 
vn 4.768369876728684e-7 1 1.5099607253432623e-7 
vn 4.768369876728684e-7 1 1.5099607253432623e-7 
vn 4.768369876728684e-7 1 1.5099607253432623e-7 
vn 4.768369876728684e-7 1 1.5099607253432623e-7 
vn 4.768369876728684e-7 1 1.5099607253432623e-7 
vn 4.768369876728684e-7 1 1.5099607253432623e-7 
vn 4.768369876728684e-7 1 1.5099607253432623e-7 
vn 4.768369876728684e-7 1 1.5099607253432623e-7 
vn 4.768369876728684e-7 1 1.5099607253432623e-7 
vn 4.768369876728684e-7 1 1.5099607253432623e-7 
vn 4.768369876728684e-7 1 1.5099607253432623e-7 
vn 4.768369876728684e-7 1 1.5099607253432623e-7 
vn 4.768369876728684e-7 1 1.5099607253432623e-7 
vn 0.7434799671173096 0.002184440614655614 -0.6687546372413635 
vn 0.7434799671173096 0.002184440614655614 -0.6687546372413635 
vn 0.40351375937461853 0.0021846399176865816 -0.9149709939956665 
vn 0.40351375937461853 0.0021846399176865816 -0.9149709939956665 
vn 1.639622126958784e-7 0.0021848452743142843 -0.999997615814209 
vn 1.618787308643732e-7 -0.0021845430601388216 -0.999997615814209 
vn -0.40351346135139465 -0.0021843635477125645 -0.914971113204956 
vn -0.40351346135139465 -0.0021843635477125645 -0.914971113204956 
vn -0.7434797286987305 -0.002184238750487566 -0.6687548756599426 
vn -0.7434797286987305 -0.002184238750487566 -0.6687548756599426 
vn -0.7434797286987305 -0.002184238750487566 -0.6687548756599426 
vn -0.7434797286987305 -0.002184238750487566 -0.6687548756599426 
vn -0.9501163959503174 -0.0021841940470039845 -0.3118878901004791 
vn -0.9501163959503174 -0.0021841940470039845 -0.3118878901004791 
vn -0.9944137930870056 0.0021851523779332638 0.10552939772605896 
vn -0.9944137930870056 0.0021851523779332638 0.10552939772605896 
vn -0.8672792911529541 0.002185032470151782 0.4978170394897461 
vn -0.8672792911529541 0.002185032470151782 0.4978170394897461 
vn -0.586561381816864 0.002184851560741663 0.809901773929596 
vn -0.586561381816864 0.002184851560741663 0.809901773929596 
vn -0.586561381816864 0.002184851560741663 0.809901773929596 
vn -0.586561381816864 0.002184851560741663 0.809901773929596 
vn -0.2098807692527771 0.0021846466697752476 0.977724552154541 
vn -0.2098807692527771 0.0021846466697752476 0.977724552154541 
vn 0.20988044142723083 0.0021844464354217052 0.9777246713638306 
vn 0.20988044142723083 0.0021844464354217052 0.9777246713638306 
vn 0.5865611433982849 0.0021842920687049627 0.809902012348175 
vn 0.5865611433982849 0.0021842920687049627 0.809902012348175 
vn 0.5865611433982849 0.0021842920687049627 0.809902012348175 
vn 0.5865611433982849 0.0021842920687049627 0.809902012348175 
vn 0.8672791719436646 0.0021842054557055235 0.49781733751296997 
vn 0.8672791719436646 0.0021842054557055235 0.49781733751296997 
vn 0.9944137930870056 -0.0021851842757314444 0.10552972555160522 
vn 0.9944137930870056 -0.0021851842757314444 0.10552972555160522 
vn 0.9501165151596069 -0.0021851002238690853 -0.31188759207725525 
vn 0.9501165151596069 -0.0021851002238690853 -0.31188759207725525 
vn 0.7434799671173096 0.002184440614655614 -0.6687546372413635 
vn 0.7434799671173096 0.002184440614655614 -0.6687546372413635 
vn -0.7434799671173096 -0.002184440614655614 0.6687546372413635 
vn -0.7434799671173096 -0.002184440614655614 0.6687546372413635 
vn -0.40351375937461853 0.0021847484167665243 0.9149709939956665 
vn -0.40351375937461853 0.0021847484167665243 0.9149709939956665 
vn -1.6396242585869913e-7 -0.0021848452743142843 0.999997615814209 
vn -1.6396242585869913e-7 -0.0021848452743142843 0.999997615814209 
vn 0.40351346135139465 -0.0021850247867405415 0.914971113204956 
vn 0.40351346135139465 -0.0021850247867405415 0.914971113204956 
vn 0.7434797286987305 -0.00218514958396554 0.6687548756599426 
vn 0.7434797286987305 -0.00218514958396554 0.6687548756599426 
vn -0.7434799671173096 -0.002184440614655614 0.6687546372413635 
vn -0.7434799671173096 -0.002184440614655614 0.6687546372413635 
vn -0.9501165151596069 -0.0021842881105840206 0.31188759207725525 
vn -0.9501165151596069 -0.0021842881105840206 0.31188759207725525 
vn -0.9944137930870056 0.0021851842757314444 -0.10552972555160522 
vn -0.9944137930870056 0.0021851842757314444 -0.10552972555160522 
vn -0.8672791719436646 0.0021851828787475824 -0.49781733751296997 
vn -0.8672791719436646 0.0021851828787475824 -0.49781733751296997 
vn -0.5865611433982849 0.002185096265748143 -0.809902012348175 
vn -0.5865611433982849 0.002185096265748143 -0.809902012348175 
vn -0.5865611433982849 0.002185096265748143 -0.809902012348175 
vn -0.5865611433982849 0.002185096265748143 -0.809902012348175 
vn -0.20988044142723083 -0.0021844464354217052 -0.9777246713638306 
vn -0.20988044142723083 -0.0021844464354217052 -0.9777246713638306 
vn 0.2098807692527771 -0.0021846466697752476 -0.977724552154541 
vn 0.2098807692527771 -0.0021846466697752476 -0.977724552154541 
vn 0.586561381816864 -0.002184851560741663 -0.809901773929596 
vn 0.586561381816864 -0.002184851560741663 -0.809901773929596 
vn 0.586561381816864 -0.002184851560741663 -0.809901773929596 
vn 0.586561381816864 -0.002184851560741663 -0.809901773929596 
vn 0.8672792911529541 -0.002185032470151782 -0.4978170394897461 
vn 0.8672792911529541 -0.002185032470151782 -0.4978170394897461 
vn 0.9944137930870056 -0.0021851523779332638 -0.10552939772605896 
vn 0.9944137930870056 -0.0021851523779332638 -0.10552939772605896 
vn 0.9501163959503174 -0.0021851942874491215 0.3118878901004791 
vn 0.9501163959503174 -0.0021851942874491215 0.3118878901004791 
vn 0.7434797286987305 -0.00218514958396554 0.6687548756599426 
vn 0.7434797286987305 -0.00218514958396554 0.6687548756599426 
vn 4.768369876728684e-7 1 1.5099607253432623e-7 
vn 4.768369876728684e-7 1 1.5099607253432623e-7 
vn 4.768369876728684e-7 1 1.5099607253432623e-7 
vn 4.768369876728684e-7 1 1.5099607253432623e-7 
vn 4.768369876728684e-7 1 1.5099607253432623e-7 
vn 4.768369876728684e-7 1 1.5099607253432623e-7 
vn 4.768369876728684e-7 1 1.5099607253432623e-7 
vn 4.768369876728684e-7 1 1.5099607253432623e-7 
vn 4.768369876728684e-7 1 1.5099607253432623e-7 
vn 4.768369876728684e-7 1 1.5099607253432623e-7 
vn 4.768369876728684e-7 1 1.5099607253432623e-7 
vn 4.768369876728684e-7 1 1.5099607253432623e-7 
vn 4.768369876728684e-7 1 1.5099607253432623e-7 
vn 4.768369876728684e-7 1 1.5099607253432623e-7 
vn 4.768369876728684e-7 1 1.5099607253432623e-7 
vn 4.768369876728684e-7 1 1.5099607253432623e-7 
vn 4.768369876728684e-7 1 1.5099607253432623e-7 
vn 4.768369876728684e-7 1 1.5099607253432623e-7 
vn 4.768369876728684e-7 1 1.5099607253432623e-7 
vn 4.768369876728684e-7 1 1.5099607253432623e-7 
vn 4.768369876728684e-7 1 1.5099607253432623e-7 
vn 4.768369876728684e-7 1 1.5099607253432623e-7 
vn 4.768369876728684e-7 1 1.5099607253432623e-7 
vn 4.768369876728684e-7 1 1.5099607253432623e-7 
vn 4.768369876728684e-7 1 1.5099607253432623e-7 
vn 4.768369876728684e-7 1 1.5099607253432623e-7 
vn 4.768369876728684e-7 1 1.5099607253432623e-7 
vn 4.768369876728684e-7 1 1.5099607253432623e-7 
vn 4.768369876728684e-7 1 1.5099607253432623e-7 
vn 4.768369876728684e-7 1 1.5099607253432623e-7 
vn 4.768369876728684e-7 1 1.5099607253432623e-7 
vn 4.768369876728684e-7 1 1.5099607253432623e-7 
vn 4.768369876728684e-7 1 1.5099607253432623e-7 
vn 4.768369876728684e-7 1 1.5099607253432623e-7 
vn 4.768369876728684e-7 1 1.5099607253432623e-7 
vn 4.768369876728684e-7 1 1.5099607253432623e-7 
vn 4.768369876728684e-7 1 1.5099607253432623e-7 
vn 4.768369876728684e-7 1 1.5099607253432623e-7 
vn 4.768369876728684e-7 1 1.5099607253432623e-7 
vn 4.768369876728684e-7 1 1.5099607253432623e-7 
vn 4.768369876728684e-7 1 1.5099607253432623e-7 
vn 4.768369876728684e-7 1 1.5099607253432623e-7 
vn 4.768369876728684e-7 1 1.5099607253432623e-7 
vn 4.768369876728684e-7 1 1.5099607253432623e-7 
vn 4.768369876728684e-7 1 1.5099607253432623e-7 
vn 4.768369876728684e-7 1 1.5099607253432623e-7 
vn 4.768369876728684e-7 1 1.5099607253432623e-7 
vn 4.768369876728684e-7 1 1.5099607253432623e-7 
vn 4.768369876728684e-7 1 1.5099607253432623e-7 
vn 4.768369876728684e-7 1 1.5099607253432623e-7 
vn 4.768369876728684e-7 1 1.5099607253432623e-7 
vn 4.768369876728684e-7 1 1.5099607253432623e-7 
vn 4.768369876728684e-7 1 1.5099607253432623e-7 
vn 4.768369876728684e-7 1 1.5099607253432623e-7 
vn 4.768369876728684e-7 1 1.5099607253432623e-7 
vn 0.7434799671173096 0.002184440614655614 -0.6687546372413635 
vn 0.7434799671173096 0.002184440614655614 -0.6687546372413635 
vn 0.40351375937461853 0.0021846399176865816 -0.9149709939956665 
vn 0.40351375937461853 0.0021846399176865816 -0.9149709939956665 
vn 1.639622126958784e-7 0.0021848452743142843 -0.999997615814209 
vn 1.639622126958784e-7 0.0021848452743142843 -0.999997615814209 
vn -0.40351346135139465 0.0021850247867405415 -0.914971113204956 
vn -0.40351346135139465 0.0021850247867405415 -0.914971113204956 
vn -0.7434797286987305 0.00218514958396554 -0.6687548756599426 
vn -0.7434797286987305 0.00218514958396554 -0.6687548756599426 
vn -0.7434797286987305 0.00218514958396554 -0.6687548756599426 
vn -0.7434797286987305 0.00218514958396554 -0.6687548756599426 
vn -0.9501163959503174 0.0021851942874491215 -0.3118878901004791 
vn -0.9501163959503174 0.0021851942874491215 -0.3118878901004791 
vn -0.9944137930870056 0.0021851523779332638 0.10552939772605896 
vn -0.9944137930870056 0.0021851523779332638 0.10552939772605896 
vn -0.8672792911529541 0.002185032470151782 0.4978170394897461 
vn -0.8672792911529541 0.002185032470151782 0.4978170394897461 
vn -0.586561381816864 -0.002184536773711443 0.809901773929596 
vn -0.586561381816864 -0.002184536773711443 0.809901773929596 
vn -0.586561381816864 -0.002184536773711443 0.809901773929596 
vn -0.586561381816864 -0.002184536773711443 0.809901773929596 
vn -0.2098807692527771 0.0021846466697752476 0.977724552154541 
vn -0.2098807692527771 0.0021846466697752476 0.977724552154541 
vn 0.20988044142723083 0.0021844464354217052 0.9777246713638306 
vn 0.20988044142723083 0.0021844464354217052 0.9777246713638306 
vn 0.5865611433982849 0.0021842920687049627 0.809902012348175 
vn 0.5865611433982849 0.0021842920687049627 0.809902012348175 
vn 0.5865611433982849 0.0021842920687049627 0.809902012348175 
vn 0.5865611433982849 0.0021842920687049627 0.809902012348175 
vn 0.8672791719436646 -0.0021851828787475824 0.49781733751296997 
vn 0.8672791719436646 -0.0021851828787475824 0.49781733751296997 
vn 0.9944137930870056 -0.0021851842757314444 0.10552972555160522 
vn 0.9944137930870056 -0.0021851842757314444 0.10552972555160522 
vn 0.9501165151596069 -0.0021851002238690853 -0.31188759207725525 
vn 0.9501165151596069 -0.0021851002238690853 -0.31188759207725525 
vn 0.7434799671173096 0.002184440614655614 -0.6687546372413635 
vn 0.7434799671173096 0.002184440614655614 -0.6687546372413635 
vn -0.7434799671173096 0.002184947719797492 0.6687546372413635 
vn -0.7434799671173096 0.002184947719797492 0.6687546372413635 
vn -0.40351375937461853 0.0021847484167665243 0.9149709939956665 
vn -0.40351375937461853 0.0021847484167665243 0.9149709939956665 
vn -1.6187894402719394e-7 0.0021845430601388216 0.999997615814209 
vn -1.6187894402719394e-7 0.0021845430601388216 0.999997615814209 
vn 0.40351346135139465 0.0021843635477125645 0.914971113204956 
vn 0.40351346135139465 0.0021843635477125645 0.914971113204956 
vn 0.7434797286987305 -0.00218514958396554 0.6687548756599426 
vn 0.7434797286987305 -0.00218514958396554 0.6687548756599426 
vn -0.7434799671173096 0.002184947719797492 0.6687546372413635 
vn -0.7434799671173096 0.002184947719797492 0.6687546372413635 
vn -0.9501165151596069 0.0021851002238690853 0.31188759207725525 
vn -0.9501165151596069 0.0021851002238690853 0.31188759207725525 
vn -0.9944137930870056 -0.0021842040587216616 -0.10552972555160522 
vn -0.9944137930870056 -0.0021842040587216616 -0.10552972555160522 
vn -0.8672791719436646 -0.0021842054557055235 -0.49781733751296997 
vn -0.8672791719436646 -0.0021842054557055235 -0.49781733751296997 
vn -0.5865611433982849 -0.0021842920687049627 -0.809902012348175 
vn -0.5865611433982849 -0.0021842920687049627 -0.809902012348175 
vn -0.5865611433982849 -0.0021842920687049627 -0.809902012348175 
vn -0.5865611433982849 -0.0021842920687049627 -0.809902012348175 
vn -0.20988044142723083 0.0021849418990314007 -0.9777246713638306 
vn -0.20988044142723083 0.0021849418990314007 -0.9777246713638306 
vn 0.2098807692527771 -0.0021846466697752476 -0.977724552154541 
vn 0.2098807692527771 -0.0021846466697752476 -0.977724552154541 
vn 0.586561381816864 -0.002184851560741663 -0.809901773929596 
vn 0.586561381816864 -0.002184851560741663 -0.809901773929596 
vn 0.586561381816864 -0.002184851560741663 -0.809901773929596 
vn 0.586561381816864 -0.002184851560741663 -0.809901773929596 
vn 0.8672792911529541 -0.002185032470151782 -0.4978170394897461 
vn 0.8672792911529541 -0.002185032470151782 -0.4978170394897461 
vn 0.9944137930870056 -0.0021851523779332638 -0.10552939772605896 
vn 0.9944137930870056 -0.0021851523779332638 -0.10552939772605896 
vn 0.9501163959503174 -0.0021851942874491215 0.3118878901004791 
vn 0.9501163959503174 -0.0021851942874491215 0.3118878901004791 
vn 0.7434797286987305 -0.00218514958396554 0.6687548756599426 
vn 0.7434797286987305 -0.00218514958396554 0.6687548756599426 
vn 4.768369876728684e-7 1 1.5099607253432623e-7 
vn 4.768369876728684e-7 1 1.5099607253432623e-7 
vn 4.768369876728684e-7 1 1.5099607253432623e-7 
vn 4.768369876728684e-7 1 1.5099607253432623e-7 
vn 4.768369876728684e-7 1 1.5099607253432623e-7 
vn 4.768369876728684e-7 1 1.5099607253432623e-7 
vn 4.768369876728684e-7 1 1.5099607253432623e-7 
vn 4.768369876728684e-7 1 1.5099607253432623e-7 
vn 4.768369876728684e-7 1 1.5099607253432623e-7 
vn 4.768369876728684e-7 1 1.5099607253432623e-7 
vn 4.768369876728684e-7 1 1.5099607253432623e-7 
vn 4.768369876728684e-7 1 1.5099607253432623e-7 
vn 4.768369876728684e-7 1 1.5099607253432623e-7 
vn 4.768369876728684e-7 1 1.5099607253432623e-7 
vn 4.768369876728684e-7 1 1.5099607253432623e-7 
vn 4.768369876728684e-7 1 1.5099607253432623e-7 
vn 4.768369876728684e-7 1 1.5099607253432623e-7 
vn 4.768369876728684e-7 1 1.5099607253432623e-7 
vn 4.768369876728684e-7 1 1.5099607253432623e-7 
vn 4.768369876728684e-7 1 1.5099607253432623e-7 
vn 4.768369876728684e-7 1 1.5099607253432623e-7 
vn 4.768369876728684e-7 1 1.5099607253432623e-7 
vn 4.768369876728684e-7 1 1.5099607253432623e-7 
vn 4.768369876728684e-7 1 1.5099607253432623e-7 
vn 4.768369876728684e-7 1 1.5099607253432623e-7 
vn 4.768369876728684e-7 1 1.5099607253432623e-7 
vn 4.768369876728684e-7 1 1.5099607253432623e-7 
vn 4.768369876728684e-7 1 1.5099607253432623e-7 
vn 4.768369876728684e-7 1 1.5099607253432623e-7 
vn 4.768369876728684e-7 1 1.5099607253432623e-7 
vn 4.768369876728684e-7 1 1.5099607253432623e-7 
vn 4.768369876728684e-7 1 1.5099607253432623e-7 
vn 4.768369876728684e-7 1 1.5099607253432623e-7 
vn 4.768369876728684e-7 1 1.5099607253432623e-7 
vn 4.768369876728684e-7 1 1.5099607253432623e-7 
vn 4.768369876728684e-7 1 1.5099607253432623e-7 
vn 4.768369876728684e-7 1 1.5099607253432623e-7 
vn 4.768369876728684e-7 1 1.5099607253432623e-7 
vn 4.768369876728684e-7 1 1.5099607253432623e-7 
vn 4.768369876728684e-7 1 1.5099607253432623e-7 
vn 4.768369876728684e-7 1 1.5099607253432623e-7 
vn 4.768369876728684e-7 1 1.5099607253432623e-7 
vn 4.768369876728684e-7 1 1.5099607253432623e-7 
vn 4.768369876728684e-7 1 1.5099607253432623e-7 
vn 4.768369876728684e-7 1 1.5099607253432623e-7 
vn 0.7434799671173096 0.002184440614655614 -0.6687546372413635 
vn 0.40351375937461853 0.0021846399176865816 -0.9149709939956665 
vn 0.7434799671173096 0.002184440614655614 -0.6687546372413635 
vn 0.40351375937461853 0.0021846399176865816 -0.9149709939956665 
vn 1.618787308643732e-7 -0.0021845430601388216 -0.999997615814209 
vn 1.618787308643732e-7 -0.0021845430601388216 -0.999997615814209 
vn -0.40351346135139465 -0.0021843635477125645 -0.914971113204956 
vn -0.40351346135139465 -0.0021843635477125645 -0.914971113204956 
vn -0.7434797286987305 -0.002184238750487566 -0.6687548756599426 
vn -0.7434797286987305 -0.002184238750487566 -0.6687548756599426 
vn -0.7434797286987305 -0.002184238750487566 -0.6687548756599426 
vn -0.7434797286987305 -0.002184238750487566 -0.6687548756599426 
vn -0.9501163959503174 0.0021851942874491215 -0.3118878901004791 
vn -0.9501163959503174 0.0021851942874491215 -0.3118878901004791 
vn -0.9944137930870056 0.0021851523779332638 0.10552939772605896 
vn -0.9944137930870056 0.0021851523779332638 0.10552939772605896 
vn -0.8672792911529541 0.002185032470151782 0.4978170394897461 
vn -0.8672792911529541 0.002185032470151782 0.4978170394897461 
vn -0.586561381816864 0.002184851560741663 0.809901773929596 
vn -0.586561381816864 0.002184851560741663 0.809901773929596 
vn -0.586561381816864 0.002184851560741663 0.809901773929596 
vn -0.586561381816864 0.002184851560741663 0.809901773929596 
vn -0.2098807692527771 0.0021846466697752476 0.977724552154541 
vn -0.2098807692527771 0.0021846466697752476 0.977724552154541 
vn 0.20988044142723083 0.0021844464354217052 0.9777246713638306 
vn 0.20988044142723083 0.0021844464354217052 0.9777246713638306 
vn 0.5865611433982849 0.0021842920687049627 0.809902012348175 
vn 0.5865611433982849 0.0021842920687049627 0.809902012348175 
vn 0.5865611433982849 0.0021842920687049627 0.809902012348175 
vn 0.5865611433982849 0.0021842920687049627 0.809902012348175 
vn 0.8672791719436646 0.0021842054557055235 0.49781733751296997 
vn 0.8672791719436646 0.0021842054557055235 0.49781733751296997 
vn 0.9944137930870056 0.0021842040587216616 0.10552972555160522 
vn 0.9944137930870056 0.0021842040587216616 0.10552972555160522 
vn 0.9501165151596069 0.0021842881105840206 -0.31188759207725525 
vn 0.9501165151596069 0.0021842881105840206 -0.31188759207725525 
vn 0.7434799671173096 0.002184440614655614 -0.6687546372413635 
vn 0.7434799671173096 0.002184440614655614 -0.6687546372413635 
vn -0.999997615814209 -0.00218421733006835 -1.6325010676609963e-7 
vn -0.999997615814209 -0.00218421733006835 -1.6325010676609963e-7 
vn -0.999997615814209 -0.00218421733006835 -1.6325010676609963e-7 
vn -0.999997615814209 -0.00218421733006835 -1.6325010676609963e-7 
vn -0.999997615814209 0.002185171004384756 -1.6259035362509167e-7 
vn -0.999997615814209 -0.00218421733006835 -1.6325010676609963e-7 
vn -0.999997615814209 0.002185171004384756 -1.6259035362509167e-7 
vn -0.999997615814209 -0.00218421733006835 -1.6325010676609963e-7 
vn -0.999997615814209 -0.00218421733006835 -1.6325010676609963e-7 
vn -0.999997615814209 -0.00218421733006835 -1.6325010676609963e-7 
vn -0.999997615814209 -0.00218421733006835 -1.6325010676609963e-7 
vn -0.999997615814209 -0.00218421733006835 -1.6325010676609963e-7 
vn -0.999997615814209 -0.00218421733006835 -1.6325010676609963e-7 
vn -0.999997615814209 -0.00218421733006835 -1.6325010676609963e-7 
vn -0.999997615814209 -0.00218421733006835 -1.6325010676609963e-7 
vn -0.999997615814209 -0.00218421733006835 -1.6325010676609963e-7 
vn -0.999997615814209 0.002185171004384756 -1.6259035362509167e-7 
vn -0.999997615814209 -0.00218421733006835 -1.6325010676609963e-7 
vn -0.999997615814209 -0.00218421733006835 -1.6325010676609963e-7 
vn -0.999997615814209 -0.00218421733006835 -1.6325010676609963e-7 
vn -0.999997615814209 -0.00218421733006835 -1.6325010676609963e-7 
vn -0.999997615814209 -0.00218421733006835 -1.6325010676609963e-7 
vn -0.999997615814209 -0.00218421733006835 -1.6325010676609963e-7 
vn -0.999997615814209 -0.00218421733006835 -1.6325010676609963e-7 
vn -0.999997615814209 -0.00218421733006835 -1.6325010676609963e-7 
vn -0.999997615814209 -0.00218421733006835 -1.6325010676609963e-7 
vn -0.999997615814209 -0.00218421733006835 -1.6325010676609963e-7 
vn -0.999997615814209 -0.00218421733006835 -1.6325010676609963e-7 
vn -0.999997615814209 -0.00218421733006835 -1.6325010676609963e-7 
vn -0.999997615814209 -0.00218421733006835 -1.6325010676609963e-7 
vn -0.999997615814209 -0.00218421733006835 -1.6325010676609963e-7 
vn -0.999997615814209 -0.00218421733006835 -1.6325010676609963e-7 
vn -0.999997615814209 -0.00218421733006835 -1.6325010676609963e-7 
vn -0.999997615814209 -0.00218421733006835 -1.6325010676609963e-7 
vn -0.999997615814209 -0.00218421733006835 -1.6325010676609963e-7 
vn -0.999997615814209 -0.00218421733006835 -1.6325010676609963e-7 
vn -0.999997615814209 -0.00218421733006835 -1.6325010676609963e-7 
vn -0.999997615814209 -0.00218421733006835 -1.6325010676609963e-7 
vn -0.999997615814209 -0.00218421733006835 -1.6325010676609963e-7 
vn -0.999997615814209 -0.00218421733006835 -1.6325010676609963e-7 
vn -0.999997615814209 -0.00218421733006835 -1.6325010676609963e-7 
vn -0.999997615814209 -0.00218421733006835 -1.6325010676609963e-7 
vn -0.999997615814209 -0.00218421733006835 -1.6325010676609963e-7 
vn -0.999997615814209 -0.00218421733006835 -1.6325010676609963e-7 
vn -0.999997615814209 -0.00218421733006835 -1.6325010676609963e-7 
vn -0.999997615814209 -0.00218421733006835 -1.6325010676609963e-7 
vn -0.999997615814209 -0.00218421733006835 -1.6325010676609963e-7 
vn -0.999997615814209 -0.00218421733006835 -1.6325010676609963e-7 
vn -0.999997615814209 -0.00218421733006835 -1.6325010676609963e-7 
vn -0.999997615814209 -0.00218421733006835 -1.6325010676609963e-7 
vn -0.999997615814209 -0.00218421733006835 -1.6325010676609963e-7 
vn -0.999997615814209 -0.00218421733006835 -1.6325010676609963e-7 
vn -0.999997615814209 -0.00218421733006835 -1.6325010676609963e-7 
vn -0.999997615814209 -0.00218421733006835 -1.6325010676609963e-7 
vn -0.999997615814209 -0.00218421733006835 -1.6325010676609963e-7 
vn -0.999997615814209 -0.00218421733006835 -1.6325010676609963e-7 
vn -0.999997615814209 0.002185171004384756 -1.6259035362509167e-7 
vn -0.999997615814209 0.002185171004384756 -1.6259035362509167e-7 
vn -0.999997615814209 0.002185171004384756 -1.6259035362509167e-7 
vn -0.999997615814209 0.002185171004384756 -1.6259035362509167e-7 
vn -0.999997615814209 0.002185171004384756 -1.6259035362509167e-7 
vn -0.999997615814209 0.002185171004384756 -1.6259035362509167e-7 
vn -0.999997615814209 0.002185171004384756 -1.6259035362509167e-7 
vn -0.999997615814209 0.002185171004384756 -1.6259035362509167e-7 
vn -0.999997615814209 0.002185171004384756 -1.6259035362509167e-7 
vn -0.999997615814209 0.002185171004384756 -1.6259035362509167e-7 
vn -0.999997615814209 0.002185171004384756 -1.6259035362509167e-7 
vn -0.999997615814209 0.002185171004384756 -1.6259035362509167e-7 
vn -0.999997615814209 0.002185171004384756 -1.6259035362509167e-7 
vn -0.999997615814209 0.002185171004384756 -1.6259035362509167e-7 
vn -0.999997615814209 0.002185171004384756 -1.6259035362509167e-7 
vn 0.003778038313612342 -0.7424620985984802 -0.6698773503303528 
vn 0.0037739677354693413 -0.40527236461639404 -0.9141882061958313 
vn 0.003778038313612342 -0.7424620985984802 -0.6698773503303528 
vn 0.0037739677354693413 -0.40527236461639404 -0.9141882061958313 
vn 1.618787308643732e-7 -0.0021845430601388216 -0.999997615814209 
vn 1.618787308643732e-7 -0.0021845430601388216 -0.999997615814209 
vn -0.0037736697122454643 0.4052726626396179 -0.9141880869865417 
vn -0.0037736697122454643 0.4052726626396179 -0.9141880869865417 
vn 4.631721424175339e-7 0.7424623370170593 -0.6698877811431885 
vn 4.631721424175339e-7 0.7424623370170593 -0.6698877811431885 
vn 0.003778038313612342 -0.7424620985984802 -0.6698773503303528 
vn 0.003778038313612342 -0.7424620985984802 -0.6698773503303528 
vn 0.0037859880831092596 -0.9611545205116272 -0.27598485350608826 
vn 0.0037859880831092596 -0.9611545205116272 -0.27598485350608826 
vn -4.985609507457411e-7 -0.983208417892456 0.18248598277568817 
vn -4.985609507457411e-7 -0.983208417892456 0.18248598277568817 
vn -4.86883322992071e-7 -0.8310142159461975 0.5562511086463928 
vn -4.86883322992071e-7 -0.8310142159461975 0.5562511086463928 
vn -4.0525785038880713e-7 -0.5688943862915039 0.8224105834960938 
vn -4.0525785038880713e-7 -0.5688943862915039 0.8224105834960938 
vn -4.0525785038880713e-7 -0.5688943862915039 0.8224105834960938 
vn -4.0525785038880713e-7 -0.5688943862915039 0.8224105834960938 
vn -2.576813926680188e-7 -0.20605944097042084 0.9785394668579102 
vn -2.576813926680188e-7 -0.20605944097042084 0.9785394668579102 
vn -4.1456647892346155e-8 0.24437052011489868 0.969681978225708 
vn -4.1456647892346155e-8 0.24437052011489868 0.969681978225708 
vn 1.6666497515416268e-7 0.6181068420410156 0.7860941290855408 
vn 1.6666497515416268e-7 0.6181068420410156 0.7860941290855408 
vn 1.6666497515416268e-7 0.6181068420410156 0.7860941290855408 
vn 1.6666497515416268e-7 0.6181068420410156 0.7860941290855408 
vn 3.345218431149988e-7 0.870002806186676 0.4930468201637268 
vn 3.345218431149988e-7 0.870002806186676 0.4930468201637268 
vn 4.5899867018306395e-7 0.9953833818435669 0.09597879648208618 
vn 4.5899867018306395e-7 0.9953833818435669 0.09597879648208618 
vn -0.0037527282256633043 0.9509214758872986 -0.30940961837768555 
vn -0.0037527282256633043 0.9509214758872986 -0.30940961837768555 
vn 4.631721424175339e-7 0.7424623370170593 -0.6698877811431885 
vn 4.631721424175339e-7 0.7424623370170593 -0.6698877811431885 
vn 0.003778038313612342 -0.7424620985984802 -0.6698773503303528 
vn 0.003778038313612342 -0.7424620985984802 -0.6698773503303528 
vn 0.0037739677354693413 -0.40527236461639404 -0.9141882061958313 
vn 0.0037739677354693413 -0.40527236461639404 -0.9141882061958313 
vn 1.618787308643732e-7 -0.0021845430601388216 -0.999997615814209 
vn 1.618787308643732e-7 -0.0021845430601388216 -0.999997615814209 
vn 0.0037743542343378067 0.4052726626396179 -0.9141880869865417 
vn 0.0037743542343378067 0.4052726626396179 -0.9141880869865417 
vn 4.6142017140482494e-7 0.7365800738334656 -0.6763503551483154 
vn 4.6142017140482494e-7 0.7365800738334656 -0.6763503551483154 
vn 0.003778038313612342 -0.7424620985984802 -0.6698773503303528 
vn 0.003778038313612342 -0.7424620985984802 -0.6698773503303528 
vn 0.0037762890569865704 -0.9548956155776978 -0.296917587518692 
vn 0.0037762890569865704 -0.9548956155776978 -0.296917587518692 
vn -4.931554258291726e-7 -0.9925254583358765 0.1220378503203392 
vn -4.931554258291726e-7 -0.9925254583358765 0.1220378503203392 
vn -4.939109317092516e-7 -0.863465428352356 0.504408061504364 
vn -4.939109317092516e-7 -0.863465428352356 0.504408061504364 
vn -4.1170315512317757e-7 -0.5867244005203247 0.8097867369651794 
vn -4.1170315512317757e-7 -0.5867244005203247 0.8097867369651794 
vn -4.1170315512317757e-7 -0.5867244005203247 0.8097867369651794 
vn -4.1170315512317757e-7 -0.5867244005203247 0.8097867369651794 
vn -2.5198315256602655e-7 -0.1932152360677719 0.9811564087867737 
vn -2.5198315256602655e-7 -0.1932152360677719 0.9811564087867737 
vn -5.241727762950177e-8 0.2231292873620987 0.9747889041900635 
vn -5.241727762950177e-8 0.2231292873620987 0.9747889041900635 
vn 1.4784049540139677e-7 0.5867241621017456 0.809786856174469 
vn 1.4784049540139677e-7 0.5867241621017456 0.809786856174469 
vn 1.4784049540139677e-7 0.5867241621017456 0.809786856174469 
vn 1.4784049540139677e-7 0.5867241621017456 0.809786856174469 
vn 3.312159435608919e-7 0.8656610250473022 0.5006306767463684 
vn 3.312159435608919e-7 0.8656610250473022 0.5006306767463684 
vn 4.599028500251734e-7 0.9957932829856873 0.09162867069244385 
vn 4.599028500251734e-7 0.9957932829856873 0.09162867069244385 
vn 5.038883728047949e-7 0.9439349174499512 -0.3301316201686859 
vn 5.038883728047949e-7 0.9439349174499512 -0.3301316201686859 
vn 4.6142017140482494e-7 0.7365800738334656 -0.6763503551483154 
vn 4.6142017140482494e-7 0.7365800738334656 -0.6763503551483154 
vn -1.6396242585869913e-7 -0.0021848452743142843 0.999997615814209 
vn -6.116801642974679e-8 0.20605914294719696 0.9785395860671997 
vn -6.116801642974679e-8 0.20605914294719696 0.9785395860671997 
vn 4.4307142843535985e-8 0.40527236461639404 0.9141959547996521 
vn -1.6396242585869913e-7 -0.0021848452743142843 0.999997615814209 
vn -2.576813926680188e-7 -0.20605944097042084 0.9785394668579102 
vn -2.576813926680188e-7 -0.20605944097042084 0.9785394668579102 
vn -3.421907024403481e-7 -0.4052726626396179 0.9141958355903625 
vn -3.421907024403481e-7 -0.4052726626396179 0.9141958355903625 
vn -4.1170315512317757e-7 -0.5867244005203247 0.8097867369651794 
vn -4.1170315512317757e-7 -0.5867244005203247 0.8097867369651794 
vn -4.6317228452608106e-7 -0.7424623370170593 0.6698877811431885 
vn -4.6317228452608106e-7 -0.7424623370170593 0.6698877811431885 
vn 4.4307142843535985e-8 0.40527236461639404 0.9141959547996521 
vn 1.4784049540139677e-7 0.5867241621017456 0.809786856174469 
vn 1.4784049540139677e-7 0.5867241621017456 0.809786856174469 
vn 2.448945792821178e-7 0.7424620985984802 0.6698880195617676 
vn 2.448945792821178e-7 0.7424620985984802 0.6698880195617676 
vn 2.448945792821178e-7 0.7424620985984802 0.6698880195617676 
vn 2.448945792821178e-7 0.7424620985984802 0.6698880195617676 
vn 3.312159435608919e-7 0.8656610250473022 0.5006306767463684 
vn 3.312159435608919e-7 0.8656610250473022 0.5006306767463684 
vn 4.030214029171475e-7 0.950921356678009 0.30943265557289124 
vn 4.030214029171475e-7 0.950921356678009 0.30943265557289124 
vn 4.5716404883933137e-7 0.9945066571235657 0.10467346012592316 
vn 4.5716404883933137e-7 0.9945066571235657 0.10467346012592316 
vn 4.91271009650518e-7 0.9945066571235657 -0.10467316210269928 
vn 4.91271009650518e-7 0.9945066571235657 -0.10467316210269928 
vn -0.0037527282256633043 0.9509214758872986 -0.30940961837768555 
vn -0.0037527282256633043 0.9509214758872986 -0.30940961837768555 
vn 4.943423732584051e-7 0.8656611442565918 -0.5006304383277893 
vn 4.943423732584051e-7 0.8656611442565918 -0.5006304383277893 
vn 4.631721424175339e-7 0.7424623370170593 -0.6698877811431885 
vn 4.631721424175339e-7 0.7424623370170593 -0.6698877811431885 
vn 4.631721424175339e-7 0.7424623370170593 -0.6698877811431885 
vn 4.631721424175339e-7 0.7424623370170593 -0.6698877811431885 
vn -0.003768493654206395 0.5867244005203247 -0.8097779750823975 
vn -0.003768493654206395 0.5867244005203247 -0.8097779750823975 
vn -0.0037736697122454643 0.4052726626396179 -0.9141880869865417 
vn -0.0037736697122454643 0.4052726626396179 -0.9141880869865417 
vn -0.0037717237137258053 0.20605944097042084 -0.9785321950912476 
vn -0.0037717237137258053 0.20605944097042084 -0.9785321950912476 
vn 1.618787308643732e-7 -0.0021845430601388216 -0.999997615814209 
vn 1.639622126958784e-7 0.0021848452743142843 -0.999997615814209 
vn 6.116781747778077e-8 -0.20605914294719696 -0.9785395860671997 
vn 6.116781747778077e-8 -0.20605914294719696 -0.9785395860671997 
vn -0.0037740562111139297 -0.40527236461639404 -0.9141882061958313 
vn 0.0037739677354693413 -0.40527236461639404 -0.9141882061958313 
vn -1.4784066593165335e-7 -0.5867241621017456 -0.809786856174469 
vn -1.4784066593165335e-7 -0.5867241621017456 -0.809786856174469 
vn -0.0037785281892865896 -0.7424620985984802 -0.6698773503303528 
vn 0.003778038313612342 -0.7424620985984802 -0.6698773503303528 
vn -0.0037785281892865896 -0.7424620985984802 -0.6698773503303528 
vn 0.003778038313612342 -0.7424620985984802 -0.6698773503303528 
vn -3.312160572477296e-7 -0.8656610250473022 -0.5006306767463684 
vn -3.312160572477296e-7 -0.8656610250473022 -0.5006306767463684 
vn 0.0037820355501025915 -0.950921356678009 -0.30940955877304077 
vn 0.0037820355501025915 -0.950921356678009 -0.30940955877304077 
vn 0.0037785018794238567 -0.9945066571235657 -0.10460522025823593 
vn 0.0037785018794238567 -0.9945066571235657 -0.10460522025823593 
vn -4.91271009650518e-7 -0.9945066571235657 0.10467316210269928 
vn -4.91271009650518e-7 -0.9945066571235657 0.10467316210269928 
vn -5.038475592300529e-7 -0.9509214758872986 0.30943235754966736 
vn -5.038475592300529e-7 -0.9509214758872986 0.30943235754966736 
vn -4.943424869452429e-7 -0.8656611442565918 0.5006304383277893 
vn -4.943424869452429e-7 -0.8656611442565918 0.5006304383277893 
vn -4.6317228452608106e-7 -0.7424623370170593 0.6698877811431885 
vn -4.6317228452608106e-7 -0.7424623370170593 0.6698877811431885 
vn -0.999997615814209 0.002185171004384756 -1.6259035362509167e-7 
vn -0.999997615814209 0.002185171004384756 -1.6259035362509167e-7 
vn -0.999997615814209 0.002185171004384756 -1.6259035362509167e-7 
vn -0.999997615814209 0.002185171004384756 -1.6259035362509167e-7 
vn -0.999997615814209 0.002185171004384756 -1.6259035362509167e-7 
vn -0.999997615814209 0.002185171004384756 -1.6259035362509167e-7 
vn -0.999997615814209 0.002185171004384756 -1.6259035362509167e-7 
vn -0.999997615814209 0.002185171004384756 -1.6259035362509167e-7 
vn -0.999997615814209 0.002185171004384756 -1.6259035362509167e-7 
vn -0.999997615814209 0.002185171004384756 -1.6259035362509167e-7 
vn -0.999997615814209 0.002185171004384756 -1.6259035362509167e-7 
vn -0.999997615814209 0.002185171004384756 -1.6259035362509167e-7 
vn -0.999997615814209 0.002185171004384756 -1.6259035362509167e-7 
vn -0.999997615814209 0.002185171004384756 -1.6259035362509167e-7 
vn -0.999997615814209 0.002185171004384756 -1.6259035362509167e-7 
vn -0.999997615814209 0.002185171004384756 -1.6259035362509167e-7 
vn -0.999997615814209 0.002185171004384756 -1.6259035362509167e-7 
vn -0.999997615814209 0.002185171004384756 -1.6259035362509167e-7 
vn -0.999997615814209 0.002185171004384756 -1.6259035362509167e-7 
vn -0.999997615814209 0.002185171004384756 -1.6259035362509167e-7 
vn -0.999997615814209 0.002185171004384756 -1.6259035362509167e-7 
vn -0.999997615814209 0.002185171004384756 -1.6259035362509167e-7 
vn -0.999997615814209 0.002185171004384756 -1.6259035362509167e-7 
vn -0.999997615814209 0.002185171004384756 -1.6259035362509167e-7 
vn -0.999997615814209 0.002185171004384756 -1.6259035362509167e-7 
vn -0.999997615814209 0.002185171004384756 -1.6259035362509167e-7 
vn -0.999997615814209 0.002185171004384756 -1.6259035362509167e-7 
vn -0.999997615814209 0.002185171004384756 -1.6259035362509167e-7 
vn -0.999997615814209 0.002185171004384756 -1.6259035362509167e-7 
vn -0.999997615814209 0.002185171004384756 -1.6259035362509167e-7 
vn -0.30470389127731323 -0.002184692770242691 0.9524446129798889 
vn -0.30436569452285767 0.1975002884864807 0.9318557977676392 
vn -0.30436569452285767 0.1975002884864807 0.9318557977676392 
vn -0.3035969138145447 0.3892335295677185 0.8696701526641846 
vn -0.30470389127731323 -0.002184692770242691 0.9524446129798889 
vn -0.304365873336792 -0.1975002884864807 0.9318557381629944 
vn -0.304365873336792 -0.1975002884864807 0.9318557381629944 
vn -0.3039785623550415 -0.3892335295677185 0.869536817073822 
vn -0.3039785623550415 -0.3892335295677185 0.869536817073822 
vn -0.3026004135608673 -0.5616858005523682 0.7700273394584656 
vn -0.3026004135608673 -0.5616858005523682 0.7700273394584656 
vn -0.2999468743801117 -0.7094201445579529 0.6377733945846558 
vn -0.2999468743801117 -0.7094201445579529 0.6377733945846558 
vn -0.3035969138145447 0.3892335295677185 0.8696701526641846 
vn -0.3021813631057739 0.5616858005523682 0.7701918482780457 
vn -0.3021813631057739 0.5616858005523682 0.7701918482780457 
vn -0.299468457698822 0.7094202637672424 0.637998104095459 
vn -0.299468457698822 0.7094202637672424 0.637998104095459 
vn -0.299468457698822 0.7094202637672424 0.637998104095459 
vn -0.299468457698822 0.7094202637672424 0.637998104095459 
vn -0.30002322793006897 0.8261216282844543 0.47697916626930237 
vn -0.30002322793006897 0.8261216282844543 0.47697916626930237 
vn -0.3038485050201416 0.9060512781143188 0.2945288121700287 
vn -0.3038485050201416 0.9060512781143188 0.2945288121700287 
vn -0.3017120063304901 0.9481812119483948 0.09961067885160446 
vn -0.3017120063304901 0.9481812119483948 0.09961067885160446 
vn -0.3017119765281677 0.9481812715530396 -0.09961048513650894 
vn -0.3017119765281677 0.9481812715530396 -0.09961048513650894 
vn -0.30121520161628723 0.9060513377189636 -0.2972210943698883 
vn -0.30121520161628723 0.9060513377189636 -0.2972210943698883 
vn -0.30002307891845703 0.8261218070983887 -0.47697898745536804 
vn -0.30002307891845703 0.8261218070983887 -0.47697898745536804 
vn -0.3028784990310669 0.7094204425811768 -0.6363860964775085 
vn -0.3028784990310669 0.7094204425811768 -0.6363860964775085 
vn -0.3028784990310669 0.7094204425811768 -0.6363860964775085 
vn -0.3028784990310669 0.7094204425811768 -0.6363860964775085 
vn -0.3056897819042206 0.5616860389709473 -0.7688059210777283 
vn -0.3056897819042206 0.5616860389709473 -0.7688059210777283 
vn -0.30003196001052856 0.38923379778862 -0.8709063529968262 
vn -0.30003196001052856 0.38923379778862 -0.8709063529968262 
vn -0.3043653964996338 0.1975005716085434 -0.9318557977676392 
vn -0.3043653964996338 0.1975005716085434 -0.9318557977676392 
vn -0.30470359325408936 -0.002184404991567135 -0.9524447321891785 
vn -0.30470359325408936 -0.002184404991567135 -0.9524447321891785 
vn -0.3043655753135681 -0.19750000536441803 -0.9318558573722839 
vn -0.3043655753135681 -0.19750000536441803 -0.9318558573722839 
vn -0.3039782643318176 -0.389233261346817 -0.8695370554924011 
vn -0.3039782643318176 -0.389233261346817 -0.8695370554924011 
vn -0.3026001751422882 -0.5616855621337891 -0.7700275778770447 
vn -0.3026001751422882 -0.5616855621337891 -0.7700275778770447 
vn -0.299946665763855 -0.7094199657440186 -0.6377737522125244 
vn -0.299946665763855 -0.7094199657440186 -0.6377737522125244 
vn -0.299946665763855 -0.7094199657440186 -0.6377737522125244 
vn -0.299946665763855 -0.7094199657440186 -0.6377737522125244 
vn -0.3011675179004669 -0.8261213302612305 -0.4762580096721649 
vn -0.3011675179004669 -0.8261213302612305 -0.4762580096721649 
vn -0.3045186698436737 -0.906050980091095 -0.2938367426395416 
vn -0.3045186698436737 -0.906050980091095 -0.2938367426395416 
vn -0.3026440441608429 -0.9481809139251709 -0.0967448353767395 
vn -0.3026440441608429 -0.9481809139251709 -0.0967448353767395 
vn -0.3026440739631653 -0.9481809735298157 0.09674444794654846 
vn -0.3026440739631653 -0.9481809735298157 0.09674444794654846 
vn -0.30451875925064087 -0.9060510396957397 0.293836385011673 
vn -0.30451875925064087 -0.9060510396957397 0.293836385011673 
vn -0.30116766691207886 -0.8261215090751648 0.47625765204429626 
vn -0.30116766691207886 -0.8261215090751648 0.47625765204429626 
vn -0.2999468743801117 -0.7094201445579529 0.6377733945846558 
vn -0.2999468743801117 -0.7094201445579529 0.6377733945846558 
vn -0.999997615814209 0.002185171004384756 -1.6259035362509167e-7 
vn -0.999997615814209 0.002185171004384756 -1.6259035362509167e-7 
vn -0.999997615814209 0.002185171004384756 -1.6259035362509167e-7 
vn -0.999997615814209 0.002185171004384756 -1.6259035362509167e-7 
vn -0.999997615814209 0.002185171004384756 -1.6259035362509167e-7 
vn -0.999997615814209 0.002185171004384756 -1.6259035362509167e-7 
vn -0.999997615814209 0.002185171004384756 -1.6259035362509167e-7 
vn -0.999997615814209 0.002185171004384756 -1.6259035362509167e-7 
vn -0.999997615814209 0.002185171004384756 -1.6259035362509167e-7 
vn -0.999997615814209 0.002185171004384756 -1.6259035362509167e-7 
vn -0.999997615814209 0.002185171004384756 -1.6259035362509167e-7 
vn -0.999997615814209 0.002185171004384756 -1.6259035362509167e-7 
vn -0.999997615814209 0.002185171004384756 -1.6259035362509167e-7 
vn -0.999997615814209 0.002185171004384756 -1.6259035362509167e-7 
vn -0.999997615814209 0.002185171004384756 -1.6259035362509167e-7 
vn -0.999997615814209 0.002185171004384756 -1.6259035362509167e-7 
vn -0.999997615814209 0.002185171004384756 -1.6259035362509167e-7 
vn -0.999997615814209 0.002185171004384756 -1.6259035362509167e-7 
vn -0.999997615814209 0.002185171004384756 -1.6259035362509167e-7 
vn -0.999997615814209 0.002185171004384756 -1.6259035362509167e-7 
vn -0.999997615814209 0.002185171004384756 -1.6259035362509167e-7 
vn -0.999997615814209 0.002185171004384756 -1.6259035362509167e-7 
vn -0.999997615814209 0.002185171004384756 -1.6259035362509167e-7 
vn -0.999997615814209 0.002185171004384756 -1.6259035362509167e-7 
vn -0.999997615814209 0.002185171004384756 -1.6259035362509167e-7 
vn -0.999997615814209 0.002185171004384756 -1.6259035362509167e-7 
vn -0.999997615814209 0.002185171004384756 -1.6259035362509167e-7 
vn -0.999997615814209 0.002185171004384756 -1.6259035362509167e-7 
vn -0.999997615814209 0.002185171004384756 -1.6259035362509167e-7 
vn -0.999997615814209 0.002185171004384756 -1.6259035362509167e-7 
vn -0.999997615814209 0.002185171004384756 -1.6259035362509167e-7 
vn -0.999997615814209 0.002185171004384756 -1.6259035362509167e-7 
vn -0.999997615814209 0.002185171004384756 -1.6259035362509167e-7 
vn -0.999997615814209 0.002185171004384756 -1.6259035362509167e-7 
vn -0.999997615814209 0.002185171004384756 -1.6259035362509167e-7 
vn -0.999997615814209 0.002185171004384756 -1.6259035362509167e-7 
vn -0.999997615814209 0.002185171004384756 -1.6259035362509167e-7 
vn -0.999997615814209 0.002185171004384756 -1.6259035362509167e-7 
vn -0.999997615814209 0.002185171004384756 -1.6259035362509167e-7 
vn -0.999997615814209 0.002185171004384756 -1.6259035362509167e-7 
vn -0.999997615814209 0.002185171004384756 -1.6259035362509167e-7 
vn -0.999997615814209 0.002185171004384756 -1.6259035362509167e-7 
vn -0.999997615814209 0.002185171004384756 -1.6259035362509167e-7 
vn -0.999997615814209 0.002185171004384756 -1.6259035362509167e-7 
vn -0.999997615814209 0.002185171004384756 -1.6259035362509167e-7 
vn -0.999997615814209 0.002185171004384756 -1.6259035362509167e-7 
vn -0.999997615814209 0.002185171004384756 -1.6259035362509167e-7 
vn -0.999997615814209 0.002185171004384756 -1.6259035362509167e-7 
vn -0.999997615814209 0.002185171004384756 -1.6259035362509167e-7 
vn -0.999997615814209 0.002185171004384756 -1.6259035362509167e-7 
vn -0.999997615814209 0.002185171004384756 -1.6259035362509167e-7 
vn -0.999997615814209 0.002185171004384756 -1.6259035362509167e-7 
vn -0.999997615814209 0.002185171004384756 -1.6259035362509167e-7 
vn -0.999997615814209 0.002185171004384756 -1.6259035362509167e-7 
vn -0.999997615814209 0.002185171004384756 -1.6259035362509167e-7 
vn -0.999997615814209 0.002185171004384756 -1.6259035362509167e-7 
vn -0.999997615814209 0.002185171004384756 -1.6259035362509167e-7 
vn -0.999997615814209 0.002185171004384756 -1.6259035362509167e-7 
vn -0.999997615814209 0.002185171004384756 -1.6259035362509167e-7 
vn -0.999997615814209 0.002185171004384756 -1.6259035362509167e-7 
vn 1.639622126958784e-7 0.0021848452743142843 -0.999997615814209 
vn 6.116781747778077e-8 -0.20605914294719696 -0.9785395860671997 
vn 6.116781747778077e-8 -0.20605914294719696 -0.9785395860671997 
vn 0.0037739677354693413 -0.40527236461639404 -0.9141882061958313 
vn 1.639622126958784e-7 0.0021848452743142843 -0.999997615814209 
vn 0.003772239200770855 0.20605944097042084 -0.9785321950912476 
vn 0.003772239200770855 0.20605944097042084 -0.9785321950912476 
vn 0.0037743542343378067 0.4052726626396179 -0.9141880869865417 
vn 0.0037743542343378067 0.4052726626396179 -0.9141880869865417 
vn 0.0037693169433623552 0.5867244005203247 -0.8097779750823975 
vn 0.0037693169433623552 0.5867244005203247 -0.8097779750823975 
vn 4.631721424175339e-7 0.7424623370170593 -0.6698877811431885 
vn 4.631721424175339e-7 0.7424623370170593 -0.6698877811431885 
vn 0.0037739677354693413 -0.40527236461639404 -0.9141882061958313 
vn -1.4784066593165335e-7 -0.5867241621017456 -0.809786856174469 
vn -1.4784066593165335e-7 -0.5867241621017456 -0.809786856174469 
vn 0.003778038313612342 -0.7424620985984802 -0.6698773503303528 
vn 0.003778038313612342 -0.7424620985984802 -0.6698773503303528 
vn 0.003778038313612342 -0.7424620985984802 -0.6698773503303528 
vn 0.003778038313612342 -0.7424620985984802 -0.6698773503303528 
vn -3.312160572477296e-7 -0.8656610250473022 -0.5006306767463684 
vn -3.312160572477296e-7 -0.8656610250473022 -0.5006306767463684 
vn 0.0037820355501025915 -0.950921356678009 -0.30940955877304077 
vn 0.0037820355501025915 -0.950921356678009 -0.30940955877304077 
vn 0.0037785018794238567 -0.9945066571235657 -0.10460522025823593 
vn 0.0037785018794238567 -0.9945066571235657 -0.10460522025823593 
vn -4.91271009650518e-7 -0.9945066571235657 0.10467316210269928 
vn -4.91271009650518e-7 -0.9945066571235657 0.10467316210269928 
vn -5.038475592300529e-7 -0.9509214758872986 0.30943235754966736 
vn -5.038475592300529e-7 -0.9509214758872986 0.30943235754966736 
vn -4.943424869452429e-7 -0.8656611442565918 0.5006304383277893 
vn -4.943424869452429e-7 -0.8656611442565918 0.5006304383277893 
vn -4.6317228452608106e-7 -0.7424623370170593 0.6698877811431885 
vn -4.6317228452608106e-7 -0.7424623370170593 0.6698877811431885 
vn -4.6317228452608106e-7 -0.7424623370170593 0.6698877811431885 
vn -4.6317228452608106e-7 -0.7424623370170593 0.6698877811431885 
vn -4.1170315512317757e-7 -0.5867244005203247 0.8097867369651794 
vn -4.1170315512317757e-7 -0.5867244005203247 0.8097867369651794 
vn -3.421907024403481e-7 -0.4052726626396179 0.9141958355903625 
vn -3.421907024403481e-7 -0.4052726626396179 0.9141958355903625 
vn -2.576813926680188e-7 -0.20605944097042084 0.9785394668579102 
vn -2.576813926680188e-7 -0.20605944097042084 0.9785394668579102 
vn -1.6187894402719394e-7 0.0021845430601388216 0.999997615814209 
vn -1.6187894402719394e-7 0.0021845430601388216 0.999997615814209 
vn -6.116801642974679e-8 0.20605914294719696 0.9785395860671997 
vn -6.116801642974679e-8 0.20605914294719696 0.9785395860671997 
vn 4.4307142843535985e-8 0.40527236461639404 0.9141959547996521 
vn 4.4307142843535985e-8 0.40527236461639404 0.9141959547996521 
vn 1.4784049540139677e-7 0.5867241621017456 0.809786856174469 
vn 1.4784049540139677e-7 0.5867241621017456 0.809786856174469 
vn 2.448945792821178e-7 0.7424620985984802 0.6698880195617676 
vn 2.448945792821178e-7 0.7424620985984802 0.6698880195617676 
vn 2.448945792821178e-7 0.7424620985984802 0.6698880195617676 
vn 2.448945792821178e-7 0.7424620985984802 0.6698880195617676 
vn 3.312159435608919e-7 0.8656610250473022 0.5006306767463684 
vn 3.312159435608919e-7 0.8656610250473022 0.5006306767463684 
vn 4.030214029171475e-7 0.950921356678009 0.30943265557289124 
vn 4.030214029171475e-7 0.950921356678009 0.30943265557289124 
vn 4.5716404883933137e-7 0.9945066571235657 0.10467346012592316 
vn 4.5716404883933137e-7 0.9945066571235657 0.10467346012592316 
vn 4.91271009650518e-7 0.9945066571235657 -0.10467316210269928 
vn 4.91271009650518e-7 0.9945066571235657 -0.10467316210269928 
vn 0.0037537359166890383 0.9509214758872986 -0.30940961837768555 
vn 0.0037537359166890383 0.9509214758872986 -0.30940961837768555 
vn 4.943423732584051e-7 0.8656611442565918 -0.5006304383277893 
vn 4.943423732584051e-7 0.8656611442565918 -0.5006304383277893 
vn 4.631721424175339e-7 0.7424623370170593 -0.6698877811431885 
vn 4.631721424175339e-7 0.7424623370170593 -0.6698877811431885 
vn 4.521343726082705e-7 0.7063340544700623 -0.7078786492347717 
vn -0.35123932361602783 0.6617380976676941 -0.6623696684837341 
vn 2.2147777656300605e-7 0.7063338160514832 0.7078788876533508 
vn -0.35456451773643494 0.6617379188537598 0.6605958938598633 
vn 0.003775425720959902 -0.7063338160514832 -0.7078688144683838 
vn -0.3550863265991211 -0.6617375612258911 -0.6603159308433533 
vn 4.521343726082705e-7 0.7063340544700623 -0.7078786492347717 
vn -0.35123932361602783 0.6617380976676941 -0.6623696684837341 
vn -4.5213451471681765e-7 -0.7063340544700623 0.7078786492347717 
vn -0.3550865352153778 -0.6617377996444702 0.6603155732154846 
vn 0.003775425720959902 -0.7063338160514832 -0.7078688144683838 
vn -0.3550863265991211 -0.6617375612258911 -0.6603159308433533 
vn 2.2147777656300605e-7 0.7063338160514832 0.7078788876533508 
vn -0.35456451773643494 0.6617379188537598 0.6605958938598633 
vn -4.5213451471681765e-7 -0.7063340544700623 0.7078786492347717 
vn -0.3550865352153778 -0.6617377996444702 0.6603155732154846 
vn -0.999997615814209 0.002185171004384756 -1.6259035362509167e-7 
vn -0.999997615814209 0.002185171004384756 -1.6259035362509167e-7 
vn -0.999997615814209 0.002185171004384756 -1.6259035362509167e-7 
vn -0.999997615814209 0.002185171004384756 -1.6259035362509167e-7 
vn -0.7461488246917725 0.4758465588092804 0.46565210819244385 
vn -0.35123932361602783 0.6617380976676941 -0.6623696684837341 
vn -0.7461487054824829 0.47584667801856995 -0.4656522274017334 
vn -0.3550863265991211 -0.6617375612258911 -0.6603159308433533 
vn -0.7461491823196411 -0.4758458435535431 -0.46565234661102295 
vn -0.3550865352153778 -0.6617377996444702 0.6603155732154846 
vn -0.7461493015289307 -0.47584596276283264 0.4656519889831543 
vn -0.35456451773643494 0.6617379188537598 0.6605958938598633 
vn -1.6396242585869913e-7 -0.0021848452743142843 0.999997615814209 
vn -6.116801642974679e-8 0.20605914294719696 0.9785395860671997 
vn -6.116801642974679e-8 0.20605914294719696 0.9785395860671997 
vn 4.4307142843535985e-8 0.40527236461639404 0.9141959547996521 
vn -1.6396242585869913e-7 -0.0021848452743142843 0.999997615814209 
vn -2.576813926680188e-7 -0.20605944097042084 0.9785394668579102 
vn -2.576813926680188e-7 -0.20605944097042084 0.9785394668579102 
vn -3.421907024403481e-7 -0.4052726626396179 0.9141958355903625 
vn -3.421907024403481e-7 -0.4052726626396179 0.9141958355903625 
vn -4.1170315512317757e-7 -0.5867244005203247 0.8097867369651794 
vn -4.1170315512317757e-7 -0.5867244005203247 0.8097867369651794 
vn -4.6317228452608106e-7 -0.7424623370170593 0.6698877811431885 
vn -4.6317228452608106e-7 -0.7424623370170593 0.6698877811431885 
vn 4.4307142843535985e-8 0.40527236461639404 0.9141959547996521 
vn 1.4784049540139677e-7 0.5867241621017456 0.809786856174469 
vn 1.4784049540139677e-7 0.5867241621017456 0.809786856174469 
vn 2.448945792821178e-7 0.7424620985984802 0.6698880195617676 
vn 2.448945792821178e-7 0.7424620985984802 0.6698880195617676 
vn 2.448945792821178e-7 0.7424620985984802 0.6698880195617676 
vn 2.448945792821178e-7 0.7424620985984802 0.6698880195617676 
vn 3.312159435608919e-7 0.8656610250473022 0.5006306767463684 
vn 3.312159435608919e-7 0.8656610250473022 0.5006306767463684 
vn 4.030214029171475e-7 0.950921356678009 0.30943265557289124 
vn 4.030214029171475e-7 0.950921356678009 0.30943265557289124 
vn 4.5716404883933137e-7 0.9945066571235657 0.10467346012592316 
vn 4.5716404883933137e-7 0.9945066571235657 0.10467346012592316 
vn 4.91271009650518e-7 0.9945066571235657 -0.10467316210269928 
vn 4.91271009650518e-7 0.9945066571235657 -0.10467316210269928 
vn -0.0037527282256633043 0.9509214758872986 -0.30940961837768555 
vn 0.0037537359166890383 0.9509214758872986 -0.30940961837768555 
vn 4.943423732584051e-7 0.8656611442565918 -0.5006304383277893 
vn 4.943423732584051e-7 0.8656611442565918 -0.5006304383277893 
vn 4.631721424175339e-7 0.7424623370170593 -0.6698877811431885 
vn 4.631721424175339e-7 0.7424623370170593 -0.6698877811431885 
vn 4.631721424175339e-7 0.7424623370170593 -0.6698877811431885 
vn 4.631721424175339e-7 0.7424623370170593 -0.6698877811431885 
vn -0.003768493654206395 0.5867244005203247 -0.8097779750823975 
vn 0.0037693169433623552 0.5867244005203247 -0.8097779750823975 
vn -0.0037736697122454643 0.4052726626396179 -0.9141880869865417 
vn -0.0037736697122454643 0.4052726626396179 -0.9141880869865417 
vn -0.0037717237137258053 0.20605944097042084 -0.9785321950912476 
vn -0.0037717237137258053 0.20605944097042084 -0.9785321950912476 
vn 1.618787308643732e-7 -0.0021845430601388216 -0.999997615814209 
vn 1.618787308643732e-7 -0.0021845430601388216 -0.999997615814209 
vn 6.116781747778077e-8 -0.20605914294719696 -0.9785395860671997 
vn 6.116781747778077e-8 -0.20605914294719696 -0.9785395860671997 
vn -0.0037740562111139297 -0.40527236461639404 -0.9141882061958313 
vn -0.0037740562111139297 -0.40527236461639404 -0.9141882061958313 
vn -1.4784066593165335e-7 -0.5867241621017456 -0.809786856174469 
vn -1.4784066593165335e-7 -0.5867241621017456 -0.809786856174469 
vn -0.0037785281892865896 -0.7424620985984802 -0.6698773503303528 
vn -0.0037785281892865896 -0.7424620985984802 -0.6698773503303528 
vn -0.0037785281892865896 -0.7424620985984802 -0.6698773503303528 
vn -0.0037785281892865896 -0.7424620985984802 -0.6698773503303528 
vn -3.312160572477296e-7 -0.8656610250473022 -0.5006306767463684 
vn -3.312160572477296e-7 -0.8656610250473022 -0.5006306767463684 
vn 0.0037820355501025915 -0.950921356678009 -0.30940955877304077 
vn 0.0037820355501025915 -0.950921356678009 -0.30940955877304077 
vn 0.0037785018794238567 -0.9945066571235657 -0.10460522025823593 
vn 0.0037785018794238567 -0.9945066571235657 -0.10460522025823593 
vn -4.91271009650518e-7 -0.9945066571235657 0.10467316210269928 
vn -4.91271009650518e-7 -0.9945066571235657 0.10467316210269928 
vn -5.038475592300529e-7 -0.9509214758872986 0.30943235754966736 
vn -5.038475592300529e-7 -0.9509214758872986 0.30943235754966736 
vn -4.943424869452429e-7 -0.8656611442565918 0.5006304383277893 
vn -4.943424869452429e-7 -0.8656611442565918 0.5006304383277893 
vn -4.6317228452608106e-7 -0.7424623370170593 0.6698877811431885 
vn -4.6317228452608106e-7 -0.7424623370170593 0.6698877811431885 
vt 0.09692274034023285 0.9581829905509949 
vt 0.01623477414250374 0.9834640622138977 
vt 0.01623477414250374 0.9581829905509949 
vt 0.014826796017587185 0.9581829905509949 
vt 0.09692274034023285 0.9834640622138977 
vt 0.09833072125911713 0.9581829905509949 
vt 0.09778919070959091 0.9843246936798096 
vt 0.09930547326803207 0.9581829905509949 
vt 0.09930547326803207 0.9834640622138977 
vt 0.09865564107894897 0.985292911529541 
vt 0.09692274034023285 0.9860459566116333 
vt 0.01623477414250374 0.9860459566116333 
vt 0.01623477414250374 0.9849701523780823 
vt 0.014826796017587185 0.9860459566116333 
vt 0.014935102313756943 0.9849701523780823 
vt 0.01406865380704403 0.9849701523780823 
vt 0.014826796017587185 0.9834640622138977 
vt 0.013852042146027088 0.9581829905509949 
vt 0.013852042146027088 0.9834640622138977 
vt 0.01623477414250374 0.9581829905509949 
vt 0.01623477414250374 0.9834640622138977 
vt 0.09692274034023285 0.9581829905509949 
vt 0.09692274034023285 0.9834640622138977 
vt 0.014826796017587185 0.9581829905509949 
vt 0.014826796017587185 0.9834640622138977 
vt 0.013852042146027088 0.9581829905509949 
vt 0.013852042146027088 0.9834640622138977 
vt 0.014935102313756943 0.9849701523780823 
vt 0.01406865380704403 0.9849701523780823 
vt 0.014826796017587185 0.9860459566116333 
vt 0.01623477414250374 0.9860459566116333 
vt 0.01623477414250374 0.9849701523780823 
vt 0.09692274034023285 0.9860459566116333 
vt 0.09692274034023285 0.9849701523780823 
vt 0.09833072125911713 0.9848625659942627 
vt 0.09833072125911713 0.9858307838439941 
vt 0.09930547326803207 0.9849701523780823 
vt 0.09930547326803207 0.9834640622138977 
vt 0.09833072125911713 0.9834640622138977 
vt 0.09930547326803207 0.9581829905509949 
vt 0.09833072125911713 0.9581829905509949 
vt 0.046018924564123154 0.9681878685951233 
vt 0.046018924564123154 0.967757523059845 
vt 0.017101222649216652 0.9681878685951233 
vt 0.017101222649216652 0.967757523059845 
vt 0.015476631931960583 0.967757523059845 
vt 0.015260020270943642 0.9681878685951233 
vt 0.014285266399383545 0.967757523059845 
vt 0.01406865380704403 0.9671120643615723 
vt 0.015368325635790825 0.9671120643615723 
vt 0.017101222649216652 0.9671120643615723 
vt 0.046018924564123154 0.9671120643615723 
vt 0.046018924564123154 0.9134301543235779 
vt 0.017101222649216652 0.9134301543235779 
vt 0.016018161550164223 0.9131073951721191 
vt 0.01406865380704403 0.9134301543235779 
vt 0.014935102313756943 0.9126770496368408 
vt 0.017101222649216652 0.9124619364738464 
vt 0.046018924564123154 0.91289222240448 
vt 0.046018924564123154 0.9124619364738464 
vt 0.09833072125911713 0.9681878685951233 
vt 0.09692274034023285 0.9681878685951233 
vt 0.09822241961956024 0.967757523059845 
vt 0.09692274034023285 0.967757523059845 
vt 0.01623477414250374 0.9681878685951233 
vt 0.01623477414250374 0.967757523059845 
vt 0.09692274034023285 0.9671120643615723 
vt 0.01623477414250374 0.9671120643615723 
vt 0.01623477414250374 0.9134301543235779 
vt 0.09692274034023285 0.9134301543235779 
vt 0.09833072125911713 0.9671120643615723 
vt 0.09778919070959091 0.9131073951721191 
vt 0.09930547326803207 0.9671120643615723 
vt 0.09930547326803207 0.9134301543235779 
vt 0.09865564107894897 0.9126770496368408 
vt 0.09692274034023285 0.9124619364738464 
vt 0.01623477414250374 0.91289222240448 
vt 0.09919717162847519 0.967757523059845 
vt 0.01623477414250374 0.9124619364738464 
vt 0.014826796017587185 0.9124619364738464 
vt 0.014826796017587185 0.91289222240448 
vt 0.013852042146027088 0.91289222240448 
vt 0.014826796017587185 0.9134301543235779 
vt 0.013852042146027088 0.9134301543235779 
vt 0.014826796017587185 0.9671120643615723 
vt 0.013852042146027088 0.9671120643615723 
vt 0.014826796017587185 0.967757523059845 
vt 0.014826796017587185 0.9680802822113037 
vt 0.013852042146027088 0.967757523059845 
vt 0.04980963468551636 0.9681878685951233 
vt 0.04980963468551636 0.967757523059845 
vt 0.09605629742145538 0.9681878685951233 
vt 0.09713935852050781 0.9675423502922058 
vt 0.09822241961956024 0.9678651094436646 
vt 0.09908886253833771 0.9671120643615723 
vt 0.09713935852050781 0.9131073951721191 
vt 0.09908886253833771 0.9134301543235779 
vt 0.09822241961956024 0.9126770496368408 
vt 0.09605629742145538 0.9124619364738464 
vt 0.04980963468551636 0.91289222240448 
vt 0.04980963468551636 0.9124619364738464 
vt 0.04980963468551636 0.9671120643615723 
vt 0.09605629742145538 0.9671120643615723 
vt 0.04980963468551636 0.9134301543235779 
vt 0.09605629742145538 0.9134301543235779 
vt 0.01623477414250374 0.911816418170929 
vt 0.01623477414250374 0.91289222240448 
vt 0.014826796017587185 0.9120315909385681 
vt 0.014826796017587185 0.9129998087882996 
vt 0.01623477414250374 0.9143983721733093 
vt 0.09778919070959091 0.9135377407073975 
vt 0.09692274034023285 0.911816418170929 
vt 0.09865564107894897 0.912569522857666 
vt 0.09930547326803207 0.9143983721733093 
vt 0.09930547326803207 0.954848051071167 
vt 0.09833072125911713 0.954848051071167 
vt 0.09692274034023285 0.9143983721733093 
vt 0.09692274034023285 0.954848051071167 
vt 0.01623477414250374 0.954848051071167 
vt 0.014826796017587185 0.954848051071167 
vt 0.014826796017587185 0.9143983721733093 
vt 0.013852042146027088 0.954848051071167 
vt 0.013852042146027088 0.9143983721733093 
vt 0.013852042146027088 0.91289222240448 
vt 0.09833072125911713 0.911816418170929 
vt 0.09822241961956024 0.91289222240448 
vt 0.09692274034023285 0.911816418170929 
vt 0.09692274034023285 0.91289222240448 
vt 0.01623477414250374 0.911816418170929 
vt 0.01623477414250374 0.91289222240448 
vt 0.09692274034023285 0.9143983721733093 
vt 0.09833072125911713 0.9143983721733093 
vt 0.09833072125911713 0.954848051071167 
vt 0.09930547326803207 0.954848051071167 
vt 0.09930547326803207 0.9143983721733093 
vt 0.09919717162847519 0.91289222240448 
vt 0.09692274034023285 0.954848051071167 
vt 0.01623477414250374 0.9143983721733093 
vt 0.01623477414250374 0.954848051071167 
vt 0.014826796017587185 0.954848051071167 
vt 0.014826796017587185 0.9143983721733093 
vt 0.013852042146027088 0.954848051071167 
vt 0.013852042146027088 0.9143983721733093 
vt 0.014826796017587185 0.9129998087882996 
vt 0.013852042146027088 0.91289222240448 
vt 0.014826796017587185 0.9120315909385681 
vt 0.09930547326803207 0.9671120643615723 
vt 0.09833072125911713 0.9671120643615723 
vt 0.09930547326803207 0.9134301543235779 
vt 0.09833072125911713 0.9134301543235779 
vt 0.09692274034023285 0.9671120643615723 
vt 0.09822241961956024 0.967757523059845 
vt 0.09692274034023285 0.967757523059845 
vt 0.09833072125911713 0.9681878685951233 
vt 0.09692274034023285 0.9681878685951233 
vt 0.015368325635790825 0.9675423502922058 
vt 0.01623477414250374 0.9681878685951233 
vt 0.014610184356570244 0.9678651094436646 
vt 0.013852042146027088 0.9671120643615723 
vt 0.015368325635790825 0.9131073951721191 
vt 0.013852042146027088 0.9134301543235779 
vt 0.014610184356570244 0.9126770496368408 
vt 0.01623477414250374 0.9124619364738464 
vt 0.09692274034023285 0.91289222240448 
vt 0.09692274034023285 0.9124619364738464 
vt 0.09833072125911713 0.9124619364738464 
vt 0.09833072125911713 0.91289222240448 
vt 0.09930547326803207 0.91289222240448 
vt 0.09919717162847519 0.967757523059845 
vt 0.09692274034023285 0.9134301543235779 
vt 0.01623477414250374 0.9134301543235779 
vt 0.01623477414250374 0.9671120643615723 
vt 0.05609138309955597 0.9662514328956604 
vt 0.05793258547782898 0.9661438465118408 
vt 0.05934056267142296 0.9658210873603821 
vt 0.09692274034023285 0.9577527046203613 
vt 0.060640234500169754 0.9645301699638367 
vt 0.059232257306575775 0.9631316065788269 
vt 0.060315314680337906 0.9637771248817444 
vt 0.01623477414250374 0.9577527046203613 
vt 0.060315314680337906 0.9651756286621094 
vt 0.0578242763876915 0.9628089070320129 
vt 0.055983077734708786 0.9627013206481934 
vt 0.09183236211538315 0.9577527046203613 
vt 0.054466791450977325 0.9629164934158325 
vt 0.05327542498707771 0.9634543657302856 
vt 0.052625589072704315 0.9649604558944702 
vt 0.05327542498707771 0.9654983878135681 
vt 0.054466791450977325 0.9660362601280212 
vt 0.05251728370785713 0.9640998244285583 
vt 0.09908886253833771 0.9671120643615723 
vt 0.09887225180864334 0.967757523059845 
vt 0.09778919070959091 0.9671120643615723 
vt 0.09768088907003403 0.967757523059845 
vt 0.09605629742145538 0.9671120643615723 
vt 0.09778919070959091 0.9134301543235779 
vt 0.09908886253833771 0.9134301543235779 
vt 0.09908886253833771 0.91289222240448 
vt 0.09778919070959091 0.91289222240448 
vt 0.09778919070959091 0.9124619364738464 
vt 0.09605629742145538 0.91289222240448 
vt 0.09605629742145538 0.9124619364738464 
vt 0.04980963468551636 0.91289222240448 
vt 0.04980963468551636 0.9124619364738464 
vt 0.04980963468551636 0.9134301543235779 
vt 0.09605629742145538 0.9134301543235779 
vt 0.04980963468551636 0.9671120643615723 
vt 0.09605629742145538 0.967757523059845 
vt 0.04980963468551636 0.967757523059845 
vt 0.09605629742145538 0.9681878685951233 
vt 0.0978974997997284 0.9681878685951233 
vt 0.04980963468551636 0.9681878685951233 
vt 0.046018924564123154 0.9681878685951233 
vt 0.046018924564123154 0.967757523059845 
vt 0.017101222649216652 0.9681878685951233 
vt 0.017101222649216652 0.967757523059845 
vt 0.015368325635790825 0.967757523059845 
vt 0.015368325635790825 0.9671120643615723 
vt 0.01406865380704403 0.9671120643615723 
vt 0.01406865380704403 0.967757523059845 
vt 0.015368325635790825 0.9680802822113037 
vt 0.046018924564123154 0.9671120643615723 
vt 0.017101222649216652 0.9671120643615723 
vt 0.017101222649216652 0.9134301543235779 
vt 0.015368325635790825 0.9134301543235779 
vt 0.01406865380704403 0.9134301543235779 
vt 0.046018924564123154 0.9134301543235779 
vt 0.017101222649216652 0.91289222240448 
vt 0.015368325635790825 0.91289222240448 
vt 0.015368325635790825 0.9124619364738464 
vt 0.01406865380704403 0.91289222240448 
vt 0.017101222649216652 0.9124619364738464 
vt 0.046018924564123154 0.91289222240448 
vt 0.046018924564123154 0.9124619364738464 
vt 0.09865564107894897 0.9670044779777527 
vt 0.09930547326803207 0.9681878685951233 
vt 0.09811411052942276 0.9674347639083862 
vt 0.09833072125911713 0.9684029817581177 
vt 0.09713935852050781 0.9676499366760254 
vt 0.09692274034023285 0.9685105681419373 
vt 0.09583968669176102 0.967757523059845 
vt 0.01623477414250374 0.9685105681419373 
vt 0.01731783337891102 0.967757523059845 
vt 0.014826796017587185 0.9684029817581177 
vt 0.016018161550164223 0.9676499366760254 
vt 0.013852042146027088 0.9681878685951233 
vt 0.015043407678604126 0.9674347639083862 
vt 0.013310511596500874 0.967757523059845 
vt 0.014501878060400486 0.9670044779777527 
vt 0.09984700381755829 0.967757523059845 
vt 0.014501878060400486 0.9135377407073975 
vt 0.013852042146027088 0.9124619364738464 
vt 0.015043407678604126 0.9131073951721191 
vt 0.014826796017587185 0.9121391773223877 
vt 0.016018161550164223 0.91289222240448 
vt 0.01623477414250374 0.9121391773223877 
vt 0.01731783337891102 0.9127846360206604 
vt 0.09692274034023285 0.9121391773223877 
vt 0.09583968669176102 0.9127846360206604 
vt 0.09833072125911713 0.9121391773223877 
vt 0.09713935852050781 0.91289222240448 
vt 0.09930547326803207 0.9124619364738464 
vt 0.09811411052942276 0.9131073951721191 
vt 0.09984700381755829 0.91289222240448 
vt 0.09865564107894897 0.9135377407073975 
vt 0.013310511596500874 0.91289222240448 
vt 0.047860126942396164 0.9670044779777527 
vt 0.047860126942396164 0.9664666056632996 
vt 0.046018924564123154 0.967757523059845 
vt 0.046018924564123154 0.9671120643615723 
vt 0.047860126942396164 0.9141831994056702 
vt 0.046018924564123154 0.9134301543235779 
vt 0.047860126942396164 0.9135377407073975 
vt 0.046018924564123154 0.91289222240448 
vt 0.047860126942396164 0.9670044779777527 
vt 0.04980963468551636 0.967757523059845 
vt 0.047860126942396164 0.9664666056632996 
vt 0.04980963468551636 0.9671120643615723 
vt 0.047860126942396164 0.9141831994056702 
vt 0.04980963468551636 0.9134301543235779 
vt 0.047860126942396164 0.9135377407073975 
vt 0.04980963468551636 0.91289222240448 
vt 0.09583968669176102 0.967757523059845 
vt 0.09713935852050781 0.9676499366760254 
vt 0.09833072125911713 0.9684029817581177 
vt 0.09930547326803207 0.9681878685951233 
vt 0.09692274034023285 0.9685105681419373 
vt 0.01731783337891102 0.967757523059845 
vt 0.01623477414250374 0.9685105681419373 
vt 0.016018161550164223 0.9676499366760254 
vt 0.014826796017587185 0.9684029817581177 
vt 0.015043407678604126 0.9674347639083862 
vt 0.013852042146027088 0.9681878685951233 
vt 0.014501878060400486 0.9670044779777527 
vt 0.013310511596500874 0.967757523059845 
vt 0.09811411052942276 0.9674347639083862 
vt 0.09984700381755829 0.967757523059845 
vt 0.09865564107894897 0.9670044779777527 
vt 0.01731783337891102 0.9127846360206604 
vt 0.016018161550164223 0.91289222240448 
vt 0.014826796017587185 0.9121391773223877 
vt 0.013852042146027088 0.9124619364738464 
vt 0.01623477414250374 0.9121391773223877 
vt 0.09583968669176102 0.9127846360206604 
vt 0.09692274034023285 0.9121391773223877 
vt 0.09713935852050781 0.91289222240448 
vt 0.09833072125911713 0.9121391773223877 
vt 0.09811411052942276 0.9131073951721191 
vt 0.09930547326803207 0.9124619364738464 
vt 0.09865564107894897 0.9135377407073975 
vt 0.09984700381755829 0.91289222240448 
vt 0.015043407678604126 0.9131073951721191 
vt 0.013310511596500874 0.91289222240448 
vt 0.014501878060400486 0.9135377407073975 
vt 0.046018924564123154 0.967757523059845 
vt 0.047860126942396164 0.9670044779777527 
vt 0.046018924564123154 0.9671120643615723 
vt 0.047860126942396164 0.9664666056632996 
vt 0.046018924564123154 0.9134301543235779 
vt 0.047860126942396164 0.9141831994056702 
vt 0.046018924564123154 0.91289222240448 
vt 0.047860126942396164 0.9135377407073975 
vt 0.04980963468551636 0.967757523059845 
vt 0.047860126942396164 0.9670044779777527 
vt 0.04980963468551636 0.9671120643615723 
vt 0.047860126942396164 0.9664666056632996 
vt 0.04980963468551636 0.9134301543235779 
vt 0.047860126942396164 0.9141831994056702 
vt 0.04980963468551636 0.91289222240448 
vt 0.047860126942396164 0.9135377407073975 
vt 0.06822165101766586 0.9109557867050171 
vt 0.07136252522468567 0.9109557867050171 
vt 0.06822165101766586 0.9142907857894897 
vt 0.07136252522468567 0.9142907857894897 
vt 0.07526154071092606 0.9109557867050171 
vt 0.07526154071092606 0.9142907857894897 
vt 0.07916056364774704 0.9109557867050171 
vt 0.07916056364774704 0.9142907857894897 
vt 0.08240973949432373 0.9109557867050171 
vt 0.08240973949432373 0.9142907857894897 
vt 0.08457586169242859 0.9142907857894897 
vt 0.08457586169242859 0.9109557867050171 
vt 0.081976518034935 0.9142907857894897 
vt 0.081976518034935 0.9109557867050171 
vt 0.07883564382791519 0.9142907857894897 
vt 0.07883564382791519 0.9109557867050171 
vt 0.07591138035058975 0.9142907857894897 
vt 0.07591138035058975 0.9109557867050171 
vt 0.07352864742279053 0.9142907857894897 
vt 0.07352864742279053 0.9109557867050171 
vt 0.06962963193655014 0.9142907857894897 
vt 0.06962963193655014 0.9109557867050171 
vt 0.07331203669309616 0.9142907857894897 
vt 0.07331203669309616 0.9109557867050171 
vt 0.07721105217933655 0.9142907857894897 
vt 0.07721105217933655 0.9109557867050171 
vt 0.08089345693588257 0.9142907857894897 
vt 0.08089345693588257 0.9109557867050171 
vt 0.07352864742279053 0.9142907857894897 
vt 0.07352864742279053 0.9109557867050171 
vt 0.07591138035058975 0.9142907857894897 
vt 0.07591138035058975 0.9109557867050171 
vt 0.07883564382791519 0.9142907857894897 
vt 0.07883564382791519 0.9109557867050171 
vt 0.081976518034935 0.9142907857894897 
vt 0.081976518034935 0.9109557867050171 
vt 0.08457586169242859 0.9142907857894897 
vt 0.08457586169242859 0.9109557867050171 
vt 0.08316788077354431 0.9281684756278992 
vt 0.08121837675571442 0.9269850850105286 
vt 0.08446755260229111 0.9302124381065369 
vt 0.07905225455760956 0.9267699122428894 
vt 0.07699444144964218 0.9275229573249817 
vt 0.07536984980106354 0.9291366934776306 
vt 0.07439509779214859 0.9313958287239075 
vt 0.07439509779214859 0.9338701367378235 
vt 0.07536984980106354 0.9361292719841003 
vt 0.07699444144964218 0.9377430081367493 
vt 0.07905225455760956 0.9384960532188416 
vt 0.08121837675571442 0.9382808804512024 
vt 0.08316788077354431 0.9369899034500122 
vt 0.08446755260229111 0.9350535273551941 
vt 0.08490078151226044 0.9325792193412781 
vt 0.0870668962597847 0.9325792193412781 
vt 0.0864170640707016 0.9360217452049255 
vt 0.08490078151226044 0.9325792193412781 
vt 0.08446755260229111 0.9350535273551941 
vt 0.0864170640707016 0.9292442202568054 
vt 0.0870668962597847 0.9325792193412781 
vt 0.08446755260229111 0.9302124381065369 
vt 0.08490078151226044 0.9325792193412781 
vt 0.08446755260229111 0.9302124381065369 
vt 0.08316788077354431 0.9281684756278992 
vt 0.0864170640707016 0.9292442202568054 
vt 0.08457586169242859 0.9264472126960754 
vt 0.08121837675571442 0.9269850850105286 
vt 0.081976518034935 0.9247259497642517 
vt 0.07905225455760956 0.9267699122428894 
vt 0.07883564382791519 0.9242956042289734 
vt 0.07699444144964218 0.9275229573249817 
vt 0.07591138035058975 0.9253714084625244 
vt 0.07352864742279053 0.9277381300926208 
vt 0.07536984980106354 0.9291366934776306 
vt 0.07591138035058975 0.9253714084625244 
vt 0.07699444144964218 0.9275229573249817 
vt 0.07233728468418121 0.9308579564094543 
vt 0.07439509779214859 0.9313958287239075 
vt 0.07352864742279053 0.9277381300926208 
vt 0.07536984980106354 0.9291366934776306 
vt 0.07233728468418121 0.9343004822731018 
vt 0.07439509779214859 0.9338701367378235 
vt 0.07233728468418121 0.9308579564094543 
vt 0.07439509779214859 0.9313958287239075 
vt 0.07439509779214859 0.9338701367378235 
vt 0.07233728468418121 0.9343004822731018 
vt 0.07536984980106354 0.9361292719841003 
vt 0.07352864742279053 0.9375278353691101 
vt 0.07699444144964218 0.9377430081367493 
vt 0.07591138035058975 0.939786970615387 
vt 0.07905225455760956 0.9384960532188416 
vt 0.07883564382791519 0.940862774848938 
vt 0.08121837675571442 0.9382808804512024 
vt 0.081976518034935 0.9405400156974792 
vt 0.08316788077354431 0.9369899034500122 
vt 0.08457586169242859 0.9388187527656555 
vt 0.0864170640707016 0.9360217452049255 
vt 0.08446755260229111 0.9350535273551941 
vt 0.08457586169242859 0.9388187527656555 
vt 0.08316788077354431 0.9369899034500122 
vt 0.07027947157621384 0.9119240045547485 
vt 0.07027947157621384 0.9109557867050171 
vt 0.07255389541387558 0.9119240045547485 
vt 0.07255389541387558 0.9109557867050171 
vt 0.07526154071092606 0.9119240045547485 
vt 0.07526154071092606 0.9109557867050171 
vt 0.07807750254869461 0.9119240045547485 
vt 0.07807750254869461 0.9109557867050171 
vt 0.08035192638635635 0.9119240045547485 
vt 0.08035192638635635 0.9109557867050171 
vt 0.08316788077354431 0.9119240045547485 
vt 0.08316788077354431 0.9109557867050171 
vt 0.08121837675571442 0.9119240045547485 
vt 0.08121837675571442 0.9109557867050171 
vt 0.07905225455760956 0.9119240045547485 
vt 0.07905225455760956 0.9109557867050171 
vt 0.07699444144964218 0.9119240045547485 
vt 0.07699444144964218 0.9109557867050171 
vt 0.07536984980106354 0.9119240045547485 
vt 0.07536984980106354 0.9109557867050171 
vt 0.07926886528730392 0.9119240045547485 
vt 0.07926886528730392 0.9109557867050171 
vt 0.07666952162981033 0.9119240045547485 
vt 0.07666952162981033 0.9109557867050171 
vt 0.07385356724262238 0.9119240045547485 
vt 0.07385356724262238 0.9109557867050171 
vt 0.07125422358512878 0.9119240045547485 
vt 0.07125422358512878 0.9109557867050171 
vt 0.07536984980106354 0.9119240045547485 
vt 0.07536984980106354 0.9109557867050171 
vt 0.07699444144964218 0.9119240045547485 
vt 0.07699444144964218 0.9109557867050171 
vt 0.07905225455760956 0.9119240045547485 
vt 0.07905225455760956 0.9109557867050171 
vt 0.08121837675571442 0.9119240045547485 
vt 0.08121837675571442 0.9109557867050171 
vt 0.08316788077354431 0.9119240045547485 
vt 0.08316788077354431 0.9109557867050171 
vt 0.06822165101766586 0.9109557867050171 
vt 0.06822165101766586 0.9142907857894897 
vt 0.07136252522468567 0.9109557867050171 
vt 0.07136252522468567 0.9142907857894897 
vt 0.07526154071092606 0.9109557867050171 
vt 0.07526154071092606 0.9142907857894897 
vt 0.07916056364774704 0.9109557867050171 
vt 0.07916056364774704 0.9142907857894897 
vt 0.08240973949432373 0.9109557867050171 
vt 0.08240973949432373 0.9142907857894897 
vt 0.06150668114423752 0.9142907857894897 
vt 0.06150668114423752 0.9109557867050171 
vt 0.058799032121896744 0.9142907857894897 
vt 0.058799032121896744 0.9109557867050171 
vt 0.05576646327972412 0.9142907857894897 
vt 0.05576646327972412 0.9109557867050171 
vt 0.0527338944375515 0.9142907857894897 
vt 0.0527338944375515 0.9109557867050171 
vt 0.050459470599889755 0.9142907857894897 
vt 0.050459470599889755 0.9109557867050171 
vt 0.06962963193655014 0.9142907857894897 
vt 0.06962963193655014 0.9109557867050171 
vt 0.07331203669309616 0.9142907857894897 
vt 0.07331203669309616 0.9109557867050171 
vt 0.07721105217933655 0.9142907857894897 
vt 0.07721105217933655 0.9109557867050171 
vt 0.08089345693588257 0.9142907857894897 
vt 0.08089345693588257 0.9109557867050171 
vt 0.050459470599889755 0.9142907857894897 
vt 0.050459470599889755 0.9109557867050171 
vt 0.0527338944375515 0.9142907857894897 
vt 0.0527338944375515 0.9109557867050171 
vt 0.05576646327972412 0.9142907857894897 
vt 0.05576646327972412 0.9109557867050171 
vt 0.058799032121896744 0.9142907857894897 
vt 0.058799032121896744 0.9109557867050171 
vt 0.06150668114423752 0.9142907857894897 
vt 0.06150668114423752 0.9109557867050171 
vt 0.06009870395064354 0.9281684756278992 
vt 0.058149196207523346 0.9269850850105286 
vt 0.061398375779390335 0.9302124381065369 
vt 0.055983077734708786 0.9267699122428894 
vt 0.05381695553660393 0.9275229573249817 
vt 0.05219236761331558 0.9291366934776306 
vt 0.05132591724395752 0.9313958287239075 
vt 0.05132591724395752 0.9338701367378235 
vt 0.05219236761331558 0.9361292719841003 
vt 0.05381695553660393 0.9377430081367493 
vt 0.055983077734708786 0.9384960532188416 
vt 0.058149196207523346 0.9382808804512024 
vt 0.06009870395064354 0.9369899034500122 
vt 0.061398375779390335 0.9350535273551941 
vt 0.061831600964069366 0.9325792193412781 
vt 0.06334788352251053 0.9292442202568054 
vt 0.06399772316217422 0.9325792193412781 
vt 0.061398375779390335 0.9302124381065369 
vt 0.061831600964069366 0.9325792193412781 
vt 0.06334788352251053 0.9360217452049255 
vt 0.061398375779390335 0.9350535273551941 
vt 0.06150668114423752 0.9388187527656555 
vt 0.06009870395064354 0.9369899034500122 
vt 0.058799032121896744 0.9405400156974792 
vt 0.058149196207523346 0.9382808804512024 
vt 0.05576646327972412 0.940862774848938 
vt 0.055983077734708786 0.9384960532188416 
vt 0.0527338944375515 0.939786970615387 
vt 0.05381695553660393 0.9377430081367493 
vt 0.050459470599889755 0.9375278353691101 
vt 0.05219236761331558 0.9361292719841003 
vt 0.04915979877114296 0.9343004822731018 
vt 0.05132591724395752 0.9338701367378235 
vt 0.04915979877114296 0.9308579564094543 
vt 0.05132591724395752 0.9313958287239075 
vt 0.050459470599889755 0.9277381300926208 
vt 0.05219236761331558 0.9291366934776306 
vt 0.0527338944375515 0.9253714084625244 
vt 0.05381695553660393 0.9275229573249817 
vt 0.06150668114423752 0.9264472126960754 
vt 0.06009870395064354 0.9281684756278992 
vt 0.06334788352251053 0.9292442202568054 
vt 0.061398375779390335 0.9302124381065369 
vt 0.058799032121896744 0.9247259497642517 
vt 0.058149196207523346 0.9269850850105286 
vt 0.06150668114423752 0.9264472126960754 
vt 0.06009870395064354 0.9281684756278992 
vt 0.05576646327972412 0.9242956042289734 
vt 0.055983077734708786 0.9267699122428894 
vt 0.058799032121896744 0.9247259497642517 
vt 0.058149196207523346 0.9269850850105286 
vt 0.0527338944375515 0.9253714084625244 
vt 0.05381695553660393 0.9275229573249817 
vt 0.05576646327972412 0.9242956042289734 
vt 0.055983077734708786 0.9267699122428894 
vt 0.07027947157621384 0.9119240045547485 
vt 0.07027947157621384 0.9109557867050171 
vt 0.07255389541387558 0.9119240045547485 
vt 0.07255389541387558 0.9109557867050171 
vt 0.07526154071092606 0.9119240045547485 
vt 0.07526154071092606 0.9109557867050171 
vt 0.07807750254869461 0.9119240045547485 
vt 0.07807750254869461 0.9109557867050171 
vt 0.08035192638635635 0.9119240045547485 
vt 0.08035192638635635 0.9109557867050171 
vt 0.06009870395064354 0.9119240045547485 
vt 0.06009870395064354 0.9109557867050171 
vt 0.058149196207523346 0.9119240045547485 
vt 0.058149196207523346 0.9109557867050171 
vt 0.055983077734708786 0.9119240045547485 
vt 0.055983077734708786 0.9109557867050171 
vt 0.05381695553660393 0.9119240045547485 
vt 0.05381695553660393 0.9109557867050171 
vt 0.05219236761331558 0.9119240045547485 
vt 0.05219236761331558 0.9109557867050171 
vt 0.07926886528730392 0.9119240045547485 
vt 0.07926886528730392 0.9109557867050171 
vt 0.07666952162981033 0.9119240045547485 
vt 0.07666952162981033 0.9109557867050171 
vt 0.07385356724262238 0.9119240045547485 
vt 0.07385356724262238 0.9109557867050171 
vt 0.07125422358512878 0.9119240045547485 
vt 0.07125422358512878 0.9109557867050171 
vt 0.05219236761331558 0.9119240045547485 
vt 0.05219236761331558 0.9109557867050171 
vt 0.05381695553660393 0.9119240045547485 
vt 0.05381695553660393 0.9109557867050171 
vt 0.055983077734708786 0.9119240045547485 
vt 0.055983077734708786 0.9109557867050171 
vt 0.058149196207523346 0.9119240045547485 
vt 0.058149196207523346 0.9109557867050171 
vt 0.06009870395064354 0.9119240045547485 
vt 0.06009870395064354 0.9109557867050171 
vt 0.06822165101766586 0.9109557867050171 
vt 0.06822165101766586 0.9142907857894897 
vt 0.07136252522468567 0.9109557867050171 
vt 0.07136252522468567 0.9142907857894897 
vt 0.07526154071092606 0.9109557867050171 
vt 0.07526154071092606 0.9142907857894897 
vt 0.07916056364774704 0.9109557867050171 
vt 0.07916056364774704 0.9142907857894897 
vt 0.08240973949432373 0.9109557867050171 
vt 0.08240973949432373 0.9142907857894897 
vt 0.038437504321336746 0.9142907857894897 
vt 0.038437504321336746 0.9109557867050171 
vt 0.03572985529899597 0.9142907857894897 
vt 0.03572985529899597 0.9109557867050171 
vt 0.032588981091976166 0.9142907857894897 
vt 0.032588981091976166 0.9109557867050171 
vt 0.029664717614650726 0.9142907857894897 
vt 0.029664717614650726 0.9109557867050171 
vt 0.027390291914343834 0.9142907857894897 
vt 0.027390291914343834 0.9109557867050171 
vt 0.06962963193655014 0.9142907857894897 
vt 0.06962963193655014 0.9109557867050171 
vt 0.07331203669309616 0.9142907857894897 
vt 0.07331203669309616 0.9109557867050171 
vt 0.07721105217933655 0.9142907857894897 
vt 0.07721105217933655 0.9109557867050171 
vt 0.08089345693588257 0.9142907857894897 
vt 0.08089345693588257 0.9109557867050171 
vt 0.027390291914343834 0.9142907857894897 
vt 0.027390291914343834 0.9109557867050171 
vt 0.029664717614650726 0.9142907857894897 
vt 0.029664717614650726 0.9109557867050171 
vt 0.032588981091976166 0.9142907857894897 
vt 0.032588981091976166 0.9109557867050171 
vt 0.03572985529899597 0.9142907857894897 
vt 0.03572985529899597 0.9109557867050171 
vt 0.038437504321336746 0.9142907857894897 
vt 0.038437504321336746 0.9109557867050171 
vt 0.036921221762895584 0.9281684756278992 
vt 0.035080019384622574 0.9269850850105286 
vt 0.03822089359164238 0.9302124381065369 
vt 0.03280559182167053 0.9267699122428894 
vt 0.030747778713703156 0.9275229573249817 
vt 0.02912318892776966 0.9291366934776306 
vt 0.028256740421056747 0.9313958287239075 
vt 0.028256740421056747 0.9338701367378235 
vt 0.02912318892776966 0.9361292719841003 
vt 0.030747778713703156 0.9377430081367493 
vt 0.03280559182167053 0.9384960532188416 
vt 0.035080019384622574 0.9382808804512024 
vt 0.036921221762895584 0.9369899034500122 
vt 0.03822089359164238 0.9350535273551941 
vt 0.038762420415878296 0.9325792193412781 
vt 0.040278706699609756 0.9360217452049255 
vt 0.038762420415878296 0.9325792193412781 
vt 0.04082023724913597 0.9325792193412781 
vt 0.03822089359164238 0.9302124381065369 
vt 0.03822089359164238 0.9350535273551941 
vt 0.038437504321336746 0.9388187527656555 
vt 0.036921221762895584 0.9369899034500122 
vt 0.03572985529899597 0.9405400156974792 
vt 0.035080019384622574 0.9382808804512024 
vt 0.032588981091976166 0.940862774848938 
vt 0.03280559182167053 0.9384960532188416 
vt 0.029664717614650726 0.939786970615387 
vt 0.030747778713703156 0.9377430081367493 
vt 0.027390291914343834 0.9375278353691101 
vt 0.02912318892776966 0.9361292719841003 
vt 0.02609062008559704 0.9343004822731018 
vt 0.028256740421056747 0.9338701367378235 
vt 0.02609062008559704 0.9308579564094543 
vt 0.028256740421056747 0.9313958287239075 
vt 0.027390291914343834 0.9277381300926208 
vt 0.02912318892776966 0.9291366934776306 
vt 0.029664717614650726 0.9253714084625244 
vt 0.030747778713703156 0.9275229573249817 
vt 0.032588981091976166 0.9242956042289734 
vt 0.03280559182167053 0.9267699122428894 
vt 0.03572985529899597 0.9247259497642517 
vt 0.035080019384622574 0.9269850850105286 
vt 0.038437504321336746 0.9264472126960754 
vt 0.036921221762895584 0.9281684756278992 
vt 0.040278706699609756 0.9292442202568054 
vt 0.07027947157621384 0.9119240045547485 
vt 0.07255389541387558 0.9119240045547485 
vt 0.07027947157621384 0.9109557867050171 
vt 0.07255389541387558 0.9109557867050171 
vt 0.07526154071092606 0.9119240045547485 
vt 0.07526154071092606 0.9109557867050171 
vt 0.07807750254869461 0.9119240045547485 
vt 0.07807750254869461 0.9109557867050171 
vt 0.08035192638635635 0.9119240045547485 
vt 0.08035192638635635 0.9109557867050171 
vt 0.036921221762895584 0.9119240045547485 
vt 0.036921221762895584 0.9109557867050171 
vt 0.035080019384622574 0.9119240045547485 
vt 0.035080019384622574 0.9109557867050171 
vt 0.03280559182167053 0.9119240045547485 
vt 0.03280559182167053 0.9109557867050171 
vt 0.030747778713703156 0.9119240045547485 
vt 0.030747778713703156 0.9109557867050171 
vt 0.02912318892776966 0.9119240045547485 
vt 0.02912318892776966 0.9109557867050171 
vt 0.07926886528730392 0.9119240045547485 
vt 0.07926886528730392 0.9109557867050171 
vt 0.07666952162981033 0.9119240045547485 
vt 0.07666952162981033 0.9109557867050171 
vt 0.07385356724262238 0.9119240045547485 
vt 0.07385356724262238 0.9109557867050171 
vt 0.07125422358512878 0.9119240045547485 
vt 0.07125422358512878 0.9109557867050171 
vt 0.02912318892776966 0.9119240045547485 
vt 0.02912318892776966 0.9109557867050171 
vt 0.030747778713703156 0.9119240045547485 
vt 0.030747778713703156 0.9109557867050171 
vt 0.03280559182167053 0.9119240045547485 
vt 0.03280559182167053 0.9109557867050171 
vt 0.035080019384622574 0.9119240045547485 
vt 0.035080019384622574 0.9109557867050171 
vt 0.036921221762895584 0.9119240045547485 
vt 0.036921221762895584 0.9109557867050171 
vt 0.2790934443473816 0.6911719441413879 
vt 0.2600315809249878 0.6740668416023254 
vt 0.3523083031177521 0.7569026947021484 
vt 0.21638426184654236 0.5763851404190063 
vt 0.11024437844753265 0.8838459253311157 
vt 0.5939390063285828 0.7821837663650513 
vt 0.8505159020423889 0.8838459253311157 
vt 0.70159512758255 0.7203258275985718 
vt 0.7745934128761292 0.6201697587966919 
vt 0.8003702163696289 0.4991433918476105 
vt 0.9002283215522766 0.10572700202465057 
vt 0.70159512758255 0.277853399515152 
vt 0.5331792831420898 0.20964831113815308 
vt 0.5939390063285828 0.21599547564983368 
vt 0.2454102635383606 0.6413628458976746 
vt 0.470470130443573 0.7950932383537292 
vt 0.9002283215522766 0.8838459253311157 
vt 0.7745934128761292 0.3780094385147095 
vt 0.11024437844753265 0.10572700202465057 
vt 0.3523083031177521 0.2412765473127365 
vt 0.20945267379283905 0.4371778964996338 
vt 0.2600315809249878 0.3241123557090759 
vt 0.470470130443573 0.2030859887599945 
vt 0.20945267379283905 0.5610013008117676 
vt 0.05316711962223053 0.9147210717201233 
vt 0.05425018072128296 0.9142907857894897 
vt 0.05251728370785713 0.915366530418396 
vt 0.05251728370785713 0.9161196351051331 
vt 0.05349203944206238 0.9168726801872253 
vt 0.054466791450977325 0.9173029661178589 
vt 0.05619968846440315 0.917518138885498 
vt 0.0578242763876915 0.9174105525016785 
vt 0.059232257306575775 0.9170877933502197 
vt 0.060315314680337906 0.916442334651947 
vt 0.060640234500169754 0.9157968759536743 
vt 0.060315314680337906 0.915043830871582 
vt 0.059232257306575775 0.9143983721733093 
vt 0.0578242763876915 0.9140756130218506 
vt 0.05576646327972412 0.9140756130218506 
vt 0.054466791450977325 0.9173029661178589 
vt 0.05619968846440315 0.917518138885498 
vt 0.05349203944206238 0.9168726801872253 
vt 0.05251728370785713 0.915366530418396 
vt 0.05251728370785713 0.9161196351051331 
vt 0.05316711962223053 0.9147210717201233 
vt 0.05425018072128296 0.9142907857894897 
vt 0.05576646327972412 0.9140756130218506 
vt 0.0578242763876915 0.9140756130218506 
vt 0.060315314680337906 0.915043830871582 
vt 0.060315314680337906 0.916442334651947 
vt 0.060640234500169754 0.9157968759536743 
vt 0.059232257306575775 0.9143983721733093 
vt 0.09692274034023285 0.923004686832428 
vt 0.059232257306575775 0.9170877933502197 
vt 0.0578242763876915 0.9174105525016785 
vt 0.01623477414250374 0.923004686832428 
vt 0.05934056267142296 0.9658210873603821 
vt 0.060315314680337906 0.9651756286621094 
vt 0.05793258547782898 0.9661438465118408 
vt 0.060640234500169754 0.9645301699638367 
vt 0.060315314680337906 0.9637771248817444 
vt 0.059232257306575775 0.9631316065788269 
vt 0.0578242763876915 0.9628089070320129 
vt 0.055983077734708786 0.9627013206481934 
vt 0.054466791450977325 0.9629164934158325 
vt 0.05327542498707771 0.9634543657302856 
vt 0.05251728370785713 0.9640998244285583 
vt 0.052625589072704315 0.9649604558944702 
vt 0.05327542498707771 0.9654983878135681 
vt 0.054466791450977325 0.9660362601280212 
vt 0.05609138309955597 0.9662514328956604 
vt 0.013093899935483932 0.9143983721733093 
vt 0.013093899935483932 0.915043830871582 
vt 0.027823515236377716 0.9143983721733093 
vt 0.027823515236377716 0.915043830871582 
vt 0.013093899935483932 0.9157968759536743 
vt 0.027823515236377716 0.9157968759536743 
vt 0.013093899935483932 0.916442334651947 
vt 0.027823515236377716 0.916442334651947 
vt 0.013093899935483932 0.9170877933502197 
vt 0.027823515236377716 0.9170877933502197 
vt 0.059232257306575775 0.9739971160888672 
vt 0.059232257306575775 0.9869065880775452 
vt 0.0578242763876915 0.9739971160888672 
vt 0.0578242763876915 0.9869065880775452 
vt 0.05576646327972412 0.9739971160888672 
vt 0.05576646327972412 0.9869065880775452 
vt 0.05425018072128296 0.9739971160888672 
vt 0.05425018072128296 0.9869065880775452 
vt 0.05316711962223053 0.9739971160888672 
vt 0.05316711962223053 0.9869065880775452 
vt 0.027823515236377716 0.9147210717201233 
vt 0.013093899935483932 0.9147210717201233 
vt 0.027823515236377716 0.915366530418396 
vt 0.013093899935483932 0.915366530418396 
vt 0.027823515236377716 0.9161196351051331 
vt 0.013093899935483932 0.9161196351051331 
vt 0.027823515236377716 0.9168726801872253 
vt 0.013093899935483932 0.9168726801872253 
vt 0.05349203944206238 0.9739971160888672 
vt 0.05349203944206238 0.9869065880775452 
vt 0.054466791450977325 0.9739971160888672 
vt 0.054466791450977325 0.9869065880775452 
vt 0.05619968846440315 0.9739971160888672 
vt 0.05619968846440315 0.9869065880775452 
vt 0.0578242763876915 0.9739971160888672 
vt 0.0578242763876915 0.9869065880775452 
vt 0.059232257306575775 0.9739971160888672 
vt 0.059232257306575775 0.9869065880775452 
vt 0.013093899935483932 0.9631316065788269 
vt 0.027823515236377716 0.9631316065788269 
vt 0.013093899935483932 0.9637771248817444 
vt 0.027823515236377716 0.9637771248817444 
vt 0.013093899935483932 0.9645301699638367 
vt 0.027823515236377716 0.9645301699638367 
vt 0.013093899935483932 0.9651756286621094 
vt 0.027823515236377716 0.9651756286621094 
vt 0.013093899935483932 0.9658210873603821 
vt 0.027823515236377716 0.9658210873603821 
vt 0.059232257306575775 0.9739971160888672 
vt 0.059232257306575775 0.9869065880775452 
vt 0.0578242763876915 0.9739971160888672 
vt 0.0578242763876915 0.9869065880775452 
vt 0.055983077734708786 0.9739971160888672 
vt 0.055983077734708786 0.9869065880775452 
vt 0.054466791450977325 0.9739971160888672 
vt 0.054466791450977325 0.9869065880775452 
vt 0.05327542498707771 0.9739971160888672 
vt 0.05327542498707771 0.9869065880775452 
vt 0.027823515236377716 0.9634543657302856 
vt 0.013093899935483932 0.9634543657302856 
vt 0.027823515236377716 0.9640998244285583 
vt 0.013093899935483932 0.9640998244285583 
vt 0.027823515236377716 0.9649604558944702 
vt 0.013093899935483932 0.9649604558944702 
vt 0.027823515236377716 0.9654983878135681 
vt 0.013093899935483932 0.9654983878135681 
vt 0.05327542498707771 0.9739971160888672 
vt 0.05327542498707771 0.9869065880775452 
vt 0.054466791450977325 0.9739971160888672 
vt 0.054466791450977325 0.9869065880775452 
vt 0.05609138309955597 0.9739971160888672 
vt 0.05609138309955597 0.9869065880775452 
vt 0.05793258547782898 0.9739971160888672 
vt 0.05793258547782898 0.9869065880775452 
vt 0.059232257306575775 0.9739971160888672 
vt 0.059232257306575775 0.9869065880775452 
vt 0.2873246967792511 0.7927265167236328 
vt 0.2873246967792511 0.7826140522956848 
vt 0.18335093557834625 0.7826140522956848 
vt 0.18335093557834625 0.7730395197868347 
vt 0.18335093557834625 0.7927265167236328 
vt 0.2873246967792511 0.802838921546936 
vt 0.18335093557834625 0.802838921546936 
vt 0.2873246967792511 0.8125210404396057 
vt 0.18335093557834625 0.8125210404396057 
vt 0.2873246967792511 0.821234941482544 
vt 0.18335093557834625 0.821234941482544 
vt 0.2873246967792511 0.8287654519081116 
vt 0.18335093557834625 0.8287654519081116 
vt 0.2873246967792511 0.7730395197868347 
vt 0.18335093557834625 0.7642180323600769 
vt 0.2873246967792511 0.7642180323600769 
vt 0.18335093557834625 0.7566875219345093 
vt 0.2873246967792511 0.7566875219345093 
vt 0.2701040506362915 0.8410294651985168 
vt 0.2701040506362915 0.7445310950279236 
vt 0.2613312602043152 0.8410294651985168 
vt 0.2613312602043152 0.7445310950279236 
vt 0.25136709213256836 0.8410294651985168 
vt 0.25136709213256836 0.7445310950279236 
vt 0.24075311422348022 0.8410294651985168 
vt 0.24075311422348022 0.7445310950279236 
vt 0.22992251813411713 0.8410294651985168 
vt 0.22992251813411713 0.7445310950279236 
vt 0.2192002236843109 0.8410294651985168 
vt 0.2192002236843109 0.7445310950279236 
vt 0.20934437215328217 0.8410294651985168 
vt 0.20934437215328217 0.7445310950279236 
vt 0.20057158172130585 0.8410294651985168 
vt 0.20057158172130585 0.7445310950279236 
vt 0.18335093557834625 0.7566875219345093 
vt 0.2873246967792511 0.7566875219345093 
vt 0.18335093557834625 0.7642180323600769 
vt 0.2873246967792511 0.7642180323600769 
vt 0.18335093557834625 0.7730395197868347 
vt 0.2873246967792511 0.7730395197868347 
vt 0.18335093557834625 0.7826140522956848 
vt 0.2873246967792511 0.7826140522956848 
vt 0.18335093557834625 0.7927265167236328 
vt 0.2873246967792511 0.7927265167236328 
vt 0.18335093557834625 0.802838921546936 
vt 0.2873246967792511 0.802838921546936 
vt 0.18335093557834625 0.8125210404396057 
vt 0.2873246967792511 0.8125210404396057 
vt 0.18335093557834625 0.821234941482544 
vt 0.2873246967792511 0.821234941482544 
vt 0.18335093557834625 0.8287654519081116 
vt 0.2873246967792511 0.8287654519081116 
vt 0.20057158172130585 0.8410294651985168 
vt 0.20057158172130585 0.7445310950279236 
vt 0.20934437215328217 0.8410294651985168 
vt 0.20934437215328217 0.7445310950279236 
vt 0.2192002236843109 0.8410294651985168 
vt 0.2192002236843109 0.7445310950279236 
vt 0.22992251813411713 0.8410294651985168 
vt 0.22992251813411713 0.7445310950279236 
vt 0.24075311422348022 0.8410294651985168 
vt 0.24075311422348022 0.7445310950279236 
vt 0.25136709213256836 0.8410294651985168 
vt 0.25136709213256836 0.7445310950279236 
vt 0.2613312602043152 0.8410294651985168 
vt 0.2613312602043152 0.7445310950279236 
vt 0.2701040506362915 0.8410294651985168 
vt 0.2701040506362915 0.7445310950279236 
vt 0.6343371272087097 0.4681606590747833 
vt 0.6252394318580627 0.43857643008232117 
vt 0.637369692325592 0.4990358352661133 
vt 0.6104015111923218 0.4115740954875946 
vt 0.5906897783279419 0.388552188873291 
vt 0.5668624639511108 0.3702637553215027 
vt 0.5398942828178406 0.3575694262981415 
vt 0.5109765529632568 0.3511146903038025 
vt 0.48151734471321106 0.3511146903038025 
vt 0.4525996446609497 0.3575694262981415 
vt 0.42563146352767944 0.3702637553215027 
vt 0.401804119348526 0.388552188873291 
vt 0.3820924460887909 0.4115740954875946 
vt 0.3673628270626068 0.43857643008232117 
vt 0.35815683007240295 0.4681606590747833 
vt 0.35512423515319824 0.4990358352661133 
vt 0.35815683007240295 0.5300185680389404 
vt 0.3673628270626068 0.5596027970314026 
vt 0.3820924460887909 0.5864975452423096 
vt 0.401804119348526 0.6096270084381104 
vt 0.42563146352767944 0.6279154419898987 
vt 0.4525996446609497 0.6406098008155823 
vt 0.48151734471321106 0.6470645070075989 
vt 0.5109765529632568 0.6470645070075989 
vt 0.5398942828178406 0.6406098008155823 
vt 0.5668624639511108 0.6279154419898987 
vt 0.5906897783279419 0.6096270084381104 
vt 0.6104015111923218 0.5864975452423096 
vt 0.6252394318580627 0.5596027970314026 
vt 0.6343371272087097 0.5300185680389404 
vt 0.3217659890651703 0.4990358352661133 
vt 0.3217659890651703 0.46159833669662476 
vt 0.3661714494228363 0.46084529161453247 
vt 0.3661714494228363 0.4242684245109558 
vt 0.3661714494228363 0.4990358352661133 
vt 0.3217659890651703 0.5365809202194214 
vt 0.3661714494228363 0.5373339653015137 
vt 0.3217659890651703 0.572404682636261 
vt 0.3661714494228363 0.5739108324050903 
vt 0.3217659890651703 0.6050011515617371 
vt 0.3661714494228363 0.6071527004241943 
vt 0.3217659890651703 0.6330792307853699 
vt 0.3661714494228363 0.635768711566925 
vt 0.3217659890651703 0.4257745146751404 
vt 0.3661714494228363 0.39091894030570984 
vt 0.3217659890651703 0.3930705189704895 
vt 0.3661714494228363 0.3624104857444763 
vt 0.3217659890651703 0.3650999665260315 
vt 0.6130008101463318 0.6353384256362915 
vt 0.6107264161109924 0.6820276975631714 
vt 0.5835416316986084 0.6353384256362915 
vt 0.5818086862564087 0.6820276975631714 
vt 0.5501833558082581 0.6353384256362915 
vt 0.5491002798080444 0.6820276975631714 
vt 0.5145506858825684 0.6353384256362915 
vt 0.5141174793243408 0.6820276975631714 
vt 0.4780515432357788 0.6353384256362915 
vt 0.47837647795677185 0.6820276975631714 
vt 0.4423105716705322 0.6353384256362915 
vt 0.44339364767074585 0.6820276975631714 
vt 0.4089523255825043 0.6353384256362915 
vt 0.4106852114200592 0.6820276975631714 
vt 0.3794930875301361 0.6353384256362915 
vt 0.38176751136779785 0.6820276975631714 
vt 0.3661714494228363 0.3624104857444763 
vt 0.3217659890651703 0.3650999665260315 
vt 0.3661714494228363 0.39091894030570984 
vt 0.3217659890651703 0.3930705189704895 
vt 0.3661714494228363 0.4242684245109558 
vt 0.3217659890651703 0.4257745146751404 
vt 0.3661714494228363 0.46084529161453247 
vt 0.3217659890651703 0.46159833669662476 
vt 0.3661714494228363 0.4990358352661133 
vt 0.3217659890651703 0.4990358352661133 
vt 0.3661714494228363 0.5373339653015137 
vt 0.3217659890651703 0.5365809202194214 
vt 0.3661714494228363 0.5739108324050903 
vt 0.3217659890651703 0.572404682636261 
vt 0.3661714494228363 0.6071527004241943 
vt 0.3217659890651703 0.6050011515617371 
vt 0.3661714494228363 0.635768711566925 
vt 0.3217659890651703 0.6330792307853699 
vt 0.3794930875301361 0.6353384256362915 
vt 0.38176751136779785 0.6820276975631714 
vt 0.4089523255825043 0.6353384256362915 
vt 0.4106852114200592 0.6820276975631714 
vt 0.4423105716705322 0.6353384256362915 
vt 0.44339364767074585 0.6820276975631714 
vt 0.4780515432357788 0.6353384256362915 
vt 0.47837647795677185 0.6820276975631714 
vt 0.5145506858825684 0.6353384256362915 
vt 0.5141174793243408 0.6820276975631714 
vt 0.5501833558082581 0.6353384256362915 
vt 0.5491002798080444 0.6820276975631714 
vt 0.5835416316986084 0.6353384256362915 
vt 0.5818086862564087 0.6820276975631714 
vt 0.6130008101463318 0.6353384256362915 
vt 0.6107264161109924 0.6820276975631714 
vt 0.6673704385757446 0.4990358352661133 
vt 0.6343371272087097 0.4681606590747833 
vt 0.6635797619819641 0.46159833669662476 
vt 0.6252394318580627 0.43857643008232117 
vt 0.637369692325592 0.4990358352661133 
vt 0.6635797619819641 0.5365809202194214 
vt 0.6343371272087097 0.5300185680389404 
vt 0.6525325179100037 0.572404682636261 
vt 0.6252394318580627 0.5596027970314026 
vt 0.6346620321273804 0.6050011515617371 
vt 0.6104015111923218 0.5864975452423096 
vt 0.6107264161109924 0.6330792307853699 
vt 0.5906897783279419 0.6096270084381104 
vt 0.5818086862564087 0.655240535736084 
vt 0.5668624639511108 0.6279154419898987 
vt 0.5491002798080444 0.6705167293548584 
vt 0.5398942828178406 0.6406098008155823 
vt 0.5141174793243408 0.6783699989318848 
vt 0.5109765529632568 0.6470645070075989 
vt 0.47837647795677185 0.6783699989318848 
vt 0.48151734471321106 0.6470645070075989 
vt 0.44339364767074585 0.6705167293548584 
vt 0.4525996446609497 0.6406098008155823 
vt 0.4106852114200592 0.655240535736084 
vt 0.42563146352767944 0.6279154419898987 
vt 0.38176751136779785 0.6330792307853699 
vt 0.401804119348526 0.6096270084381104 
vt 0.3578318953514099 0.6050011515617371 
vt 0.3820924460887909 0.5864975452423096 
vt 0.3399614095687866 0.572404682636261 
vt 0.3673628270626068 0.5596027970314026 
vt 0.32891419529914856 0.5365809202194214 
vt 0.35815683007240295 0.5300185680389404 
vt 0.32523179054260254 0.4990358352661133 
vt 0.35512423515319824 0.4990358352661133 
vt 0.32891419529914856 0.46159833669662476 
vt 0.35815683007240295 0.4681606590747833 
vt 0.3399614095687866 0.4257745146751404 
vt 0.3673628270626068 0.43857643008232117 
vt 0.3578318953514099 0.3930705189704895 
vt 0.3820924460887909 0.4115740954875946 
vt 0.38176751136779785 0.3650999665260315 
vt 0.401804119348526 0.388552188873291 
vt 0.4106852114200592 0.34293869137763977 
vt 0.42563146352767944 0.3702637553215027 
vt 0.44339364767074585 0.3275549113750458 
vt 0.4525996446609497 0.3575694262981415 
vt 0.47837647795677185 0.3197016417980194 
vt 0.48151734471321106 0.3511146903038025 
vt 0.5141174793243408 0.3197016417980194 
vt 0.5109765529632568 0.3511146903038025 
vt 0.5491002798080444 0.3275549113750458 
vt 0.5398942828178406 0.3575694262981415 
vt 0.5818086862564087 0.34293869137763977 
vt 0.5668624639511108 0.3702637553215027 
vt 0.6107264161109924 0.3650999665260315 
vt 0.5906897783279419 0.388552188873291 
vt 0.6346620321273804 0.3930705189704895 
vt 0.6104015111923218 0.4115740954875946 
vt 0.6525325179100037 0.4257745146751404 
vt 0.3217659890651703 0.4990358352661133 
vt 0.6707279086112976 0.4681606590747833 
vt 0.3217659890651703 0.4681606590747833 
vt 0.6707279086112976 0.43857643008232117 
vt 0.6707279086112976 0.4990358352661133 
vt 0.3217659890651703 0.5300185680389404 
vt 0.6707279086112976 0.5300185680389404 
vt 0.3217659890651703 0.5596027970314026 
vt 0.6707279086112976 0.5596027970314026 
vt 0.3217659890651703 0.5864975452423096 
vt 0.6707279086112976 0.5864975452423096 
vt 0.3217659890651703 0.6096270084381104 
vt 0.6707279086112976 0.6096270084381104 
vt 0.3217659890651703 0.43857643008232117 
vt 0.6707279086112976 0.4115740954875946 
vt 0.3217659890651703 0.4115740954875946 
vt 0.6707279086112976 0.388552188873291 
vt 0.3217659890651703 0.388552188873291 
vt 0.5906897783279419 0.31615152955055237 
vt 0.5906897783279419 0.6820276975631714 
vt 0.5668624639511108 0.31615152955055237 
vt 0.5668624639511108 0.6820276975631714 
vt 0.5398942828178406 0.31615152955055237 
vt 0.5398942828178406 0.6820276975631714 
vt 0.5109765529632568 0.31615152955055237 
vt 0.5109765529632568 0.6820276975631714 
vt 0.48151734471321106 0.31615152955055237 
vt 0.48151734471321106 0.6820276975631714 
vt 0.4525996446609497 0.31615152955055237 
vt 0.4525996446609497 0.6820276975631714 
vt 0.42563146352767944 0.31615152955055237 
vt 0.42563146352767944 0.6820276975631714 
vt 0.401804119348526 0.31615152955055237 
vt 0.401804119348526 0.6820276975631714 
vt 0.6707279086112976 0.388552188873291 
vt 0.3217659890651703 0.388552188873291 
vt 0.6707279086112976 0.4115740954875946 
vt 0.3217659890651703 0.4115740954875946 
vt 0.6707279086112976 0.43857643008232117 
vt 0.3217659890651703 0.43857643008232117 
vt 0.6707279086112976 0.4681606590747833 
vt 0.3217659890651703 0.4681606590747833 
vt 0.6707279086112976 0.4990358352661133 
vt 0.3217659890651703 0.4990358352661133 
vt 0.6707279086112976 0.5300185680389404 
vt 0.3217659890651703 0.5300185680389404 
vt 0.6707279086112976 0.5596027970314026 
vt 0.3217659890651703 0.5596027970314026 
vt 0.6707279086112976 0.5864975452423096 
vt 0.3217659890651703 0.5864975452423096 
vt 0.6707279086112976 0.6096270084381104 
vt 0.3217659890651703 0.6096270084381104 
vt 0.401804119348526 0.31615152955055237 
vt 0.401804119348526 0.6820276975631714 
vt 0.42563146352767944 0.31615152955055237 
vt 0.42563146352767944 0.6820276975631714 
vt 0.4525996446609497 0.31615152955055237 
vt 0.4525996446609497 0.6820276975631714 
vt 0.48151734471321106 0.31615152955055237 
vt 0.48151734471321106 0.6820276975631714 
vt 0.5109765529632568 0.31615152955055237 
vt 0.5109765529632568 0.6820276975631714 
vt 0.5398942828178406 0.31615152955055237 
vt 0.5398942828178406 0.6820276975631714 
vt 0.5668624639511108 0.31615152955055237 
vt 0.5668624639511108 0.6820276975631714 
vt 0.5906897783279419 0.31615152955055237 
vt 0.5906897783279419 0.6820276975631714 
vt 0.3549076318740845 0.4544981122016907 
vt 0.3549076318740845 0.5582042932510376 
vt 0.6282719969749451 0.4544981122016907 
vt 0.6282719969749451 0.5582042932510376 
vt 0.6352035403251648 0.5471236109733582 
vt 0.35891497135162354 0.5471236109733582 
vt 0.6352035403251648 0.4697743356227875 
vt 0.35891497135162354 0.4697743356227875 
vt 0.6282719969749451 0.4544981122016907 
vt 0.6282719969749451 0.5582042932510376 
vt 0.3549076318740845 0.4544981122016907 
vt 0.3549076318740845 0.5582042932510376 
vt 0.6352035403251648 0.4697743356227875 
vt 0.35891497135162354 0.4697743356227875 
vt 0.6352035403251648 0.5471236109733582 
vt 0.35891497135162354 0.5471236109733582 
vt 0.6278387308120728 0.4684833884239197 
vt 0.3553408682346344 0.4684833884239197 
vt 0.6278387308120728 0.5484145879745483 
vt 0.3553408682346344 0.5484145879745483 
vt 0.6278387308120728 0.4684833884239197 
vt 0.35252490639686584 0.4631044268608093 
vt 0.3553408682346344 0.4684833884239197 
vt 0.35252490639686584 0.5536859631538391 
vt 0.3553408682346344 0.5484145879745483 
vt 0.6306546926498413 0.5536859631538391 
vt 0.6278387308120728 0.5484145879745483 
vt 0.6306546926498413 0.4631044268608093 
vt 0.3661714494228363 0.4990358352661133 
vt 0.41404271125793457 0.46084529161453247 
vt 0.3661714494228363 0.46084529161453247 
vt 0.41404271125793457 0.4242684245109558 
vt 0.41404271125793457 0.4990358352661133 
vt 0.3661714494228363 0.5373339653015137 
vt 0.41404271125793457 0.5373339653015137 
vt 0.3661714494228363 0.5739108324050903 
vt 0.41404271125793457 0.5739108324050903 
vt 0.3661714494228363 0.6071527004241943 
vt 0.41404271125793457 0.6071527004241943 
vt 0.3661714494228363 0.635768711566925 
vt 0.41404271125793457 0.635768711566925 
vt 0.3661714494228363 0.4242684245109558 
vt 0.41404271125793457 0.39091894030570984 
vt 0.3661714494228363 0.39091894030570984 
vt 0.41404271125793457 0.3624104857444763 
vt 0.3661714494228363 0.3624104857444763 
vt 0.6130008101463318 0.5852066278457642 
vt 0.6130008101463318 0.6353384256362915 
vt 0.5835416316986084 0.5852066278457642 
vt 0.5835416316986084 0.6353384256362915 
vt 0.5501833558082581 0.5852066278457642 
vt 0.5501833558082581 0.6353384256362915 
vt 0.5145506858825684 0.5852066278457642 
vt 0.5145506858825684 0.6353384256362915 
vt 0.4780515432357788 0.5852066278457642 
vt 0.4780515432357788 0.6353384256362915 
vt 0.4423105716705322 0.5852066278457642 
vt 0.4423105716705322 0.6353384256362915 
vt 0.4089523255825043 0.5852066278457642 
vt 0.4089523255825043 0.6353384256362915 
vt 0.3794930875301361 0.5852066278457642 
vt 0.3794930875301361 0.6353384256362915 
vt 0.41404271125793457 0.3624104857444763 
vt 0.3661714494228363 0.3624104857444763 
vt 0.41404271125793457 0.39091894030570984 
vt 0.3661714494228363 0.39091894030570984 
vt 0.41404271125793457 0.4242684245109558 
vt 0.3661714494228363 0.4242684245109558 
vt 0.41404271125793457 0.46084529161453247 
vt 0.3661714494228363 0.46084529161453247 
vt 0.41404271125793457 0.4990358352661133 
vt 0.3661714494228363 0.4990358352661133 
vt 0.41404271125793457 0.5373339653015137 
vt 0.3661714494228363 0.5373339653015137 
vt 0.41404271125793457 0.5739108324050903 
vt 0.3661714494228363 0.5739108324050903 
vt 0.41404271125793457 0.6071527004241943 
vt 0.3661714494228363 0.6071527004241943 
vt 0.41404271125793457 0.635768711566925 
vt 0.3661714494228363 0.635768711566925 
vt 0.3794930875301361 0.5852066278457642 
vt 0.3794930875301361 0.6353384256362915 
vt 0.4089523255825043 0.5852066278457642 
vt 0.4089523255825043 0.6353384256362915 
vt 0.4423105716705322 0.5852066278457642 
vt 0.4423105716705322 0.6353384256362915 
vt 0.4780515432357788 0.5852066278457642 
vt 0.4780515432357788 0.6353384256362915 
vt 0.5145506858825684 0.5852066278457642 
vt 0.5145506858825684 0.6353384256362915 
vt 0.5501833558082581 0.5852066278457642 
vt 0.5501833558082581 0.6353384256362915 
vt 0.5835416316986084 0.5852066278457642 
vt 0.5835416316986084 0.6353384256362915 
vt 0.6130008101463318 0.5852066278457642 
vt 0.6130008101463318 0.6353384256362915 
s on 
f 1/1/1 2/2/2 3/3/3 
f 2/2/2 4/4/4 3/3/3 
f 3/3/3 4/4/4 4/4/4 
f 4/4/4 2/2/2 4/4/4 
f 4/4/4 2/2/2 2/2/2 
f 2/2/2 1/1/1 2/2/2 
f 2/2/2 1/1/1 5/5/5 
f 1/1/1 6/6/6 5/5/5 
f 5/5/5 6/6/6 7/7/7 
f 6/6/6 8/8/8 7/7/7 
f 7/7/7 8/8/8 7/7/7 
f 8/8/8 9/9/9 7/7/7 
f 7/7/7 9/9/9 7/7/7 
f 9/9/9 10/10/10 7/7/7 
f 7/7/7 10/10/10 7/7/7 
f 10/10/10 11/11/11 7/7/7 
f 7/7/7 11/11/11 7/7/7 
f 11/11/11 12/12/12 7/7/7 
f 7/7/7 12/12/12 13/13/13 
f 12/12/12 14/14/14 13/13/13 
f 13/13/13 14/14/14 15/15/15 
f 14/14/14 16/16/16 15/15/15 
f 15/15/15 16/16/16 15/15/15 
f 16/16/16 17/17/17 15/15/15 
f 15/15/15 17/17/17 2/2/2 
f 17/17/17 17/17/17 2/2/2 
f 2/2/2 17/17/17 4/4/4 
f 17/17/17 17/17/17 4/4/4 
f 4/4/4 17/17/17 18/18/18 
f 17/17/17 17/17/17 18/18/18 
f 18/18/18 17/17/17 19/19/19 
f 17/17/17 16/16/16 19/19/19 
f 19/19/19 16/16/16 16/16/16 
f 16/16/16 7/7/7 16/16/16 
f 16/16/16 7/7/7 7/7/7 
f 7/7/7 13/13/13 7/7/7 
f 7/7/7 13/13/13 5/5/5 
f 13/13/13 13/13/13 5/5/5 
f 5/5/5 13/13/13 2/2/2 
f 13/13/13 15/15/15 2/2/2 
f 2/2/2 15/15/15 15/15/15 
f 15/15/15 20/20/20 15/15/15 
f 15/15/15 20/20/20 20/20/20 
f 20/20/20 21/21/21 20/20/20 
f 20/20/20 21/21/21 22/22/22 
f 21/21/21 23/23/23 22/22/22 
f 22/22/22 23/23/23 23/23/23 
f 23/23/23 20/20/20 23/23/23 
f 23/23/23 20/20/20 20/20/20 
f 20/20/20 24/24/24 20/20/20 
f 20/20/20 24/24/24 21/21/21 
f 24/24/24 24/24/24 21/21/21 
f 21/21/21 24/24/24 25/25/25 
f 24/24/24 26/26/26 25/25/25 
f 25/25/25 26/26/26 25/25/25 
f 26/26/26 27/27/27 25/25/25 
f 25/25/25 27/27/27 28/28/28 
f 27/27/27 29/29/29 28/28/28 
f 28/28/28 29/29/29 28/28/28 
f 29/29/29 30/30/30 28/28/28 
f 28/28/28 30/30/30 28/28/28 
f 30/30/30 31/31/31 28/28/28 
f 28/28/28 31/31/31 32/32/32 
f 31/31/31 33/33/33 32/32/32 
f 32/32/32 33/33/33 34/34/34 
f 33/33/33 33/33/33 34/34/34 
f 34/34/34 33/33/33 35/35/35 
f 33/33/33 36/36/36 35/35/35 
f 35/35/35 36/36/36 35/35/35 
f 36/36/36 37/37/37 35/35/35 
f 35/35/35 37/37/37 35/35/35 
f 37/37/37 38/38/38 35/35/35 
f 35/35/35 38/38/38 39/39/39 
f 38/38/38 40/40/40 39/39/39 
f 39/39/39 40/40/40 39/39/39 
f 40/40/40 41/41/41 39/39/39 
f 39/39/39 41/41/41 23/23/23 
f 41/41/41 22/22/22 23/23/23 
f 23/23/23 22/22/22 22/22/22 
f 22/22/22 28/28/28 22/22/22 
f 22/22/22 28/28/28 28/28/28 
f 28/28/28 32/32/32 28/28/28 
f 28/28/28 32/32/32 25/25/25 
f 32/32/32 32/32/32 25/25/25 
f 25/25/25 32/32/32 21/21/21 
f 32/32/32 34/34/34 21/21/21 
f 21/21/21 34/34/34 23/23/23 
f 34/34/34 34/34/34 23/23/23 
f 23/23/23 34/34/34 39/39/39 
f 34/34/34 35/35/35 39/39/39 
f 39/39/39 35/35/35 35/35/35 
f 35/35/35 42/42/42 35/35/35 
f 35/35/35 42/42/42 42/42/42 
f 42/42/42 43/43/43 42/42/42 
f 42/42/42 43/43/43 44/44/44 
f 43/43/43 45/45/45 44/44/44 
f 44/44/44 45/45/45 44/44/44 
f 45/45/45 46/46/46 44/44/44 
f 44/44/44 46/46/46 47/47/47 
f 46/46/46 46/46/46 47/47/47 
f 47/47/47 46/46/46 48/48/48 
f 46/46/46 46/46/46 48/48/48 
f 48/48/48 46/46/46 49/49/49 
f 46/46/46 46/46/46 49/49/49 
f 49/49/49 46/46/46 50/50/50 
f 46/46/46 45/45/45 50/50/50 
f 50/50/50 45/45/45 51/51/51 
f 45/45/45 52/52/52 51/51/51 
f 51/51/51 52/52/52 51/51/51 
f 52/52/52 53/53/53 51/51/51 
f 51/51/51 53/53/53 54/54/54 
f 53/53/53 55/55/55 54/54/54 
f 54/54/54 55/55/55 50/50/50 
f 55/55/55 55/55/55 50/50/50 
f 50/50/50 55/55/55 49/49/49 
f 55/55/55 55/55/55 49/49/49 
f 49/49/49 55/55/55 56/56/56 
f 55/55/55 55/55/55 56/56/56 
f 56/56/56 55/55/55 57/57/57 
f 55/55/55 55/55/55 57/57/57 
f 57/57/57 55/55/55 58/58/58 
f 55/55/55 59/59/59 58/58/58 
f 58/58/58 59/59/59 60/60/60 
f 59/59/59 60/60/60 60/60/60 
f 60/60/60 60/60/60 45/45/45 
f 60/60/60 45/45/45 45/45/45 
f 45/45/45 45/45/45 52/52/52 
f 45/45/45 43/43/43 52/52/52 
f 52/52/52 43/43/43 43/43/43 
f 43/43/43 50/50/50 43/43/43 
f 43/43/43 50/50/50 50/50/50 
f 50/50/50 51/51/51 50/50/50 
f 50/50/50 51/51/51 54/54/54 
f 51/51/51 54/54/54 54/54/54 
f 54/54/54 54/54/54 53/53/53 
f 54/54/54 53/53/53 53/53/53 
f 53/53/53 53/53/53 55/55/55 
f 53/53/53 59/59/59 55/55/55 
f 55/55/55 59/59/59 59/59/59 
f 59/59/59 61/61/61 59/59/59 
f 59/59/59 61/61/61 61/61/61 
f 61/61/61 62/62/62 61/61/61 
f 61/61/61 62/62/62 63/63/63 
f 62/62/62 62/62/62 63/63/63 
f 63/63/63 62/62/62 64/64/64 
f 62/62/62 65/65/65 64/64/64 
f 64/64/64 65/65/65 64/64/64 
f 65/65/65 66/66/66 64/64/64 
f 64/64/64 66/66/66 67/67/67 
f 66/66/66 68/68/68 67/67/67 
f 67/67/67 68/68/68 67/67/67 
f 68/68/68 69/69/69 67/67/67 
f 67/67/67 69/69/69 67/67/67 
f 69/69/69 70/70/70 67/67/67 
f 67/67/67 70/70/70 71/71/71 
f 70/70/70 72/72/72 71/71/71 
f 71/71/71 72/72/72 73/73/73 
f 72/72/72 72/72/72 73/73/73 
f 73/73/73 72/72/72 74/74/74 
f 72/72/72 72/72/72 74/74/74 
f 74/74/74 72/72/72 75/75/75 
f 72/72/72 72/72/72 75/75/75 
f 75/75/75 72/72/72 76/76/76 
f 72/72/72 72/72/72 76/76/76 
f 76/76/76 72/72/72 77/77/77 
f 72/72/72 72/72/72 77/77/77 
f 77/77/77 72/72/72 69/69/69 
f 72/72/72 70/70/70 69/69/69 
f 69/69/69 70/70/70 70/70/70 
f 70/70/70 61/61/61 70/70/70 
f 70/70/70 61/61/61 61/61/61 
f 61/61/61 63/63/63 61/61/61 
f 61/61/61 63/63/63 78/78/78 
f 63/63/63 63/63/63 78/78/78 
f 78/78/78 63/63/63 73/73/73 
f 63/63/63 63/63/63 73/73/73 
f 73/73/73 63/63/63 71/71/71 
f 63/63/63 64/64/64 71/71/71 
f 71/71/71 64/64/64 67/67/67 
f 64/64/64 67/67/67 67/67/67 
f 67/67/67 67/67/67 76/76/76 
f 67/67/67 76/76/76 76/76/76 
f 76/76/76 76/76/76 79/79/79 
f 76/76/76 77/77/77 79/79/79 
f 79/79/79 77/77/77 80/80/80 
f 77/77/77 81/81/81 80/80/80 
f 80/80/80 81/81/81 82/82/82 
f 81/81/81 83/83/83 82/82/82 
f 82/82/82 83/83/83 84/84/84 
f 83/83/83 85/85/85 84/84/84 
f 84/84/84 85/85/85 86/86/86 
f 85/85/85 85/85/85 86/86/86 
f 86/86/86 85/85/85 87/87/87 
f 85/85/85 66/66/66 87/87/87 
f 87/87/87 66/66/66 87/87/87 
f 66/66/66 65/65/65 87/87/87 
f 87/87/87 65/65/65 87/87/87 
f 65/65/65 88/88/88 87/87/87 
f 87/87/87 88/88/88 87/87/87 
f 88/88/88 89/89/89 87/87/87 
f 87/87/87 89/89/89 86/86/86 
f 89/89/89 86/86/86 86/86/86 
f 86/86/86 86/86/86 77/77/77 
f 86/86/86 77/77/77 77/77/77 
f 77/77/77 77/77/77 81/81/81 
f 77/77/77 69/69/69 81/81/81 
f 81/81/81 69/69/69 83/83/83 
f 69/69/69 68/68/68 83/83/83 
f 83/83/83 68/68/68 85/85/85 
f 68/68/68 66/66/66 85/85/85 
f 85/85/85 66/66/66 66/66/66 
f 66/66/66 90/90/90 66/66/66 
f 66/66/66 90/90/90 90/90/90 
f 90/90/90 91/91/91 90/90/90 
f 90/90/90 91/91/91 92/92/92 
f 91/91/91 93/93/93 92/92/92 
f 92/92/92 93/93/93 94/94/94 
f 93/93/93 93/93/93 94/94/94 
f 94/94/94 93/93/93 95/95/95 
f 93/93/93 96/96/96 95/95/95 
f 95/95/95 96/96/96 97/97/97 
f 96/96/96 96/96/96 97/97/97 
f 97/97/97 96/96/96 98/98/98 
f 96/96/96 96/96/96 98/98/98 
f 98/98/98 96/96/96 99/99/99 
f 96/96/96 100/100/100 99/99/99 
f 99/99/99 100/100/100 101/101/101 
f 100/100/100 101/101/101 101/101/101 
f 101/101/101 101/101/101 91/91/91 
f 101/101/101 91/91/91 91/91/91 
f 91/91/91 91/91/91 93/93/93 
f 91/91/91 102/102/102 93/93/93 
f 93/93/93 102/102/102 103/103/103 
f 102/102/102 104/104/104 103/103/103 
f 103/103/103 104/104/104 105/105/105 
f 104/104/104 96/96/96 105/105/105 
f 105/105/105 96/96/96 105/105/105 
f 96/96/96 93/93/93 105/105/105 
f 105/105/105 93/93/93 103/103/103 
f 93/93/93 103/103/103 103/103/103 
f 103/103/103 103/103/103 104/104/104 
f 103/103/103 104/104/104 104/104/104 
f 104/104/104 104/104/104 96/96/96 
f 104/104/104 100/100/100 96/96/96 
f 96/96/96 100/100/100 100/100/100 
f 100/100/100 106/106/106 100/100/100 
f 100/100/100 106/106/106 106/106/106 
f 106/106/106 107/107/107 106/106/106 
f 106/106/106 107/107/107 108/108/108 
f 107/107/107 107/107/107 108/108/108 
f 108/108/108 107/107/107 109/109/109 
f 107/107/107 107/107/107 109/109/109 
f 109/109/109 107/107/107 110/110/110 
f 107/107/107 107/107/107 110/110/110 
f 110/110/110 107/107/107 111/111/111 
f 107/107/107 112/112/112 111/111/111 
f 111/111/111 112/112/112 111/111/111 
f 112/112/112 113/113/113 111/111/111 
f 111/111/111 113/113/113 111/111/111 
f 113/113/113 114/114/114 111/111/111 
f 111/111/111 114/114/114 111/111/111 
f 114/114/114 115/115/115 111/111/111 
f 111/111/111 115/115/115 111/111/111 
f 115/115/115 116/116/116 111/111/111 
f 111/111/111 116/116/116 117/117/117 
f 116/116/116 118/118/118 117/117/117 
f 117/117/117 118/118/118 117/117/117 
f 118/118/118 119/119/119 117/117/117 
f 117/117/117 119/119/119 110/110/110 
f 119/119/119 120/120/120 110/110/110 
f 110/110/110 120/120/120 121/121/121 
f 120/120/120 122/122/122 121/121/121 
f 121/121/121 122/122/122 121/121/121 
f 122/122/122 123/123/123 121/121/121 
f 121/121/121 123/123/123 121/121/121 
f 123/123/123 124/124/124 121/121/121 
f 121/121/121 124/124/124 109/109/109 
f 124/124/124 108/108/108 109/109/109 
f 109/109/109 108/108/108 108/108/108 
f 108/108/108 107/107/107 108/108/108 
f 108/108/108 107/107/107 107/107/107 
f 107/107/107 106/106/106 107/107/107 
f 107/107/107 106/106/106 112/112/112 
f 106/106/106 112/112/112 112/112/112 
f 112/112/112 112/112/112 111/111/111 
f 112/112/112 111/111/111 111/111/111 
f 111/111/111 111/111/111 110/110/110 
f 111/111/111 117/117/117 110/110/110 
f 110/110/110 117/117/117 117/117/117 
f 117/117/117 110/110/110 117/117/117 
f 117/117/117 110/110/110 110/110/110 
f 110/110/110 121/121/121 110/110/110 
f 110/110/110 121/121/121 109/109/109 
f 121/121/121 109/109/109 109/109/109 
f 109/109/109 109/109/109 125/125/125 
f 109/109/109 125/125/125 125/125/125 
f 125/125/125 125/125/125 126/126/126 
f 125/125/125 127/127/127 126/126/126 
f 126/126/126 127/127/127 128/128/128 
f 127/127/127 129/129/129 128/128/128 
f 128/128/128 129/129/129 128/128/128 
f 129/129/129 130/130/130 128/128/128 
f 128/128/128 130/130/130 128/128/128 
f 130/130/130 131/131/131 128/128/128 
f 128/128/128 131/131/131 132/132/132 
f 131/131/131 133/133/133 132/132/132 
f 132/132/132 133/133/133 132/132/132 
f 133/133/133 134/134/134 132/132/132 
f 132/132/132 134/134/134 132/132/132 
f 134/134/134 135/135/135 132/132/132 
f 132/132/132 135/135/135 126/126/126 
f 135/135/135 136/136/136 126/126/126 
f 126/126/126 136/136/136 125/125/125 
f 136/136/136 125/125/125 125/125/125 
f 125/125/125 125/125/125 132/132/132 
f 125/125/125 132/132/132 132/132/132 
f 132/132/132 132/132/132 128/128/128 
f 132/132/132 126/126/126 128/128/128 
f 128/128/128 126/126/126 126/126/126 
f 126/126/126 133/133/133 126/126/126 
f 126/126/126 133/133/133 133/133/133 
f 133/133/133 131/131/131 133/133/133 
f 133/133/133 131/131/131 137/137/137 
f 131/131/131 138/138/138 137/137/137 
f 137/137/137 138/138/138 139/139/139 
f 138/138/138 138/138/138 139/139/139 
f 139/139/139 138/138/138 140/140/140 
f 138/138/138 141/141/141 140/140/140 
f 140/140/140 141/141/141 142/142/142 
f 141/141/141 141/141/141 142/142/142 
f 142/142/142 141/141/141 143/143/143 
f 141/141/141 144/144/144 143/143/143 
f 143/143/143 144/144/144 145/145/145 
f 144/144/144 144/144/144 145/145/145 
f 145/145/145 144/144/144 146/146/146 
f 144/144/144 144/144/144 146/146/146 
f 146/146/146 144/144/144 129/129/129 
f 144/144/144 144/144/144 129/129/129 
f 129/129/129 144/144/144 130/130/130 
f 144/144/144 141/141/141 130/130/130 
f 130/130/130 141/141/141 130/130/130 
f 141/141/141 138/138/138 130/130/130 
f 130/130/130 138/138/138 131/131/131 
f 138/138/138 131/131/131 131/131/131 
f 131/131/131 131/131/131 147/147/147 
f 131/131/131 147/147/147 147/147/147 
f 147/147/147 147/147/147 148/148/148 
f 147/147/147 149/149/149 148/148/148 
f 148/148/148 149/149/149 148/148/148 
f 149/149/149 150/150/150 148/148/148 
f 148/148/148 150/150/150 148/148/148 
f 150/150/150 151/151/151 148/148/148 
f 148/148/148 151/151/151 152/152/152 
f 151/151/151 153/153/153 152/152/152 
f 152/152/152 153/153/153 154/154/154 
f 153/153/153 153/153/153 154/154/154 
f 154/154/154 153/153/153 155/155/155 
f 153/153/153 156/156/156 155/155/155 
f 155/155/155 156/156/156 157/157/157 
f 156/156/156 156/156/156 157/157/157 
f 157/157/157 156/156/156 158/158/158 
f 156/156/156 156/156/156 158/158/158 
f 158/158/158 156/156/156 159/159/159 
f 156/156/156 160/160/160 159/159/159 
f 159/159/159 160/160/160 161/161/161 
f 160/160/160 160/160/160 161/161/161 
f 161/161/161 160/160/160 162/162/162 
f 160/160/160 160/160/160 162/162/162 
f 162/162/162 160/160/160 163/163/163 
f 160/160/160 164/164/164 163/163/163 
f 163/163/163 164/164/164 165/165/165 
f 164/164/164 164/164/164 165/165/165 
f 165/165/165 164/164/164 166/166/166 
f 164/164/164 167/167/167 166/166/166 
f 166/166/166 167/167/167 168/168/168 
f 167/167/167 150/150/150 168/168/168 
f 168/168/168 150/150/150 149/149/149 
f 150/150/150 149/149/149 149/149/149 
f 149/149/149 149/149/149 147/147/147 
f 149/149/149 147/147/147 147/147/147 
f 147/147/147 147/147/147 169/169/169 
f 147/147/147 148/148/148 169/169/169 
f 169/169/169 148/148/148 169/169/169 
f 148/148/148 152/152/152 169/169/169 
f 169/169/169 152/152/152 154/154/154 
f 152/152/152 154/154/154 154/154/154 
f 154/154/154 154/154/154 150/150/150 
f 154/154/154 150/150/150 150/150/150 
f 150/150/150 150/150/150 170/170/170 
f 150/150/150 167/167/167 170/170/170 
f 170/170/170 167/167/167 170/170/170 
f 167/167/167 164/164/164 170/170/170 
f 170/170/170 164/164/164 170/170/170 
f 164/164/164 160/160/160 170/170/170 
f 170/170/170 160/160/160 171/171/171 
f 160/160/160 156/156/156 171/171/171 
f 171/171/171 156/156/156 172/172/172 
f 156/156/156 153/153/153 172/172/172 
f 172/172/172 153/153/153 172/172/172 
f 153/153/153 151/151/151 172/172/172 
f 172/172/172 151/151/151 173/173/173 
f 151/151/151 151/151/151 173/173/173 
f 173/173/173 151/151/151 174/174/174 
f 151/151/151 151/151/151 174/174/174 
f 174/174/174 151/151/151 175/175/175 
f 151/151/151 176/176/176 175/175/175 
f 175/175/175 176/176/176 177/177/177 
f 176/176/176 178/178/178 177/177/177 
f 177/177/177 178/178/178 179/179/179 
f 178/178/178 179/179/179 179/179/179 
f 179/179/179 179/179/179 150/150/150 
f 179/179/179 150/150/150 150/150/150 
f 150/150/150 150/150/150 151/151/151 
f 150/150/150 170/170/170 151/151/151 
f 151/151/151 170/170/170 170/170/170 
f 170/170/170 180/180/180 170/170/170 
f 170/170/170 180/180/180 180/180/180 
f 180/180/180 172/172/172 180/180/180 
f 180/180/180 172/172/172 173/173/173 
f 172/172/172 173/173/173 173/173/173 
f 173/173/173 173/173/173 175/175/175 
f 173/173/173 175/175/175 175/175/175 
f 175/175/175 175/175/175 181/181/181 
f 175/175/175 177/177/177 181/181/181 
f 181/181/181 177/177/177 177/177/177 
f 177/177/177 182/182/182 177/177/177 
f 177/177/177 182/182/182 182/182/182 
f 182/182/182 178/178/178 182/182/182 
f 182/182/182 178/178/178 183/183/183 
f 178/178/178 176/176/176 183/183/183 
f 183/183/183 176/176/176 180/180/180 
f 176/176/176 184/184/184 180/180/180 
f 180/180/180 184/184/184 184/184/184 
f 184/184/184 185/185/185 184/184/184 
f 184/184/184 185/185/185 185/185/185 
f 185/185/185 183/183/183 185/185/185 
f 185/185/185 183/183/183 186/186/186 
f 183/183/183 180/180/180 186/186/186 
f 186/186/186 180/180/180 187/187/187 
f 180/180/180 173/173/173 187/187/187 
f 187/187/187 173/173/173 188/188/188 
f 173/173/173 189/189/189 188/188/188 
f 188/188/188 189/189/189 189/189/189 
f 189/189/189 187/187/187 189/189/189 
f 189/189/189 187/187/187 187/187/187 
f 187/187/187 190/190/190 187/187/187 
f 187/187/187 190/190/190 186/186/186 
f 190/190/190 186/186/186 186/186/186 
f 186/186/186 186/186/186 191/191/191 
f 186/186/186 191/191/191 191/191/191 
f 191/191/191 191/191/191 192/192/192 
f 191/191/191 193/193/193 192/192/192 
f 192/192/192 193/193/193 194/194/194 
f 193/193/193 193/193/193 194/194/194 
f 194/194/194 193/193/193 195/195/195 
f 193/193/193 193/193/193 195/195/195 
f 195/195/195 193/193/193 196/196/196 
f 193/193/193 197/197/197 196/196/196 
f 196/196/196 197/197/197 196/196/196 
f 197/197/197 198/198/198 196/196/196 
f 196/196/196 198/198/198 199/199/199 
f 198/198/198 200/200/200 199/199/199 
f 199/199/199 200/200/200 201/201/201 
f 200/200/200 202/202/202 201/201/201 
f 201/201/201 202/202/202 203/203/203 
f 202/202/202 204/204/204 203/203/203 
f 203/203/203 204/204/204 204/204/204 
f 204/204/204 193/193/193 204/204/204 
f 204/204/204 193/193/193 193/193/193 
f 193/193/193 191/191/191 193/193/193 
f 193/193/193 191/191/191 197/197/197 
f 191/191/191 197/197/197 197/197/197 
f 197/197/197 197/197/197 203/203/203 
f 197/197/197 203/203/203 203/203/203 
f 203/203/203 203/203/203 201/201/201 
f 203/203/203 205/205/205 201/201/201 
f 201/201/201 205/205/205 206/206/206 
f 205/205/205 207/207/207 206/206/206 
f 206/206/206 207/207/207 195/195/195 
f 207/207/207 208/208/208 195/195/195 
f 195/195/195 208/208/208 194/194/194 
f 208/208/208 194/194/194 194/194/194 
f 194/194/194 194/194/194 201/201/201 
f 194/194/194 201/201/201 201/201/201 
f 201/201/201 201/201/201 199/199/199 
f 201/201/201 206/206/206 199/199/199 
f 199/199/199 206/206/206 196/196/196 
f 206/206/206 195/195/195 196/196/196 
f 196/196/196 195/195/195 195/195/195 
f 195/195/195 207/207/207 195/195/195 
f 195/195/195 207/207/207 207/207/207 
f 207/207/207 209/209/209 207/207/207 
f 207/207/207 209/209/209 208/208/208 
f 209/209/209 210/210/210 208/208/208 
f 208/208/208 210/210/210 208/208/208 
f 210/210/210 211/211/211 208/208/208 
f 208/208/208 211/211/211 194/194/194 
f 211/211/211 192/192/192 194/194/194 
f 194/194/194 192/192/192 192/192/192 
f 192/192/192 209/209/209 192/192/192 
f 192/192/192 209/209/209 209/209/209 
f 209/209/209 212/212/212 209/209/209 
f 209/209/209 212/212/212 210/210/210 
f 212/212/212 210/210/210 210/210/210 
f 210/210/210 210/210/210 213/213/213 
f 210/210/210 213/213/213 213/213/213 
f 213/213/213 213/213/213 214/214/214 
f 213/213/213 215/215/215 214/214/214 
f 214/214/214 215/215/215 216/216/216 
f 215/215/215 217/217/217 216/216/216 
f 216/216/216 217/217/217 218/218/218 
f 217/217/217 217/217/217 218/218/218 
f 218/218/218 217/217/217 219/219/219 
f 217/217/217 217/217/217 219/219/219 
f 219/219/219 217/217/217 220/220/220 
f 217/217/217 217/217/217 220/220/220 
f 220/220/220 217/217/217 221/221/221 
f 217/217/217 215/215/215 221/221/221 
f 221/221/221 215/215/215 215/215/215 
f 215/215/215 214/214/214 215/215/215 
f 215/215/215 214/214/214 214/214/214 
f 214/214/214 216/216/216 214/214/214 
f 214/214/214 216/216/216 222/222/222 
f 216/216/216 223/223/223 222/222/222 
f 222/222/222 223/223/223 224/224/224 
f 223/223/223 223/223/223 224/224/224 
f 224/224/224 223/223/223 225/225/225 
f 223/223/223 218/218/218 225/225/225 
f 225/225/225 218/218/218 226/226/226 
f 218/218/218 219/219/219 226/226/226 
f 226/226/226 219/219/219 219/219/219 
f 219/219/219 218/218/218 219/219/219 
f 219/219/219 218/218/218 218/218/218 
f 218/218/218 223/223/223 218/218/218 
f 218/218/218 223/223/223 216/216/216 
f 223/223/223 216/216/216 216/216/216 
f 216/216/216 216/216/216 222/222/222 
f 216/216/216 222/222/222 222/222/222 
f 222/222/222 222/222/222 227/227/227 
f 222/222/222 224/224/224 227/227/227 
f 227/227/227 224/224/224 228/228/228 
f 224/224/224 229/229/229 228/228/228 
f 228/228/228 229/229/229 230/230/230 
f 229/229/229 229/229/229 230/230/230 
f 230/230/230 229/229/229 231/231/231 
f 229/229/229 225/225/225 231/231/231 
f 231/231/231 225/225/225 226/226/226 
f 225/225/225 226/226/226 226/226/226 
f 226/226/226 226/226/226 224/224/224 
f 226/226/226 224/224/224 224/224/224 
f 224/224/224 224/224/224 229/229/229 
f 224/224/224 225/225/225 229/229/229 
f 229/229/229 225/225/225 225/225/225 
f 225/225/225 230/230/230 225/225/225 
f 225/225/225 230/230/230 230/230/230 
f 230/230/230 232/232/232 230/230/230 
f 230/230/230 232/232/232 228/228/228 
f 232/232/232 233/233/233 228/228/228 
f 228/228/228 233/233/233 227/227/227 
f 233/233/233 227/227/227 227/227/227 
f 227/227/227 227/227/227 232/232/232 
f 227/227/227 232/232/232 232/232/232 
f 232/232/232 232/232/232 233/233/233 
f 232/232/232 234/234/234 233/233/233 
f 233/233/233 234/234/234 234/234/234 
f 234/234/234 235/235/235 234/234/234 
f 234/234/234 235/235/235 235/235/235 
f 235/235/235 236/236/236 235/235/235 
f 235/235/235 236/236/236 237/237/237 
f 236/236/236 238/238/238 237/237/237 
f 237/237/237 238/238/238 239/239/239 
f 238/238/238 240/240/240 239/239/239 
f 239/239/239 240/240/240 241/241/241 
f 240/240/240 242/242/242 241/241/241 
f 241/241/241 242/242/242 243/243/243 
f 242/242/242 244/244/244 243/243/243 
f 243/243/243 244/244/244 245/245/245 
f 244/244/244 246/246/246 245/245/245 
f 245/245/245 246/246/246 247/247/247 
f 246/246/246 248/248/248 247/247/247 
f 247/247/247 248/248/248 249/249/249 
f 248/248/248 249/249/249 249/249/249 
f 249/249/249 249/249/249 235/235/235 
f 249/249/249 235/235/235 235/235/235 
f 235/235/235 235/235/235 236/236/236 
f 235/235/235 250/250/250 236/236/236 
f 236/236/236 250/250/250 250/250/250 
f 250/250/250 251/251/251 250/250/250 
f 250/250/250 251/251/251 251/251/251 
f 251/251/251 252/252/252 251/251/251 
f 251/251/251 252/252/252 253/253/253 
f 252/252/252 254/254/254 253/253/253 
f 253/253/253 254/254/254 255/255/255 
f 254/254/254 256/256/256 255/255/255 
f 255/255/255 256/256/256 257/257/257 
f 256/256/256 258/258/258 257/257/257 
f 257/257/257 258/258/258 259/259/259 
f 258/258/258 260/260/260 259/259/259 
f 259/259/259 260/260/260 261/261/261 
f 260/260/260 262/262/262 261/261/261 
f 261/261/261 262/262/262 263/263/263 
f 262/262/262 264/264/264 263/263/263 
f 263/263/263 264/264/264 265/265/265 
f 264/264/264 265/265/265 265/265/265 
f 265/265/265 265/265/265 251/251/251 
f 265/265/265 251/251/251 251/251/251 
f 251/251/251 251/251/251 252/252/252 
f 251/251/251 266/266/266 252/252/252 
f 252/252/252 266/266/266 266/266/266 
f 266/266/266 267/267/267 266/266/266 
f 266/266/266 267/267/267 267/267/267 
f 267/267/267 268/268/268 267/267/267 
f 267/267/267 268/268/268 269/269/269 
f 268/268/268 268/268/268 269/269/269 
f 269/269/269 268/268/268 270/270/270 
f 268/268/268 271/271/271 270/270/270 
f 270/270/270 271/271/271 272/272/272 
f 271/271/271 273/273/273 272/272/272 
f 272/272/272 273/273/273 274/274/274 
f 273/273/273 274/274/274 274/274/274 
f 274/274/274 274/274/274 275/275/275 
f 274/274/274 275/275/275 275/275/275 
f 275/275/275 275/275/275 276/276/276 
f 275/275/275 277/277/277 276/276/276 
f 276/276/276 277/277/277 278/278/278 
f 277/277/277 279/279/279 278/278/278 
f 278/278/278 279/279/279 280/280/280 
f 279/279/279 281/281/281 280/280/280 
f 280/280/280 281/281/281 282/282/282 
f 281/281/281 282/282/282 282/282/282 
f 282/282/282 282/282/282 283/283/283 
f 282/282/282 283/283/283 283/283/283 
f 283/283/283 283/283/283 284/284/284 
f 283/283/283 285/285/285 284/284/284 
f 284/284/284 285/285/285 286/286/286 
f 285/285/285 286/286/286 286/286/286 
f 286/286/286 286/286/286 285/285/285 
f 286/286/286 285/285/285 285/285/285 
f 285/285/285 285/285/285 287/287/287 
f 285/285/285 283/283/283 287/287/287 
f 287/287/287 283/283/283 287/287/287 
f 283/283/283 288/288/288 287/287/287 
f 287/287/287 288/288/288 289/289/289 
f 288/288/288 290/290/290 289/289/289 
f 289/289/289 290/290/290 291/291/291 
f 290/290/290 292/292/292 291/291/291 
f 291/291/291 292/292/292 293/293/293 
f 292/292/292 294/294/294 293/293/293 
f 293/293/293 294/294/294 295/295/295 
f 294/294/294 295/295/295 295/295/295 
f 295/295/295 295/295/295 284/284/284 
f 295/295/295 284/284/284 284/284/284 
f 284/284/284 284/284/284 296/296/296 
f 284/284/284 286/286/286 296/296/296 
f 296/296/296 286/286/286 296/296/296 
f 286/286/286 297/297/297 296/296/296 
f 296/296/296 297/297/297 298/298/298 
f 297/297/297 298/298/298 298/298/298 
f 298/298/298 298/298/298 299/299/299 
f 298/298/298 299/299/299 299/299/299 
f 299/299/299 299/299/299 300/300/300 
f 299/299/299 301/301/301 300/300/300 
f 300/300/300 301/301/301 302/302/302 
f 301/301/301 302/302/302 302/302/302 
f 302/302/302 302/302/302 301/301/301 
f 302/302/302 301/301/301 301/301/301 
f 301/301/301 301/301/301 303/303/303 
f 301/301/301 299/299/299 303/303/303 
f 303/303/303 299/299/299 303/303/303 
f 299/299/299 304/304/304 303/303/303 
f 303/303/303 304/304/304 305/305/305 
f 304/304/304 306/306/306 305/305/305 
f 305/305/305 306/306/306 307/307/307 
f 306/306/306 308/308/308 307/307/307 
f 307/307/307 308/308/308 309/309/309 
f 308/308/308 310/310/310 309/309/309 
f 309/309/309 310/310/310 311/311/311 
f 310/310/310 311/311/311 311/311/311 
f 311/311/311 311/311/311 300/300/300 
f 311/311/311 300/300/300 300/300/300 
f 300/300/300 300/300/300 312/312/312 
f 300/300/300 302/302/302 312/312/312 
f 312/312/312 302/302/302 312/312/312 
f 302/302/302 313/313/313 312/312/312 
f 312/312/312 313/313/313 314/314/314 
f 313/313/313 314/314/314 314/314/314 
f 314/314/314 314/314/314 315/315/315 
f 314/314/314 315/315/315 315/315/315 
f 315/315/315 315/315/315 316/316/316 
f 315/315/315 317/317/317 316/316/316 
f 316/316/316 317/317/317 318/318/318 
f 317/317/317 319/319/319 318/318/318 
f 318/318/318 319/319/319 320/320/320 
f 319/319/319 321/321/321 320/320/320 
f 320/320/320 321/321/321 322/322/322 
f 321/321/321 322/322/322 322/322/322 
f 322/322/322 322/322/322 323/323/323 
f 322/322/322 323/323/323 323/323/323 
f 323/323/323 323/323/323 324/324/324 
f 323/323/323 325/325/325 324/324/324 
f 324/324/324 325/325/325 326/326/326 
f 325/325/325 327/327/327 326/326/326 
f 326/326/326 327/327/327 328/328/328 
f 327/327/327 329/329/329 328/328/328 
f 328/328/328 329/329/329 330/330/330 
f 329/329/329 330/330/330 330/330/330 
f 330/330/330 330/330/330 331/331/331 
f 330/330/330 331/331/331 331/331/331 
f 331/331/331 331/331/331 332/332/332 
f 331/331/331 333/333/333 332/332/332 
f 332/332/332 333/333/333 332/332/332 
f 333/333/333 334/334/334 332/332/332 
f 332/332/332 334/334/334 335/335/335 
f 334/334/334 336/336/336 335/335/335 
f 335/335/335 336/336/336 337/337/337 
f 336/336/336 338/338/338 337/337/337 
f 337/337/337 338/338/338 339/339/339 
f 338/338/338 340/340/340 339/339/339 
f 339/339/339 340/340/340 340/340/340 
f 340/340/340 341/341/341 340/340/340 
f 340/340/340 341/341/341 341/341/341 
f 341/341/341 342/342/342 341/341/341 
f 341/341/341 342/342/342 343/343/343 
f 342/342/342 344/344/344 343/343/343 
f 343/343/343 344/344/344 345/345/345 
f 344/344/344 346/346/346 345/345/345 
f 345/345/345 346/346/346 347/347/347 
f 346/346/346 348/348/348 347/347/347 
f 347/347/347 348/348/348 349/349/349 
f 348/348/348 350/350/350 349/349/349 
f 349/349/349 350/350/350 350/350/350 
f 350/350/350 351/351/351 350/350/350 
f 350/350/350 351/351/351 351/351/351 
f 351/351/351 352/352/352 351/351/351 
f 351/351/351 352/352/352 353/353/353 
f 352/352/352 354/354/354 353/353/353 
f 353/353/353 354/354/354 355/355/355 
f 354/354/354 356/356/356 355/355/355 
f 355/355/355 356/356/356 357/357/357 
f 356/356/356 358/358/358 357/357/357 
f 357/357/357 358/358/358 358/358/358 
f 358/358/358 359/359/359 358/358/358 
f 358/358/358 359/359/359 359/359/359 
f 359/359/359 360/360/360 359/359/359 
f 359/359/359 360/360/360 361/361/361 
f 360/360/360 362/362/362 361/361/361 
f 361/361/361 362/362/362 363/363/363 
f 362/362/362 364/364/364 363/363/363 
f 363/363/363 364/364/364 365/365/365 
f 364/364/364 366/366/366 365/365/365 
f 365/365/365 366/366/366 367/367/367 
f 366/366/366 368/368/368 367/367/367 
f 367/367/367 368/368/368 368/368/368 
f 368/368/368 369/369/369 368/368/368 
f 368/368/368 369/369/369 369/369/369 
f 369/369/369 370/370/370 369/369/369 
f 369/369/369 370/370/370 371/371/371 
f 370/370/370 372/372/372 371/371/371 
f 371/371/371 372/372/372 371/371/371 
f 372/372/372 373/373/373 371/371/371 
f 371/371/371 373/373/373 371/371/371 
f 373/373/373 374/374/374 371/371/371 
f 371/371/371 374/374/374 371/371/371 
f 374/374/374 375/375/375 371/371/371 
f 371/371/371 375/375/375 371/371/371 
f 375/375/375 376/376/376 371/371/371 
f 371/371/371 376/376/376 371/371/371 
f 376/376/376 377/377/377 371/371/371 
f 371/371/371 377/377/377 371/371/371 
f 377/377/377 378/378/378 371/371/371 
f 371/371/371 378/378/378 371/371/371 
f 378/378/378 379/379/379 371/371/371 
f 371/371/371 379/379/379 371/371/371 
f 379/379/379 380/380/380 371/371/371 
f 371/371/371 380/380/380 371/371/371 
f 380/380/380 381/381/381 371/371/371 
f 371/371/371 381/381/381 371/371/371 
f 381/381/381 382/382/382 371/371/371 
f 371/371/371 382/382/382 383/383/383 
f 382/382/382 383/383/383 383/383/383 
f 383/383/383 383/383/383 384/384/384 
f 383/383/383 384/384/384 384/384/384 
f 384/384/384 384/384/384 385/385/385 
f 384/384/384 386/386/386 385/385/385 
f 385/385/385 386/386/386 387/387/387 
f 386/386/386 387/387/387 387/387/387 
f 387/387/387 387/387/387 388/388/388 
f 387/387/387 388/388/388 388/388/388 
f 388/388/388 388/388/388 389/389/389 
f 388/388/388 390/390/390 389/389/389 
f 389/389/389 390/390/390 391/391/391 
f 390/390/390 391/391/391 391/391/391 
f 391/391/391 391/391/391 392/392/392 
f 391/391/391 392/392/392 392/392/392 
f 392/392/392 392/392/392 393/393/393 
f 392/392/392 394/394/394 393/393/393 
f 393/393/393 394/394/394 393/393/393 
f 394/394/394 395/395/395 393/393/393 
f 393/393/393 395/395/395 396/396/396 
f 395/395/395 397/397/397 396/396/396 
f 396/396/396 397/397/397 398/398/398 
f 397/397/397 399/399/399 398/398/398 
f 398/398/398 399/399/399 400/400/400 
f 399/399/399 401/401/401 400/400/400 
f 400/400/400 401/401/401 401/401/401 
f 401/401/401 402/402/402 401/401/401 
f 401/401/401 402/402/402 402/402/402 
f 402/402/402 403/403/403 402/402/402 
f 402/402/402 403/403/403 404/404/404 
f 403/403/403 405/405/405 404/404/404 
f 404/404/404 405/405/405 405/405/405 
f 405/405/405 406/406/406 405/405/405 
f 405/405/405 406/406/406 406/406/406 
f 406/406/406 407/407/407 406/406/406 
f 406/406/406 407/407/407 408/408/408 
f 407/407/407 409/409/409 408/408/408 
f 408/408/408 409/409/409 409/409/409 
f 409/409/409 410/410/410 409/409/409 
f 409/409/409 410/410/410 410/410/410 
f 410/410/410 411/411/411 410/410/410 
f 410/410/410 411/411/411 412/412/412 
f 411/411/411 413/413/413 412/412/412 
f 412/412/412 413/413/413 413/413/413 
f 413/413/413 414/414/414 413/413/413 
f 413/413/413 414/414/414 414/414/414 
f 414/414/414 415/415/415 414/414/414 
f 414/414/414 415/415/415 416/416/416 
f 415/415/415 417/417/417 416/416/416 
f 416/416/416 417/417/417 418/418/418 
f 417/417/417 419/419/419 418/418/418 
f 418/418/418 419/419/419 420/420/420 
f 419/419/419 421/421/421 420/420/420 
f 420/420/420 421/421/421 422/422/422 
f 421/421/421 423/423/423 422/422/422 
f 422/422/422 423/423/423 424/424/424 
f 423/423/423 425/425/425 424/424/424 
f 424/424/424 425/425/425 425/425/425 
f 425/425/425 426/426/426 425/425/425 
f 425/425/425 426/426/426 426/426/426 
f 426/426/426 427/427/427 426/426/426 
f 426/426/426 427/427/427 428/428/428 
f 427/427/427 429/429/429 428/428/428 
f 428/428/428 429/429/429 429/429/429 
f 429/429/429 430/430/430 429/429/429 
f 429/429/429 430/430/430 430/430/430 
f 430/430/430 431/431/431 430/430/430 
f 430/430/430 431/431/431 432/432/432 
f 431/431/431 433/433/433 432/432/432 
f 432/432/432 433/433/433 434/434/434 
f 433/433/433 435/435/435 434/434/434 
f 434/434/434 435/435/435 436/436/436 
f 435/435/435 437/437/437 436/436/436 
f 436/436/436 437/437/437 438/438/438 
f 437/437/437 439/439/439 438/438/438 
f 438/438/438 439/439/439 439/439/439 
f 439/439/439 440/440/440 439/439/439 
f 439/439/439 440/440/440 440/440/440 
f 440/440/440 441/441/441 440/440/440 
f 440/440/440 441/441/441 442/442/442 
f 441/441/441 443/443/443 442/442/442 
f 442/442/442 443/443/443 444/444/444 
f 443/443/443 445/445/445 444/444/444 
f 444/444/444 445/445/445 446/446/446 
f 445/445/445 447/447/447 446/446/446 
f 446/446/446 447/447/447 448/448/448 
f 447/447/447 449/449/449 448/448/448 
f 448/448/448 449/449/449 449/449/449 
f 449/449/449 450/450/450 449/449/449 
f 449/449/449 450/450/450 450/450/450 
f 450/450/450 451/451/451 450/450/450 
f 450/450/450 451/451/451 452/452/452 
f 451/451/451 453/453/453 452/452/452 
f 452/452/452 453/453/453 454/454/454 
f 453/453/453 455/455/455 454/454/454 
f 454/454/454 455/455/455 456/456/456 
f 455/455/455 457/457/457 456/456/456 
f 456/456/456 457/457/457 457/457/457 
f 457/457/457 458/458/458 457/457/457 
f 457/457/457 458/458/458 458/458/458 
f 458/458/458 459/459/459 458/458/458 
f 458/458/458 459/459/459 460/460/460 
f 459/459/459 461/461/461 460/460/460 
f 460/460/460 461/461/461 462/462/462 
f 461/461/461 463/463/463 462/462/462 
f 462/462/462 463/463/463 464/464/464 
f 463/463/463 465/465/465 464/464/464 
f 464/464/464 465/465/465 466/466/466 
f 465/465/465 467/467/467 466/466/466 
f 466/466/466 467/467/467 467/467/467 
f 467/467/467 468/468/468 467/467/467 
f 467/467/467 468/468/468 468/468/468 
f 468/468/468 469/469/469 468/468/468 
f 468/468/468 469/469/469 470/470/470 
f 469/469/469 471/471/471 470/470/470 
f 470/470/470 471/471/471 472/472/472 
f 471/471/471 473/473/473 472/472/472 
f 472/472/472 473/473/473 474/474/474 
f 473/473/473 475/475/475 474/474/474 
f 474/474/474 475/475/475 476/476/476 
f 475/475/475 477/477/477 476/476/476 
f 476/476/476 477/477/477 477/477/477 
f 477/477/477 478/478/478 477/477/477 
f 477/477/477 478/478/478 478/478/478 
f 478/478/478 479/479/479 478/478/478 
f 478/478/478 479/479/479 480/480/480 
f 479/479/479 481/481/481 480/480/480 
f 480/480/480 481/481/481 482/482/482 
f 481/481/481 483/483/483 482/482/482 
f 482/482/482 483/483/483 484/484/484 
f 483/483/483 485/485/485 484/484/484 
f 484/484/484 485/485/485 486/486/486 
f 485/485/485 487/487/487 486/486/486 
f 486/486/486 487/487/487 487/487/487 
f 487/487/487 488/488/488 487/487/487 
f 487/487/487 488/488/488 488/488/488 
f 488/488/488 489/489/489 488/488/488 
f 488/488/488 489/489/489 490/490/490 
f 489/489/489 491/491/491 490/490/490 
f 490/490/490 491/491/491 492/492/492 
f 491/491/491 493/493/493 492/492/492 
f 492/492/492 493/493/493 494/494/494 
f 493/493/493 495/495/495 494/494/494 
f 494/494/494 495/495/495 495/495/495 
f 495/495/495 496/496/496 495/495/495 
f 495/495/495 496/496/496 496/496/496 
f 496/496/496 497/497/497 496/496/496 
f 496/496/496 497/497/497 498/498/498 
f 497/497/497 499/499/499 498/498/498 
f 498/498/498 499/499/499 500/500/500 
f 499/499/499 501/501/501 500/500/500 
f 500/500/500 501/501/501 502/502/502 
f 501/501/501 503/503/503 502/502/502 
f 502/502/502 503/503/503 504/504/504 
f 503/503/503 505/505/505 504/504/504 
f 504/504/504 505/505/505 505/505/505 
f 505/505/505 506/506/506 505/505/505 
f 505/505/505 506/506/506 506/506/506 
f 506/506/506 507/507/507 506/506/506 
f 506/506/506 507/507/507 508/508/508 
f 507/507/507 509/509/509 508/508/508 
f 508/508/508 509/509/509 508/508/508 
f 509/509/509 510/510/510 508/508/508 
f 508/508/508 510/510/510 508/508/508 
f 510/510/510 511/511/511 508/508/508 
f 508/508/508 511/511/511 508/508/508 
f 511/511/511 512/512/512 508/508/508 
f 508/508/508 512/512/512 508/508/508 
f 512/512/512 513/513/513 508/508/508 
f 508/508/508 513/513/513 508/508/508 
f 513/513/513 514/514/514 508/508/508 
f 508/508/508 514/514/514 508/508/508 
f 514/514/514 515/515/515 508/508/508 
f 508/508/508 515/515/515 508/508/508 
f 515/515/515 516/516/516 508/508/508 
f 508/508/508 516/516/516 508/508/508 
f 516/516/516 517/517/517 508/508/508 
f 508/508/508 517/517/517 508/508/508 
f 517/517/517 518/518/518 508/508/508 
f 508/508/508 518/518/518 508/508/508 
f 518/518/518 519/519/519 508/508/508 
f 508/508/508 519/519/519 520/520/520 
f 519/519/519 520/520/520 520/520/520 
f 520/520/520 520/520/520 521/521/521 
f 520/520/520 521/521/521 521/521/521 
f 521/521/521 521/521/521 522/522/522 
f 521/521/521 523/523/523 522/522/522 
f 522/522/522 523/523/523 522/522/522 
f 523/523/523 524/524/524 522/522/522 
f 522/522/522 524/524/524 525/525/525 
f 524/524/524 526/526/526 525/525/525 
f 525/525/525 526/526/526 527/527/527 
f 526/526/526 528/528/528 527/527/527 
f 527/527/527 528/528/528 529/529/529 
f 528/528/528 530/530/530 529/529/529 
f 529/529/529 530/530/530 531/531/531 
f 530/530/530 532/532/532 531/531/531 
f 531/531/531 532/532/532 533/533/533 
f 532/532/532 534/534/534 533/533/533 
f 533/533/533 534/534/534 535/535/535 
f 534/534/534 536/536/536 535/535/535 
f 535/535/535 536/536/536 537/537/537 
f 536/536/536 538/538/538 537/537/537 
f 537/537/537 538/538/538 539/539/539 
f 538/538/538 540/540/540 539/539/539 
f 539/539/539 540/540/540 541/541/541 
f 540/540/540 542/542/542 541/541/541 
f 541/541/541 542/542/542 543/543/543 
f 542/542/542 544/544/544 543/543/543 
f 543/543/543 544/544/544 544/544/544 
f 544/544/544 545/545/545 544/544/544 
f 544/544/544 545/545/545 545/545/545 
f 545/545/545 546/546/546 545/545/545 
f 545/545/545 546/546/546 547/547/547 
f 546/546/546 548/548/548 547/547/547 
f 547/547/547 548/548/548 548/548/548 
f 548/548/548 549/549/549 548/548/548 
f 548/548/548 549/549/549 549/549/549 
f 549/549/549 550/550/550 549/549/549 
f 549/549/549 550/550/550 551/551/551 
f 550/550/550 552/552/552 551/551/551 
f 551/551/551 552/552/552 552/552/552 
f 552/552/552 553/553/553 552/552/552 
f 552/552/552 553/553/553 553/553/553 
f 553/553/553 554/554/554 553/553/553 
f 553/553/553 554/554/554 555/555/555 
f 554/554/554 556/556/556 555/555/555 
f 555/555/555 556/556/556 556/556/556 
f 556/556/556 557/557/557 556/556/556 
f 556/556/556 557/557/557 557/557/557 
f 557/557/557 558/558/558 557/557/557 
f 557/557/557 558/558/558 559/559/559 
f 558/558/558 560/560/560 559/559/559 
f 559/559/559 560/560/560 560/560/560 
f 560/560/560 561/561/561 560/560/560 
f 560/560/560 561/561/561 561/561/561 
f 561/561/561 562/562/562 561/561/561 
f 561/561/561 562/562/562 563/563/563 
f 562/562/562 564/564/564 563/563/563 
f 563/563/563 564/564/564 565/565/565 
f 564/564/564 566/566/566 565/565/565 
f 565/565/565 566/566/566 567/567/567 
f 566/566/566 568/568/568 567/567/567 
f 567/567/567 568/568/568 569/569/569 
f 568/568/568 570/570/570 569/569/569 
f 569/569/569 570/570/570 570/570/570 
f 570/570/570 571/571/571 570/570/570 
f 570/570/570 571/571/571 571/571/571 
f 571/571/571 572/572/572 571/571/571 
f 571/571/571 572/572/572 573/573/573 
f 572/572/572 574/574/574 573/573/573 
f 573/573/573 574/574/574 575/575/575 
f 574/574/574 576/576/576 575/575/575 
f 575/575/575 576/576/576 577/577/577 
f 576/576/576 578/578/578 577/577/577 
f 577/577/577 578/578/578 579/579/579 
f 578/578/578 580/580/580 579/579/579 
f 579/579/579 580/580/580 580/580/580 
f 580/580/580 581/581/581 580/580/580 
f 580/580/580 581/581/581 581/581/581 
f 581/581/581 582/582/582 581/581/581 
f 581/581/581 582/582/582 583/583/583 
f 582/582/582 584/584/584 583/583/583 
f 583/583/583 584/584/584 585/585/585 
f 584/584/584 586/586/586 585/585/585 
f 585/585/585 586/586/586 587/587/587 
f 586/586/586 588/588/588 587/587/587 
f 587/587/587 588/588/588 588/588/588 
f 588/588/588 589/589/589 588/588/588 
f 588/588/588 589/589/589 589/589/589 
f 589/589/589 590/590/590 589/589/589 
f 589/589/589 590/590/590 591/591/591 
f 590/590/590 592/592/592 591/591/591 
f 591/591/591 592/592/592 593/593/593 
f 592/592/592 594/594/594 593/593/593 
f 593/593/593 594/594/594 595/595/595 
f 594/594/594 596/596/596 595/595/595 
f 595/595/595 596/596/596 597/597/597 
f 596/596/596 598/598/598 597/597/597 
f 597/597/597 598/598/598 598/598/598 
f 598/598/598 599/599/599 598/598/598 
f 598/598/598 599/599/599 599/599/599 
f 599/599/599 600/600/600 599/599/599 
f 599/599/599 600/600/600 601/601/601 
f 600/600/600 602/602/602 601/601/601 
f 601/601/601 602/602/602 603/603/603 
f 602/602/602 604/604/604 603/603/603 
f 603/603/603 604/604/604 605/605/605 
f 604/604/604 606/606/606 605/605/605 
f 605/605/605 606/606/606 607/607/607 
f 606/606/606 608/608/608 607/607/607 
f 607/607/607 608/608/608 608/608/608 
f 608/608/608 609/609/609 608/608/608 
f 608/608/608 609/609/609 609/609/609 
f 609/609/609 610/610/610 609/609/609 
f 609/609/609 610/610/610 611/611/611 
f 610/610/610 612/612/612 611/611/611 
f 611/611/611 612/612/612 613/613/613 
f 612/612/612 614/614/614 613/613/613 
f 613/613/613 614/614/614 615/615/615 
f 614/614/614 616/616/616 615/615/615 
f 615/615/615 616/616/616 617/617/617 
f 616/616/616 618/618/618 617/617/617 
f 617/617/617 618/618/618 618/618/618 
f 618/618/618 619/619/619 618/618/618 
f 618/618/618 619/619/619 619/619/619 
f 619/619/619 620/620/620 619/619/619 
f 619/619/619 620/620/620 621/621/621 
f 620/620/620 622/622/622 621/621/621 
f 621/621/621 622/622/622 623/623/623 
f 622/622/622 624/624/624 623/623/623 
f 623/623/623 624/624/624 625/625/625 
f 624/624/624 626/626/626 625/625/625 
f 625/625/625 626/626/626 626/626/626 
f 626/626/626 627/627/627 626/626/626 
f 626/626/626 627/627/627 627/627/627 
f 627/627/627 628/628/628 627/627/627 
f 627/627/627 628/628/628 629/629/629 
f 628/628/628 630/630/630 629/629/629 
f 629/629/629 630/630/630 631/631/631 
f 630/630/630 632/632/632 631/631/631 
f 631/631/631 632/632/632 633/633/633 
f 632/632/632 634/634/634 633/633/633 
f 633/633/633 634/634/634 635/635/635 
f 634/634/634 636/636/636 635/635/635 
f 635/635/635 636/636/636 636/636/636 
f 636/636/636 637/637/637 636/636/636 
f 636/636/636 637/637/637 637/637/637 
f 637/637/637 638/638/638 637/637/637 
f 637/637/637 638/638/638 639/639/639 
f 638/638/638 640/640/640 639/639/639 
f 639/639/639 640/640/640 639/639/639 
f 640/640/640 641/641/641 639/639/639 
f 639/639/639 641/641/641 639/639/639 
f 641/641/641 642/642/642 639/639/639 
f 639/639/639 642/642/642 639/639/639 
f 642/642/642 643/643/643 639/639/639 
f 639/639/639 643/643/643 639/639/639 
f 643/643/643 644/644/644 639/639/639 
f 639/639/639 644/644/644 639/639/639 
f 644/644/644 645/645/645 639/639/639 
f 639/639/639 645/645/645 639/639/639 
f 645/645/645 646/646/646 639/639/639 
f 639/639/639 646/646/646 639/639/639 
f 646/646/646 647/647/647 639/639/639 
f 639/639/639 647/647/647 639/639/639 
f 647/647/647 648/648/648 639/639/639 
f 639/639/639 648/648/648 639/639/639 
f 648/648/648 649/649/649 639/639/639 
f 639/639/639 649/649/649 639/639/639 
f 649/649/649 650/650/650 639/639/639 
f 639/639/639 650/650/650 651/651/651 
f 650/650/650 651/651/651 651/651/651 
f 651/651/651 651/651/651 652/652/652 
f 651/651/651 652/652/652 652/652/652 
f 652/652/652 652/652/652 653/653/653 
f 652/652/652 654/654/654 653/653/653 
f 653/653/653 654/654/654 655/655/655 
f 654/654/654 655/655/655 655/655/655 
f 655/655/655 655/655/655 653/653/653 
f 655/655/655 653/653/653 653/653/653 
f 653/653/653 653/653/653 652/652/652 
f 653/653/653 656/656/656 652/652/652 
f 652/652/652 656/656/656 657/657/657 
f 656/656/656 658/658/658 657/657/657 
f 657/657/657 658/658/658 659/659/659 
f 658/658/658 660/660/660 659/659/659 
f 659/659/659 660/660/660 661/661/661 
f 660/660/660 662/662/662 661/661/661 
f 661/661/661 662/662/662 663/663/663 
f 662/662/662 664/664/664 663/663/663 
f 663/663/663 664/664/664 665/665/665 
f 664/664/664 666/666/666 665/665/665 
f 665/665/665 666/666/666 667/667/667 
f 666/666/666 668/668/668 667/667/667 
f 667/667/667 668/668/668 669/669/669 
f 668/668/668 670/670/670 669/669/669 
f 669/669/669 670/670/670 671/671/671 
f 670/670/670 672/672/672 671/671/671 
f 671/671/671 672/672/672 673/673/673 
f 672/672/672 674/674/674 673/673/673 
f 673/673/673 674/674/674 675/675/675 
f 674/674/674 676/676/676 675/675/675 
f 675/675/675 676/676/676 677/677/677 
f 676/676/676 678/678/678 677/677/677 
f 677/677/677 678/678/678 679/679/679 
f 678/678/678 680/680/680 679/679/679 
f 679/679/679 680/680/680 681/681/681 
f 680/680/680 655/655/655 681/681/681 
f 681/681/681 655/655/655 654/654/654 
f 655/655/655 654/654/654 654/654/654 
f 654/654/654 654/654/654 682/682/682 
f 654/654/654 682/682/682 682/682/682 
f 682/682/682 682/682/682 683/683/683 
f 682/682/682 684/684/684 683/683/683 
f 683/683/683 684/684/684 683/683/683 
f 684/684/684 685/685/685 683/683/683 
f 683/683/683 685/685/685 686/686/686 
f 685/685/685 687/687/687 686/686/686 
f 686/686/686 687/687/687 688/688/688 
f 687/687/687 689/689/689 688/688/688 
f 688/688/688 689/689/689 690/690/690 
f 689/689/689 691/691/691 690/690/690 
f 690/690/690 691/691/691 691/691/691 
f 691/691/691 692/692/692 691/691/691 
f 691/691/691 692/692/692 692/692/692 
f 692/692/692 693/693/693 692/692/692 
f 692/692/692 693/693/693 694/694/694 
f 693/693/693 695/695/695 694/694/694 
f 694/694/694 695/695/695 696/696/696 
f 695/695/695 697/697/697 696/696/696 
f 696/696/696 697/697/697 698/698/698 
f 697/697/697 699/699/699 698/698/698 
f 698/698/698 699/699/699 700/700/700 
f 699/699/699 701/701/701 700/700/700 
f 700/700/700 701/701/701 701/701/701 
f 701/701/701 702/702/702 701/701/701 
f 701/701/701 702/702/702 702/702/702 
f 702/702/702 703/703/703 702/702/702 
f 702/702/702 703/703/703 704/704/704 
f 703/703/703 705/705/705 704/704/704 
f 704/704/704 705/705/705 706/706/706 
f 705/705/705 707/707/707 706/706/706 
f 706/706/706 707/707/707 708/708/708 
f 707/707/707 709/709/709 708/708/708 
f 708/708/708 709/709/709 709/709/709 
f 709/709/709 710/710/710 709/709/709 
f 709/709/709 710/710/710 710/710/710 
f 710/710/710 711/711/711 710/710/710 
f 710/710/710 711/711/711 712/712/712 
f 711/711/711 713/713/713 712/712/712 
f 712/712/712 713/713/713 714/714/714 
f 713/713/713 715/715/715 714/714/714 
f 714/714/714 715/715/715 716/716/716 
f 715/715/715 717/717/717 716/716/716 
f 716/716/716 717/717/717 718/718/718 
f 717/717/717 719/719/719 718/718/718 
f 718/718/718 719/719/719 719/719/719 
f 719/719/719 720/720/720 719/719/719 
f 719/719/719 720/720/720 720/720/720 
f 720/720/720 721/721/721 720/720/720 
f 720/720/720 721/721/721 722/722/722 
f 721/721/721 723/723/723 722/722/722 
f 722/722/722 723/723/723 722/722/722 
f 723/723/723 724/724/724 722/722/722 
f 722/722/722 724/724/724 725/725/725 
f 724/724/724 726/726/726 725/725/725 
f 725/725/725 726/726/726 727/727/727 
f 726/726/726 726/726/726 727/727/727 
f 727/727/727 726/726/726 728/728/728 
f 726/726/726 726/726/726 728/728/728 
f 728/728/728 726/726/726 729/729/729 
f 726/726/726 730/730/730 729/729/729 
f 729/729/729 730/730/730 731/731/731 
f 730/730/730 732/732/732 731/731/731 
f 731/731/731 732/732/732 733/733/733 
f 732/732/732 733/733/733 733/733/733 
f 733/733/733 733/733/733 721/721/721 
f 733/733/733 721/721/721 721/721/721 
f 721/721/721 721/721/721 723/723/723 
f 721/721/721 734/734/734 723/723/723 
f 723/723/723 734/734/734 734/734/734 
f 734/734/734 722/722/722 734/734/734 
f 734/734/734 722/722/722 722/722/722 
f 722/722/722 725/725/725 722/722/722 
f 722/722/722 725/725/725 735/735/735 
f 725/725/725 735/735/735 735/735/735 
f 735/735/735 735/735/735 726/726/726 
f 735/735/735 726/726/726 726/726/726 
f 726/726/726 726/726/726 730/730/730 
f 726/726/726 736/736/736 730/730/730 
f 730/730/730 736/736/736 736/736/736 
f 736/736/736 731/731/731 736/736/736 
f 736/736/736 731/731/731 731/731/731 
f 731/731/731 737/737/737 731/731/731 
f 731/731/731 737/737/737 729/729/729 
f 737/737/737 729/729/729 729/729/729 
f 729/729/729 729/729/729 730/730/730 
f 729/729/729 730/730/730 730/730/730 
f 730/730/730 730/730/730 732/732/732 
f 730/730/730 738/738/738 732/732/732 
f 732/732/732 738/738/738 739/739/739 
f 738/738/738 740/740/740 739/739/739 
f 739/739/739 740/740/740 741/741/741 
f 740/740/740 741/741/741 741/741/741 
f 741/741/741 741/741/741 739/739/739 
f 741/741/741 739/739/739 739/739/739 
f 739/739/739 739/739/739 732/732/732 
f 739/739/739 742/742/742 732/732/732 
f 732/732/732 742/742/742 742/742/742 
f 742/742/742 743/743/743 742/742/742 
f 742/742/742 743/743/743 743/743/743 
f 743/743/743 740/740/740 743/743/743 
f 743/743/743 740/740/740 723/723/723 
f 740/740/740 738/738/738 723/723/723 
f 723/723/723 738/738/738 724/724/724 
f 738/738/738 724/724/724 724/724/724 
f 724/724/724 724/724/724 744/744/744 
f 724/724/724 744/744/744 744/744/744 
f 744/744/744 744/744/744 745/745/745 
f 744/744/744 746/746/746 745/745/745 
f 745/745/745 746/746/746 745/745/745 
f 746/746/746 747/747/747 745/745/745 
f 745/745/745 747/747/747 745/745/745 
f 747/747/747 748/748/748 745/745/745 
f 745/745/745 748/748/748 745/745/745 
f 748/748/748 749/749/749 745/745/745 
f 745/745/745 749/749/749 745/745/745 
f 749/749/749 750/750/750 745/745/745 
f 745/745/745 750/750/750 745/745/745 
f 750/750/750 751/751/751 745/745/745 
f 745/745/745 751/751/751 745/745/745 
f 751/751/751 752/752/752 745/745/745 
f 745/745/745 752/752/752 745/745/745 
f 752/752/752 753/753/753 745/745/745 
f 745/745/745 753/753/753 745/745/745 
f 753/753/753 754/754/754 745/745/745 
f 745/745/745 754/754/754 745/745/745 
f 754/754/754 755/755/755 745/745/745 
f 745/745/745 755/755/755 745/745/745 
f 755/755/755 756/756/756 745/745/745 
f 745/745/745 756/756/756 745/745/745 
f 756/756/756 757/757/757 745/745/745 
f 745/745/745 757/757/757 758/758/758 
f 757/757/757 758/758/758 758/758/758 
f 758/758/758 758/758/758 759/759/759 
f 758/758/758 759/759/759 759/759/759 
f 759/759/759 759/759/759 760/760/760 
f 759/759/759 761/761/761 760/760/760 
f 760/760/760 761/761/761 762/762/762 
f 761/761/761 763/763/763 762/762/762 
f 762/762/762 763/763/763 763/763/763 
f 763/763/763 764/764/764 763/763/763 
f 763/763/763 764/764/764 764/764/764 
f 764/764/764 765/765/765 764/764/764 
f 764/764/764 765/765/765 762/762/762 
f 765/765/765 171/171/171 762/762/762 
f 762/762/762 171/171/171 760/760/760 
f 171/171/171 760/760/760 760/760/760 
f 760/760/760 760/760/760 766/766/766 
f 760/760/760 766/766/766 766/766/766 
f 766/766/766 766/766/766 765/765/765 
f 766/766/766 767/767/767 765/765/765 
f 765/765/765 767/767/767 171/171/171 
f 767/767/767 767/767/767 171/171/171 
f 171/171/171 767/767/767 170/170/170 
f 767/767/767 768/768/768 170/170/170 
f 170/170/170 768/768/768 769/769/769 
f 768/768/768 770/770/770 769/769/769 
f 769/769/769 770/770/770 770/770/770 
f 770/770/770 767/767/767 770/770/770 
f 770/770/770 767/767/767 767/767/767 
f 767/767/767 771/771/771 767/767/767 
f 767/767/767 771/771/771 768/768/768 
f 771/771/771 768/768/768 768/768/768 
f 768/768/768 768/768/768 170/170/170 
f 768/768/768 170/170/170 170/170/170 
f 170/170/170 170/170/170 772/772/772 
f 170/170/170 769/769/769 772/772/772 
f 772/772/772 769/769/769 772/772/772 
f 769/769/769 773/773/773 772/772/772 
f 772/772/772 773/773/773 760/760/760 
f 773/773/773 774/774/774 760/760/760 
f 760/760/760 774/774/774 774/774/774 
f 774/774/774 772/772/772 774/774/774 
f 774/774/774 772/772/772 772/772/772 
f 772/772/772 760/760/760 772/772/772 
f 772/772/772 760/760/760 775/775/775 
f 760/760/760 171/171/171 775/775/775 
f 775/775/775 171/171/171 171/171/171 
f 171/171/171 776/776/776 171/171/171 
f 171/171/171 776/776/776 776/776/776 
f 776/776/776 777/777/777 776/776/776 
f 776/776/776 777/777/777 778/778/778 
f 777/777/777 779/779/779 778/778/778 
f 778/778/778 779/779/779 778/778/778 
f 779/779/779 780/780/780 778/778/778 
f 778/778/778 780/780/780 778/778/778 
f 780/780/780 781/781/781 778/778/778 
f 778/778/778 781/781/781 778/778/778 
f 781/781/781 782/782/782 778/778/778 
f 778/778/778 782/782/782 778/778/778 
f 782/782/782 783/783/783 778/778/778 
f 778/778/778 783/783/783 778/778/778 
f 783/783/783 784/784/784 778/778/778 
f 778/778/778 784/784/784 778/778/778 
f 784/784/784 785/785/785 778/778/778 
f 778/778/778 785/785/785 778/778/778 
f 785/785/785 786/786/786 778/778/778 
f 778/778/778 786/786/786 778/778/778 
f 786/786/786 787/787/787 778/778/778 
f 778/778/778 787/787/787 778/778/778 
f 787/787/787 788/788/788 778/778/778 
f 778/778/778 788/788/788 778/778/778 
f 788/788/788 789/789/789 778/778/778 
f 778/778/778 789/789/789 790/790/790 
f 789/789/789 790/790/790 790/790/790 
f 790/790/790 790/790/790 791/791/791 
f 790/790/790 791/791/791 791/791/791 
f 791/791/791 791/791/791 792/792/792 
f 791/791/791 793/793/793 792/792/792 
f 792/792/792 793/793/793 792/792/792 
f 793/793/793 794/794/794 792/792/792 
f 792/792/792 794/794/794 795/795/795 
f 794/794/794 796/796/796 795/795/795 
f 795/795/795 796/796/796 797/797/797 
f 796/796/796 798/798/798 797/797/797 
f 797/797/797 798/798/798 799/799/799 
f 798/798/798 800/800/800 799/799/799 
f 799/799/799 800/800/800 800/800/800 
f 800/800/800 801/801/801 800/800/800 
f 800/800/800 801/801/801 801/801/801 
f 801/801/801 802/802/802 801/801/801 
f 801/801/801 802/802/802 803/803/803 
f 802/802/802 804/804/804 803/803/803 
f 803/803/803 804/804/804 805/805/805 
f 804/804/804 806/806/806 805/805/805 
f 805/805/805 806/806/806 807/807/807 
f 806/806/806 808/808/808 807/807/807 
f 807/807/807 808/808/808 809/809/809 
f 808/808/808 810/810/810 809/809/809 
f 809/809/809 810/810/810 810/810/810 
f 810/810/810 811/811/811 810/810/810 
f 810/810/810 811/811/811 811/811/811 
f 811/811/811 812/812/812 811/811/811 
f 811/811/811 812/812/812 813/813/813 
f 812/812/812 814/814/814 813/813/813 
f 813/813/813 814/814/814 815/815/815 
f 814/814/814 816/816/816 815/815/815 
f 815/815/815 816/816/816 817/817/817 
f 816/816/816 818/818/818 817/817/817 
f 817/817/817 818/818/818 818/818/818 
f 818/818/818 819/819/819 818/818/818 
f 818/818/818 819/819/819 819/819/819 
f 819/819/819 820/820/820 819/819/819 
f 819/819/819 820/820/820 821/821/821 
f 820/820/820 822/822/822 821/821/821 
f 821/821/821 822/822/822 823/823/823 
f 822/822/822 824/824/824 823/823/823 
f 823/823/823 824/824/824 825/825/825 
f 824/824/824 826/826/826 825/825/825 
f 825/825/825 826/826/826 827/827/827 
f 826/826/826 828/828/828 827/827/827 
f 827/827/827 828/828/828 828/828/828 
f 828/828/828 829/829/829 828/828/828 
f 828/828/828 829/829/829 829/829/829 
f 829/829/829 830/830/830 829/829/829 
f 829/829/829 830/830/830 831/831/831 
f 830/830/830 832/832/832 831/831/831 
f 831/831/831 832/832/832 833/833/833 
f 832/832/832 834/834/834 833/833/833 
f 833/833/833 834/834/834 835/835/835 
f 834/834/834 836/836/836 835/835/835 
f 835/835/835 836/836/836 837/837/837 
f 836/836/836 838/838/838 837/837/837 
f 837/837/837 838/838/838 838/838/838 
f 838/838/838 839/839/839 838/838/838 
f 838/838/838 839/839/839 839/839/839 
f 839/839/839 840/840/840 839/839/839 
f 839/839/839 840/840/840 841/841/841 
f 840/840/840 842/842/842 841/841/841 
f 841/841/841 842/842/842 843/843/843 
f 842/842/842 844/844/844 843/843/843 
f 843/843/843 844/844/844 845/845/845 
f 844/844/844 846/846/846 845/845/845 
f 845/845/845 846/846/846 847/847/847 
f 846/846/846 848/848/848 847/847/847 
f 847/847/847 848/848/848 848/848/848 
f 848/848/848 849/849/849 848/848/848 
f 848/848/848 849/849/849 849/849/849 
f 849/849/849 850/850/850 849/849/849 
f 849/849/849 850/850/850 851/851/851 
f 850/850/850 852/852/852 851/851/851 
f 851/851/851 852/852/852 853/853/853 
f 852/852/852 854/854/854 853/853/853 
f 853/853/853 854/854/854 855/855/855 
f 854/854/854 856/856/856 855/855/855 
f 855/855/855 856/856/856 856/856/856 
f 856/856/856 857/857/857 856/856/856 
f 856/856/856 857/857/857 857/857/857 
f 857/857/857 858/858/858 857/857/857 
f 857/857/857 858/858/858 859/859/859 
f 858/858/858 860/860/860 859/859/859 
f 859/859/859 860/860/860 861/861/861 
f 860/860/860 862/862/862 861/861/861 
f 861/861/861 862/862/862 863/863/863 
f 862/862/862 864/864/864 863/863/863 
f 863/863/863 864/864/864 865/865/865 
f 864/864/864 866/866/866 865/865/865 
f 865/865/865 866/866/866 866/866/866 
f 866/866/866 867/867/867 866/866/866 
f 866/866/866 867/867/867 867/867/867 
f 867/867/867 868/868/868 867/867/867 
f 867/867/867 868/868/868 869/869/869 
f 868/868/868 870/870/870 869/869/869 
f 869/869/869 870/870/870 870/870/870 
f 870/870/870 869/869/869 870/870/870 
f 870/870/870 869/869/869 869/869/869 
f 869/869/869 871/871/871 869/869/869 
f 869/869/869 871/871/871 867/867/867 
f 871/871/871 871/871/871 867/867/867 
f 867/867/867 871/871/871 872/872/872 
f 871/871/871 873/873/873 872/872/872 
f 872/872/872 873/873/873 874/874/874 
f 873/873/873 875/875/875 874/874/874 
f 874/874/874 875/875/875 876/876/876 
f 875/875/875 877/877/877 876/876/876 
f 876/876/876 877/877/877 878/878/878 
f 877/877/877 879/879/879 878/878/878 
f 878/878/878 879/879/879 879/879/879 
f 879/879/879 868/868/868 879/879/879 
f 879/879/879 868/868/868 868/868/868 
f 868/868/868 880/880/880 868/868/868 
f 868/868/868 880/880/880 870/870/870 
f 880/880/880 880/880/880 870/870/870 
f 870/870/870 880/880/880 881/881/881 
f 880/880/880 882/882/882 881/881/881 
f 881/881/881 882/882/882 883/883/883 
f 882/882/882 884/884/884 883/883/883 
f 883/883/883 884/884/884 884/884/884 
f 884/884/884 885/885/885 884/884/884 
f 884/884/884 885/885/885 885/885/885 
f 885/885/885 886/886/886 885/885/885 
f 885/885/885 886/886/886 887/887/887 
f 886/886/886 888/888/888 887/887/887 
f 887/887/887 888/888/888 889/889/889 
f 888/888/888 890/890/890 889/889/889 
f 889/889/889 890/890/890 891/891/891 
f 890/890/890 892/892/892 891/891/891 
f 891/891/891 892/892/892 893/893/893 
f 892/892/892 894/894/894 893/893/893 
f 893/893/893 894/894/894 895/895/895 
f 894/894/894 896/896/896 895/895/895 
f 895/895/895 896/896/896 897/897/897 
f 896/896/896 898/898/898 897/897/897 
f 897/897/897 898/898/898 899/899/899 
f 898/898/898 900/900/900 899/899/899 
f 899/899/899 900/900/900 900/900/900 
f 900/900/900 901/901/901 900/900/900 
f 900/900/900 901/901/901 901/901/901 
f 901/901/901 902/902/902 901/901/901 
f 901/901/901 902/902/902 903/903/903 
f 902/902/902 904/904/904 903/903/903 
f 903/903/903 904/904/904 905/905/905 
f 904/904/904 906/906/906 905/905/905 
f 905/905/905 906/906/906 907/907/907 
f 906/906/906 908/908/908 907/907/907 
f 907/907/907 908/908/908 909/909/909 
f 908/908/908 910/910/910 909/909/909 
f 909/909/909 910/910/910 911/911/911 
f 910/910/910 912/912/912 911/911/911 
f 911/911/911 912/912/912 913/913/913 
f 912/912/912 914/914/914 913/913/913 
f 913/913/913 914/914/914 915/915/915 
f 914/914/914 916/916/916 915/915/915 
f 915/915/915 916/916/916 917/917/917 
f 916/916/916 918/918/918 917/917/917 
f 917/917/917 918/918/918 918/918/918 
f 918/918/918 919/919/919 918/918/918 
f 918/918/918 919/919/919 919/919/919 
f 919/919/919 920/920/920 919/919/919 
f 919/919/919 920/920/920 921/921/921 
f 920/920/920 922/922/922 921/921/921 
f 921/921/921 922/922/922 923/923/923 
f 922/922/922 924/924/924 923/923/923 
f 923/923/923 924/924/924 925/925/925 
f 924/924/924 926/926/926 925/925/925 
f 925/925/925 926/926/926 927/927/927 
f 926/926/926 928/928/928 927/927/927 
f 927/927/927 928/928/928 929/929/929 
f 928/928/928 930/930/930 929/929/929 
f 929/929/929 930/930/930 931/931/931 
f 930/930/930 932/932/932 931/931/931 
f 931/931/931 932/932/932 933/933/933 
f 932/932/932 934/934/934 933/933/933 
f 933/933/933 934/934/934 934/934/934 
f 934/934/934 935/935/935 934/934/934 
f 934/934/934 935/935/935 935/935/935 
f 935/935/935 936/936/936 935/935/935 
f 935/935/935 936/936/936 937/937/937 
f 936/936/936 938/938/938 937/937/937 
f 937/937/937 938/938/938 937/937/937 
f 938/938/938 939/939/939 937/937/937 
f 937/937/937 939/939/939 937/937/937 
f 939/939/939 940/940/940 937/937/937 
f 937/937/937 940/940/940 937/937/937 
f 940/940/940 941/941/941 937/937/937 
f 937/937/937 941/941/941 937/937/937 
f 941/941/941 942/942/942 937/937/937 
f 937/937/937 942/942/942 937/937/937 
f 942/942/942 943/943/943 937/937/937 
f 937/937/937 943/943/943 937/937/937 
f 943/943/943 944/944/944 937/937/937 
f 937/937/937 944/944/944 937/937/937 
f 944/944/944 945/945/945 937/937/937 
f 937/937/937 945/945/945 937/937/937 
f 945/945/945 946/946/946 937/937/937 
f 937/937/937 946/946/946 937/937/937 
f 946/946/946 947/947/947 937/937/937 
f 937/937/937 947/947/947 937/937/937 
f 947/947/947 948/948/948 937/937/937 
f 937/937/937 948/948/948 937/937/937 
f 948/948/948 949/949/949 937/937/937 
f 937/937/937 949/949/949 937/937/937 
f 949/949/949 950/950/950 937/937/937 
f 937/937/937 950/950/950 937/937/937 
f 950/950/950 951/951/951 937/937/937 
f 937/937/937 951/951/951 937/937/937 
f 951/951/951 952/952/952 937/937/937 
f 937/937/937 952/952/952 937/937/937 
f 952/952/952 953/953/953 937/937/937 
f 937/937/937 953/953/953 937/937/937 
f 953/953/953 954/954/954 937/937/937 
f 937/937/937 954/954/954 937/937/937 
f 954/954/954 955/955/955 937/937/937 
f 937/937/937 955/955/955 937/937/937 
f 955/955/955 956/956/956 937/937/937 
f 937/937/937 956/956/956 937/937/937 
f 956/956/956 957/957/957 937/937/937 
f 937/937/937 957/957/957 937/937/937 
f 957/957/957 958/958/958 937/937/937 
f 937/937/937 958/958/958 937/937/937 
f 958/958/958 959/959/959 937/937/937 
f 937/937/937 959/959/959 937/937/937 
f 959/959/959 960/960/960 937/937/937 
f 937/937/937 960/960/960 937/937/937 
f 960/960/960 961/961/961 937/937/937 
f 937/937/937 961/961/961 937/937/937 
f 961/961/961 962/962/962 937/937/937 
f 937/937/937 962/962/962 937/937/937 
f 962/962/962 963/963/963 937/937/937 
f 937/937/937 963/963/963 964/964/964 
f 963/963/963 964/964/964 964/964/964 
f 964/964/964 964/964/964 965/965/965 
f 964/964/964 965/965/965 965/965/965 
f 965/965/965 965/965/965 966/966/966 
f 965/965/965 967/967/967 966/966/966 
f 966/966/966 967/967/967 968/968/968 
f 967/967/967 968/968/968 968/968/968 
f 968/968/968 968/968/968 967/967/967 
f 968/968/968 967/967/967 967/967/967 
f 967/967/967 967/967/967 969/969/969 
f 967/967/967 965/965/965 969/969/969 
f 969/969/969 965/965/965 969/969/969 
f 965/965/965 970/970/970 969/969/969 
f 969/969/969 970/970/970 971/971/971 
f 970/970/970 972/972/972 971/971/971 
f 971/971/971 972/972/972 973/973/973 
f 972/972/972 974/974/974 973/973/973 
f 973/973/973 974/974/974 975/975/975 
f 974/974/974 976/976/976 975/975/975 
f 975/975/975 976/976/976 977/977/977 
f 976/976/976 977/977/977 977/977/977 
f 977/977/977 977/977/977 966/966/966 
f 977/977/977 966/966/966 966/966/966 
f 966/966/966 966/966/966 978/978/978 
f 966/966/966 968/968/968 978/978/978 
f 978/978/978 968/968/968 978/978/978 
f 968/968/968 979/979/979 978/978/978 
f 978/978/978 979/979/979 980/980/980 
f 979/979/979 981/981/981 980/980/980 
f 980/980/980 981/981/981 982/982/982 
f 981/981/981 982/982/982 982/982/982 
f 982/982/982 982/982/982 983/983/983 
f 982/982/982 983/983/983 983/983/983 
f 983/983/983 983/983/983 984/984/984 
f 983/983/983 985/985/985 984/984/984 
f 984/984/984 985/985/985 986/986/986 
f 985/985/985 987/987/987 986/986/986 
f 986/986/986 987/987/987 988/988/988 
f 987/987/987 989/989/989 988/988/988 
f 988/988/988 989/989/989 990/990/990 
f 989/989/989 991/991/991 990/990/990 
f 990/990/990 991/991/991 992/992/992 
f 991/991/991 993/993/993 992/992/992 
f 992/992/992 993/993/993 994/994/994 
f 993/993/993 995/995/995 994/994/994 
f 994/994/994 995/995/995 996/996/996 
f 995/995/995 997/997/997 996/996/996 
f 996/996/996 997/997/997 998/998/998 
f 997/997/997 998/998/998 998/998/998 
f 998/998/998 998/998/998 999/999/999 
f 998/998/998 999/999/999 999/999/999 
f 999/999/999 999/999/999 1000/1000/1000 
f 999/999/999 1001/1001/1001 1000/1000/1000 
f 1000/1000/1000 1001/1001/1001 1002/1002/1002 
f 1001/1001/1001 1003/1003/1003 1002/1002/1002 
f 1002/1002/1002 1003/1003/1003 1004/1004/1004 
f 1003/1003/1003 1005/1005/1005 1004/1004/1004 
f 1004/1004/1004 1005/1005/1005 1006/1006/1006 
f 1005/1005/1005 1007/1007/1007 1006/1006/1006 
f 1006/1006/1006 1007/1007/1007 1008/1008/1008 
f 1007/1007/1007 1009/1009/1009 1008/1008/1008 
f 1008/1008/1008 1009/1009/1009 1010/1010/1010 
f 1009/1009/1009 1011/1011/1011 1010/1010/1010 
f 1010/1010/1010 1011/1011/1011 1012/1012/1012 
f 1011/1011/1011 1013/1013/1013 1012/1012/1012 
f 1012/1012/1012 1013/1013/1013 1014/1014/1014 
f 1013/1013/1013 1015/1015/1015 1014/1014/1014 
f 1014/1014/1014 1015/1015/1015 1016/1016/1016 
f 1015/1015/1015 1016/1016/1016 1016/1016/1016 
f 1016/1016/1016 1016/1016/1016 1017/1017/1017 
f 1016/1016/1016 1017/1017/1017 1017/1017/1017 
f 1017/1017/1017 1017/1017/1017 1018/1018/1018 
f 1017/1017/1017 1019/1019/1019 1018/1018/1018 
f 1018/1018/1018 1019/1019/1019 1020/1020/1020 
f 1019/1019/1019 1021/1021/1021 1020/1020/1020 
f 1020/1020/1020 1021/1021/1021 1022/1022/1022 
f 1021/1021/1021 1023/1023/1023 1022/1022/1022 
f 1022/1022/1022 1023/1023/1023 1024/1024/1024 
f 1023/1023/1023 1025/1025/1025 1024/1024/1024 
f 1024/1024/1024 1025/1025/1025 1026/1026/1026 
f 1025/1025/1025 1027/1027/1027 1026/1026/1026 
f 1026/1026/1026 1027/1027/1027 1028/1028/1028 
f 1027/1027/1027 1029/1029/1029 1028/1028/1028 
f 1028/1028/1028 1029/1029/1029 1030/1030/1030 
f 1029/1029/1029 1031/1031/1031 1030/1030/1030 
f 1030/1030/1030 1031/1031/1031 1032/1032/1032 
f 1031/1031/1031 1032/1032/1032 1032/1032/1032 
f 1032/1032/1032 1032/1032/1032 1033/1033/1033 
f 1032/1032/1032 1033/1033/1033 1033/1033/1033 
f 1033/1033/1033 1033/1033/1033 1034/1034/1034 
f 1033/1033/1033 1035/1035/1035 1034/1034/1034 
f 1034/1034/1034 1035/1035/1035 1036/1036/1036 
f 1035/1035/1035 1036/1036/1036 1036/1036/1036 
f 1036/1036/1036 1036/1036/1036 1034/1034/1034 
f 1036/1036/1036 1034/1034/1034 1034/1034/1034 
f 1034/1034/1034 1034/1034/1034 1033/1033/1033 
f 1034/1034/1034 1037/1037/1037 1033/1033/1033 
f 1033/1033/1033 1037/1037/1037 1038/1038/1038 
f 1037/1037/1037 1039/1039/1039 1038/1038/1038 
f 1038/1038/1038 1039/1039/1039 1040/1040/1040 
f 1039/1039/1039 1041/1041/1041 1040/1040/1040 
f 1040/1040/1040 1041/1041/1041 1042/1042/1042 
f 1041/1041/1041 1043/1043/1043 1042/1042/1042 
f 1042/1042/1042 1043/1043/1043 1044/1044/1044 
f 1043/1043/1043 1045/1045/1045 1044/1044/1044 
f 1044/1044/1044 1045/1045/1045 1046/1046/1046 
f 1045/1045/1045 1047/1047/1047 1046/1046/1046 
f 1046/1046/1046 1047/1047/1047 1048/1048/1048 
f 1047/1047/1047 1049/1049/1049 1048/1048/1048 
f 1048/1048/1048 1049/1049/1049 1050/1050/1050 
f 1049/1049/1049 1051/1051/1051 1050/1050/1050 
f 1050/1050/1050 1051/1051/1051 1052/1052/1052 
f 1051/1051/1051 1053/1053/1053 1052/1052/1052 
f 1052/1052/1052 1053/1053/1053 1054/1054/1054 
f 1053/1053/1053 1055/1055/1055 1054/1054/1054 
f 1054/1054/1054 1055/1055/1055 1056/1056/1056 
f 1055/1055/1055 1057/1057/1057 1056/1056/1056 
f 1056/1056/1056 1057/1057/1057 1058/1058/1058 
f 1057/1057/1057 1059/1059/1059 1058/1058/1058 
f 1058/1058/1058 1059/1059/1059 1060/1060/1060 
f 1059/1059/1059 1061/1061/1061 1060/1060/1060 
f 1060/1060/1060 1061/1061/1061 1062/1062/1062 
f 1061/1061/1061 1063/1063/1063 1062/1062/1062 
f 1062/1062/1062 1063/1063/1063 1064/1064/1064 
f 1063/1063/1063 1065/1065/1065 1064/1064/1064 
f 1064/1064/1064 1065/1065/1065 1066/1066/1066 
f 1065/1065/1065 1067/1067/1067 1066/1066/1066 
f 1066/1066/1066 1067/1067/1067 1068/1068/1068 
f 1067/1067/1067 1069/1069/1069 1068/1068/1068 
f 1068/1068/1068 1069/1069/1069 1070/1070/1070 
f 1069/1069/1069 1071/1071/1071 1070/1070/1070 
f 1070/1070/1070 1071/1071/1071 1072/1072/1072 
f 1071/1071/1071 1073/1073/1073 1072/1072/1072 
f 1072/1072/1072 1073/1073/1073 1074/1074/1074 
f 1073/1073/1073 1075/1075/1075 1074/1074/1074 
f 1074/1074/1074 1075/1075/1075 1076/1076/1076 
f 1075/1075/1075 1077/1077/1077 1076/1076/1076 
f 1076/1076/1076 1077/1077/1077 1078/1078/1078 
f 1077/1077/1077 1079/1079/1079 1078/1078/1078 
f 1078/1078/1078 1079/1079/1079 1080/1080/1080 
f 1079/1079/1079 1081/1081/1081 1080/1080/1080 
f 1080/1080/1080 1081/1081/1081 1082/1082/1082 
f 1081/1081/1081 1083/1083/1083 1082/1082/1082 
f 1082/1082/1082 1083/1083/1083 1084/1084/1084 
f 1083/1083/1083 1085/1085/1085 1084/1084/1084 
f 1084/1084/1084 1085/1085/1085 1086/1086/1086 
f 1085/1085/1085 1087/1087/1087 1086/1086/1086 
f 1086/1086/1086 1087/1087/1087 1088/1088/1088 
f 1087/1087/1087 1089/1089/1089 1088/1088/1088 
f 1088/1088/1088 1089/1089/1089 1090/1090/1090 
f 1089/1089/1089 1091/1091/1091 1090/1090/1090 
f 1090/1090/1090 1091/1091/1091 1092/1092/1092 
f 1091/1091/1091 1036/1036/1036 1092/1092/1092 
f 1092/1092/1092 1036/1036/1036 1035/1035/1035 
f 1036/1036/1036 1035/1035/1035 1035/1035/1035 
f 1035/1035/1035 1035/1035/1035 1093/1093/1093 
f 1035/1035/1035 1093/1093/1093 1093/1093/1093 
f 1093/1093/1093 1093/1093/1093 1094/1094/1094 
f 1093/1093/1093 1095/1095/1095 1094/1094/1094 
f 1094/1094/1094 1095/1095/1095 1096/1096/1096 
f 1095/1095/1095 1096/1096/1096 1096/1096/1096 
f 1096/1096/1096 1096/1096/1096 1094/1094/1094 
f 1096/1096/1096 1094/1094/1094 1094/1094/1094 
f 1094/1094/1094 1094/1094/1094 1093/1093/1093 
f 1094/1094/1094 1097/1097/1097 1093/1093/1093 
f 1093/1093/1093 1097/1097/1097 1098/1098/1098 
f 1097/1097/1097 1099/1099/1099 1098/1098/1098 
f 1098/1098/1098 1099/1099/1099 1100/1100/1100 
f 1099/1099/1099 1101/1101/1101 1100/1100/1100 
f 1100/1100/1100 1101/1101/1101 1102/1102/1102 
f 1101/1101/1101 1103/1103/1103 1102/1102/1102 
f 1102/1102/1102 1103/1103/1103 1104/1104/1104 
f 1103/1103/1103 1105/1105/1105 1104/1104/1104 
f 1104/1104/1104 1105/1105/1105 1105/1105/1105 
f 1105/1105/1105 1095/1095/1095 1105/1105/1105 
f 1105/1105/1105 1095/1095/1095 1095/1095/1095 
f 1095/1095/1095 1106/1106/1106 1095/1095/1095 
f 1095/1095/1095 1106/1106/1106 1096/1096/1096 
f 1106/1106/1106 1106/1106/1106 1096/1096/1096 
f 1096/1096/1096 1106/1106/1106 1107/1107/1107 
f 1106/1106/1106 1108/1108/1108 1107/1107/1107 
f 1107/1107/1107 1108/1108/1108 1109/1109/1109 
f 1108/1108/1108 1110/1110/1110 1109/1109/1109 
f 1109/1109/1109 1110/1110/1110 1110/1110/1110 
f 1110/1110/1110 1111/1111/1111 1110/1110/1110 
f 1110/1110/1110 1111/1111/1111 1111/1111/1111 
f 1111/1111/1111 1112/1112/1112 1111/1111/1111 
f 1111/1111/1111 1112/1112/1112 1113/1113/1113 
f 1112/1112/1112 1114/1114/1114 1113/1113/1113 
f 1113/1113/1113 1114/1114/1114 1115/1115/1115 
f 1114/1114/1114 1116/1116/1116 1115/1115/1115 
f 1115/1115/1115 1116/1116/1116 1117/1117/1117 
f 1116/1116/1116 1118/1118/1118 1117/1117/1117 
f 1117/1117/1117 1118/1118/1118 1119/1119/1119 
f 1118/1118/1118 1120/1120/1120 1119/1119/1119 
f 1119/1119/1119 1120/1120/1120 1121/1121/1121 
f 1120/1120/1120 1122/1122/1122 1121/1121/1121 
f 1121/1121/1121 1122/1122/1122 1123/1123/1123 
f 1122/1122/1122 1124/1124/1124 1123/1123/1123 
f 1123/1123/1123 1124/1124/1124 1125/1125/1125 
f 1124/1124/1124 1126/1126/1126 1125/1125/1125 
f 1125/1125/1125 1126/1126/1126 1126/1126/1126 
f 1126/1126/1126 1127/1127/1127 1126/1126/1126 
f 1126/1126/1126 1127/1127/1127 1127/1127/1127 
f 1127/1127/1127 1128/1128/1128 1127/1127/1127 
f 1127/1127/1127 1128/1128/1128 1129/1129/1129 
f 1128/1128/1128 1130/1130/1130 1129/1129/1129 
f 1129/1129/1129 1130/1130/1130 1131/1131/1131 
f 1130/1130/1130 1132/1132/1132 1131/1131/1131 
f 1131/1131/1131 1132/1132/1132 1133/1133/1133 
f 1132/1132/1132 1134/1134/1134 1133/1133/1133 
f 1133/1133/1133 1134/1134/1134 1135/1135/1135 
f 1134/1134/1134 1136/1136/1136 1135/1135/1135 
f 1135/1135/1135 1136/1136/1136 1137/1137/1137 
f 1136/1136/1136 1138/1138/1138 1137/1137/1137 
f 1137/1137/1137 1138/1138/1138 1139/1139/1139 
f 1138/1138/1138 1140/1140/1140 1139/1139/1139 
f 1139/1139/1139 1140/1140/1140 1141/1141/1141 
f 1140/1140/1140 1142/1142/1142 1141/1141/1141 
f 1141/1141/1141 1142/1142/1142 1143/1143/1143 
f 1142/1142/1142 1144/1144/1144 1143/1143/1143 
f 1143/1143/1143 1144/1144/1144 1144/1144/1144 
f 1144/1144/1144 1145/1145/1145 1144/1144/1144 
f 1144/1144/1144 1145/1145/1145 1145/1145/1145 
f 1145/1145/1145 1146/1146/1146 1145/1145/1145 
f 1145/1145/1145 1146/1146/1146 1147/1147/1147 
f 1146/1146/1146 1148/1148/1148 1147/1147/1147 
f 1147/1147/1147 1148/1148/1148 1149/1149/1149 
f 1148/1148/1148 1150/1150/1150 1149/1149/1149 
f 1149/1149/1149 1150/1150/1150 1151/1151/1151 
f 1150/1150/1150 1152/1152/1152 1151/1151/1151 
f 1151/1151/1151 1152/1152/1152 1153/1153/1153 
f 1152/1152/1152 1154/1154/1154 1153/1153/1153 
f 1153/1153/1153 1154/1154/1154 1155/1155/1155 
f 1154/1154/1154 1156/1156/1156 1155/1155/1155 
f 1155/1155/1155 1156/1156/1156 1157/1157/1157 
f 1156/1156/1156 1158/1158/1158 1157/1157/1157 
f 1157/1157/1157 1158/1158/1158 1159/1159/1159 
f 1158/1158/1158 1160/1160/1160 1159/1159/1159 
f 1159/1159/1159 1160/1160/1160 1160/1160/1160 
f 1160/1160/1160 1161/1161/1161 1160/1160/1160 
f 1160/1160/1160 1161/1161/1161 1161/1161/1161 
f 1161/1161/1161 1162/1162/1162 1161/1161/1161 
f 1161/1161/1161 1162/1162/1162 1163/1163/1163 
f 1162/1162/1162 1164/1164/1164 1163/1163/1163 
f 1163/1163/1163 1164/1164/1164 1164/1164/1164 
f 1164/1164/1164 1165/1165/1165 1164/1164/1164 
f 1164/1164/1164 1165/1165/1165 1165/1165/1165 
f 1165/1165/1165 1166/1166/1166 1165/1165/1165 
f 1165/1165/1165 1166/1166/1166 1167/1167/1167 
f 1166/1166/1166 1168/1168/1168 1167/1167/1167 
f 1167/1167/1167 1168/1168/1168 1168/1168/1168 
f 1168/1168/1168 1169/1169/1169 1168/1168/1168 
f 1168/1168/1168 1169/1169/1169 1169/1169/1169 
f 1169/1169/1169 1170/1170/1170 1169/1169/1169 
f 1169/1169/1169 1170/1170/1170 1171/1171/1171 
f 1170/1170/1170 1172/1172/1172 1171/1171/1171 
f 1171/1171/1171 1172/1172/1172 1172/1172/1172 
f 1172/1172/1172 1173/1173/1173 1172/1172/1172 
f 1172/1172/1172 1173/1173/1173 1173/1173/1173 
f 1173/1173/1173 1174/1174/1174 1173/1173/1173 
f 1173/1173/1173 1174/1174/1174 1175/1175/1175 
f 1174/1174/1174 1176/1176/1176 1175/1175/1175 
f 1175/1175/1175 1176/1176/1176 1176/1176/1176 
f 1176/1176/1176 1177/1177/1177 1176/1176/1176 
f 1176/1176/1176 1177/1177/1177 1177/1177/1177 
f 1177/1177/1177 1178/1178/1178 1177/1177/1177 
f 1177/1177/1177 1178/1178/1178 1179/1179/1179 
f 1178/1178/1178 1180/1180/1180 1179/1179/1179 
f 1179/1179/1179 1180/1180/1180 1180/1180/1180 
f 1180/1180/1180 1181/1181/1181 1180/1180/1180 
f 1180/1180/1180 1181/1181/1181 1181/1181/1181 
f 1181/1181/1181 1182/1182/1182 1181/1181/1181 
f 1181/1181/1181 1182/1182/1182 1183/1183/1183 
f 1182/1182/1182 1184/1184/1184 1183/1183/1183 
f 1183/1183/1183 1184/1184/1184 1185/1185/1185 
f 1184/1184/1184 1186/1186/1186 1185/1185/1185 
f 1185/1185/1185 1186/1186/1186 1187/1187/1187 
f 1186/1186/1186 1188/1188/1188 1187/1187/1187 
f 1187/1187/1187 1188/1188/1188 1181/1181/1181 
f 1188/1188/1188 1182/1182/1182 1181/1181/1181 
f 1181/1181/1181 1182/1182/1182 1182/1182/1182 
f 1182/1182/1182 1189/1189/1189 1182/1182/1182 
f 1182/1182/1182 1189/1189/1189 1189/1189/1189 
f 1189/1189/1189 1190/1190/1190 1189/1189/1189 
f 1189/1189/1189 1190/1190/1190 1191/1191/1191 
f 1190/1190/1190 1192/1192/1192 1191/1191/1191 
f 1191/1191/1191 1192/1192/1192 1192/1192/1192 
f 1192/1192/1192 1190/1190/1190 1192/1192/1192 
f 1192/1192/1192 1190/1190/1190 1190/1190/1190 
f 1190/1190/1190 1189/1189/1189 1190/1190/1190 
f 1190/1190/1190 1189/1189/1189 1193/1193/1193 
f 1189/1189/1189 1194/1194/1194 1193/1193/1193 
f 1193/1193/1193 1194/1194/1194 1195/1195/1195 
f 1194/1194/1194 1196/1196/1196 1195/1195/1195 
f 1195/1195/1195 1196/1196/1196 1197/1197/1197 
f 1196/1196/1196 1198/1198/1198 1197/1197/1197 
f 1197/1197/1197 1198/1198/1198 1199/1199/1199 
f 1198/1198/1198 1200/1200/1200 1199/1199/1199 
f 1199/1199/1199 1200/1200/1200 1201/1201/1201 
f 1200/1200/1200 1201/1201/1201 1201/1201/1201 
f 1201/1201/1201 1201/1201/1201 1191/1191/1191 
f 1201/1201/1201 1191/1191/1191 1191/1191/1191 
f 1191/1191/1191 1191/1191/1191 1202/1202/1202 
f 1191/1191/1191 1192/1192/1192 1202/1202/1202 
f 1202/1202/1202 1192/1192/1192 1202/1202/1202 
f 1192/1192/1192 1203/1203/1203 1202/1202/1202 
f 1202/1202/1202 1203/1203/1203 1204/1204/1204 
f 1203/1203/1203 1205/1205/1205 1204/1204/1204 
f 1204/1204/1204 1205/1205/1205 1206/1206/1206 
f 1205/1205/1205 1206/1206/1206 1206/1206/1206 
f 1206/1206/1206 1206/1206/1206 1207/1207/1207 
f 1206/1206/1206 1207/1207/1207 1207/1207/1207 
f 1207/1207/1207 1207/1207/1207 1208/1208/1208 
f 1207/1207/1207 1209/1209/1209 1208/1208/1208 
f 1208/1208/1208 1209/1209/1209 1210/1210/1210 
f 1209/1209/1209 1211/1211/1211 1210/1210/1210 
f 1210/1210/1210 1211/1211/1211 1212/1212/1212 
f 1211/1211/1211 1213/1213/1213 1212/1212/1212 
f 1212/1212/1212 1213/1213/1213 1214/1214/1214 
f 1213/1213/1213 1215/1215/1215 1214/1214/1214 
f 1214/1214/1214 1215/1215/1215 1216/1216/1216 
f 1215/1215/1215 1217/1217/1217 1216/1216/1216 
f 1216/1216/1216 1217/1217/1217 1218/1218/1218 
f 1217/1217/1217 1219/1219/1219 1218/1218/1218 
f 1218/1218/1218 1219/1219/1219 1220/1220/1220 
f 1219/1219/1219 1221/1221/1221 1220/1220/1220 
f 1220/1220/1220 1221/1221/1221 1222/1222/1222 
f 1221/1221/1221 1222/1222/1222 1222/1222/1222 
f 1222/1222/1222 1222/1222/1222 1223/1223/1223 
f 1222/1222/1222 1223/1223/1223 1223/1223/1223 
f 1223/1223/1223 1223/1223/1223 1224/1224/1224 
f 1223/1223/1223 1225/1225/1225 1224/1224/1224 
f 1224/1224/1224 1225/1225/1225 1226/1226/1226 
f 1225/1225/1225 1227/1227/1227 1226/1226/1226 
f 1226/1226/1226 1227/1227/1227 1228/1228/1228 
f 1227/1227/1227 1229/1229/1229 1228/1228/1228 
f 1228/1228/1228 1229/1229/1229 1230/1230/1230 
f 1229/1229/1229 1231/1231/1231 1230/1230/1230 
f 1230/1230/1230 1231/1231/1231 1232/1232/1232 
f 1231/1231/1231 1233/1233/1233 1232/1232/1232 
f 1232/1232/1232 1233/1233/1233 1234/1234/1234 
f 1233/1233/1233 1235/1235/1235 1234/1234/1234 
f 1234/1234/1234 1235/1235/1235 1236/1236/1236 
f 1235/1235/1235 1237/1237/1237 1236/1236/1236 
f 1236/1236/1236 1237/1237/1237 1238/1238/1238 
f 1237/1237/1237 1239/1239/1239 1238/1238/1238 
f 1238/1238/1238 1239/1239/1239 1240/1240/1240 
f 1239/1239/1239 1240/1240/1240 1240/1240/1240 
f 1240/1240/1240 1240/1240/1240 1241/1241/1241 
f 1240/1240/1240 1241/1241/1241 1241/1241/1241 
f 1241/1241/1241 1241/1241/1241 1242/1242/1242 
f 1241/1241/1241 1243/1243/1243 1242/1242/1242 
f 1242/1242/1242 1243/1243/1243 1244/1244/1244 
f 1243/1243/1243 1245/1245/1245 1244/1244/1244 
f 1244/1244/1244 1245/1245/1245 1246/1246/1246 
f 1245/1245/1245 1247/1247/1247 1246/1246/1246 
f 1246/1246/1246 1247/1247/1247 1248/1248/1248 
f 1247/1247/1247 1249/1249/1249 1248/1248/1248 
f 1248/1248/1248 1249/1249/1249 1250/1250/1250 
f 1249/1249/1249 1251/1251/1251 1250/1250/1250 
f 1250/1250/1250 1251/1251/1251 1252/1252/1252 
f 1251/1251/1251 1253/1253/1253 1252/1252/1252 
f 1252/1252/1252 1253/1253/1253 1254/1254/1254 
f 1253/1253/1253 1255/1255/1255 1254/1254/1254 
f 1254/1254/1254 1255/1255/1255 1256/1256/1256 

