mtllib model_3.mtl
o model_3
v 1242.37353515625 -1085.6817626953125 -2449.608642578125 
v 1242.27880859375 -1085.564697265625 -2449.33154296875 
v 1242.591552734375 -1085.7225341796875 -2449.275146484375 
v 1242.5631103515625 -1085.49853515625 -2448.93017578125 
v 1242.9991455078125 -1085.5443115234375 -2448.890625 
v 1242.9991455078125 -436.4849548339844 -1728.0404052734375 
v 2871.00390625 -436.4849548339844 -1728.0404052734375 
v 1242.2503662109375 -1085.35595703125 -2449.06005859375 
v 1242.5631103515625 -436.4391174316406 -1728.0799560546875 
v 1242.2503662109375 -436.3016357421875 -1728.2099609375 
v 1242.27880859375 -436.04705810546875 -1727.9725341796875 
v 1242.591552734375 -436.1234436035156 -1727.81982421875 
v 1242.37353515625 -435.7873840332031 -1727.825439453125 
v 1242.657958984375 -435.7975769042969 -1727.6954345703125 
v 1242.9991455078125 -436.143798828125 -1727.757568359375 
v 1242.9991455078125 -435.7975769042969 -1727.650146484375 
v 2871.00390625 -436.143798828125 -1727.757568359375 
v 2871.00390625 -435.7975769042969 -1727.650146484375 
v 2871.344970703125 -435.7975769042969 -1727.6954345703125 
v 2871.411376953125 -436.11834716796875 -1727.81982421875 
v 2871.62939453125 -435.7873840332031 -1727.825439453125 
v 2871.71484375 -436.04705810546875 -1727.9725341796875 
v 2871.43994140625 -436.4391174316406 -1728.0799560546875 
v 2871.752685546875 -436.3016357421875 -1728.204345703125 
v 2871.43994140625 -1085.49853515625 -2448.93017578125 
v 2871.752685546875 -1085.35595703125 -2449.06005859375 
v 2871.71484375 -1085.564697265625 -2449.33154296875 
v 2871.40185546875 -1085.7225341796875 -2449.275146484375 
v 2871.62939453125 -1085.6817626953125 -2449.60302734375 
v 2871.344970703125 -1085.814208984375 -2449.6142578125 
v 2871.00390625 -1085.7886962890625 -2449.258056640625 
v 2871.00390625 -1085.8599853515625 -2449.6142578125 
v 1242.9991455078125 -1085.7886962890625 -2449.258056640625 
v 1242.9991455078125 -1085.8599853515625 -2449.6142578125 
v 1242.657958984375 -1085.814208984375 -2449.6142578125 
v 2871.00390625 -1085.5443115234375 -2448.890625 
v -427.6213073730469 -1085.6817626953125 -2449.608642578125 
v -427.7160949707031 -1085.564697265625 -2449.337158203125 
v -427.4032897949219 -1085.7225341796875 -2449.28076171875 
v -427.4317321777344 -1085.49853515625 -2448.935791015625 
v -426.9957275390625 -1085.5443115234375 -2448.890625 
v -426.9957275390625 -436.4849548339844 -1728.0404052734375 
v 1200.99951171875 -436.4849548339844 -1728.0404052734375 
v -427.7445068359375 -1085.35595703125 -2449.06005859375 
v -427.4411926269531 -436.4391174316406 -1728.0855712890625 
v -427.7539978027344 -436.29656982421875 -1728.2099609375 
v -427.7160949707031 -436.0419616699219 -1727.9781494140625 
v -427.4032897949219 -436.11834716796875 -1727.825439453125 
v -427.6213073730469 -435.7873840332031 -1727.8311767578125 
v -427.346435546875 -435.79248046875 -1727.6954345703125 
v -426.9957275390625 -436.143798828125 -1727.757568359375 
v -426.9957275390625 -435.7975769042969 -1727.650146484375 
v 1200.99951171875 -436.1488952636719 -1727.757568359375 
v 1200.99951171875 -435.7975769042969 -1727.650146484375 
v 1201.3406982421875 -435.7975769042969 -1727.6954345703125 
v 1201.4071044921875 -436.1234436035156 -1727.81982421875 
v 1201.6251220703125 -435.7873840332031 -1727.825439453125 
v 1201.7198486328125 -436.04705810546875 -1727.9725341796875 
v 1201.435546875 -436.4391174316406 -1728.0855712890625 
v 1201.748291015625 -436.3016357421875 -1728.2099609375 
v 1201.435546875 -1085.49853515625 -2448.935791015625 
v 1201.748291015625 -1085.35595703125 -2449.06005859375 
v 1201.7198486328125 -1085.564697265625 -2449.337158203125 
v 1201.4071044921875 -1085.7225341796875 -2449.275146484375 
v 1201.6251220703125 -1085.6817626953125 -2449.608642578125 
v 1201.3406982421875 -1085.814208984375 -2449.6142578125 
v 1200.99951171875 -1085.7886962890625 -2449.258056640625 
v 1200.99951171875 -1085.8599853515625 -2449.6142578125 
v -426.9957275390625 -1085.7886962890625 -2449.258056640625 
v -426.9957275390625 -1085.8599853515625 -2449.6142578125 
v -427.346435546875 -1085.814208984375 -2449.6142578125 
v 1200.99951171875 -1085.5443115234375 -2448.890625 
v -427.6213073730469 -412.5335998535156 -1702.0052490234375 
v -427.7160949707031 -412.4164733886719 -1701.73388671875 
v -427.4032897949219 -412.5743408203125 -1701.67724609375 
v -427.4411926269531 -412.35028076171875 -1701.3323974609375 
v -426.9957275390625 -412.3961181640625 -1701.287109375 
v -426.9957275390625 236.6632537841797 -980.4369506835938 
v 1200.99951171875 236.6632537841797 -980.4369506835938 
v -427.7539978027344 -412.2077331542969 -1701.456787109375 
v -427.4411926269531 236.70907592773438 -980.482177734375 
v -427.7539978027344 236.8465576171875 -980.6065673828125 
v -427.7160949707031 237.10113525390625 -980.374755859375 
v -427.4032897949219 237.02476501464844 -980.2220458984375 
v -427.6213073730469 237.36080932617188 -980.2277221679688 
v -427.346435546875 237.3506317138672 -980.0919799804688 
v -426.9957275390625 236.99929809570312 -980.1541748046875 
v -426.9957275390625 237.3506317138672 -980.0467529296875 
v 1200.99951171875 236.99929809570312 -980.1541748046875 
v 1200.99951171875 237.3506317138672 -980.0467529296875 
v 1201.3406982421875 237.3506317138672 -980.0919799804688 
v 1201.4071044921875 237.02476501464844 -980.2220458984375 
v 1201.6251220703125 237.35572814941406 -980.2220458984375 
v 1201.7198486328125 237.10113525390625 -980.3690795898438 
v 1201.435546875 236.70907592773438 -980.482177734375 
v 1201.748291015625 236.8465576171875 -980.6065673828125 
v 1201.435546875 -412.35028076171875 -1701.3323974609375 
v 1201.748291015625 -412.21282958984375 -1701.456787109375 
v 1201.7198486328125 -412.4164733886719 -1701.73388671875 
v 1201.4071044921875 -412.5743408203125 -1701.671630859375 
v 1201.6251220703125 -412.5386962890625 -1702.0052490234375 
v 1201.3406982421875 -412.67108154296875 -1702.010986328125 
v 1200.99951171875 -412.6455993652344 -1701.6546630859375 
v 1200.99951171875 -412.7117919921875 -1702.010986328125 
v -426.9957275390625 -412.6405029296875 -1701.6546630859375 
v -426.9957275390625 -412.7117919921875 -1702.0166015625 
v -427.346435546875 -412.6659851074219 -1702.010986328125 
v 1200.99951171875 -412.3961181640625 -1701.287109375 
v 2912.3779296875 -1085.6767578125 -2449.608642578125 
v 2912.283203125 -1085.5595703125 -2449.337158203125 
v 2912.595947265625 -1085.7174072265625 -2449.28076171875 
v 2912.55810546875 -1085.493408203125 -2448.935791015625 
v 2913.00341796875 -1085.5391845703125 -2448.896240234375 
v 2913.00341796875 -436.4849548339844 -1728.0460205078125 
v 4540.99853515625 -436.4849548339844 -1728.0404052734375 
v 2912.2451171875 -1085.35595703125 -2449.06005859375 
v 2912.55810546875 -436.43402099609375 -1728.0855712890625 
v 2912.2451171875 -436.29656982421875 -1728.2099609375 
v 2912.283203125 -436.0419616699219 -1727.9781494140625 
v 2912.595947265625 -436.11834716796875 -1727.825439453125 
v 2912.3779296875 -435.7873840332031 -1727.8311767578125 
v 2912.65283203125 -435.79248046875 -1727.6954345703125 
v 2913.00341796875 -436.143798828125 -1727.757568359375 
v 2913.00341796875 -435.7975769042969 -1727.65576171875 
v 4540.99853515625 -436.143798828125 -1727.757568359375 
v 4540.99853515625 -435.7975769042969 -1727.650146484375 
v 4541.33984375 -435.79248046875 -1727.6954345703125 
v 4541.40625 -436.11834716796875 -1727.825439453125 
v 4541.62451171875 -435.7873840332031 -1727.8311767578125 
v 4541.71923828125 -436.0419616699219 -1727.9725341796875 
v 4541.4345703125 -436.43402099609375 -1728.0855712890625 
v 4541.74755859375 -436.29656982421875 -1728.2099609375 
v 4541.4345703125 -1085.493408203125 -2448.935791015625 
v 4541.74755859375 -1085.35595703125 -2449.06005859375 
v 4541.71923828125 -1085.5595703125 -2449.337158203125 
v 4541.40625 -1085.7225341796875 -2449.28076171875 
v 4541.62451171875 -1085.6817626953125 -2449.608642578125 
v 4541.349609375 -1085.814208984375 -2449.6142578125 
v 4540.99853515625 -1085.7886962890625 -2449.258056640625 
v 4540.99853515625 -1085.8548583984375 -2449.6201171875 
v 2913.00341796875 -1085.7886962890625 -2449.258056640625 
v 2913.00341796875 -1085.8548583984375 -2449.6201171875 
v 2912.65283203125 -1085.814208984375 -2449.6142578125 
v 4540.99853515625 -1085.5391845703125 -2448.890625 
v 1242.37353515625 -412.5386962890625 -1701.9996337890625 
v 1242.27880859375 -412.4164733886719 -1701.7281494140625 
v 1242.591552734375 -412.5743408203125 -1701.671630859375 
v 1242.5631103515625 -412.35028076171875 -1701.32666015625 
v 1242.9991455078125 -412.3961181640625 -1701.287109375 
v 1242.9991455078125 236.6581573486328 -980.4369506835938 
v 2871.00390625 236.6632537841797 -980.4369506835938 
v 1242.2503662109375 -412.21282958984375 -1701.456787109375 
v 1242.5631103515625 236.7039794921875 -980.4765014648438 
v 1242.2503662109375 236.8465576171875 -980.6009521484375 
v 1242.27880859375 237.10113525390625 -980.3690795898438 
v 1242.591552734375 237.02476501464844 -980.2163696289062 
v 1242.37353515625 237.35572814941406 -980.2220458984375 
v 1242.657958984375 237.3506317138672 -980.0919799804688 
v 1242.9991455078125 236.99929809570312 -980.1541748046875 
v 1242.9991455078125 237.3506317138672 -980.0467529296875 
v 2871.00390625 236.99929809570312 -980.1541748046875 
v 2871.00390625 237.3506317138672 -980.0467529296875 
v 2871.344970703125 237.3506317138672 -980.0919799804688 
v 2871.411376953125 237.02476501464844 -980.2163696289062 
v 2871.62939453125 237.36080932617188 -980.2220458984375 
v 2871.71484375 237.10113525390625 -980.3690795898438 
v 2871.43994140625 236.70907592773438 -980.4765014648438 
v 2871.752685546875 236.8465576171875 -980.6009521484375 
v 2871.43994140625 -412.35028076171875 -1701.32666015625 
v 2871.752685546875 -412.21282958984375 -1701.456787109375 
v 2871.71484375 -412.4164733886719 -1701.7281494140625 
v 2871.411376953125 -412.5743408203125 -1701.671630859375 
v 2871.62939453125 -412.5335998535156 -1701.9996337890625 
v 2871.344970703125 -412.6659851074219 -1702.010986328125 
v 2871.00390625 -412.6405029296875 -1701.6546630859375 
v 2871.00390625 -412.7117919921875 -1702.010986328125 
v 1242.9991455078125 -412.6455993652344 -1701.6546630859375 
v 1242.9991455078125 -412.7117919921875 -1702.010986328125 
v 1242.657958984375 -412.67108154296875 -1702.010986328125 
v 2871.00390625 -412.3961181640625 -1701.287109375 
v 2912.3779296875 -412.5335998535156 -1702.0052490234375 
v 2912.283203125 -412.4164733886719 -1701.73388671875 
v 2912.595947265625 -412.5743408203125 -1701.67724609375 
v 2912.55810546875 -412.3451843261719 -1701.3323974609375 
v 2913.00341796875 -412.3961181640625 -1701.292724609375 
v 2913.00341796875 236.6632537841797 -980.4425659179688 
v 4540.99853515625 236.6632537841797 -980.4369506835938 
v 2912.2451171875 -412.2077331542969 -1701.456787109375 
v 2912.55810546875 236.70907592773438 -980.482177734375 
v 2912.2451171875 236.8465576171875 -980.6065673828125 
v 2912.283203125 237.10113525390625 -980.374755859375 
v 2912.595947265625 237.02476501464844 -980.2220458984375 
v 2912.3779296875 237.36080932617188 -980.2277221679688 
v 2912.65283203125 237.3506317138672 -980.0919799804688 
v 2913.00341796875 237.00439453125 -980.1541748046875 
v 2913.00341796875 237.3506317138672 -980.0524291992188 
v 4540.99853515625 237.00439453125 -980.1541748046875 
v 4540.99853515625 237.3506317138672 -980.0467529296875 
v 4541.349609375 237.3506317138672 -980.0919799804688 
v 4541.40625 237.02984619140625 -980.2220458984375 
v 4541.62451171875 237.36080932617188 -980.2220458984375 
v 4541.71923828125 237.10113525390625 -980.3690795898438 
v 4541.4345703125 236.70907592773438 -980.482177734375 
v 4541.74755859375 236.8465576171875 -980.6065673828125 
v 4541.4345703125 -412.35028076171875 -1701.3323974609375 
v 4541.74755859375 -412.2077331542969 -1701.456787109375 
v 4541.71923828125 -412.4164733886719 -1701.73388671875 
v 4541.40625 -412.5743408203125 -1701.671630859375 
v 4541.62451171875 -412.5335998535156 -1702.0052490234375 
v 4541.349609375 -412.6659851074219 -1702.010986328125 
v 4540.99853515625 -412.6405029296875 -1701.6546630859375 
v 4540.99853515625 -412.7117919921875 -1702.010986328125 
v 2913.00341796875 -412.6405029296875 -1701.6546630859375 
v 2913.00341796875 -412.7117919921875 -1702.0166015625 
v 2912.65283203125 -412.6659851074219 -1702.010986328125 
v 4540.99853515625 -412.3961181640625 -1701.287109375 
v -427.6213073730469 260.6095275878906 -954.40185546875 
v -427.7160949707031 260.7317199707031 -954.1304321289062 
v -427.4032897949219 260.5738830566406 -954.0739135742188 
v -427.4411926269531 260.79791259765625 -953.7289428710938 
v -426.9957275390625 260.7520751953125 -953.6837158203125 
v -426.9957275390625 909.8063354492188 -232.83352661132812 
v 1200.99951171875 909.8063354492188 -232.83352661132812 
v -427.7539978027344 260.9353942871094 -953.8533325195312 
v -427.4411926269531 909.8572998046875 -232.87876892089844 
v -427.7539978027344 909.9947509765625 -233.003173828125 
v -427.7160949707031 910.2493286132812 -232.7656707763672 
v -427.4032897949219 910.1729736328125 -232.61863708496094 
v -427.6213073730469 910.50390625 -232.61863708496094 
v -427.346435546875 910.4988403320312 -232.48858642578125 
v -426.9957275390625 910.1475219726562 -232.55078125 
v -426.9957275390625 910.4937133789062 -232.44334411621094 
v 1200.99951171875 910.1475219726562 -232.55078125 
v 1200.99951171875 910.4937133789062 -232.44334411621094 
v 1201.3406982421875 910.4937133789062 -232.48858642578125 
v 1201.4071044921875 910.1729736328125 -232.6129913330078 
v 1201.6251220703125 910.50390625 -232.61863708496094 
v 1201.7198486328125 910.2442626953125 -232.7656707763672 
v 1201.435546875 909.8521728515625 -232.87876892089844 
v 1201.748291015625 909.9947509765625 -233.003173828125 
v 1201.435546875 260.79791259765625 -953.7232666015625 
v 1201.748291015625 260.9353942871094 -953.8533325195312 
v 1201.7198486328125 260.72662353515625 -954.1304321289062 
v 1201.4071044921875 260.56878662109375 -954.0682373046875 
v 1201.6251220703125 260.6095275878906 -954.40185546875 
v 1201.3406982421875 260.4771423339844 -954.4075317382812 
v 1200.99951171875 260.5025939941406 -954.05126953125 
v 1200.99951171875 260.4313049316406 -954.4075317382812 
v -426.9957275390625 260.5025939941406 -954.05126953125 
v -426.9957275390625 260.4364013671875 -954.4132080078125 
v -427.346435546875 260.4771423339844 -954.4075317382812 
v 1200.99951171875 260.7469787597656 -953.6837158203125 
v 1242.37353515625 260.6095275878906 -954.396240234375 
v 1242.27880859375 260.72662353515625 -954.124755859375 
v 1242.591552734375 260.56878662109375 -954.0682373046875 
v 1242.5631103515625 260.79791259765625 -953.7232666015625 
v 1242.9991455078125 260.7520751953125 -953.6837158203125 
v 1242.9991455078125 909.8063354492188 -232.83352661132812 
v 2871.00390625 909.8063354492188 -232.83352661132812 
v 1242.2503662109375 260.9353942871094 -953.8533325195312 
v 1242.5631103515625 909.8521728515625 -232.87310791015625 
v 1242.2503662109375 909.9947509765625 -232.9975128173828 
v 1242.27880859375 910.2442626953125 -232.7656707763672 
v 1242.591552734375 910.1729736328125 -232.6129913330078 
v 1242.37353515625 910.50390625 -232.61863708496094 
v 1242.657958984375 910.4988403320312 -232.48858642578125 
v 1242.9991455078125 910.1475219726562 -232.55078125 
v 1242.9991455078125 910.4937133789062 -232.44334411621094 
v 2871.00390625 910.1475219726562 -232.55078125 
v 2871.00390625 910.4937133789062 -232.44334411621094 
v 2871.344970703125 910.4988403320312 -232.48292541503906 
v 2871.40185546875 910.1729736328125 -232.6129913330078 
v 2871.62939453125 910.50390625 -232.61863708496094 
v 2871.71484375 910.2442626953125 -232.7656707763672 
v 2871.43994140625 909.8521728515625 -232.87310791015625 
v 2871.752685546875 909.9947509765625 -232.9975128173828 
v 2871.43994140625 260.79791259765625 -953.7232666015625 
v 2871.752685546875 260.9353942871094 -953.8477172851562 
v 2871.71484375 260.72662353515625 -954.124755859375 
v 2871.40185546875 260.5738830566406 -954.0682373046875 
v 2871.62939453125 260.6095275878906 -954.396240234375 
v 2871.344970703125 260.4771423339844 -954.4075317382812 
v 2871.00390625 260.5025939941406 -954.05126953125 
v 2871.00390625 260.4313049316406 -954.4075317382812 
v 1242.9991455078125 260.5025939941406 -954.05126953125 
v 1242.9991455078125 260.4313049316406 -954.4075317382812 
v 1242.657958984375 260.4771423339844 -954.4075317382812 
v 2871.00390625 260.7469787597656 -953.6837158203125 
v 2912.3779296875 260.6145935058594 -954.40185546875 
v 2912.283203125 260.7317199707031 -954.1304321289062 
v 2912.595947265625 260.5738830566406 -954.0739135742188 
v 2912.55810546875 260.79791259765625 -953.7289428710938 
v 2913.00341796875 260.7520751953125 -953.6837158203125 
v 2913.00341796875 909.8114624023438 -232.83352661132812 
v 4540.99853515625 909.8063354492188 -232.83352661132812 
v 2912.2451171875 260.9404602050781 -953.8533325195312 
v 2912.55810546875 909.8572998046875 -232.87876892089844 
v 2912.2451171875 909.9947509765625 -233.003173828125 
v 2912.283203125 910.2493286132812 -232.7713165283203 
v 2912.595947265625 910.1729736328125 -232.61863708496094 
v 2912.3779296875 910.509033203125 -232.62429809570312 
v 2912.65283203125 910.4988403320312 -232.48858642578125 
v 2913.00341796875 910.1475219726562 -232.55078125 
v 2913.00341796875 910.4988403320312 -232.44334411621094 
v 4540.99853515625 910.1475219726562 -232.55078125 
v 4540.99853515625 910.4937133789062 -232.44334411621094 
v 4541.349609375 910.4988403320312 -232.48858642578125 
v 4541.40625 910.1729736328125 -232.61863708496094 
v 4541.62451171875 910.50390625 -232.61863708496094 
v 4541.71923828125 910.2493286132812 -232.7656707763672 
v 4541.4345703125 909.8572998046875 -232.87876892089844 
v 4541.74755859375 909.9947509765625 -233.003173828125 
v 4541.4345703125 260.79791259765625 -953.7289428710938 
v 4541.74755859375 260.9353942871094 -953.8533325195312 
v 4541.71923828125 260.7317199707031 -954.1304321289062 
v 4541.40625 260.5738830566406 -954.0682373046875 
v 4541.62451171875 260.6095275878906 -954.40185546875 
v 4541.349609375 260.4771423339844 -954.4075317382812 
v 4540.99853515625 260.5076904296875 -954.05126953125 
v 4540.99853515625 260.4364013671875 -954.4075317382812 
v 2913.00341796875 260.5076904296875 -954.05126953125 
v 2913.00341796875 260.4364013671875 -954.4132080078125 
v 2912.65283203125 260.4822082519531 -954.4075317382812 
v 4540.99853515625 260.7520751953125 -953.6837158203125 
v -427.6213073730469 933.7576904296875 -206.7984619140625 
v -427.7160949707031 933.8748168945312 -206.5270233154297 
v -427.4032897949219 933.7169799804688 -206.47047424316406 
v -427.4411926269531 933.9410400390625 -206.1255340576172 
v -426.9957275390625 933.8952026367188 -206.08029174804688 
v -426.9957275390625 1582.95458984375 514.7698974609375 
v 1200.99951171875 1582.95458984375 514.7698974609375 
v -427.7539978027344 934.0835571289062 -206.24993896484375 
v -427.4411926269531 1583.0003662109375 514.7246704101562 
v -427.7539978027344 1583.1429443359375 514.6002197265625 
v -427.7160949707031 1583.3924560546875 514.8377685546875 
v -427.4032897949219 1583.3211669921875 514.9847412109375 
v -427.6213073730469 1583.652099609375 514.9847412109375 
v -427.346435546875 1583.64697265625 515.1148071289062 
v -426.9957275390625 1583.295654296875 515.0526123046875 
v -426.9957275390625 1583.6419677734375 515.1600952148438 
v 1200.99951171875 1583.2906494140625 515.0526123046875 
v 1200.99951171875 1583.6419677734375 515.1600952148438 
v 1201.3406982421875 1583.6419677734375 515.1148071289062 
v 1201.4071044921875 1583.3160400390625 514.9904174804688 
v 1201.6251220703125 1583.64697265625 514.9847412109375 
v 1201.7198486328125 1583.3924560546875 514.8377685546875 
v 1201.435546875 1583.0003662109375 514.7246704101562 
v 1201.748291015625 1583.1378173828125 514.6002197265625 
v 1201.435546875 933.9410400390625 -206.119873046875 
v 1201.748291015625 934.0784912109375 -206.24993896484375 
v 1201.7198486328125 933.8748168945312 -206.5270233154297 
v 1201.4071044921875 933.7169799804688 -206.46482849121094 
v 1201.6251220703125 933.7576904296875 -206.7984619140625 
v 1201.3406982421875 933.6253051757812 -206.80410766601562 
v 1200.99951171875 933.6508178710938 -206.44786071777344 
v 1200.99951171875 933.5795288085938 -206.80410766601562 
v -426.9957275390625 933.6508178710938 -206.44786071777344 
v -426.9957275390625 933.5795288085938 -206.8097686767578 
v -427.346435546875 933.6253051757812 -206.80410766601562 
v 1200.99951171875 933.8952026367188 -206.08029174804688 
v 1242.37353515625 933.7576904296875 -206.7928009033203 
v 1242.27880859375 933.8748168945312 -206.5213623046875 
v 1242.591552734375 933.7169799804688 -206.46482849121094 
v 1242.5631103515625 933.9410400390625 -206.119873046875 
v 1242.9991455078125 933.8952026367188 -206.08029174804688 
v 1242.9991455078125 1582.95458984375 514.7698974609375 
v 2871.00390625 1582.95458984375 514.7698974609375 
v 1242.2503662109375 934.0784912109375 -206.24427795410156 
v 1242.5631103515625 1583.0003662109375 514.7302856445312 
v 1242.2503662109375 1583.1378173828125 514.6058959960938 
v 1242.27880859375 1583.3924560546875 514.8377685546875 
v 1242.591552734375 1583.3160400390625 514.9904174804688 
v 1242.37353515625 1583.64697265625 514.9847412109375 
v 1242.657958984375 1583.6419677734375 515.1148071289062 
v 1242.9991455078125 1583.2906494140625 515.0526123046875 
v 1242.9991455078125 1583.6419677734375 515.1600952148438 
v 2871.00390625 1583.2906494140625 515.0526123046875 
v 2871.00390625 1583.6419677734375 515.1600952148438 
v 2871.344970703125 1583.6419677734375 515.1204833984375 
v 2871.40185546875 1583.3160400390625 514.9904174804688 
v 2871.62939453125 1583.652099609375 514.9847412109375 
v 2871.71484375 1583.3924560546875 514.8377685546875 
v 2871.43994140625 1583.0003662109375 514.7302856445312 
v 2871.752685546875 1583.1378173828125 514.6058959960938 
v 2871.43994140625 933.9410400390625 -206.119873046875 
v 2871.752685546875 934.0835571289062 -206.24427795410156 
v 2871.71484375 933.8748168945312 -206.5213623046875 
v 2871.40185546875 933.7169799804688 -206.46482849121094 
v 2871.62939453125 933.7576904296875 -206.7928009033203 
v 2871.344970703125 933.6253051757812 -206.80410766601562 
v 2871.00390625 933.6508178710938 -206.44786071777344 
v 2871.00390625 933.5795288085938 -206.80410766601562 
v 1242.9991455078125 933.6508178710938 -206.44786071777344 
v 1242.9991455078125 933.5795288085938 -206.80410766601562 
v 1242.657958984375 933.6253051757812 -206.80410766601562 
v 2871.00390625 933.8952026367188 -206.08029174804688 
v 2912.3779296875 933.7576904296875 -206.7984619140625 
v 2912.283203125 933.8748168945312 -206.5270233154297 
v 2912.595947265625 933.7169799804688 -206.46482849121094 
v 2912.55810546875 933.9461059570312 -206.1255340576172 
v 2913.00341796875 933.9002685546875 -206.08029174804688 
v 2913.00341796875 1582.95458984375 514.7698974609375 
v 4540.99853515625 1582.95458984375 514.7698974609375 
v 2912.2451171875 934.0835571289062 -206.24993896484375 
v 2912.55810546875 1583.0003662109375 514.7246704101562 
v 2912.2451171875 1583.1429443359375 514.6002197265625 
v 2912.283203125 1583.3924560546875 514.8377685546875 
v 2912.595947265625 1583.3211669921875 514.9847412109375 
v 2912.3779296875 1583.652099609375 514.9791259765625 
v 2912.65283203125 1583.64697265625 515.1148071289062 
v 2913.00341796875 1583.295654296875 515.0526123046875 
v 2913.00341796875 1583.6419677734375 515.1600952148438 
v 4540.99853515625 1583.295654296875 515.0526123046875 
v 4540.99853515625 1583.6419677734375 515.1600952148438 
v 4541.349609375 1583.64697265625 515.1148071289062 
v 4541.40625 1583.3211669921875 514.9847412109375 
v 4541.62451171875 1583.652099609375 514.9847412109375 
v 4541.71923828125 1583.3924560546875 514.8377685546875 
v 4541.4345703125 1583.0003662109375 514.7246704101562 
v 4541.74755859375 1583.1429443359375 514.6002197265625 
v 4541.4345703125 933.9410400390625 -206.1255340576172 
v 4541.74755859375 934.0835571289062 -206.24993896484375 
v 4541.71923828125 933.8748168945312 -206.5270233154297 
v 4541.40625 933.7169799804688 -206.46482849121094 
v 4541.62451171875 933.7576904296875 -206.7984619140625 
v 4541.33984375 933.6253051757812 -206.80410766601562 
v 4540.99853515625 933.6508178710938 -206.44786071777344 
v 4540.99853515625 933.5795288085938 -206.80410766601562 
v 2913.00341796875 933.6508178710938 -206.44786071777344 
v 2913.00341796875 933.5845947265625 -206.8097686767578 
v 2912.65283203125 933.6253051757812 -206.80410766601562 
v 4540.99853515625 933.8952026367188 -206.08029174804688 
vn 0.5799297094345093 0.8136089444160461 0.04149730131030083 
vn 0.6876273155212402 0.6689342260360718 -0.28230419754981995 
vn 0.29858776926994324 0.8749602437019348 -0.3811691105365753 
vn 0.31209179759025574 0.7065452933311462 -0.6351318359375 
vn -0.0018878057599067688 0.7439215779304504 -0.6682642698287964 
vn -0.0018878057599067688 0.7439215779304504 -0.6682642698287964 
vn -0.0018878057599067688 0.7439215779304504 -0.6682642698287964 
vn 0.7056021094322205 0.5285289287567139 -0.4719987213611603 
vn 0.31899160146713257 0.7034571170806885 -0.6351318359375 
vn 0.7056021094322205 0.5285289287567139 -0.4719987213611603 
vn 0.6887308359146118 0.3496532440185547 -0.6351318359375 
vn 0.3025476634502411 0.4710913896560669 -0.8285757899284363 
vn 0.5760624408721924 0.04533709958195686 -0.8161473870277405 
vn 0.23647509515285492 0.052586860954761505 -0.9702134728431702 
vn 0.003777894424274564 0.49303221702575684 -0.8700028657913208 
vn -0.0019140710355713964 0.05237371474504471 -0.9986256957054138 
vn -0.003777894424274564 0.49303221702575684 -0.8700028657913208 
vn -0.0019140710355713964 0.05237371474504471 -0.9986256957054138 
vn -0.2372681051492691 0.04888452962040901 -0.9702134728431702 
vn -0.2993580400943756 0.4731246829032898 -0.8285757899284363 
vn -0.5760624408721924 0.04533709958195686 -0.8161473870277405 
vn -0.6887308359146118 0.3496532440185547 -0.6351318359375 
vn -0.31899160146713257 0.7034571170806885 -0.6351318359375 
vn -0.7078608870506287 0.5254999399185181 -0.4719987213611603 
vn -0.31899160146713257 0.7034571170806885 -0.6351318359375 
vn -0.7078608870506287 0.5254999399185181 -0.4719987213611603 
vn -0.6876273155212402 0.6689342260360718 -0.28230419754981995 
vn -0.30215975642204285 0.8737331032752991 -0.3811691105365753 
vn -0.5799297094345093 0.8136089444160461 0.04149730131030083 
vn -0.24112804234027863 0.9691927433013916 0.05022686347365379 
vn -0.003776323748752475 0.9159501791000366 -0.401274174451828 
vn -0.001887861406430602 0.9987360239028931 0.05022686347365379 
vn 0.003776323748752475 0.9159501791000366 -0.401274174451828 
vn -0.0018874284578487277 0.9985070824623108 0.05459024757146835 
vn 0.23746229708194733 0.9700973629951477 0.05022686347365379 
vn -0.0018878057599067688 0.7439215779304504 -0.6682642698287964 
vn 0.5737689137458801 0.8179652690887451 0.04149730131030083 
vn 0.6876273155212402 0.6689342260360718 -0.28230419754981995 
vn 0.30572667717933655 0.8724914193153381 -0.3811691105365753 
vn 0.31899160146713257 0.7034571170806885 -0.6351318359375 
vn -0.0018878057599067688 0.7439215779304504 -0.6682642698287964 
vn -0.0018878057599067688 0.7439215779304504 -0.6682642698287964 
vn -0.0018878057599067688 0.7439215779304504 -0.6682642698287964 
vn 0.7056021094322205 0.5285289287567139 -0.4719987213611603 
vn 0.31899160146713257 0.7034571170806885 -0.6351318359375 
vn 0.7056021094322205 0.5285289287567139 -0.4719987213611603 
vn 0.6857375502586365 0.34940072894096375 -0.6385006904602051 
vn 0.3025476634502411 0.4710913896560669 -0.8285757899284363 
vn 0.5760624408721924 0.04533709958195686 -0.8161473870277405 
vn 0.23647509515285492 0.052586860954761505 -0.9702134728431702 
vn 0.003777894424274564 0.49303221702575684 -0.8700028657913208 
vn -0.0019140710355713964 0.05237371474504471 -0.9986256957054138 
vn -0.003777894424274564 0.49303221702575684 -0.8700028657913208 
vn -0.0019140710355713964 0.05237371474504471 -0.9986256957054138 
vn -0.2372681051492691 0.04888452962040901 -0.9702134728431702 
vn -0.2993580400943756 0.4731246829032898 -0.8285757899284363 
vn -0.5760624408721924 0.04533709958195686 -0.8161473870277405 
vn -0.6857375502586365 0.34940072894096375 -0.6385006904602051 
vn -0.31899160146713257 0.7034571170806885 -0.6351318359375 
vn -0.7078608870506287 0.5254999399185181 -0.4719987213611603 
vn -0.31899160146713257 0.7034571170806885 -0.6351318359375 
vn -0.7078608870506287 0.5254999399185181 -0.4719987213611603 
vn -0.6876273155212402 0.6689342260360718 -0.28230419754981995 
vn -0.30215975642204285 0.8737331032752991 -0.3811691105365753 
vn -0.5799297094345093 0.8136089444160461 0.04149730131030083 
vn -0.24112804234027863 0.9691927433013916 0.05022686347365379 
vn -0.003776323748752475 0.9159501791000366 -0.401274174451828 
vn -0.001887861406430602 0.9987360239028931 0.05022686347365379 
vn 0.003776323748752475 0.9159501791000366 -0.401274174451828 
vn -0.0018874284578487277 0.9985070824623108 0.05459024757146835 
vn 0.23746229708194733 0.9700973629951477 0.05022686347365379 
vn -0.0018878057599067688 0.7439215779304504 -0.6682642698287964 
vn 0.5737689137458801 0.8179652690887451 0.04149730131030083 
vn 0.6876273155212402 0.6689342260360718 -0.28230419754981995 
vn 0.30572667717933655 0.8724914193153381 -0.3811691105365753 
vn 0.31899160146713257 0.7034571170806885 -0.6351318359375 
vn -0.0018878057599067688 0.7439215779304504 -0.6682642698287964 
vn -0.0018878057599067688 0.7439215779304504 -0.6682642698287964 
vn -0.0018878057599067688 0.7439215779304504 -0.6682642698287964 
vn 0.7056021094322205 0.5285289287567139 -0.4719987213611603 
vn 0.31899160146713257 0.7034571170806885 -0.6351318359375 
vn 0.7056021094322205 0.5285289287567139 -0.4719987213611603 
vn 0.6857375502586365 0.34940072894096375 -0.6385006904602051 
vn 0.3025476634502411 0.4710913896560669 -0.8285757899284363 
vn 0.5760624408721924 0.04533709958195686 -0.8161473870277405 
vn 0.2408372461795807 0.05247879400849342 -0.9691457152366638 
vn 0.003777894424274564 0.49303221702575684 -0.8700028657913208 
vn -0.0019140710355713964 0.05237371474504471 -0.9986256957054138 
vn -0.003777894424274564 0.49303221702575684 -0.8700028657913208 
vn -0.0019140710355713964 0.05237371474504471 -0.9986256957054138 
vn -0.2372681051492691 0.04888452962040901 -0.9702134728431702 
vn -0.2993580400943756 0.4731246829032898 -0.8285757899284363 
vn -0.5760624408721924 0.04533709958195686 -0.8161473870277405 
vn -0.6887308359146118 0.3496532440185547 -0.6351318359375 
vn -0.31899160146713257 0.7034571170806885 -0.6351318359375 
vn -0.7078608870506287 0.5254999399185181 -0.4719987213611603 
vn -0.31899160146713257 0.7034571170806885 -0.6351318359375 
vn -0.7078608870506287 0.5254999399185181 -0.4719987213611603 
vn -0.6876273155212402 0.6689342260360718 -0.28230419754981995 
vn -0.30215975642204285 0.8737331032752991 -0.3811691105365753 
vn -0.5737689137458801 0.8179652690887451 0.04149730131030083 
vn -0.24112804234027863 0.9691927433013916 0.05022686347365379 
vn -0.003776323748752475 0.9159501791000366 -0.401274174451828 
vn -0.001887861406430602 0.9987360239028931 0.05022686347365379 
vn 0.003776323748752475 0.9159501791000366 -0.401274174451828 
vn -0.001887861406430602 0.9987360239028931 0.05022686347365379 
vn 0.23746229708194733 0.9700973629951477 0.05022686347365379 
vn -0.0018878057599067688 0.7439215779304504 -0.6682642698287964 
vn 0.5788871049880981 0.814116895198822 0.04586252197623253 
vn 0.6876273155212402 0.6689342260360718 -0.28230419754981995 
vn 0.29858776926994324 0.8749602437019348 -0.3811691105365753 
vn 0.31899160146713257 0.7034571170806885 -0.6351318359375 
vn -0.0018878057599067688 0.7439215779304504 -0.6682642698287964 
vn -0.0018878057599067688 0.7439215779304504 -0.6682642698287964 
vn -0.0018878057599067688 0.7439215779304504 -0.6682642698287964 
vn 0.7056021094322205 0.5285289287567139 -0.4719987213611603 
vn 0.31899160146713257 0.7034571170806885 -0.6351318359375 
vn 0.7056021094322205 0.5285289287567139 -0.4719987213611603 
vn 0.6857375502586365 0.34940072894096375 -0.6385006904602051 
vn 0.3025476634502411 0.4710913896560669 -0.8285757899284363 
vn 0.5796341896057129 0.045333702117204666 -0.8136147856712341 
vn 0.2408372461795807 0.05247879400849342 -0.9691457152366638 
vn 0.003777894424274564 0.49303221702575684 -0.8700028657913208 
vn -0.0019140710355713964 0.05237371474504471 -0.9986256957054138 
vn -0.003777894424274564 0.49303221702575684 -0.8700028657913208 
vn -0.0019140710355713964 0.05237371474504471 -0.9986256957054138 
vn -0.2372681051492691 0.04888452962040901 -0.9702134728431702 
vn -0.2993580400943756 0.4731246829032898 -0.8285757899284363 
vn -0.5760624408721924 0.04533709958195686 -0.8161473870277405 
vn -0.6857375502586365 0.34940072894096375 -0.6385006904602051 
vn -0.31899160146713257 0.7034571170806885 -0.6351318359375 
vn -0.7078608870506287 0.5254999399185181 -0.4719987213611603 
vn -0.31899160146713257 0.7034571170806885 -0.6351318359375 
vn -0.7078608870506287 0.5254999399185181 -0.4719987213611603 
vn -0.6876273155212402 0.6689342260360718 -0.28230419754981995 
vn -0.30215975642204285 0.8737331032752991 -0.3811691105365753 
vn -0.5758051872253418 0.816299557685852 0.04586252197623253 
vn -0.24112804234027863 0.9691927433013916 0.05022686347365379 
vn -0.003776323748752475 0.9159501791000366 -0.401274174451828 
vn -0.001887861406430602 0.9987360239028931 0.05022686347365379 
vn 0.003776323748752475 0.9159501791000366 -0.401274174451828 
vn -0.001887861406430602 0.9987360239028931 0.05022686347365379 
vn 0.23746229708194733 0.9700973629951477 0.05022686347365379 
vn -0.0018878057599067688 0.7439215779304504 -0.6682642698287964 
vn 0.5737689137458801 0.8179652690887451 0.04149730131030083 
vn 0.6876273155212402 0.6689342260360718 -0.28230419754981995 
vn 0.29858776926994324 0.8749602437019348 -0.3811691105365753 
vn 0.31899160146713257 0.7034571170806885 -0.6351318359375 
vn -0.0018878057599067688 0.7439215779304504 -0.6682642698287964 
vn -0.0018878057599067688 0.7439215779304504 -0.6682642698287964 
vn -0.0018878057599067688 0.7439215779304504 -0.6682642698287964 
vn 0.7056021094322205 0.5285289287567139 -0.4719987213611603 
vn 0.31899160146713257 0.7034571170806885 -0.6351318359375 
vn 0.7056021094322205 0.5285289287567139 -0.4719987213611603 
vn 0.6887308359146118 0.3496532440185547 -0.6351318359375 
vn 0.3025476634502411 0.4710913896560669 -0.8285757899284363 
vn 0.5760624408721924 0.04533709958195686 -0.8161473870277405 
vn 0.23647509515285492 0.052586860954761505 -0.9702134728431702 
vn 0.003777894424274564 0.49303221702575684 -0.8700028657913208 
vn -0.0019140710355713964 0.05237371474504471 -0.9986256957054138 
vn -0.003777894424274564 0.49303221702575684 -0.8700028657913208 
vn -0.0019140710355713964 0.05237371474504471 -0.9986256957054138 
vn -0.2372681051492691 0.04888452962040901 -0.9702134728431702 
vn -0.2993580400943756 0.4731246829032898 -0.8285757899284363 
vn -0.5760624408721924 0.04533709958195686 -0.8161473870277405 
vn -0.6887308359146118 0.3496532440185547 -0.6351318359375 
vn -0.31899160146713257 0.7034571170806885 -0.6351318359375 
vn -0.7078608870506287 0.5254999399185181 -0.4719987213611603 
vn -0.31899160146713257 0.7034571170806885 -0.6351318359375 
vn -0.7078608870506287 0.5254999399185181 -0.4719987213611603 
vn -0.6876273155212402 0.6689342260360718 -0.28230419754981995 
vn -0.30215975642204285 0.8737331032752991 -0.3811691105365753 
vn -0.5799297094345093 0.8136089444160461 0.04149730131030083 
vn -0.24112804234027863 0.9691927433013916 0.05022686347365379 
vn -0.003776323748752475 0.9159501791000366 -0.401274174451828 
vn -0.001887861406430602 0.9987360239028931 0.05022686347365379 
vn 0.003776323748752475 0.9159501791000366 -0.401274174451828 
vn -0.001887861406430602 0.9987360239028931 0.05022686347365379 
vn 0.23746229708194733 0.9700973629951477 0.05022686347365379 
vn -0.0018878057599067688 0.7439215779304504 -0.6682642698287964 
vn 0.5799297094345093 0.8136089444160461 0.04149730131030083 
vn 0.6876273155212402 0.6689342260360718 -0.28230419754981995 
vn 0.29858776926994324 0.8749602437019348 -0.3811691105365753 
vn 0.31899160146713257 0.7034571170806885 -0.6351318359375 
vn -0.0018878057599067688 0.7439215779304504 -0.6682642698287964 
vn -0.0018878057599067688 0.7439215779304504 -0.6682642698287964 
vn -0.0018878057599067688 0.7439215779304504 -0.6682642698287964 
vn 0.7056021094322205 0.5285289287567139 -0.4719987213611603 
vn 0.31899160146713257 0.7034571170806885 -0.6351318359375 
vn 0.7056021094322205 0.5285289287567139 -0.4719987213611603 
vn 0.6857375502586365 0.34940072894096375 -0.6385006904602051 
vn 0.3025476634502411 0.4710913896560669 -0.8285757899284363 
vn 0.5766065716743469 0.037792790681123734 -0.8161473870277405 
vn 0.2408372461795807 0.05247879400849342 -0.9691457152366638 
vn 0.003777894424274564 0.49303221702575684 -0.8700028657913208 
vn -0.0019140710355713964 0.05237371474504471 -0.9986256957054138 
vn -0.003777894424274564 0.49303221702575684 -0.8700028657913208 
vn -0.0019140710355713964 0.05237371474504471 -0.9986256957054138 
vn -0.24161316454410553 0.04878198355436325 -0.9691457152366638 
vn -0.2993580400943756 0.4731246829032898 -0.8285757899284363 
vn -0.5760624408721924 0.04533709958195686 -0.8161473870277405 
vn -0.6857375502586365 0.34940072894096375 -0.6385006904602051 
vn -0.31899160146713257 0.7034571170806885 -0.6351318359375 
vn -0.7078608870506287 0.5254999399185181 -0.4719987213611603 
vn -0.31899160146713257 0.7034571170806885 -0.6351318359375 
vn -0.7078608870506287 0.5254999399185181 -0.4719987213611603 
vn -0.6876273155212402 0.6689342260360718 -0.28230419754981995 
vn -0.30215975642204285 0.8737331032752991 -0.3811691105365753 
vn -0.5758051872253418 0.816299557685852 0.04586252197623253 
vn -0.24112804234027863 0.9691927433013916 0.05022686347365379 
vn -0.003776323748752475 0.9159501791000366 -0.401274174451828 
vn -0.001887861406430602 0.9987360239028931 0.05022686347365379 
vn 0.003776323748752475 0.9159501791000366 -0.401274174451828 
vn -0.001887861406430602 0.9987360239028931 0.05022686347365379 
vn 0.23746229708194733 0.9700973629951477 0.05022686347365379 
vn -0.0018878057599067688 0.7439215779304504 -0.6682642698287964 
vn 0.5799297094345093 0.8136089444160461 0.04149730131030083 
vn 0.6876273155212402 0.6689342260360718 -0.28230419754981995 
vn 0.29858776926994324 0.8749602437019348 -0.3811691105365753 
vn 0.31899160146713257 0.7034571170806885 -0.6351318359375 
vn -0.0018878057599067688 0.7439215779304504 -0.6682642698287964 
vn -0.0018878057599067688 0.7439215779304504 -0.6682642698287964 
vn -0.0018878057599067688 0.7439215779304504 -0.6682642698287964 
vn 0.7056021094322205 0.5285289287567139 -0.4719987213611603 
vn 0.31899160146713257 0.7034571170806885 -0.6351318359375 
vn 0.7056021094322205 0.5285289287567139 -0.4719987213611603 
vn 0.6857375502586365 0.34940072894096375 -0.6385006904602051 
vn 0.3025476634502411 0.4710913896560669 -0.8285757899284363 
vn 0.5760624408721924 0.04533709958195686 -0.8161473870277405 
vn 0.23647509515285492 0.052586860954761505 -0.9702134728431702 
vn 0.003777894424274564 0.49303221702575684 -0.8700028657913208 
vn -0.0019140710355713964 0.05237371474504471 -0.9986256957054138 
vn -0.003777894424274564 0.49303221702575684 -0.8700028657913208 
vn -0.0019140710355713964 0.05237371474504471 -0.9986256957054138 
vn -0.2372681051492691 0.04888452962040901 -0.9702134728431702 
vn -0.2993580400943756 0.4731246829032898 -0.8285757899284363 
vn -0.5760624408721924 0.04533709958195686 -0.8161473870277405 
vn -0.6887308359146118 0.3496532440185547 -0.6351318359375 
vn -0.31899160146713257 0.7034571170806885 -0.6351318359375 
vn -0.7078608870506287 0.5254999399185181 -0.4719987213611603 
vn -0.31209179759025574 0.7065452933311462 -0.6351318359375 
vn -0.7078608870506287 0.5254999399185181 -0.4719987213611603 
vn -0.6876273155212402 0.6689342260360718 -0.28230419754981995 
vn -0.30215975642204285 0.8737331032752991 -0.3811691105365753 
vn -0.5799297094345093 0.8136089444160461 0.04149730131030083 
vn -0.24112804234027863 0.9691927433013916 0.05022686347365379 
vn -0.003776323748752475 0.9159501791000366 -0.401274174451828 
vn -0.001887861406430602 0.9987360239028931 0.05022686347365379 
vn 0.003776323748752475 0.9159501791000366 -0.401274174451828 
vn -0.001887861406430602 0.9987360239028931 0.05022686347365379 
vn 0.23746229708194733 0.9700973629951477 0.05022686347365379 
vn -0.0018878057599067688 0.7439215779304504 -0.6682642698287964 
vn 0.5799297094345093 0.8136089444160461 0.04149730131030083 
vn 0.6876273155212402 0.6689342260360718 -0.28230419754981995 
vn 0.29858776926994324 0.8749602437019348 -0.3811691105365753 
vn 0.31899160146713257 0.7034571170806885 -0.6351318359375 
vn -0.0018878057599067688 0.7439215779304504 -0.6682642698287964 
vn -0.0018878057599067688 0.7439215779304504 -0.6682642698287964 
vn -0.0018878057599067688 0.7439215779304504 -0.6682642698287964 
vn 0.7056021094322205 0.5285289287567139 -0.4719987213611603 
vn 0.31899160146713257 0.7034571170806885 -0.6351318359375 
vn 0.7056021094322205 0.5285289287567139 -0.4719987213611603 
vn 0.6887308359146118 0.3496532440185547 -0.6351318359375 
vn 0.3025476634502411 0.4710913896560669 -0.8285757899284363 
vn 0.5760624408721924 0.04533709958195686 -0.8161473870277405 
vn 0.23647509515285492 0.052586860954761505 -0.9702134728431702 
vn 0.003777894424274564 0.49303221702575684 -0.8700028657913208 
vn -0.0019140710355713964 0.05237371474504471 -0.9986256957054138 
vn -0.003777894424274564 0.49303221702575684 -0.8700028657913208 
vn -0.0019140710355713964 0.05237371474504471 -0.9986256957054138 
vn -0.2372681051492691 0.04888452962040901 -0.9702134728431702 
vn -0.2993580400943756 0.4731246829032898 -0.8285757899284363 
vn -0.5760624408721924 0.04533709958195686 -0.8161473870277405 
vn -0.6887308359146118 0.3496532440185547 -0.6351318359375 
vn -0.31899160146713257 0.7034571170806885 -0.6351318359375 
vn -0.7078608870506287 0.5254999399185181 -0.4719987213611603 
vn -0.31899160146713257 0.7034571170806885 -0.6351318359375 
vn -0.7078608870506287 0.5254999399185181 -0.4719987213611603 
vn -0.6876273155212402 0.6689342260360718 -0.28230419754981995 
vn -0.30215975642204285 0.8737331032752991 -0.3811691105365753 
vn -0.5737689137458801 0.8179652690887451 0.04149730131030083 
vn -0.24112804234027863 0.9691927433013916 0.05022686347365379 
vn -0.001889282837510109 0.9177005887031555 -0.3972681760787964 
vn -0.001887861406430602 0.9987360239028931 0.05022686347365379 
vn 0.003776323748752475 0.9159501791000366 -0.401274174451828 
vn -0.0018874284578487277 0.9985070824623108 0.05459024757146835 
vn 0.23746229708194733 0.9700973629951477 0.05022686347365379 
vn -0.0018878057599067688 0.7439215779304504 -0.6682642698287964 
vn 0.5788871049880981 0.814116895198822 0.04586252197623253 
vn 0.6876273155212402 0.6689342260360718 -0.28230419754981995 
vn 0.29858776926994324 0.8749602437019348 -0.3811691105365753 
vn 0.31899160146713257 0.7034571170806885 -0.6351318359375 
vn -0.0018878057599067688 0.7439215779304504 -0.6682642698287964 
vn -0.0018878057599067688 0.7439215779304504 -0.6682642698287964 
vn -0.0018878057599067688 0.7439215779304504 -0.6682642698287964 
vn 0.7056021094322205 0.5285289287567139 -0.4719987213611603 
vn 0.31899160146713257 0.7034571170806885 -0.6351318359375 
vn 0.7056021094322205 0.5285289287567139 -0.4719987213611603 
vn 0.6857375502586365 0.34940072894096375 -0.6385006904602051 
vn 0.3025476634502411 0.4710913896560669 -0.8285757899284363 
vn 0.5796341896057129 0.045333702117204666 -0.8136147856712341 
vn 0.23647509515285492 0.052586860954761505 -0.9702134728431702 
vn 0.003777894424274564 0.49303221702575684 -0.8700028657913208 
vn -0.0019140710355713964 0.05237371474504471 -0.9986256957054138 
vn -0.003777894424274564 0.49303221702575684 -0.8700028657913208 
vn -0.0019140710355713964 0.05237371474504471 -0.9986256957054138 
vn -0.2372681051492691 0.04888452962040901 -0.9702134728431702 
vn -0.2993580400943756 0.4731246829032898 -0.8285757899284363 
vn -0.5799168348312378 0.04156263545155525 -0.8136147856712341 
vn -0.6887308359146118 0.3496532440185547 -0.6351318359375 
vn -0.31899160146713257 0.7034571170806885 -0.6351318359375 
vn -0.7078608870506287 0.5254999399185181 -0.4719987213611603 
vn -0.31899160146713257 0.7034571170806885 -0.6351318359375 
vn -0.7078608870506287 0.5254999399185181 -0.4719987213611603 
vn -0.6876273155212402 0.6689342260360718 -0.28230419754981995 
vn -0.30215975642204285 0.8737331032752991 -0.3811691105365753 
vn -0.5799297094345093 0.8136089444160461 0.04149730131030083 
vn -0.24112804234027863 0.9691927433013916 0.05022686347365379 
vn -0.003776323748752475 0.9159501791000366 -0.401274174451828 
vn -0.001887861406430602 0.9987360239028931 0.05022686347365379 
vn 0.003776323748752475 0.9159501791000366 -0.401274174451828 
vn -0.0018874284578487277 0.9985070824623108 0.05459024757146835 
vn 0.23746229708194733 0.9700973629951477 0.05022686347365379 
vn -0.0018878057599067688 0.7439215779304504 -0.6682642698287964 
vn 0.5799297094345093 0.8136089444160461 0.04149730131030083 
vn 0.6876273155212402 0.6689342260360718 -0.28230419754981995 
vn 0.29858776926994324 0.8749602437019348 -0.3811691105365753 
vn 0.31899160146713257 0.7034571170806885 -0.6351318359375 
vn -0.0018878057599067688 0.7439215779304504 -0.6682642698287964 
vn -0.0018878057599067688 0.7439215779304504 -0.6682642698287964 
vn -0.0018878057599067688 0.7439215779304504 -0.6682642698287964 
vn 0.7056021094322205 0.5285289287567139 -0.4719987213611603 
vn 0.31899160146713257 0.7034571170806885 -0.6351318359375 
vn 0.7056021094322205 0.5285289287567139 -0.4719987213611603 
vn 0.6857375502586365 0.34940072894096375 -0.6385006904602051 
vn 0.3025476634502411 0.4710913896560669 -0.8285757899284363 
vn 0.5760624408721924 0.04533709958195686 -0.8161473870277405 
vn 0.23647509515285492 0.052586860954761505 -0.9702134728431702 
vn 0.003777894424274564 0.49303221702575684 -0.8700028657913208 
vn -0.0019140710355713964 0.05237371474504471 -0.9986256957054138 
vn -0.003777894424274564 0.49303221702575684 -0.8700028657913208 
vn -0.0019140710355713964 0.05237371474504471 -0.9986256957054138 
vn -0.2372681051492691 0.04888452962040901 -0.9702134728431702 
vn -0.2993580400943756 0.4731246829032898 -0.8285757899284363 
vn -0.5760624408721924 0.04533709958195686 -0.8161473870277405 
vn -0.6887308359146118 0.3496532440185547 -0.6351318359375 
vn -0.31899160146713257 0.7034571170806885 -0.6351318359375 
vn -0.7078608870506287 0.5254999399185181 -0.4719987213611603 
vn -0.31899160146713257 0.7034571170806885 -0.6351318359375 
vn -0.7078608870506287 0.5254999399185181 -0.4719987213611603 
vn -0.6876273155212402 0.6689342260360718 -0.28230419754981995 
vn -0.30215975642204285 0.8737331032752991 -0.3811691105365753 
vn -0.5799297094345093 0.8136089444160461 0.04149730131030083 
vn -0.24112804234027863 0.9691927433013916 0.05022686347365379 
vn -0.003776323748752475 0.9159501791000366 -0.401274174451828 
vn -0.001887861406430602 0.9987360239028931 0.05022686347365379 
vn 0.003776323748752475 0.9159501791000366 -0.401274174451828 
vn -0.0018874284578487277 0.9985070824623108 0.05459024757146835 
vn 0.23746229708194733 0.9700973629951477 0.05022686347365379 
vn -0.0018878057599067688 0.7439215779304504 -0.6682642698287964 
vn 0.5799297094345093 0.8136089444160461 0.04149730131030083 
vn 0.6876273155212402 0.6689342260360718 -0.28230419754981995 
vn 0.29858776926994324 0.8749602437019348 -0.3811691105365753 
vn 0.31209179759025574 0.7065452933311462 -0.6351318359375 
vn -0.0018878057599067688 0.7439215779304504 -0.6682642698287964 
vn -0.0018878057599067688 0.7439215779304504 -0.6682642698287964 
vn -0.0018878057599067688 0.7439215779304504 -0.6682642698287964 
vn 0.7056021094322205 0.5285289287567139 -0.4719987213611603 
vn 0.31899160146713257 0.7034571170806885 -0.6351318359375 
vn 0.7056021094322205 0.5285289287567139 -0.4719987213611603 
vn 0.6887308359146118 0.3496532440185547 -0.6351318359375 
vn 0.3025476634502411 0.4710913896560669 -0.8285757899284363 
vn 0.5760624408721924 0.04533709958195686 -0.8161473870277405 
vn 0.23647509515285492 0.052586860954761505 -0.9702134728431702 
vn 0.003777894424274564 0.49303221702575684 -0.8700028657913208 
vn -0.0019140710355713964 0.05237371474504471 -0.9986256957054138 
vn -0.003777894424274564 0.49303221702575684 -0.8700028657913208 
vn -0.0019140710355713964 0.05237371474504471 -0.9986256957054138 
vn -0.2372681051492691 0.04888452962040901 -0.9702134728431702 
vn -0.2993580400943756 0.4731246829032898 -0.8285757899284363 
vn -0.5760624408721924 0.04533709958195686 -0.8161473870277405 
vn -0.6887308359146118 0.3496532440185547 -0.6351318359375 
vn -0.31899160146713257 0.7034571170806885 -0.6351318359375 
vn -0.7078608870506287 0.5254999399185181 -0.4719987213611603 
vn -0.31899160146713257 0.7034571170806885 -0.6351318359375 
vn -0.7078608870506287 0.5254999399185181 -0.4719987213611603 
vn -0.6876273155212402 0.6689342260360718 -0.28230419754981995 
vn -0.30215975642204285 0.8737331032752991 -0.3811691105365753 
vn -0.5737689137458801 0.8179652690887451 0.04149730131030083 
vn -0.24112804234027863 0.9691927433013916 0.05022686347365379 
vn -0.001889282837510109 0.9177005887031555 -0.3972681760787964 
vn -0.001887861406430602 0.9987360239028931 0.05022686347365379 
vn 0.003776323748752475 0.9159501791000366 -0.401274174451828 
vn -0.0018874284578487277 0.9985070824623108 0.05459024757146835 
vn 0.23746229708194733 0.9700973629951477 0.05022686347365379 
vn -0.0018878057599067688 0.7439215779304504 -0.6682642698287964 
vn 0.5799297094345093 0.8136089444160461 0.04149730131030083 
vn 0.6876273155212402 0.6689342260360718 -0.28230419754981995 
vn 0.29858776926994324 0.8749602437019348 -0.3811691105365753 
vn 0.31899160146713257 0.7034571170806885 -0.6351318359375 
vn -0.0018878057599067688 0.7439215779304504 -0.6682642698287964 
vn -0.0018878057599067688 0.7439215779304504 -0.6682642698287964 
vn -0.0018878057599067688 0.7439215779304504 -0.6682642698287964 
vn 0.7056021094322205 0.5285289287567139 -0.4719987213611603 
vn 0.31899160146713257 0.7034571170806885 -0.6351318359375 
vn 0.7056021094322205 0.5285289287567139 -0.4719987213611603 
vn 0.6857375502586365 0.34940072894096375 -0.6385006904602051 
vn 0.3025476634502411 0.4710913896560669 -0.8285757899284363 
vn 0.5766065716743469 0.037792790681123734 -0.8161473870277405 
vn 0.23647509515285492 0.052586860954761505 -0.9702134728431702 
vn 0.003777894424274564 0.49303221702575684 -0.8700028657913208 
vn -0.0019140710355713964 0.05237371474504471 -0.9986256957054138 
vn -0.003777894424274564 0.49303221702575684 -0.8700028657913208 
vn -0.0019140710355713964 0.05237371474504471 -0.9986256957054138 
vn -0.24161316454410553 0.04878198355436325 -0.9691457152366638 
vn -0.2993580400943756 0.4731246829032898 -0.8285757899284363 
vn -0.5799168348312378 0.04156263545155525 -0.8136147856712341 
vn -0.6887308359146118 0.3496532440185547 -0.6351318359375 
vn -0.31899160146713257 0.7034571170806885 -0.6351318359375 
vn -0.7078608870506287 0.5254999399185181 -0.4719987213611603 
vn -0.31899160146713257 0.7034571170806885 -0.6351318359375 
vn -0.7078608870506287 0.5254999399185181 -0.4719987213611603 
vn -0.6876273155212402 0.6689342260360718 -0.28230419754981995 
vn -0.30215975642204285 0.8737331032752991 -0.3811691105365753 
vn -0.5799297094345093 0.8136089444160461 0.04149730131030083 
vn -0.24112804234027863 0.9691927433013916 0.05022686347365379 
vn -0.003776323748752475 0.9159501791000366 -0.401274174451828 
vn -0.001887861406430602 0.9987360239028931 0.05022686347365379 
vn 0.003776323748752475 0.9159501791000366 -0.401274174451828 
vn -0.001887861406430602 0.9987360239028931 0.05022686347365379 
vn 0.23746229708194733 0.9700973629951477 0.05022686347365379 
vn -0.0018878057599067688 0.7439215779304504 -0.6682642698287964 
vt 0.9999982118606567 5.96045985901128e-8 
vt 0.999509871006012 5.96045985901128e-8 
vt 0.999509871006012 0.0003663146053440869 
vt 0.9990215301513672 0.0003663146053440869 
vt 0.9990215301513672 0.0006104846252128482 
vt 0.0009766799630597234 0.0006104846252128482 
vt 0.0009766799630597234 0.9993878602981567 
vt 0.9990215301513672 5.96045985901128e-8 
vt 0.0009766799630597234 0.0003663146053440869 
vt 0.0009766799630597234 5.96045985901128e-8 
vt 0.0004883399815298617 5.96045985901128e-8 
vt 0.0004883399815298617 0.0003663146053440869 
vt 0 5.96045985901128e-8 
vt 0 0.0003663146053440869 
vt 0.0004883399815298617 0.0006104846252128482 
vt 0 0.0006104846252128482 
vt 0.0004883399815298617 0.9993878602981567 
vt 0 0.9993878602981567 
vt 0 0.9996320605278015 
vt 0.0004883399815298617 0.9996320605278015 
vt 0 0.9999982714653015 
vt 0.0004883399815298617 0.9999982714653015 
vt 0.0009766799630597234 0.9996320605278015 
vt 0.0009766799630597234 0.9999982714653015 
vt 0.9990215301513672 0.9996320605278015 
vt 0.9990215301513672 0.9999982714653015 
vt 0.999509871006012 0.9999982714653015 
vt 0.999509871006012 0.9996320605278015 
vt 0.9999982118606567 0.9999982714653015 
vt 0.9999982118606567 0.9996320605278015 
vt 0.999509871006012 0.9993878602981567 
vt 0.9999982118606567 0.9993878602981567 
vt 0.999509871006012 0.0006104846252128482 
vt 0.9999982118606567 0.0006104846252128482 
vt 0.9999982118606567 0.0003663146053440869 
vt 0.9990215301513672 0.9993878602981567 
vt 0.9999982118606567 5.96045985901128e-8 
vt 0.999509871006012 5.96045985901128e-8 
vt 0.999509871006012 0.0003663146053440869 
vt 0.9990215301513672 0.0003663146053440869 
vt 0.9990215301513672 0.0006104846252128482 
vt 0.0009766799630597234 0.0006104846252128482 
vt 0.0009766799630597234 0.9993878602981567 
vt 0.9990215301513672 5.96045985901128e-8 
vt 0.0009766799630597234 0.0003663146053440869 
vt 0.0009766799630597234 5.96045985901128e-8 
vt 0.0004883399815298617 5.96045985901128e-8 
vt 0.0004883399815298617 0.0003663146053440869 
vt 0 5.96045985901128e-8 
vt 0 0.0003663146053440869 
vt 0.0004883399815298617 0.0006104846252128482 
vt 0 0.0006104846252128482 
vt 0.0004883399815298617 0.9993878602981567 
vt 0 0.9993878602981567 
vt 0 0.9996320605278015 
vt 0.0004883399815298617 0.9996320605278015 
vt 0 0.9999982714653015 
vt 0.0004883399815298617 0.9999982714653015 
vt 0.0009766799630597234 0.9996320605278015 
vt 0.0009766799630597234 0.9999982714653015 
vt 0.9990215301513672 0.9996320605278015 
vt 0.9990215301513672 0.9999982714653015 
vt 0.999509871006012 0.9999982714653015 
vt 0.999509871006012 0.9996320605278015 
vt 0.9999982118606567 0.9999982714653015 
vt 0.9999982118606567 0.9996320605278015 
vt 0.999509871006012 0.9993878602981567 
vt 0.9999982118606567 0.9993878602981567 
vt 0.999509871006012 0.0006104846252128482 
vt 0.9999982118606567 0.0006104846252128482 
vt 0.9999982118606567 0.0003663146053440869 
vt 0.9990215301513672 0.9993878602981567 
vt 0.9999982118606567 5.96045985901128e-8 
vt 0.999509871006012 5.96045985901128e-8 
vt 0.999509871006012 0.0003663146053440869 
vt 0.9990215301513672 0.0003663146053440869 
vt 0.9990215301513672 0.0006104846252128482 
vt 0.0009766799630597234 0.0006104846252128482 
vt 0.0009766799630597234 0.9993878602981567 
vt 0.9990215301513672 5.96045985901128e-8 
vt 0.0009766799630597234 0.0003663146053440869 
vt 0.0009766799630597234 5.96045985901128e-8 
vt 0.0004883399815298617 5.96045985901128e-8 
vt 0.0004883399815298617 0.0003663146053440869 
vt 0 5.96045985901128e-8 
vt 0 0.0003663146053440869 
vt 0.0004883399815298617 0.0006104846252128482 
vt 0 0.0006104846252128482 
vt 0.0004883399815298617 0.9993878602981567 
vt 0 0.9993878602981567 
vt 0 0.9996320605278015 
vt 0.0004883399815298617 0.9996320605278015 
vt 0 0.9999982714653015 
vt 0.0004883399815298617 0.9999982714653015 
vt 0.0009766799630597234 0.9996320605278015 
vt 0.0009766799630597234 0.9999982714653015 
vt 0.9990215301513672 0.9996320605278015 
vt 0.9990215301513672 0.9999982714653015 
vt 0.999509871006012 0.9999982714653015 
vt 0.999509871006012 0.9996320605278015 
vt 0.9999982118606567 0.9999982714653015 
vt 0.9999982118606567 0.9996320605278015 
vt 0.999509871006012 0.9993878602981567 
vt 0.9999982118606567 0.9993878602981567 
vt 0.999509871006012 0.0006104846252128482 
vt 0.9999982118606567 0.0006104846252128482 
vt 0.9999982118606567 0.0003663146053440869 
vt 0.9990215301513672 0.9993878602981567 
vt 0.9999982118606567 5.96045985901128e-8 
vt 0.999509871006012 5.96045985901128e-8 
vt 0.999509871006012 0.0003663146053440869 
vt 0.9990215301513672 0.0003663146053440869 
vt 0.9990215301513672 0.0006104846252128482 
vt 0.0009766799630597234 0.0006104846252128482 
vt 0.0009766799630597234 0.9993878602981567 
vt 0.9990215301513672 5.96045985901128e-8 
vt 0.0009766799630597234 0.0003663146053440869 
vt 0.0009766799630597234 5.96045985901128e-8 
vt 0.0004883399815298617 5.96045985901128e-8 
vt 0.0004883399815298617 0.0003663146053440869 
vt 0 5.96045985901128e-8 
vt 0 0.0003663146053440869 
vt 0.0004883399815298617 0.0006104846252128482 
vt 0 0.0006104846252128482 
vt 0.0004883399815298617 0.9993878602981567 
vt 0 0.9993878602981567 
vt 0 0.9996320605278015 
vt 0.0004883399815298617 0.9996320605278015 
vt 0 0.9999982714653015 
vt 0.0004883399815298617 0.9999982714653015 
vt 0.0009766799630597234 0.9996320605278015 
vt 0.0009766799630597234 0.9999982714653015 
vt 0.9990215301513672 0.9996320605278015 
vt 0.9990215301513672 0.9999982714653015 
vt 0.999509871006012 0.9999982714653015 
vt 0.999509871006012 0.9996320605278015 
vt 0.9999982118606567 0.9999982714653015 
vt 0.9999982118606567 0.9996320605278015 
vt 0.999509871006012 0.9993878602981567 
vt 0.9999982118606567 0.9993878602981567 
vt 0.999509871006012 0.0006104846252128482 
vt 0.9999982118606567 0.0006104846252128482 
vt 0.9999982118606567 0.0003663146053440869 
vt 0.9990215301513672 0.9993878602981567 
vt 0.9999982118606567 5.96045985901128e-8 
vt 0.999509871006012 5.96045985901128e-8 
vt 0.999509871006012 0.0003663146053440869 
vt 0.9990215301513672 0.0003663146053440869 
vt 0.9990215301513672 0.0006104846252128482 
vt 0.0009766799630597234 0.0006104846252128482 
vt 0.0009766799630597234 0.9993878602981567 
vt 0.9990215301513672 5.96045985901128e-8 
vt 0.0009766799630597234 0.0003663146053440869 
vt 0.0009766799630597234 5.96045985901128e-8 
vt 0.0004883399815298617 5.96045985901128e-8 
vt 0.0004883399815298617 0.0003663146053440869 
vt 0 5.96045985901128e-8 
vt 0 0.0003663146053440869 
vt 0.0004883399815298617 0.0006104846252128482 
vt 0 0.0006104846252128482 
vt 0.0004883399815298617 0.9993878602981567 
vt 0 0.9993878602981567 
vt 0 0.9996320605278015 
vt 0.0004883399815298617 0.9996320605278015 
vt 0 0.9999982714653015 
vt 0.0004883399815298617 0.9999982714653015 
vt 0.0009766799630597234 0.9996320605278015 
vt 0.0009766799630597234 0.9999982714653015 
vt 0.9990215301513672 0.9996320605278015 
vt 0.9990215301513672 0.9999982714653015 
vt 0.999509871006012 0.9999982714653015 
vt 0.999509871006012 0.9996320605278015 
vt 0.9999982118606567 0.9999982714653015 
vt 0.9999982118606567 0.9996320605278015 
vt 0.999509871006012 0.9993878602981567 
vt 0.9999982118606567 0.9993878602981567 
vt 0.999509871006012 0.0006104846252128482 
vt 0.9999982118606567 0.0006104846252128482 
vt 0.9999982118606567 0.0003663146053440869 
vt 0.9990215301513672 0.9993878602981567 
vt 0.9999982118606567 5.96045985901128e-8 
vt 0.999509871006012 5.96045985901128e-8 
vt 0.999509871006012 0.0003663146053440869 
vt 0.9990215301513672 0.0003663146053440869 
vt 0.9990215301513672 0.0006104846252128482 
vt 0.0009766799630597234 0.0006104846252128482 
vt 0.0009766799630597234 0.9993878602981567 
vt 0.9990215301513672 5.96045985901128e-8 
vt 0.0009766799630597234 0.0003663146053440869 
vt 0.0009766799630597234 5.96045985901128e-8 
vt 0.0004883399815298617 5.96045985901128e-8 
vt 0.0004883399815298617 0.0003663146053440869 
vt 0 5.96045985901128e-8 
vt 0 0.0003663146053440869 
vt 0.0004883399815298617 0.0006104846252128482 
vt 0 0.0006104846252128482 
vt 0.0004883399815298617 0.9993878602981567 
vt 0 0.9993878602981567 
vt 0 0.9996320605278015 
vt 0.0004883399815298617 0.9996320605278015 
vt 0 0.9999982714653015 
vt 0.0004883399815298617 0.9999982714653015 
vt 0.0009766799630597234 0.9996320605278015 
vt 0.0009766799630597234 0.9999982714653015 
vt 0.9990215301513672 0.9996320605278015 
vt 0.9990215301513672 0.9999982714653015 
vt 0.999509871006012 0.9999982714653015 
vt 0.999509871006012 0.9996320605278015 
vt 0.9999982118606567 0.9999982714653015 
vt 0.9999982118606567 0.9996320605278015 
vt 0.999509871006012 0.9993878602981567 
vt 0.9999982118606567 0.9993878602981567 
vt 0.999509871006012 0.0006104846252128482 
vt 0.9999982118606567 0.0006104846252128482 
vt 0.9999982118606567 0.0003663146053440869 
vt 0.9990215301513672 0.9993878602981567 
vt 0.9999982118606567 5.96045985901128e-8 
vt 0.999509871006012 5.96045985901128e-8 
vt 0.999509871006012 0.0003663146053440869 
vt 0.9990215301513672 0.0003663146053440869 
vt 0.9990215301513672 0.0006104846252128482 
vt 0.0009766799630597234 0.0006104846252128482 
vt 0.0009766799630597234 0.9993878602981567 
vt 0.9990215301513672 5.96045985901128e-8 
vt 0.0009766799630597234 0.0003663146053440869 
vt 0.0009766799630597234 5.96045985901128e-8 
vt 0.0004883399815298617 5.96045985901128e-8 
vt 0.0004883399815298617 0.0003663146053440869 
vt 0 5.96045985901128e-8 
vt 0 0.0003663146053440869 
vt 0.0004883399815298617 0.0006104846252128482 
vt 0 0.0006104846252128482 
vt 0.0004883399815298617 0.9993878602981567 
vt 0 0.9993878602981567 
vt 0 0.9996320605278015 
vt 0.0004883399815298617 0.9996320605278015 
vt 0 0.9999982714653015 
vt 0.0004883399815298617 0.9999982714653015 
vt 0.0009766799630597234 0.9996320605278015 
vt 0.0009766799630597234 0.9999982714653015 
vt 0.9990215301513672 0.9996320605278015 
vt 0.9990215301513672 0.9999982714653015 
vt 0.999509871006012 0.9999982714653015 
vt 0.999509871006012 0.9996320605278015 
vt 0.9999982118606567 0.9999982714653015 
vt 0.9999982118606567 0.9996320605278015 
vt 0.999509871006012 0.9993878602981567 
vt 0.9999982118606567 0.9993878602981567 
vt 0.999509871006012 0.0006104846252128482 
vt 0.9999982118606567 0.0006104846252128482 
vt 0.9999982118606567 0.0003663146053440869 
vt 0.9990215301513672 0.9993878602981567 
vt 0.9999982118606567 5.96045985901128e-8 
vt 0.999509871006012 5.96045985901128e-8 
vt 0.999509871006012 0.0003663146053440869 
vt 0.9990215301513672 0.0003663146053440869 
vt 0.9990215301513672 0.0006104846252128482 
vt 0.0009766799630597234 0.0006104846252128482 
vt 0.0009766799630597234 0.9993878602981567 
vt 0.9990215301513672 5.96045985901128e-8 
vt 0.0009766799630597234 0.0003663146053440869 
vt 0.0009766799630597234 5.96045985901128e-8 
vt 0.0004883399815298617 5.96045985901128e-8 
vt 0.0004883399815298617 0.0003663146053440869 
vt 0 5.96045985901128e-8 
vt 0 0.0003663146053440869 
vt 0.0004883399815298617 0.0006104846252128482 
vt 0 0.0006104846252128482 
vt 0.0004883399815298617 0.9993878602981567 
vt 0 0.9993878602981567 
vt 0 0.9996320605278015 
vt 0.0004883399815298617 0.9996320605278015 
vt 0 0.9999982714653015 
vt 0.0004883399815298617 0.9999982714653015 
vt 0.0009766799630597234 0.9996320605278015 
vt 0.0009766799630597234 0.9999982714653015 
vt 0.9990215301513672 0.9996320605278015 
vt 0.9990215301513672 0.9999982714653015 
vt 0.999509871006012 0.9999982714653015 
vt 0.999509871006012 0.9996320605278015 
vt 0.9999982118606567 0.9999982714653015 
vt 0.9999982118606567 0.9996320605278015 
vt 0.999509871006012 0.9993878602981567 
vt 0.9999982118606567 0.9993878602981567 
vt 0.999509871006012 0.0006104846252128482 
vt 0.9999982118606567 0.0006104846252128482 
vt 0.9999982118606567 0.0003663146053440869 
vt 0.9990215301513672 0.9993878602981567 
vt 0.9999982118606567 5.96045985901128e-8 
vt 0.999509871006012 5.96045985901128e-8 
vt 0.999509871006012 0.0003663146053440869 
vt 0.9990215301513672 0.0003663146053440869 
vt 0.9990215301513672 0.0006104846252128482 
vt 0.0009766799630597234 0.0006104846252128482 
vt 0.0009766799630597234 0.9993878602981567 
vt 0.9990215301513672 5.96045985901128e-8 
vt 0.0009766799630597234 0.0003663146053440869 
vt 0.0009766799630597234 5.96045985901128e-8 
vt 0.0004883399815298617 5.96045985901128e-8 
vt 0.0004883399815298617 0.0003663146053440869 
vt 0 5.96045985901128e-8 
vt 0 0.0003663146053440869 
vt 0.0004883399815298617 0.0006104846252128482 
vt 0 0.0006104846252128482 
vt 0.0004883399815298617 0.9993878602981567 
vt 0 0.9993878602981567 
vt 0 0.9996320605278015 
vt 0.0004883399815298617 0.9996320605278015 
vt 0 0.9999982714653015 
vt 0.0004883399815298617 0.9999982714653015 
vt 0.0009766799630597234 0.9996320605278015 
vt 0.0009766799630597234 0.9999982714653015 
vt 0.9990215301513672 0.9996320605278015 
vt 0.9990215301513672 0.9999982714653015 
vt 0.999509871006012 0.9999982714653015 
vt 0.999509871006012 0.9996320605278015 
vt 0.9999982118606567 0.9999982714653015 
vt 0.9999982118606567 0.9996320605278015 
vt 0.999509871006012 0.9993878602981567 
vt 0.9999982118606567 0.9993878602981567 
vt 0.999509871006012 0.0006104846252128482 
vt 0.9999982118606567 0.0006104846252128482 
vt 0.9999982118606567 0.0003663146053440869 
vt 0.9990215301513672 0.9993878602981567 
vt 0.9999982118606567 5.96045985901128e-8 
vt 0.999509871006012 5.96045985901128e-8 
vt 0.999509871006012 0.0003663146053440869 
vt 0.9990215301513672 0.0003663146053440869 
vt 0.9990215301513672 0.0006104846252128482 
vt 0.0009766799630597234 0.0006104846252128482 
vt 0.0009766799630597234 0.9993878602981567 
vt 0.9990215301513672 5.96045985901128e-8 
vt 0.0009766799630597234 0.0003663146053440869 
vt 0.0009766799630597234 5.96045985901128e-8 
vt 0.0004883399815298617 5.96045985901128e-8 
vt 0.0004883399815298617 0.0003663146053440869 
vt 0 5.96045985901128e-8 
vt 0 0.0003663146053440869 
vt 0.0004883399815298617 0.0006104846252128482 
vt 0 0.0006104846252128482 
vt 0.0004883399815298617 0.9993878602981567 
vt 0 0.9993878602981567 
vt 0 0.9996320605278015 
vt 0.0004883399815298617 0.9996320605278015 
vt 0 0.9999982714653015 
vt 0.0004883399815298617 0.9999982714653015 
vt 0.0009766799630597234 0.9996320605278015 
vt 0.0009766799630597234 0.9999982714653015 
vt 0.9990215301513672 0.9996320605278015 
vt 0.9990215301513672 0.9999982714653015 
vt 0.999509871006012 0.9999982714653015 
vt 0.999509871006012 0.9996320605278015 
vt 0.9999982118606567 0.9999982714653015 
vt 0.9999982118606567 0.9996320605278015 
vt 0.999509871006012 0.9993878602981567 
vt 0.9999982118606567 0.9993878602981567 
vt 0.999509871006012 0.0006104846252128482 
vt 0.9999982118606567 0.0006104846252128482 
vt 0.9999982118606567 0.0003663146053440869 
vt 0.9990215301513672 0.9993878602981567 
vt 0.9999982118606567 5.96045985901128e-8 
vt 0.999509871006012 5.96045985901128e-8 
vt 0.999509871006012 0.0003663146053440869 
vt 0.9990215301513672 0.0003663146053440869 
vt 0.9990215301513672 0.0006104846252128482 
vt 0.0009766799630597234 0.0006104846252128482 
vt 0.0009766799630597234 0.9993878602981567 
vt 0.9990215301513672 5.96045985901128e-8 
vt 0.0009766799630597234 0.0003663146053440869 
vt 0.0009766799630597234 5.96045985901128e-8 
vt 0.0004883399815298617 5.96045985901128e-8 
vt 0.0004883399815298617 0.0003663146053440869 
vt 0 5.96045985901128e-8 
vt 0 0.0003663146053440869 
vt 0.0004883399815298617 0.0006104846252128482 
vt 0 0.0006104846252128482 
vt 0.0004883399815298617 0.9993878602981567 
vt 0 0.9993878602981567 
vt 0 0.9996320605278015 
vt 0.0004883399815298617 0.9996320605278015 
vt 0 0.9999982714653015 
vt 0.0004883399815298617 0.9999982714653015 
vt 0.0009766799630597234 0.9996320605278015 
vt 0.0009766799630597234 0.9999982714653015 
vt 0.9990215301513672 0.9996320605278015 
vt 0.9990215301513672 0.9999982714653015 
vt 0.999509871006012 0.9999982714653015 
vt 0.999509871006012 0.9996320605278015 
vt 0.9999982118606567 0.9999982714653015 
vt 0.9999982118606567 0.9996320605278015 
vt 0.999509871006012 0.9993878602981567 
vt 0.9999982118606567 0.9993878602981567 
vt 0.999509871006012 0.0006104846252128482 
vt 0.9999982118606567 0.0006104846252128482 
vt 0.9999982118606567 0.0003663146053440869 
vt 0.9990215301513672 0.9993878602981567 
vt 0.9999982118606567 5.96045985901128e-8 
vt 0.999509871006012 5.96045985901128e-8 
vt 0.999509871006012 0.0003663146053440869 
vt 0.9990215301513672 0.0003663146053440869 
vt 0.9990215301513672 0.0006104846252128482 
vt 0.0009766799630597234 0.0006104846252128482 
vt 0.0009766799630597234 0.9993878602981567 
vt 0.9990215301513672 5.96045985901128e-8 
vt 0.0009766799630597234 0.0003663146053440869 
vt 0.0009766799630597234 5.96045985901128e-8 
vt 0.0004883399815298617 5.96045985901128e-8 
vt 0.0004883399815298617 0.0003663146053440869 
vt 0 5.96045985901128e-8 
vt 0 0.0003663146053440869 
vt 0.0004883399815298617 0.0006104846252128482 
vt 0 0.0006104846252128482 
vt 0.0004883399815298617 0.9993878602981567 
vt 0 0.9993878602981567 
vt 0 0.9996320605278015 
vt 0.0004883399815298617 0.9996320605278015 
vt 0 0.9999982714653015 
vt 0.0004883399815298617 0.9999982714653015 
vt 0.0009766799630597234 0.9996320605278015 
vt 0.0009766799630597234 0.9999982714653015 
vt 0.9990215301513672 0.9996320605278015 
vt 0.9990215301513672 0.9999982714653015 
vt 0.999509871006012 0.9999982714653015 
vt 0.999509871006012 0.9996320605278015 
vt 0.9999982118606567 0.9999982714653015 
vt 0.9999982118606567 0.9996320605278015 
vt 0.999509871006012 0.9993878602981567 
vt 0.9999982118606567 0.9993878602981567 
vt 0.999509871006012 0.0006104846252128482 
vt 0.9999982118606567 0.0006104846252128482 
vt 0.9999982118606567 0.0003663146053440869 
vt 0.9990215301513672 0.9993878602981567 
s on 
f 1/1/1 2/2/2 3/3/3 
f 2/2/2 4/4/4 3/3/3 
f 3/3/3 4/4/4 5/5/5 
f 4/4/4 6/6/6 5/5/5 
f 5/5/5 6/6/6 7/7/7 
f 6/6/6 7/7/7 7/7/7 
f 7/7/7 7/7/7 2/2/2 
f 7/7/7 2/2/2 2/2/2 
f 2/2/2 2/2/2 4/4/4 
f 2/2/2 8/8/8 4/4/4 
f 4/4/4 8/8/8 9/9/9 
f 8/8/8 10/10/10 9/9/9 
f 9/9/9 10/10/10 9/9/9 
f 10/10/10 11/11/11 9/9/9 
f 9/9/9 11/11/11 12/12/12 
f 11/11/11 13/13/13 12/12/12 
f 12/12/12 13/13/13 12/12/12 
f 13/13/13 14/14/14 12/12/12 
f 12/12/12 14/14/14 15/15/15 
f 14/14/14 16/16/16 15/15/15 
f 15/15/15 16/16/16 17/17/17 
f 16/16/16 18/18/18 17/17/17 
f 17/17/17 18/18/18 17/17/17 
f 18/18/18 19/19/19 17/17/17 
f 17/17/17 19/19/19 20/20/20 
f 19/19/19 21/21/21 20/20/20 
f 20/20/20 21/21/21 20/20/20 
f 21/21/21 22/22/22 20/20/20 
f 20/20/20 22/22/22 20/20/20 
f 22/22/22 23/23/23 20/20/20 
f 20/20/20 23/23/23 20/20/20 
f 23/23/23 7/7/7 20/20/20 
f 20/20/20 7/7/7 17/17/17 
f 7/7/7 7/7/7 17/17/17 
f 17/17/17 7/7/7 15/15/15 
f 7/7/7 6/6/6 15/15/15 
f 15/15/15 6/6/6 12/12/12 
f 6/6/6 6/6/6 12/12/12 
f 12/12/12 6/6/6 9/9/9 
f 6/6/6 4/4/4 9/9/9 
f 9/9/9 4/4/4 4/4/4 
f 4/4/4 22/22/22 4/4/4 
f 4/4/4 22/22/22 22/22/22 
f 22/22/22 24/24/24 22/22/22 
f 22/22/22 24/24/24 23/23/23 
f 24/24/24 24/24/24 23/23/23 
f 23/23/23 24/24/24 25/25/25 
f 24/24/24 26/26/26 25/25/25 
f 25/25/25 26/26/26 25/25/25 
f 26/26/26 27/27/27 25/25/25 
f 25/25/25 27/27/27 28/28/28 
f 27/27/27 29/29/29 28/28/28 
f 28/28/28 29/29/29 28/28/28 
f 29/29/29 30/30/30 28/28/28 
f 28/28/28 30/30/30 31/31/31 
f 30/30/30 32/32/32 31/31/31 
f 31/31/31 32/32/32 33/33/33 
f 32/32/32 34/34/34 33/33/33 
f 33/33/33 34/34/34 33/33/33 
f 34/34/34 35/35/35 33/33/33 
f 33/33/33 35/35/35 3/3/3 
f 35/35/35 1/1/1 3/3/3 
f 3/3/3 1/1/1 1/1/1 
f 1/1/1 3/3/3 1/1/1 
f 1/1/1 3/3/3 3/3/3 
f 3/3/3 5/5/5 3/3/3 
f 3/3/3 5/5/5 33/33/33 
f 5/5/5 5/5/5 33/33/33 
f 33/33/33 5/5/5 31/31/31 
f 5/5/5 36/36/36 31/31/31 
f 31/31/31 36/36/36 28/28/28 
f 36/36/36 36/36/36 28/28/28 
f 28/28/28 36/36/36 25/25/25 
f 36/36/36 36/36/36 25/25/25 
f 25/25/25 36/36/36 23/23/23 
f 36/36/36 36/36/36 23/23/23 
f 23/23/23 36/36/36 7/7/7 
f 36/36/36 5/5/5 7/7/7 
f 7/7/7 5/5/5 5/5/5 
f 5/5/5 37/37/37 5/5/5 
f 5/5/5 37/37/37 37/37/37 
f 37/37/37 38/38/38 37/37/37 
f 37/37/37 38/38/38 39/39/39 
f 38/38/38 40/40/40 39/39/39 
f 39/39/39 40/40/40 41/41/41 
f 40/40/40 42/42/42 41/41/41 
f 41/41/41 42/42/42 43/43/43 
f 42/42/42 43/43/43 43/43/43 
f 43/43/43 43/43/43 38/38/38 
f 43/43/43 38/38/38 38/38/38 
f 38/38/38 38/38/38 40/40/40 
f 38/38/38 44/44/44 40/40/40 
f 40/40/40 44/44/44 45/45/45 
f 44/44/44 46/46/46 45/45/45 
f 45/45/45 46/46/46 45/45/45 
f 46/46/46 47/47/47 45/45/45 
f 45/45/45 47/47/47 48/48/48 
f 47/47/47 49/49/49 48/48/48 
f 48/48/48 49/49/49 48/48/48 
f 49/49/49 50/50/50 48/48/48 
f 48/48/48 50/50/50 51/51/51 
f 50/50/50 52/52/52 51/51/51 
f 51/51/51 52/52/52 53/53/53 
f 52/52/52 54/54/54 53/53/53 
f 53/53/53 54/54/54 53/53/53 
f 54/54/54 55/55/55 53/53/53 
f 53/53/53 55/55/55 56/56/56 
f 55/55/55 57/57/57 56/56/56 
f 56/56/56 57/57/57 56/56/56 
f 57/57/57 58/58/58 56/56/56 
f 56/56/56 58/58/58 56/56/56 
f 58/58/58 59/59/59 56/56/56 
f 56/56/56 59/59/59 56/56/56 
f 59/59/59 43/43/43 56/56/56 
f 56/56/56 43/43/43 53/53/53 
f 43/43/43 43/43/43 53/53/53 
f 53/53/53 43/43/43 51/51/51 
f 43/43/43 42/42/42 51/51/51 
f 51/51/51 42/42/42 48/48/48 
f 42/42/42 42/42/42 48/48/48 
f 48/48/48 42/42/42 45/45/45 
f 42/42/42 40/40/40 45/45/45 
f 45/45/45 40/40/40 40/40/40 
f 40/40/40 58/58/58 40/40/40 
f 40/40/40 58/58/58 58/58/58 
f 58/58/58 60/60/60 58/58/58 
f 58/58/58 60/60/60 59/59/59 
f 60/60/60 60/60/60 59/59/59 
f 59/59/59 60/60/60 61/61/61 
f 60/60/60 62/62/62 61/61/61 
f 61/61/61 62/62/62 61/61/61 
f 62/62/62 63/63/63 61/61/61 
f 61/61/61 63/63/63 64/64/64 
f 63/63/63 65/65/65 64/64/64 
f 64/64/64 65/65/65 64/64/64 
f 65/65/65 66/66/66 64/64/64 
f 64/64/64 66/66/66 67/67/67 
f 66/66/66 68/68/68 67/67/67 
f 67/67/67 68/68/68 69/69/69 
f 68/68/68 70/70/70 69/69/69 
f 69/69/69 70/70/70 69/69/69 
f 70/70/70 71/71/71 69/69/69 
f 69/69/69 71/71/71 39/39/39 
f 71/71/71 37/37/37 39/39/39 
f 39/39/39 37/37/37 37/37/37 
f 37/37/37 39/39/39 37/37/37 
f 37/37/37 39/39/39 39/39/39 
f 39/39/39 41/41/41 39/39/39 
f 39/39/39 41/41/41 69/69/69 
f 41/41/41 41/41/41 69/69/69 
f 69/69/69 41/41/41 67/67/67 
f 41/41/41 72/72/72 67/67/67 
f 67/67/67 72/72/72 64/64/64 
f 72/72/72 72/72/72 64/64/64 
f 64/64/64 72/72/72 61/61/61 
f 72/72/72 72/72/72 61/61/61 
f 61/61/61 72/72/72 59/59/59 
f 72/72/72 72/72/72 59/59/59 
f 59/59/59 72/72/72 43/43/43 
f 72/72/72 41/41/41 43/43/43 
f 43/43/43 41/41/41 41/41/41 
f 41/41/41 73/73/73 41/41/41 
f 41/41/41 73/73/73 73/73/73 
f 73/73/73 74/74/74 73/73/73 
f 73/73/73 74/74/74 75/75/75 
f 74/74/74 76/76/76 75/75/75 
f 75/75/75 76/76/76 77/77/77 
f 76/76/76 78/78/78 77/77/77 
f 77/77/77 78/78/78 79/79/79 
f 78/78/78 79/79/79 79/79/79 
f 79/79/79 79/79/79 74/74/74 
f 79/79/79 74/74/74 74/74/74 
f 74/74/74 74/74/74 76/76/76 
f 74/74/74 80/80/80 76/76/76 
f 76/76/76 80/80/80 81/81/81 
f 80/80/80 82/82/82 81/81/81 
f 81/81/81 82/82/82 81/81/81 
f 82/82/82 83/83/83 81/81/81 
f 81/81/81 83/83/83 84/84/84 
f 83/83/83 85/85/85 84/84/84 
f 84/84/84 85/85/85 84/84/84 
f 85/85/85 86/86/86 84/84/84 
f 84/84/84 86/86/86 87/87/87 
f 86/86/86 88/88/88 87/87/87 
f 87/87/87 88/88/88 89/89/89 
f 88/88/88 90/90/90 89/89/89 
f 89/89/89 90/90/90 89/89/89 
f 90/90/90 91/91/91 89/89/89 
f 89/89/89 91/91/91 92/92/92 
f 91/91/91 93/93/93 92/92/92 
f 92/92/92 93/93/93 92/92/92 
f 93/93/93 94/94/94 92/92/92 
f 92/92/92 94/94/94 92/92/92 
f 94/94/94 95/95/95 92/92/92 
f 92/92/92 95/95/95 92/92/92 
f 95/95/95 79/79/79 92/92/92 
f 92/92/92 79/79/79 89/89/89 
f 79/79/79 79/79/79 89/89/89 
f 89/89/89 79/79/79 87/87/87 
f 79/79/79 78/78/78 87/87/87 
f 87/87/87 78/78/78 84/84/84 
f 78/78/78 78/78/78 84/84/84 
f 84/84/84 78/78/78 81/81/81 
f 78/78/78 76/76/76 81/81/81 
f 81/81/81 76/76/76 76/76/76 
f 76/76/76 94/94/94 76/76/76 
f 76/76/76 94/94/94 94/94/94 
f 94/94/94 96/96/96 94/94/94 
f 94/94/94 96/96/96 95/95/95 
f 96/96/96 96/96/96 95/95/95 
f 95/95/95 96/96/96 97/97/97 
f 96/96/96 98/98/98 97/97/97 
f 97/97/97 98/98/98 97/97/97 
f 98/98/98 99/99/99 97/97/97 
f 97/97/97 99/99/99 100/100/100 
f 99/99/99 101/101/101 100/100/100 
f 100/100/100 101/101/101 100/100/100 
f 101/101/101 102/102/102 100/100/100 
f 100/100/100 102/102/102 103/103/103 
f 102/102/102 104/104/104 103/103/103 
f 103/103/103 104/104/104 105/105/105 
f 104/104/104 106/106/106 105/105/105 
f 105/105/105 106/106/106 105/105/105 
f 106/106/106 107/107/107 105/105/105 
f 105/105/105 107/107/107 75/75/75 
f 107/107/107 73/73/73 75/75/75 
f 75/75/75 73/73/73 73/73/73 
f 73/73/73 75/75/75 73/73/73 
f 73/73/73 75/75/75 75/75/75 
f 75/75/75 77/77/77 75/75/75 
f 75/75/75 77/77/77 105/105/105 
f 77/77/77 77/77/77 105/105/105 
f 105/105/105 77/77/77 103/103/103 
f 77/77/77 108/108/108 103/103/103 
f 103/103/103 108/108/108 100/100/100 
f 108/108/108 108/108/108 100/100/100 
f 100/100/100 108/108/108 97/97/97 
f 108/108/108 108/108/108 97/97/97 
f 97/97/97 108/108/108 95/95/95 
f 108/108/108 108/108/108 95/95/95 
f 95/95/95 108/108/108 79/79/79 
f 108/108/108 77/77/77 79/79/79 
f 79/79/79 77/77/77 77/77/77 
f 77/77/77 109/109/109 77/77/77 
f 77/77/77 109/109/109 109/109/109 
f 109/109/109 110/110/110 109/109/109 
f 109/109/109 110/110/110 111/111/111 
f 110/110/110 112/112/112 111/111/111 
f 111/111/111 112/112/112 113/113/113 
f 112/112/112 114/114/114 113/113/113 
f 113/113/113 114/114/114 115/115/115 
f 114/114/114 115/115/115 115/115/115 
f 115/115/115 115/115/115 110/110/110 
f 115/115/115 110/110/110 110/110/110 
f 110/110/110 110/110/110 112/112/112 
f 110/110/110 116/116/116 112/112/112 
f 112/112/112 116/116/116 117/117/117 
f 116/116/116 118/118/118 117/117/117 
f 117/117/117 118/118/118 117/117/117 
f 118/118/118 119/119/119 117/117/117 
f 117/117/117 119/119/119 120/120/120 
f 119/119/119 121/121/121 120/120/120 
f 120/120/120 121/121/121 120/120/120 
f 121/121/121 122/122/122 120/120/120 
f 120/120/120 122/122/122 123/123/123 
f 122/122/122 124/124/124 123/123/123 
f 123/123/123 124/124/124 125/125/125 
f 124/124/124 126/126/126 125/125/125 
f 125/125/125 126/126/126 125/125/125 
f 126/126/126 127/127/127 125/125/125 
f 125/125/125 127/127/127 128/128/128 
f 127/127/127 129/129/129 128/128/128 
f 128/128/128 129/129/129 128/128/128 
f 129/129/129 130/130/130 128/128/128 
f 128/128/128 130/130/130 128/128/128 
f 130/130/130 131/131/131 128/128/128 
f 128/128/128 131/131/131 128/128/128 
f 131/131/131 115/115/115 128/128/128 
f 128/128/128 115/115/115 125/125/125 
f 115/115/115 115/115/115 125/125/125 
f 125/125/125 115/115/115 123/123/123 
f 115/115/115 114/114/114 123/123/123 
f 123/123/123 114/114/114 120/120/120 
f 114/114/114 114/114/114 120/120/120 
f 120/120/120 114/114/114 117/117/117 
f 114/114/114 112/112/112 117/117/117 
f 117/117/117 112/112/112 112/112/112 
f 112/112/112 130/130/130 112/112/112 
f 112/112/112 130/130/130 130/130/130 
f 130/130/130 132/132/132 130/130/130 
f 130/130/130 132/132/132 131/131/131 
f 132/132/132 132/132/132 131/131/131 
f 131/131/131 132/132/132 133/133/133 
f 132/132/132 134/134/134 133/133/133 
f 133/133/133 134/134/134 133/133/133 
f 134/134/134 135/135/135 133/133/133 
f 133/133/133 135/135/135 136/136/136 
f 135/135/135 137/137/137 136/136/136 
f 136/136/136 137/137/137 136/136/136 
f 137/137/137 138/138/138 136/136/136 
f 136/136/136 138/138/138 139/139/139 
f 138/138/138 140/140/140 139/139/139 
f 139/139/139 140/140/140 141/141/141 
f 140/140/140 142/142/142 141/141/141 
f 141/141/141 142/142/142 141/141/141 
f 142/142/142 143/143/143 141/141/141 
f 141/141/141 143/143/143 111/111/111 
f 143/143/143 109/109/109 111/111/111 
f 111/111/111 109/109/109 109/109/109 
f 109/109/109 111/111/111 109/109/109 
f 109/109/109 111/111/111 111/111/111 
f 111/111/111 113/113/113 111/111/111 
f 111/111/111 113/113/113 141/141/141 
f 113/113/113 113/113/113 141/141/141 
f 141/141/141 113/113/113 139/139/139 
f 113/113/113 144/144/144 139/139/139 
f 139/139/139 144/144/144 136/136/136 
f 144/144/144 144/144/144 136/136/136 
f 136/136/136 144/144/144 133/133/133 
f 144/144/144 144/144/144 133/133/133 
f 133/133/133 144/144/144 131/131/131 
f 144/144/144 144/144/144 131/131/131 
f 131/131/131 144/144/144 115/115/115 
f 144/144/144 113/113/113 115/115/115 
f 115/115/115 113/113/113 113/113/113 
f 113/113/113 145/145/145 113/113/113 
f 113/113/113 145/145/145 145/145/145 
f 145/145/145 146/146/146 145/145/145 
f 145/145/145 146/146/146 147/147/147 
f 146/146/146 148/148/148 147/147/147 
f 147/147/147 148/148/148 149/149/149 
f 148/148/148 150/150/150 149/149/149 
f 149/149/149 150/150/150 151/151/151 
f 150/150/150 151/151/151 151/151/151 
f 151/151/151 151/151/151 146/146/146 
f 151/151/151 146/146/146 146/146/146 
f 146/146/146 146/146/146 148/148/148 
f 146/146/146 152/152/152 148/148/148 
f 148/148/148 152/152/152 153/153/153 
f 152/152/152 154/154/154 153/153/153 
f 153/153/153 154/154/154 153/153/153 
f 154/154/154 155/155/155 153/153/153 
f 153/153/153 155/155/155 156/156/156 
f 155/155/155 157/157/157 156/156/156 
f 156/156/156 157/157/157 156/156/156 
f 157/157/157 158/158/158 156/156/156 
f 156/156/156 158/158/158 159/159/159 
f 158/158/158 160/160/160 159/159/159 
f 159/159/159 160/160/160 161/161/161 
f 160/160/160 162/162/162 161/161/161 
f 161/161/161 162/162/162 161/161/161 
f 162/162/162 163/163/163 161/161/161 
f 161/161/161 163/163/163 164/164/164 
f 163/163/163 165/165/165 164/164/164 
f 164/164/164 165/165/165 164/164/164 
f 165/165/165 166/166/166 164/164/164 
f 164/164/164 166/166/166 164/164/164 
f 166/166/166 167/167/167 164/164/164 
f 164/164/164 167/167/167 164/164/164 
f 167/167/167 151/151/151 164/164/164 
f 164/164/164 151/151/151 161/161/161 
f 151/151/151 151/151/151 161/161/161 
f 161/161/161 151/151/151 159/159/159 
f 151/151/151 150/150/150 159/159/159 
f 159/159/159 150/150/150 156/156/156 
f 150/150/150 150/150/150 156/156/156 
f 156/156/156 150/150/150 153/153/153 
f 150/150/150 148/148/148 153/153/153 
f 153/153/153 148/148/148 148/148/148 
f 148/148/148 166/166/166 148/148/148 
f 148/148/148 166/166/166 166/166/166 
f 166/166/166 168/168/168 166/166/166 
f 166/166/166 168/168/168 167/167/167 
f 168/168/168 168/168/168 167/167/167 
f 167/167/167 168/168/168 169/169/169 
f 168/168/168 170/170/170 169/169/169 
f 169/169/169 170/170/170 169/169/169 
f 170/170/170 171/171/171 169/169/169 
f 169/169/169 171/171/171 172/172/172 
f 171/171/171 173/173/173 172/172/172 
f 172/172/172 173/173/173 172/172/172 
f 173/173/173 174/174/174 172/172/172 
f 172/172/172 174/174/174 175/175/175 
f 174/174/174 176/176/176 175/175/175 
f 175/175/175 176/176/176 177/177/177 
f 176/176/176 178/178/178 177/177/177 
f 177/177/177 178/178/178 177/177/177 
f 178/178/178 179/179/179 177/177/177 
f 177/177/177 179/179/179 147/147/147 
f 179/179/179 145/145/145 147/147/147 
f 147/147/147 145/145/145 145/145/145 
f 145/145/145 147/147/147 145/145/145 
f 145/145/145 147/147/147 147/147/147 
f 147/147/147 149/149/149 147/147/147 
f 147/147/147 149/149/149 177/177/177 
f 149/149/149 149/149/149 177/177/177 
f 177/177/177 149/149/149 175/175/175 
f 149/149/149 180/180/180 175/175/175 
f 175/175/175 180/180/180 172/172/172 
f 180/180/180 180/180/180 172/172/172 
f 172/172/172 180/180/180 169/169/169 
f 180/180/180 180/180/180 169/169/169 
f 169/169/169 180/180/180 167/167/167 
f 180/180/180 180/180/180 167/167/167 
f 167/167/167 180/180/180 151/151/151 
f 180/180/180 149/149/149 151/151/151 
f 151/151/151 149/149/149 149/149/149 
f 149/149/149 181/181/181 149/149/149 
f 149/149/149 181/181/181 181/181/181 
f 181/181/181 182/182/182 181/181/181 
f 181/181/181 182/182/182 183/183/183 
f 182/182/182 184/184/184 183/183/183 
f 183/183/183 184/184/184 185/185/185 
f 184/184/184 186/186/186 185/185/185 
f 185/185/185 186/186/186 187/187/187 
f 186/186/186 187/187/187 187/187/187 
f 187/187/187 187/187/187 182/182/182 
f 187/187/187 182/182/182 182/182/182 
f 182/182/182 182/182/182 184/184/184 
f 182/182/182 188/188/188 184/184/184 
f 184/184/184 188/188/188 189/189/189 
f 188/188/188 190/190/190 189/189/189 
f 189/189/189 190/190/190 189/189/189 
f 190/190/190 191/191/191 189/189/189 
f 189/189/189 191/191/191 192/192/192 
f 191/191/191 193/193/193 192/192/192 
f 192/192/192 193/193/193 192/192/192 
f 193/193/193 194/194/194 192/192/192 
f 192/192/192 194/194/194 195/195/195 
f 194/194/194 196/196/196 195/195/195 
f 195/195/195 196/196/196 197/197/197 
f 196/196/196 198/198/198 197/197/197 
f 197/197/197 198/198/198 197/197/197 
f 198/198/198 199/199/199 197/197/197 
f 197/197/197 199/199/199 200/200/200 
f 199/199/199 201/201/201 200/200/200 
f 200/200/200 201/201/201 200/200/200 
f 201/201/201 202/202/202 200/200/200 
f 200/200/200 202/202/202 200/200/200 
f 202/202/202 203/203/203 200/200/200 
f 200/200/200 203/203/203 200/200/200 
f 203/203/203 187/187/187 200/200/200 
f 200/200/200 187/187/187 197/197/197 
f 187/187/187 187/187/187 197/197/197 
f 197/197/197 187/187/187 195/195/195 
f 187/187/187 186/186/186 195/195/195 
f 195/195/195 186/186/186 192/192/192 
f 186/186/186 186/186/186 192/192/192 
f 192/192/192 186/186/186 189/189/189 
f 186/186/186 184/184/184 189/189/189 
f 189/189/189 184/184/184 184/184/184 
f 184/184/184 202/202/202 184/184/184 
f 184/184/184 202/202/202 202/202/202 
f 202/202/202 204/204/204 202/202/202 
f 202/202/202 204/204/204 203/203/203 
f 204/204/204 204/204/204 203/203/203 
f 203/203/203 204/204/204 205/205/205 
f 204/204/204 206/206/206 205/205/205 
f 205/205/205 206/206/206 205/205/205 
f 206/206/206 207/207/207 205/205/205 
f 205/205/205 207/207/207 208/208/208 
f 207/207/207 209/209/209 208/208/208 
f 208/208/208 209/209/209 208/208/208 
f 209/209/209 210/210/210 208/208/208 
f 208/208/208 210/210/210 211/211/211 
f 210/210/210 212/212/212 211/211/211 
f 211/211/211 212/212/212 213/213/213 
f 212/212/212 214/214/214 213/213/213 
f 213/213/213 214/214/214 213/213/213 
f 214/214/214 215/215/215 213/213/213 
f 213/213/213 215/215/215 183/183/183 
f 215/215/215 181/181/181 183/183/183 
f 183/183/183 181/181/181 181/181/181 
f 181/181/181 183/183/183 181/181/181 
f 181/181/181 183/183/183 183/183/183 
f 183/183/183 185/185/185 183/183/183 
f 183/183/183 185/185/185 213/213/213 
f 185/185/185 185/185/185 213/213/213 
f 213/213/213 185/185/185 211/211/211 
f 185/185/185 216/216/216 211/211/211 
f 211/211/211 216/216/216 208/208/208 
f 216/216/216 216/216/216 208/208/208 
f 208/208/208 216/216/216 205/205/205 
f 216/216/216 216/216/216 205/205/205 
f 205/205/205 216/216/216 203/203/203 
f 216/216/216 216/216/216 203/203/203 
f 203/203/203 216/216/216 187/187/187 
f 216/216/216 185/185/185 187/187/187 
f 187/187/187 185/185/185 185/185/185 
f 185/185/185 217/217/217 185/185/185 
f 185/185/185 217/217/217 217/217/217 
f 217/217/217 218/218/218 217/217/217 
f 217/217/217 218/218/218 219/219/219 
f 218/218/218 220/220/220 219/219/219 
f 219/219/219 220/220/220 221/221/221 
f 220/220/220 222/222/222 221/221/221 
f 221/221/221 222/222/222 223/223/223 
f 222/222/222 223/223/223 223/223/223 
f 223/223/223 223/223/223 218/218/218 
f 223/223/223 218/218/218 218/218/218 
f 218/218/218 218/218/218 220/220/220 
f 218/218/218 224/224/224 220/220/220 
f 220/220/220 224/224/224 225/225/225 
f 224/224/224 226/226/226 225/225/225 
f 225/225/225 226/226/226 225/225/225 
f 226/226/226 227/227/227 225/225/225 
f 225/225/225 227/227/227 228/228/228 
f 227/227/227 229/229/229 228/228/228 
f 228/228/228 229/229/229 228/228/228 
f 229/229/229 230/230/230 228/228/228 
f 228/228/228 230/230/230 231/231/231 
f 230/230/230 232/232/232 231/231/231 
f 231/231/231 232/232/232 233/233/233 
f 232/232/232 234/234/234 233/233/233 
f 233/233/233 234/234/234 233/233/233 
f 234/234/234 235/235/235 233/233/233 
f 233/233/233 235/235/235 236/236/236 
f 235/235/235 237/237/237 236/236/236 
f 236/236/236 237/237/237 236/236/236 
f 237/237/237 238/238/238 236/236/236 
f 236/236/236 238/238/238 236/236/236 
f 238/238/238 239/239/239 236/236/236 
f 236/236/236 239/239/239 236/236/236 
f 239/239/239 223/223/223 236/236/236 
f 236/236/236 223/223/223 233/233/233 
f 223/223/223 223/223/223 233/233/233 
f 233/233/233 223/223/223 231/231/231 
f 223/223/223 222/222/222 231/231/231 
f 231/231/231 222/222/222 228/228/228 
f 222/222/222 222/222/222 228/228/228 
f 228/228/228 222/222/222 225/225/225 
f 222/222/222 220/220/220 225/225/225 
f 225/225/225 220/220/220 220/220/220 
f 220/220/220 238/238/238 220/220/220 
f 220/220/220 238/238/238 238/238/238 
f 238/238/238 240/240/240 238/238/238 
f 238/238/238 240/240/240 239/239/239 
f 240/240/240 240/240/240 239/239/239 
f 239/239/239 240/240/240 241/241/241 
f 240/240/240 242/242/242 241/241/241 
f 241/241/241 242/242/242 241/241/241 
f 242/242/242 243/243/243 241/241/241 
f 241/241/241 243/243/243 244/244/244 
f 243/243/243 245/245/245 244/244/244 
f 244/244/244 245/245/245 244/244/244 
f 245/245/245 246/246/246 244/244/244 
f 244/244/244 246/246/246 247/247/247 
f 246/246/246 248/248/248 247/247/247 
f 247/247/247 248/248/248 249/249/249 
f 248/248/248 250/250/250 249/249/249 
f 249/249/249 250/250/250 249/249/249 
f 250/250/250 251/251/251 249/249/249 
f 249/249/249 251/251/251 219/219/219 
f 251/251/251 217/217/217 219/219/219 
f 219/219/219 217/217/217 217/217/217 
f 217/217/217 219/219/219 217/217/217 
f 217/217/217 219/219/219 219/219/219 
f 219/219/219 221/221/221 219/219/219 
f 219/219/219 221/221/221 249/249/249 
f 221/221/221 221/221/221 249/249/249 
f 249/249/249 221/221/221 247/247/247 
f 221/221/221 252/252/252 247/247/247 
f 247/247/247 252/252/252 244/244/244 
f 252/252/252 252/252/252 244/244/244 
f 244/244/244 252/252/252 241/241/241 
f 252/252/252 252/252/252 241/241/241 
f 241/241/241 252/252/252 239/239/239 
f 252/252/252 252/252/252 239/239/239 
f 239/239/239 252/252/252 223/223/223 
f 252/252/252 221/221/221 223/223/223 
f 223/223/223 221/221/221 221/221/221 
f 221/221/221 253/253/253 221/221/221 
f 221/221/221 253/253/253 253/253/253 
f 253/253/253 254/254/254 253/253/253 
f 253/253/253 254/254/254 255/255/255 
f 254/254/254 256/256/256 255/255/255 
f 255/255/255 256/256/256 257/257/257 
f 256/256/256 258/258/258 257/257/257 
f 257/257/257 258/258/258 259/259/259 
f 258/258/258 259/259/259 259/259/259 
f 259/259/259 259/259/259 254/254/254 
f 259/259/259 254/254/254 254/254/254 
f 254/254/254 254/254/254 256/256/256 
f 254/254/254 260/260/260 256/256/256 
f 256/256/256 260/260/260 261/261/261 
f 260/260/260 262/262/262 261/261/261 
f 261/261/261 262/262/262 261/261/261 
f 262/262/262 263/263/263 261/261/261 
f 261/261/261 263/263/263 264/264/264 
f 263/263/263 265/265/265 264/264/264 
f 264/264/264 265/265/265 264/264/264 
f 265/265/265 266/266/266 264/264/264 
f 264/264/264 266/266/266 267/267/267 
f 266/266/266 268/268/268 267/267/267 
f 267/267/267 268/268/268 269/269/269 
f 268/268/268 270/270/270 269/269/269 
f 269/269/269 270/270/270 269/269/269 
f 270/270/270 271/271/271 269/269/269 
f 269/269/269 271/271/271 272/272/272 
f 271/271/271 273/273/273 272/272/272 
f 272/272/272 273/273/273 272/272/272 
f 273/273/273 274/274/274 272/272/272 
f 272/272/272 274/274/274 272/272/272 
f 274/274/274 275/275/275 272/272/272 
f 272/272/272 275/275/275 272/272/272 
f 275/275/275 259/259/259 272/272/272 
f 272/272/272 259/259/259 269/269/269 
f 259/259/259 259/259/259 269/269/269 
f 269/269/269 259/259/259 267/267/267 
f 259/259/259 258/258/258 267/267/267 
f 267/267/267 258/258/258 264/264/264 
f 258/258/258 258/258/258 264/264/264 
f 264/264/264 258/258/258 261/261/261 
f 258/258/258 256/256/256 261/261/261 
f 261/261/261 256/256/256 256/256/256 
f 256/256/256 274/274/274 256/256/256 
f 256/256/256 274/274/274 274/274/274 
f 274/274/274 276/276/276 274/274/274 
f 274/274/274 276/276/276 275/275/275 
f 276/276/276 276/276/276 275/275/275 
f 275/275/275 276/276/276 277/277/277 
f 276/276/276 278/278/278 277/277/277 
f 277/277/277 278/278/278 277/277/277 
f 278/278/278 279/279/279 277/277/277 
f 277/277/277 279/279/279 280/280/280 
f 279/279/279 281/281/281 280/280/280 
f 280/280/280 281/281/281 280/280/280 
f 281/281/281 282/282/282 280/280/280 
f 280/280/280 282/282/282 283/283/283 
f 282/282/282 284/284/284 283/283/283 
f 283/283/283 284/284/284 285/285/285 
f 284/284/284 286/286/286 285/285/285 
f 285/285/285 286/286/286 285/285/285 
f 286/286/286 287/287/287 285/285/285 
f 285/285/285 287/287/287 255/255/255 
f 287/287/287 253/253/253 255/255/255 
f 255/255/255 253/253/253 253/253/253 
f 253/253/253 255/255/255 253/253/253 
f 253/253/253 255/255/255 255/255/255 
f 255/255/255 257/257/257 255/255/255 
f 255/255/255 257/257/257 285/285/285 
f 257/257/257 257/257/257 285/285/285 
f 285/285/285 257/257/257 283/283/283 
f 257/257/257 288/288/288 283/283/283 
f 283/283/283 288/288/288 280/280/280 
f 288/288/288 288/288/288 280/280/280 
f 280/280/280 288/288/288 277/277/277 
f 288/288/288 288/288/288 277/277/277 
f 277/277/277 288/288/288 275/275/275 
f 288/288/288 288/288/288 275/275/275 
f 275/275/275 288/288/288 259/259/259 
f 288/288/288 257/257/257 259/259/259 
f 259/259/259 257/257/257 257/257/257 
f 257/257/257 289/289/289 257/257/257 
f 257/257/257 289/289/289 289/289/289 
f 289/289/289 290/290/290 289/289/289 
f 289/289/289 290/290/290 291/291/291 
f 290/290/290 292/292/292 291/291/291 
f 291/291/291 292/292/292 293/293/293 
f 292/292/292 294/294/294 293/293/293 
f 293/293/293 294/294/294 295/295/295 
f 294/294/294 295/295/295 295/295/295 
f 295/295/295 295/295/295 290/290/290 
f 295/295/295 290/290/290 290/290/290 
f 290/290/290 290/290/290 292/292/292 
f 290/290/290 296/296/296 292/292/292 
f 292/292/292 296/296/296 297/297/297 
f 296/296/296 298/298/298 297/297/297 
f 297/297/297 298/298/298 297/297/297 
f 298/298/298 299/299/299 297/297/297 
f 297/297/297 299/299/299 300/300/300 
f 299/299/299 301/301/301 300/300/300 
f 300/300/300 301/301/301 300/300/300 
f 301/301/301 302/302/302 300/300/300 
f 300/300/300 302/302/302 303/303/303 
f 302/302/302 304/304/304 303/303/303 
f 303/303/303 304/304/304 305/305/305 
f 304/304/304 306/306/306 305/305/305 
f 305/305/305 306/306/306 305/305/305 
f 306/306/306 307/307/307 305/305/305 
f 305/305/305 307/307/307 308/308/308 
f 307/307/307 309/309/309 308/308/308 
f 308/308/308 309/309/309 308/308/308 
f 309/309/309 310/310/310 308/308/308 
f 308/308/308 310/310/310 308/308/308 
f 310/310/310 311/311/311 308/308/308 
f 308/308/308 311/311/311 308/308/308 
f 311/311/311 295/295/295 308/308/308 
f 308/308/308 295/295/295 305/305/305 
f 295/295/295 295/295/295 305/305/305 
f 305/305/305 295/295/295 303/303/303 
f 295/295/295 294/294/294 303/303/303 
f 303/303/303 294/294/294 300/300/300 
f 294/294/294 294/294/294 300/300/300 
f 300/300/300 294/294/294 297/297/297 
f 294/294/294 292/292/292 297/297/297 
f 297/297/297 292/292/292 292/292/292 
f 292/292/292 310/310/310 292/292/292 
f 292/292/292 310/310/310 310/310/310 
f 310/310/310 312/312/312 310/310/310 
f 310/310/310 312/312/312 311/311/311 
f 312/312/312 312/312/312 311/311/311 
f 311/311/311 312/312/312 313/313/313 
f 312/312/312 314/314/314 313/313/313 
f 313/313/313 314/314/314 313/313/313 
f 314/314/314 315/315/315 313/313/313 
f 313/313/313 315/315/315 316/316/316 
f 315/315/315 317/317/317 316/316/316 
f 316/316/316 317/317/317 316/316/316 
f 317/317/317 318/318/318 316/316/316 
f 316/316/316 318/318/318 319/319/319 
f 318/318/318 320/320/320 319/319/319 
f 319/319/319 320/320/320 321/321/321 
f 320/320/320 322/322/322 321/321/321 
f 321/321/321 322/322/322 321/321/321 
f 322/322/322 323/323/323 321/321/321 
f 321/321/321 323/323/323 291/291/291 
f 323/323/323 289/289/289 291/291/291 
f 291/291/291 289/289/289 289/289/289 
f 289/289/289 291/291/291 289/289/289 
f 289/289/289 291/291/291 291/291/291 
f 291/291/291 293/293/293 291/291/291 
f 291/291/291 293/293/293 321/321/321 
f 293/293/293 293/293/293 321/321/321 
f 321/321/321 293/293/293 319/319/319 
f 293/293/293 324/324/324 319/319/319 
f 319/319/319 324/324/324 316/316/316 
f 324/324/324 324/324/324 316/316/316 
f 316/316/316 324/324/324 313/313/313 
f 324/324/324 324/324/324 313/313/313 
f 313/313/313 324/324/324 311/311/311 
f 324/324/324 324/324/324 311/311/311 
f 311/311/311 324/324/324 295/295/295 
f 324/324/324 293/293/293 295/295/295 
f 295/295/295 293/293/293 293/293/293 
f 293/293/293 325/325/325 293/293/293 
f 293/293/293 325/325/325 325/325/325 
f 325/325/325 326/326/326 325/325/325 
f 325/325/325 326/326/326 327/327/327 
f 326/326/326 328/328/328 327/327/327 
f 327/327/327 328/328/328 329/329/329 
f 328/328/328 330/330/330 329/329/329 
f 329/329/329 330/330/330 331/331/331 
f 330/330/330 331/331/331 331/331/331 
f 331/331/331 331/331/331 326/326/326 
f 331/331/331 326/326/326 326/326/326 
f 326/326/326 326/326/326 328/328/328 
f 326/326/326 332/332/332 328/328/328 
f 328/328/328 332/332/332 333/333/333 
f 332/332/332 334/334/334 333/333/333 
f 333/333/333 334/334/334 333/333/333 
f 334/334/334 335/335/335 333/333/333 
f 333/333/333 335/335/335 336/336/336 
f 335/335/335 337/337/337 336/336/336 
f 336/336/336 337/337/337 336/336/336 
f 337/337/337 338/338/338 336/336/336 
f 336/336/336 338/338/338 339/339/339 
f 338/338/338 340/340/340 339/339/339 
f 339/339/339 340/340/340 341/341/341 
f 340/340/340 342/342/342 341/341/341 
f 341/341/341 342/342/342 341/341/341 
f 342/342/342 343/343/343 341/341/341 
f 341/341/341 343/343/343 344/344/344 
f 343/343/343 345/345/345 344/344/344 
f 344/344/344 345/345/345 344/344/344 
f 345/345/345 346/346/346 344/344/344 
f 344/344/344 346/346/346 344/344/344 
f 346/346/346 347/347/347 344/344/344 
f 344/344/344 347/347/347 344/344/344 
f 347/347/347 331/331/331 344/344/344 
f 344/344/344 331/331/331 341/341/341 
f 331/331/331 331/331/331 341/341/341 
f 341/341/341 331/331/331 339/339/339 
f 331/331/331 330/330/330 339/339/339 
f 339/339/339 330/330/330 336/336/336 
f 330/330/330 330/330/330 336/336/336 
f 336/336/336 330/330/330 333/333/333 
f 330/330/330 328/328/328 333/333/333 
f 333/333/333 328/328/328 328/328/328 
f 328/328/328 346/346/346 328/328/328 
f 328/328/328 346/346/346 346/346/346 
f 346/346/346 348/348/348 346/346/346 
f 346/346/346 348/348/348 347/347/347 
f 348/348/348 348/348/348 347/347/347 
f 347/347/347 348/348/348 349/349/349 
f 348/348/348 350/350/350 349/349/349 
f 349/349/349 350/350/350 349/349/349 
f 350/350/350 351/351/351 349/349/349 
f 349/349/349 351/351/351 352/352/352 
f 351/351/351 353/353/353 352/352/352 
f 352/352/352 353/353/353 352/352/352 
f 353/353/353 354/354/354 352/352/352 
f 352/352/352 354/354/354 355/355/355 
f 354/354/354 356/356/356 355/355/355 
f 355/355/355 356/356/356 357/357/357 
f 356/356/356 358/358/358 357/357/357 
f 357/357/357 358/358/358 357/357/357 
f 358/358/358 359/359/359 357/357/357 
f 357/357/357 359/359/359 327/327/327 
f 359/359/359 325/325/325 327/327/327 
f 327/327/327 325/325/325 325/325/325 
f 325/325/325 327/327/327 325/325/325 
f 325/325/325 327/327/327 327/327/327 
f 327/327/327 329/329/329 327/327/327 
f 327/327/327 329/329/329 357/357/357 
f 329/329/329 329/329/329 357/357/357 
f 357/357/357 329/329/329 355/355/355 
f 329/329/329 360/360/360 355/355/355 
f 355/355/355 360/360/360 352/352/352 
f 360/360/360 360/360/360 352/352/352 
f 352/352/352 360/360/360 349/349/349 
f 360/360/360 360/360/360 349/349/349 
f 349/349/349 360/360/360 347/347/347 
f 360/360/360 360/360/360 347/347/347 
f 347/347/347 360/360/360 331/331/331 
f 360/360/360 329/329/329 331/331/331 
f 331/331/331 329/329/329 329/329/329 
f 329/329/329 361/361/361 329/329/329 
f 329/329/329 361/361/361 361/361/361 
f 361/361/361 362/362/362 361/361/361 
f 361/361/361 362/362/362 363/363/363 
f 362/362/362 364/364/364 363/363/363 
f 363/363/363 364/364/364 365/365/365 
f 364/364/364 366/366/366 365/365/365 
f 365/365/365 366/366/366 367/367/367 
f 366/366/366 367/367/367 367/367/367 
f 367/367/367 367/367/367 362/362/362 
f 367/367/367 362/362/362 362/362/362 
f 362/362/362 362/362/362 364/364/364 
f 362/362/362 368/368/368 364/364/364 
f 364/364/364 368/368/368 369/369/369 
f 368/368/368 370/370/370 369/369/369 
f 369/369/369 370/370/370 369/369/369 
f 370/370/370 371/371/371 369/369/369 
f 369/369/369 371/371/371 372/372/372 
f 371/371/371 373/373/373 372/372/372 
f 372/372/372 373/373/373 372/372/372 
f 373/373/373 374/374/374 372/372/372 
f 372/372/372 374/374/374 375/375/375 
f 374/374/374 376/376/376 375/375/375 
f 375/375/375 376/376/376 377/377/377 
f 376/376/376 378/378/378 377/377/377 
f 377/377/377 378/378/378 377/377/377 
f 378/378/378 379/379/379 377/377/377 
f 377/377/377 379/379/379 380/380/380 
f 379/379/379 381/381/381 380/380/380 
f 380/380/380 381/381/381 380/380/380 
f 381/381/381 382/382/382 380/380/380 
f 380/380/380 382/382/382 380/380/380 
f 382/382/382 383/383/383 380/380/380 
f 380/380/380 383/383/383 380/380/380 
f 383/383/383 367/367/367 380/380/380 
f 380/380/380 367/367/367 377/377/377 
f 367/367/367 367/367/367 377/377/377 
f 377/377/377 367/367/367 375/375/375 
f 367/367/367 366/366/366 375/375/375 
f 375/375/375 366/366/366 372/372/372 
f 366/366/366 366/366/366 372/372/372 
f 372/372/372 366/366/366 369/369/369 
f 366/366/366 364/364/364 369/369/369 
f 369/369/369 364/364/364 364/364/364 
f 364/364/364 382/382/382 364/364/364 
f 364/364/364 382/382/382 382/382/382 
f 382/382/382 384/384/384 382/382/382 
f 382/382/382 384/384/384 383/383/383 
f 384/384/384 384/384/384 383/383/383 
f 383/383/383 384/384/384 385/385/385 
f 384/384/384 386/386/386 385/385/385 
f 385/385/385 386/386/386 385/385/385 
f 386/386/386 387/387/387 385/385/385 
f 385/385/385 387/387/387 388/388/388 
f 387/387/387 389/389/389 388/388/388 
f 388/388/388 389/389/389 388/388/388 
f 389/389/389 390/390/390 388/388/388 
f 388/388/388 390/390/390 391/391/391 
f 390/390/390 392/392/392 391/391/391 
f 391/391/391 392/392/392 393/393/393 
f 392/392/392 394/394/394 393/393/393 
f 393/393/393 394/394/394 393/393/393 
f 394/394/394 395/395/395 393/393/393 
f 393/393/393 395/395/395 363/363/363 
f 395/395/395 361/361/361 363/363/363 
f 363/363/363 361/361/361 361/361/361 
f 361/361/361 363/363/363 361/361/361 
f 361/361/361 363/363/363 363/363/363 
f 363/363/363 365/365/365 363/363/363 
f 363/363/363 365/365/365 393/393/393 
f 365/365/365 365/365/365 393/393/393 
f 393/393/393 365/365/365 391/391/391 
f 365/365/365 396/396/396 391/391/391 
f 391/391/391 396/396/396 388/388/388 
f 396/396/396 396/396/396 388/388/388 
f 388/388/388 396/396/396 385/385/385 
f 396/396/396 396/396/396 385/385/385 
f 385/385/385 396/396/396 383/383/383 
f 396/396/396 396/396/396 383/383/383 
f 383/383/383 396/396/396 367/367/367 
f 396/396/396 365/365/365 367/367/367 
f 367/367/367 365/365/365 365/365/365 
f 365/365/365 397/397/397 365/365/365 
f 365/365/365 397/397/397 397/397/397 
f 397/397/397 398/398/398 397/397/397 
f 397/397/397 398/398/398 399/399/399 
f 398/398/398 400/400/400 399/399/399 
f 399/399/399 400/400/400 401/401/401 
f 400/400/400 402/402/402 401/401/401 
f 401/401/401 402/402/402 403/403/403 
f 402/402/402 403/403/403 403/403/403 
f 403/403/403 403/403/403 398/398/398 
f 403/403/403 398/398/398 398/398/398 
f 398/398/398 398/398/398 400/400/400 
f 398/398/398 404/404/404 400/400/400 
f 400/400/400 404/404/404 405/405/405 
f 404/404/404 406/406/406 405/405/405 
f 405/405/405 406/406/406 405/405/405 
f 406/406/406 407/407/407 405/405/405 
f 405/405/405 407/407/407 408/408/408 
f 407/407/407 409/409/409 408/408/408 
f 408/408/408 409/409/409 408/408/408 
f 409/409/409 410/410/410 408/408/408 
f 408/408/408 410/410/410 411/411/411 
f 410/410/410 412/412/412 411/411/411 
f 411/411/411 412/412/412 413/413/413 
f 412/412/412 414/414/414 413/413/413 
f 413/413/413 414/414/414 413/413/413 
f 414/414/414 415/415/415 413/413/413 
f 413/413/413 415/415/415 416/416/416 
f 415/415/415 417/417/417 416/416/416 
f 416/416/416 417/417/417 416/416/416 
f 417/417/417 418/418/418 416/416/416 
f 416/416/416 418/418/418 416/416/416 
f 418/418/418 419/419/419 416/416/416 
f 416/416/416 419/419/419 416/416/416 
f 419/419/419 403/403/403 416/416/416 
f 416/416/416 403/403/403 413/413/413 
f 403/403/403 403/403/403 413/413/413 
f 413/413/413 403/403/403 411/411/411 
f 403/403/403 402/402/402 411/411/411 
f 411/411/411 402/402/402 408/408/408 
f 402/402/402 402/402/402 408/408/408 
f 408/408/408 402/402/402 405/405/405 
f 402/402/402 400/400/400 405/405/405 
f 405/405/405 400/400/400 400/400/400 
f 400/400/400 418/418/418 400/400/400 
f 400/400/400 418/418/418 418/418/418 
f 418/418/418 420/420/420 418/418/418 
f 418/418/418 420/420/420 419/419/419 
f 420/420/420 420/420/420 419/419/419 
f 419/419/419 420/420/420 421/421/421 
f 420/420/420 422/422/422 421/421/421 
f 421/421/421 422/422/422 421/421/421 
f 422/422/422 423/423/423 421/421/421 
f 421/421/421 423/423/423 424/424/424 
f 423/423/423 425/425/425 424/424/424 
f 424/424/424 425/425/425 424/424/424 
f 425/425/425 426/426/426 424/424/424 
f 424/424/424 426/426/426 427/427/427 
f 426/426/426 428/428/428 427/427/427 
f 427/427/427 428/428/428 429/429/429 
f 428/428/428 430/430/430 429/429/429 
f 429/429/429 430/430/430 429/429/429 
f 430/430/430 431/431/431 429/429/429 
f 429/429/429 431/431/431 399/399/399 
f 431/431/431 397/397/397 399/399/399 
f 399/399/399 397/397/397 397/397/397 
f 397/397/397 399/399/399 397/397/397 
f 397/397/397 399/399/399 399/399/399 
f 399/399/399 401/401/401 399/399/399 
f 399/399/399 401/401/401 429/429/429 
f 401/401/401 401/401/401 429/429/429 
f 429/429/429 401/401/401 427/427/427 
f 401/401/401 432/432/432 427/427/427 
f 427/427/427 432/432/432 424/424/424 
f 432/432/432 432/432/432 424/424/424 
f 424/424/424 432/432/432 421/421/421 
f 432/432/432 432/432/432 421/421/421 
f 421/421/421 432/432/432 419/419/419 
f 432/432/432 432/432/432 419/419/419 
f 419/419/419 432/432/432 403/403/403 
f 432/432/432 401/401/401 403/403/403 

