# Blender 4.4.0
# www.blender.org
mtllib inverter.mtl
o Meshy_AI__0722061656_texture
v 0.657895 0.051974 -0.090267
v 0.644737 0.051974 -0.090267
v 0.657895 -0.066447 -0.090267
v 0.644737 -0.066447 -0.090267
v 0.644737 -0.053289 -0.090267
v 0.644737 -0.053289 0.014996
v 0.653368 -0.053289 0.014996
v 0.657895 -0.053289 0.012553
v 0.657895 0.065132 0.078154
v 0.644737 0.065132 0.078154
v 0.653368 0.051974 0.078154
v 0.653368 -0.055354 0.014996
v 0.660526 -0.053780 0.012270
v 0.660526 0.059818 0.083933
v 0.986842 -0.066447 -0.090267
v 0.986842 -0.053289 -0.090267
v 1.000000 -0.053289 -0.090267
v 1.000000 -0.066447 -0.090267
v 1.000000 0.065132 -0.090267
v 1.000000 0.051974 -0.090267
v 0.986842 0.051974 -0.090267
v 0.986842 0.065132 -0.090267
v 1.000000 0.065132 0.078154
v 1.000000 0.051974 0.078154
v 0.986842 0.065132 0.078154
v 0.986842 -0.066447 0.014996
v 0.986842 -0.053289 0.014996
v 1.000000 -0.066447 0.014996
v 0.990210 0.051974 0.078154
v 0.990210 0.060334 0.078154
v 0.997369 0.060334 0.078154
v 0.997369 0.051974 0.078154
v 0.986842 0.051974 0.078154
v 0.997369 0.062449 0.079375
v 0.997369 0.059818 0.083933
v 0.997369 -0.056412 0.016828
v 0.997369 -0.055354 0.014996
v 0.997369 -0.053289 0.014996
v 0.997369 -0.053289 0.012553
v 0.997369 0.051974 0.073327
v 0.990210 -0.055354 0.014996
v 0.990210 -0.056412 0.016828
v 0.990210 -0.053289 0.014996
v 0.990210 -0.053289 0.012553
v 1.000000 -0.053289 0.014996
v 0.990210 0.051974 0.073327
v 0.990210 0.062449 0.079375
v 0.990210 0.059818 0.083933
v 0.660526 0.059868 0.083562
v 0.660526 0.059868 0.079206
v 0.660526 0.066447 0.079206
v 0.660526 0.066447 0.085785
v 0.660526 0.062492 0.085785
v 0.660526 0.059904 0.090267
v 0.660526 0.022916 0.062227
v 0.594973 0.062492 0.085785
v 0.594973 0.059904 0.090267
v 0.594973 0.059868 0.083562
v 0.594973 0.059868 0.085785
v 0.328529 0.059868 0.085785
v 0.328529 0.059868 0.079206
v 0.494528 0.059868 0.079206
v 0.328529 0.066447 0.079206
v 0.328529 0.066447 0.085785
v 0.494528 0.066447 0.079206
v 0.494528 0.066447 0.085785
v 0.594973 0.022916 0.062227
v 0.989868 -0.020458 0.043602
v 0.924315 0.022319 0.061615
v 0.989868 0.022319 0.061615
v 0.989826 -0.061437 0.019684
v 0.924273 -0.061437 0.019684
v 0.924273 -0.021554 0.042710
v 0.657477 -0.059868 0.008154
v 0.657477 -0.066447 0.008154
v 0.657477 -0.066447 0.014733
v 0.657477 -0.059868 0.014733
v 0.986842 -0.066447 0.008154
v 0.986842 -0.059868 0.008154
v 0.986842 -0.059868 0.014733
v 0.986842 -0.066447 0.014733
v 0.822159 -0.066447 0.008154
v 0.822159 -0.066447 0.014733
v 0.822159 -0.059868 0.008154
v 0.822159 -0.059868 0.014733
v 0.858131 0.022916 0.062227
v 0.923684 0.022916 0.062227
v 0.923684 0.020022 0.067241
v 0.858131 0.020022 0.067241
v 0.858131 0.062799 0.085254
v 0.858131 0.059904 0.090267
v 0.923684 0.062799 0.085254
v 0.923684 0.059904 0.090267
v 0.858526 -0.017563 0.038588
v 0.924079 -0.017563 0.038588
v 0.924079 -0.020458 0.043602
v 0.858526 -0.020458 0.043602
v 0.858526 0.022319 0.061615
v 0.858526 0.019425 0.066629
v 0.924079 0.022319 0.061615
v 0.924079 0.019425 0.066629
v 0.858484 -0.058542 0.014670
v 0.924037 -0.058542 0.014670
v 0.924037 -0.061437 0.019684
v 0.858484 -0.061437 0.019684
v 0.858484 -0.018659 0.037696
v 0.858484 -0.021554 0.042710
v 0.924037 -0.018659 0.037696
v 0.924037 -0.021554 0.042710
v 0.857895 0.022916 0.062227
v 0.857895 0.020022 0.067241
v 0.792736 -0.017563 0.038588
v 0.858289 -0.017563 0.038588
v 0.858289 -0.020458 0.043602
v 0.858289 0.022319 0.061615
v 0.858289 0.019425 0.066629
v 0.792694 -0.058542 0.014670
v 0.792694 -0.061437 0.019684
v 0.792694 -0.018659 0.037696
v 0.792694 -0.021554 0.042710
v 0.792105 0.022916 0.062227
v 0.726552 0.062799 0.085254
v 0.726552 0.059904 0.090267
v 0.792105 0.059904 0.090267
v 0.792500 -0.017563 0.038588
v 0.726905 -0.058542 0.014670
v 0.792458 -0.058542 0.014670
v 0.792458 -0.061437 0.019684
v 0.726905 -0.021554 0.042710
v 0.792458 -0.018659 0.037696
v 0.726316 0.020022 0.067241
v 0.660763 0.062799 0.085254
v 0.726316 0.062799 0.085254
v 0.726710 -0.017563 0.038588
v 0.661157 0.019425 0.066629
v 0.726710 0.022319 0.061615
v 0.726710 0.019425 0.066629
v 0.661115 -0.058542 0.014670
v 0.726668 -0.061437 0.019684
v 0.661115 -0.061437 0.019684
v 0.661115 -0.018659 0.037696
v 0.661115 -0.021554 0.042710
v 0.726668 -0.018659 0.037696
v 0.726668 -0.021554 0.042710
v 0.989474 0.066447 0.079206
v 0.989474 0.066447 0.085785
v 0.989474 0.059904 0.090267
v 0.923921 0.062492 0.085785
v 0.923921 0.059868 0.083562
v 0.923921 0.059868 0.085785
v 0.823475 0.066447 0.079206
v 0.923921 0.022916 0.062227
v 0.924315 -0.017563 0.038588
v 0.989868 -0.017563 0.038588
v 0.924315 -0.020458 0.043602
v 0.924315 0.019425 0.066629
v 0.989868 0.019425 0.066629
v 0.924273 -0.058542 0.014670
v 0.989826 -0.058542 0.014670
v 0.924273 -0.018659 0.037696
v 0.989826 -0.018659 0.037696
v 0.989826 -0.021554 0.042710
v 0.595326 -0.058542 0.014670
v 0.660879 -0.061437 0.019684
v 0.595326 -0.021554 0.042710
v 0.660879 -0.021554 0.042710
v 0.660921 -0.020458 0.043602
v 0.595368 0.022319 0.061615
v 0.595368 0.019425 0.066629
v 0.660921 0.019425 0.066629
v 0.858247 -0.058542 0.014670
v 0.858247 -0.061437 0.019684
v 0.858247 -0.018659 0.037696
v 0.858247 -0.021554 0.042710
v 0.726905 -0.061437 0.019684
v 0.726905 -0.018659 0.037696
v 0.792458 -0.021554 0.042710
v 0.726947 -0.017563 0.038588
v 0.792500 -0.020458 0.043602
v 0.726947 -0.020458 0.043602
v 0.726947 0.022319 0.061615
v 0.726947 0.019425 0.066629
v 0.792500 0.022319 0.061615
v 0.792500 0.019425 0.066629
v 0.726668 -0.058542 0.014670
v 0.657895 0.065132 -0.090267
v 0.644737 0.065132 -0.090267
v 0.657895 -0.053289 -0.090267
v 0.653368 -0.053289 0.012553
v 0.644737 -0.066447 0.014996
v 0.657895 0.060334 0.078154
v 0.657895 0.051974 0.073327
v 0.653368 0.060334 0.078154
v 0.644737 0.051974 0.078154
v 0.653368 0.051974 0.073327
v 0.653368 -0.056412 0.016828
v 0.653368 0.059818 0.083933
v 0.653368 0.062449 0.079375
v 0.657895 -0.055354 0.014996
v 0.657895 -0.053780 0.012270
v 0.660526 -0.056412 0.016828
v 0.657895 -0.066447 0.014996
v 0.660526 0.062449 0.079375
v 0.661157 -0.017563 0.038588
v 0.726710 -0.020458 0.043602
v 0.661157 -0.020458 0.043602
v 0.661157 0.022319 0.061615
v 0.792736 -0.020458 0.043602
v 0.792736 0.022319 0.061615
v 0.792736 0.019425 0.066629
v 0.660526 0.020022 0.067241
v 0.594973 0.020022 0.067241
v 0.792342 0.022916 0.062227
v 0.792342 0.020022 0.067241
v 0.792342 0.062799 0.085254
v 0.792342 0.059904 0.090267
v 0.857895 0.062799 0.085254
v 0.857895 0.059904 0.090267
v 0.726552 0.022916 0.062227
v 0.792105 0.020022 0.067241
v 0.726552 0.020022 0.067241
v 0.792105 0.062799 0.085254
v 0.660763 0.022916 0.062227
v 0.726316 0.022916 0.062227
v 0.660763 0.020022 0.067241
v 0.660763 0.059904 0.090267
v 0.726316 0.059904 0.090267
v 0.595368 -0.017563 0.038588
v 0.660921 -0.017563 0.038588
v 0.595368 -0.020458 0.043602
v 0.660921 0.022319 0.061615
v 0.594973 0.062799 0.085254
v 0.660526 0.062799 0.085254
v 0.660879 -0.058542 0.014670
v 0.595326 -0.061437 0.019684
v 0.595326 -0.018659 0.037696
v 0.660879 -0.018659 0.037696
v 0.595131 -0.020458 0.043602
v 0.595131 0.022319 0.061615
v 0.594737 0.020022 0.067241
v 0.529184 0.059904 0.090267
v 0.594737 0.059904 0.090267
v 0.595089 -0.061437 0.019684
v 0.595131 -0.017563 0.038588
v 0.529578 0.019425 0.066629
v 0.594737 0.022916 0.062227
v 0.529184 0.020022 0.067241
v 0.529536 -0.058542 0.014670
v 0.529536 -0.018659 0.037696
v 0.595089 -0.018659 0.037696
v 0.529578 -0.017563 0.038588
v 0.529578 -0.020458 0.043602
v 0.529578 0.022319 0.061615
v 0.595131 0.019425 0.066629
v 0.529184 0.022916 0.062227
v 0.529184 0.062799 0.085254
v 0.594737 0.062799 0.085254
v 0.595089 -0.058542 0.014670
v 0.529536 -0.061437 0.019684
v 0.529536 -0.021554 0.042710
v 0.595089 -0.021554 0.042710
v 0.463394 0.020022 0.067241
v 0.528947 0.062799 0.085254
v 0.528947 0.022916 0.062227
v 0.463394 0.062799 0.085254
v 0.528947 0.059904 0.090267
v 0.463394 0.022916 0.062227
v 0.528947 0.020022 0.067241
v 0.463394 0.059904 0.090267
v 0.463747 -0.058542 0.014670
v 0.529300 -0.061437 0.019684
v 0.463747 -0.021554 0.042710
v 0.529342 -0.017563 0.038588
v 0.463789 0.019425 0.066629
v 0.529342 0.022319 0.061615
v 0.463747 -0.018659 0.037696
v 0.529300 -0.018659 0.037696
v 0.529300 -0.021554 0.042710
v 0.463789 -0.017563 0.038588
v 0.463789 0.022319 0.061615
v 0.529342 0.019425 0.066629
v 0.529342 -0.020458 0.043602
v 0.463789 -0.020458 0.043602
v 0.529300 -0.058542 0.014670
v 0.463747 -0.061437 0.019684
v 0.463158 0.020022 0.067241
v 0.397605 0.020022 0.067241
v 0.463158 0.059904 0.090267
v 0.397605 0.059904 0.090267
v 0.463158 0.062799 0.085254
v 0.397605 0.022916 0.062227
v 0.463158 0.022916 0.062227
v 0.397605 0.062799 0.085254
v 0.397999 -0.017563 0.038588
v 0.463552 -0.017563 0.038588
v 0.397999 0.022319 0.061615
v 0.463552 0.022319 0.061615
v 0.397999 0.019425 0.066629
v 0.463552 -0.020458 0.043602
v 0.397999 -0.020458 0.043602
v 0.463552 0.019425 0.066629
v 0.397957 -0.058542 0.014670
v 0.463510 -0.061437 0.019684
v 0.397957 -0.061437 0.019684
v 0.397957 -0.021554 0.042710
v 0.463510 -0.021554 0.042710
v 0.463510 -0.058542 0.014670
v 0.397957 -0.018659 0.037696
v 0.463510 -0.018659 0.037696
v 0.331815 0.022916 0.062227
v 0.397368 0.022916 0.062227
v 0.331815 0.020022 0.067241
v 0.332210 0.022319 0.061615
v 0.397763 0.019425 0.066629
v 0.332210 -0.017563 0.038588
v 0.397763 0.022319 0.061615
v 0.397721 -0.061437 0.019684
v 0.332168 -0.061437 0.019684
v 0.332168 -0.018659 0.037696
v 0.397721 -0.018659 0.037696
v 0.397721 -0.021554 0.042710
v 0.332168 -0.021554 0.042710
v 0.328947 0.065132 -0.090267
v 0.328947 0.051974 -0.090267
v 0.315789 0.051974 -0.090267
v 0.315789 0.065132 -0.090267
v 0.328947 -0.053289 -0.090267
v 0.328947 -0.066447 -0.090267
v 0.315789 -0.066447 -0.090267
v 0.315789 -0.053289 -0.090267
v 0.315789 -0.053289 0.014996
v 0.324421 -0.053289 0.014996
v 0.324421 -0.053289 0.012553
v 0.328947 -0.053289 0.012553
v 0.315789 -0.066447 0.014996
v 0.328947 0.065132 0.078154
v 0.328947 0.060334 0.078154
v 0.328947 0.051974 0.073327
v 0.315789 0.065132 0.078154
v 0.324421 0.051974 0.078154
v 0.324421 0.060334 0.078154
v 0.315789 0.051974 0.078154
v 0.324421 0.051974 0.073327
v 0.324421 -0.055354 0.014996
v 0.324421 -0.056412 0.016828
v 0.324421 0.059818 0.083933
v 0.324421 0.062449 0.079375
v 0.328947 -0.055354 0.014996
v 0.328947 -0.053780 0.012270
v 0.331579 -0.053780 0.012270
v 0.331579 -0.056412 0.016828
v 0.328947 -0.066447 0.014996
v 0.331579 0.062449 0.079375
v 0.331579 0.059818 0.083933
v 0.328529 -0.059868 0.008154
v 0.328529 -0.066447 0.008154
v 0.328529 -0.066447 0.014733
v 0.328529 -0.059868 0.014733
v 0.657895 -0.066447 0.008154
v 0.657895 -0.059868 0.008154
v 0.657895 -0.059868 0.014733
v 0.657895 -0.066447 0.014733
v 0.493212 -0.066447 0.008154
v 0.493212 -0.066447 0.014733
v 0.493212 -0.059868 0.008154
v 0.493212 -0.059868 0.014733
v 0.989474 0.059868 0.083562
v 0.989474 0.059868 0.079206
v 0.989474 0.062492 0.085785
v 0.989474 0.020022 0.067241
v 0.989474 0.022916 0.062227
v 0.923921 0.059904 0.090267
v 0.657477 0.059868 0.085785
v 0.657477 0.059868 0.079206
v 0.823475 0.059868 0.079206
v 0.657477 0.066447 0.079206
v 0.657477 0.066447 0.085785
v 0.823475 0.066447 0.085785
v 0.923921 0.020022 0.067241
v 0.397763 -0.017563 0.038588
v 0.397763 -0.020458 0.043602
v 0.332210 -0.020458 0.043602
v 0.332210 0.019425 0.066629
v 0.397368 0.020022 0.067241
v 0.331815 0.062799 0.085254
v 0.331815 0.059904 0.090267
v 0.397368 0.062799 0.085254
v 0.397368 0.059904 0.090267
v 0.332168 -0.058542 0.014670
v 0.397721 -0.058542 0.014670
v 0.266420 -0.017563 0.038588
v 0.331973 -0.017563 0.038588
v 0.331973 -0.020458 0.043602
v 0.266420 -0.020458 0.043602
v 0.266420 0.022319 0.061615
v 0.266420 0.019425 0.066629
v 0.331973 0.022319 0.061615
v 0.331973 0.019425 0.066629
v 0.331579 0.020022 0.067241
v 0.266026 0.062799 0.085254
v 0.266026 0.059904 0.090267
v 0.331579 0.062799 0.085254
v 0.266378 -0.058542 0.014670
v 0.331931 -0.058542 0.014670
v 0.331931 -0.061437 0.019684
v 0.266378 -0.061437 0.019684
v 0.266378 -0.018659 0.037696
v 0.266378 -0.021554 0.042710
v 0.331931 -0.018659 0.037696
v 0.331931 -0.021554 0.042710
v 0.200237 0.022916 0.062227
v 0.265789 0.022916 0.062227
v 0.265789 0.020022 0.067241
v 0.200237 0.020022 0.067241
v 0.200237 0.062799 0.085254
v 0.200237 0.059904 0.090267
v 0.265789 0.062799 0.085254
v 0.265789 0.059904 0.090267
v 0.200631 -0.017563 0.038588
v 0.266184 -0.017563 0.038588
v 0.266184 -0.020458 0.043602
v 0.200631 -0.020458 0.043602
v 0.200631 0.022319 0.061615
v 0.200631 0.019425 0.066629
v 0.266184 0.022319 0.061615
v 0.266184 0.019425 0.066629
v 0.200589 -0.058542 0.014670
v 0.266142 -0.058542 0.014670
v 0.266142 -0.061437 0.019684
v 0.200589 -0.061437 0.019684
v 0.200589 -0.018659 0.037696
v 0.200589 -0.021554 0.042710
v 0.266142 -0.018659 0.037696
v 0.266142 -0.021554 0.042710
v 0.134447 0.022916 0.062227
v 0.200000 0.022916 0.062227
v 0.200000 0.020022 0.067241
v 0.134447 0.020022 0.067241
v 0.134447 0.062799 0.085254
v 0.134447 0.059904 0.090267
v 0.200000 0.062799 0.085254
v 0.200000 0.059904 0.090267
v 0.134841 -0.017563 0.038588
v 0.200394 -0.017563 0.038588
v 0.200394 -0.020458 0.043602
v 0.134841 -0.020458 0.043602
v 0.134841 0.022319 0.061615
v 0.134841 0.019425 0.066629
v 0.200394 0.022319 0.061615
v 0.200394 0.019425 0.066629
v 0.134799 -0.058542 0.014670
v 0.200352 -0.058542 0.014670
v 0.200352 -0.061437 0.019684
v 0.134799 -0.061437 0.019684
v 0.134799 -0.018659 0.037696
v 0.134799 -0.021554 0.042710
v 0.200352 -0.018659 0.037696
v 0.200352 -0.021554 0.042710
v 0.068658 0.022916 0.062227
v 0.134210 0.022916 0.062227
v 0.134210 0.020022 0.067241
v 0.068658 0.020022 0.067241
v 0.068658 0.062799 0.085254
v 0.068658 0.059904 0.090267
v 0.134210 0.062799 0.085254
v 0.134210 0.059904 0.090267
v 0.069052 -0.017563 0.038588
v 0.134605 -0.017563 0.038588
v 0.134605 -0.020458 0.043602
v 0.069052 -0.020458 0.043602
v 0.069052 0.022319 0.061615
v 0.069052 0.019425 0.066629
v 0.134605 0.022319 0.061615
v 0.134605 0.019425 0.066629
v 0.069010 -0.058542 0.014670
v 0.134563 -0.058542 0.014670
v 0.134563 -0.061437 0.019684
v 0.069010 -0.061437 0.019684
v 0.069010 -0.018659 0.037696
v 0.069010 -0.021554 0.042710
v 0.134563 -0.018659 0.037696
v 0.134563 -0.021554 0.042710
v 0.002868 0.022916 0.062227
v 0.068421 0.022916 0.062227
v 0.068421 0.020022 0.067241
v 0.002868 0.020022 0.067241
v 0.002868 0.062799 0.085254
v 0.002868 0.059904 0.090267
v 0.068421 0.062799 0.085254
v 0.068421 0.059904 0.090267
v 0.003262 -0.017563 0.038588
v 0.068815 -0.017563 0.038588
v 0.068815 -0.020458 0.043602
v 0.003262 -0.020458 0.043602
v 0.003262 0.022319 0.061615
v 0.003262 0.019425 0.066629
v 0.068815 0.022319 0.061615
v 0.068815 0.019425 0.066629
v 0.003221 -0.058542 0.014670
v 0.068773 -0.058542 0.014670
v 0.068773 -0.061437 0.019684
v 0.003221 -0.061437 0.019684
v 0.003221 -0.018659 0.037696
v 0.003221 -0.021554 0.042710
v 0.068773 -0.018659 0.037696
v 0.068773 -0.021554 0.042710
v 0.000000 0.065132 -0.090267
v 0.000000 0.051974 -0.090267
v -0.013158 0.051974 -0.090267
v -0.013158 0.065132 -0.090267
v 0.000000 -0.053289 -0.090267
v 0.000000 -0.066447 -0.090267
v -0.013158 -0.066447 -0.090267
v -0.013158 -0.053289 -0.090267
v -0.013158 -0.053289 0.014996
v -0.004527 -0.053289 0.014996
v -0.004527 -0.053289 0.012553
v 0.000000 -0.053289 0.012553
v -0.013158 -0.066447 0.014996
v 0.000000 0.065132 0.078154
v 0.000000 0.060334 0.078154
v 0.000000 0.051974 0.073327
v -0.013158 0.065132 0.078154
v -0.004527 0.051974 0.078154
v -0.004527 0.060334 0.078154
v -0.013158 0.051974 0.078154
v -0.004527 0.051974 0.073327
v -0.004527 -0.055354 0.014996
v -0.004527 -0.056412 0.016828
v -0.004527 0.059818 0.083933
v -0.004527 0.062449 0.079375
v 0.000000 -0.055354 0.014996
v 0.000000 -0.053780 0.012270
v 0.002632 -0.053780 0.012270
v 0.002632 -0.056412 0.016828
v 0.000000 -0.066447 0.014996
v 0.002632 0.062449 0.079375
v 0.002632 0.059818 0.083933
v -0.000418 -0.059868 0.008154
v -0.000418 -0.066447 0.008154
v -0.000418 -0.066447 0.014733
v -0.000418 -0.059868 0.014733
v 0.328947 -0.066447 0.008154
v 0.328947 -0.059868 0.008154
v 0.328947 -0.059868 0.014733
v 0.328947 -0.066447 0.014733
v 0.164265 -0.066447 0.008154
v 0.164265 -0.066447 0.014733
v 0.164265 -0.059868 0.008154
v 0.164265 -0.059868 0.014733
v 0.331579 0.059868 0.083562
v 0.331579 0.059868 0.079206
v 0.331579 0.066447 0.079206
v 0.331579 0.066447 0.085785
v 0.331579 0.062492 0.085785
v 0.331579 0.059904 0.090267
v 0.331579 0.022916 0.062227
v 0.266026 0.062492 0.085785
v 0.266026 0.059868 0.083562
v 0.266026 0.059868 0.085785
v -0.000418 0.059868 0.085785
v -0.000418 0.059868 0.079206
v 0.165580 0.059868 0.079206
v -0.000418 0.066447 0.079206
v -0.000418 0.066447 0.085785
v 0.165580 0.066447 0.079206
v 0.165580 0.066447 0.085785
v 0.266026 0.022916 0.062227
v 0.266026 0.020022 0.067241
v -1.000000 -0.053289 -0.090267
v -0.986842 0.065132 -0.090267
v -1.000000 0.065132 -0.090267
v -0.986842 0.051974 0.078154
v -1.000000 0.065132 0.078154
v -0.989474 0.060334 0.078154
v -0.989474 0.051974 0.078154
v -0.989474 0.062449 0.079375
v -0.989474 0.059818 0.083933
v -0.989474 -0.055354 0.014996
v -0.989474 -0.053289 0.012553
v -0.996632 -0.055354 0.014996
v -0.996632 -0.056412 0.016828
v -0.996632 -0.053289 0.014996
v -0.996632 0.051974 0.073327
v -0.325685 -0.017563 0.038588
v -0.260132 -0.017563 0.038588
v -0.260132 -0.020458 0.043602
v -0.325685 0.019425 0.066629
v -0.329365 -0.059868 0.008154
v -0.329365 -0.066447 0.008154
v -0.329365 -0.066447 0.014733
v -0.329365 -0.059868 0.014733
v 0.000000 -0.066447 0.008154
v 0.000000 -0.059868 0.008154
v 0.000000 -0.059868 0.014733
v 0.000000 -0.066447 0.014733
v -0.164683 -0.066447 0.008154
v -0.164683 -0.066447 0.014733
v -0.164683 -0.059868 0.008154
v -0.164683 -0.059868 0.014733
v -0.325727 -0.058542 0.014670
v -0.260174 -0.058542 0.014670
v -0.325727 -0.018659 0.037696
v -0.194106 -0.017563 0.038588
v -0.128553 -0.017563 0.038588
v -0.128553 -0.020458 0.043602
v -0.194106 0.019425 0.066629
v -0.128553 0.019425 0.066629
v -0.194343 -0.020458 0.043602
v -0.259896 0.019425 0.066629
v -0.194343 0.019425 0.066629
v -0.391474 0.022319 0.061615
v -0.325922 0.022319 0.061615
v -0.325922 0.019425 0.066629
v 0.002632 0.059868 0.079206
v 0.002632 0.066447 0.079206
v 0.002632 0.062492 0.085785
v 0.002632 0.059904 0.090267
v 0.002632 0.020022 0.067241
v -0.062921 0.059904 0.090267
v -0.062921 0.059868 0.085785
v -0.329365 0.059868 0.085785
v -0.163367 0.066447 0.079206
v -0.062921 0.020022 0.067241
v -0.986842 -0.066447 -0.090267
v -0.986842 0.060334 0.078154
v -0.986842 0.051974 0.073327
v -0.991369 -0.053289 0.014996
v -0.991369 -0.053289 0.012553
v -0.986842 -0.053289 0.012553
v -1.000000 -0.066447 0.014996
v -0.991369 0.051974 0.078154
v -0.991369 0.060334 0.078154
v -1.000000 0.051974 0.078154
v -0.991369 0.051974 0.073327
v -0.991369 -0.055354 0.014996
v -0.991369 -0.056412 0.016828
v -0.991369 0.059818 0.083933
v -0.991369 0.062449 0.079375
v -0.986842 -0.055354 0.014996
v -0.986842 -0.053780 0.012270
v -0.984211 -0.053780 0.012270
v -0.984211 -0.056412 0.016828
v -0.986842 -0.066447 0.014996
v -0.984211 0.062449 0.079375
v -0.984211 0.059818 0.083933
v -0.391753 -0.058542 0.014670
v -0.391753 -0.021554 0.042710
v -0.391474 -0.017563 0.038588
v -0.325922 -0.017563 0.038588
v -0.325922 -0.020458 0.043602
v -0.391474 -0.020458 0.043602
v -0.391474 0.019425 0.066629
v -0.128711 0.022916 0.062227
v -0.063158 0.022916 0.062227
v -0.063158 0.020022 0.067241
v -0.128711 0.020022 0.067241
v -0.128711 0.062799 0.085254
v -0.128711 0.059904 0.090267
v -0.063158 0.062799 0.085254
v -0.063158 0.059904 0.090267
v -0.259937 -0.058542 0.014670
v -0.194384 -0.061437 0.019684
v -0.259937 -0.018659 0.037696
v -0.194384 -0.018659 0.037696
v -0.194384 -0.021554 0.042710
v -0.062569 -0.061437 0.019684
v -0.062569 -0.018659 0.037696
v 0.002984 -0.018659 0.037696
v 0.002984 -0.021554 0.042710
v -0.128317 -0.017563 0.038588
v -0.062764 -0.017563 0.038588
v -0.062764 -0.020458 0.043602
v -0.128317 -0.020458 0.043602
v -0.128317 0.022319 0.061615
v -0.128317 0.019425 0.066629
v -0.062764 0.022319 0.061615
v -0.062764 0.019425 0.066629
v -0.326316 0.022916 0.062227
v -0.391869 0.062799 0.085254
v -0.391869 0.059904 0.090267
v -0.326316 0.062799 0.085254
v -0.326316 0.059904 0.090267
v -0.128358 -0.058542 0.014670
v -0.062805 -0.058542 0.014670
v -0.062805 -0.061437 0.019684
v -0.128358 -0.061437 0.019684
v -0.128358 -0.018659 0.037696
v -0.128358 -0.021554 0.042710
v -0.062805 -0.018659 0.037696
v -0.062805 -0.021554 0.042710
v -0.657895 0.065132 -0.090267
v -0.657895 0.051974 -0.090267
v -0.671053 0.051974 -0.090267
v -0.671053 0.065132 -0.090267
v -0.657895 -0.053289 -0.090267
v -0.657895 -0.066447 -0.090267
v -0.671053 -0.066447 -0.090267
v -0.671053 -0.053289 -0.090267
v -0.671053 -0.053289 0.014996
v -0.662422 -0.053289 0.014996
v -0.662422 -0.053289 0.012553
v -0.657895 -0.053289 0.012553
v -0.671053 -0.066447 0.014996
v -0.657895 0.065132 0.078154
v -0.657895 0.060334 0.078154
v -0.657895 0.051974 0.073327
v -0.671053 0.065132 0.078154
v -0.662422 0.051974 0.078154
v -0.662422 0.060334 0.078154
v -0.671053 0.051974 0.078154
v -0.662422 0.051974 0.073327
v -0.662422 -0.055354 0.014996
v -0.662422 -0.056412 0.016828
v -0.662422 0.059818 0.083933
v -0.662422 0.062449 0.079375
v -0.657895 -0.055354 0.014996
v -0.657895 -0.053780 0.012270
v -0.655263 -0.053780 0.012270
v -0.655263 -0.056412 0.016828
v -0.657895 -0.066447 0.014996
v -0.655263 0.062449 0.079375
v -0.655263 0.059818 0.083933
v -0.391753 -0.061437 0.019684
v -0.457306 -0.061437 0.019684
v -0.391753 -0.018659 0.037696
v -0.062527 -0.017563 0.038588
v 0.003026 -0.017563 0.038588
v 0.003026 -0.020458 0.043602
v -0.062527 -0.020458 0.043602
v -0.062527 0.019425 0.066629
v -0.194148 -0.058542 0.014670
v -0.128595 -0.061437 0.019684
v -0.194148 -0.021554 0.042710
v -0.128595 -0.018659 0.037696
v -0.128595 -0.021554 0.042710
v -0.194500 0.022916 0.062227
v -0.128947 0.022916 0.062227
v -0.194500 0.020022 0.067241
v -0.194500 0.059904 0.090267
v -0.326316 0.020022 0.067241
v -0.391869 0.020022 0.067241
v -0.391711 -0.017563 0.038588
v -0.391711 0.019425 0.066629
v -0.523053 0.019425 0.066629
v -0.523095 -0.058542 0.014670
v -0.457542 -0.058542 0.014670
v -0.523095 -0.061437 0.019684
v -0.523095 -0.018659 0.037696
v -0.523095 -0.021554 0.042710
v -0.326079 0.059904 0.090267
v -0.260526 0.062799 0.085254
v -0.457542 -0.021554 0.042710
v -0.658313 -0.059868 0.008154
v -0.658313 -0.066447 0.008154
v -0.658313 -0.066447 0.014733
v -0.658313 -0.059868 0.014733
v -0.328947 -0.066447 0.008154
v -0.328947 -0.059868 0.008154
v -0.328947 -0.059868 0.014733
v -0.328947 -0.066447 0.014733
v -0.493630 -0.066447 0.008154
v -0.493630 -0.066447 0.014733
v -0.493630 -0.059868 0.008154
v -0.493630 -0.059868 0.014733
v -0.523053 -0.017563 0.038588
v -0.523053 -0.020458 0.043602
v -0.457542 -0.061437 0.019684
v -0.457542 -0.018659 0.037696
v -0.392105 0.062799 0.085254
v -0.392105 0.059904 0.090267
v -0.457658 0.022916 0.062227
v -0.392105 0.020022 0.067241
v -0.457658 0.059904 0.090267
v -0.392105 0.022916 0.062227
v -0.457658 0.020022 0.067241
v -0.457658 0.062799 0.085254
v -0.457500 -0.017563 0.038588
v -0.457500 -0.020458 0.043602
v -0.523053 0.022319 0.061615
v -0.457500 0.022319 0.061615
v -0.457500 0.019425 0.066629
v -0.457264 -0.017563 0.038588
v -0.457264 0.019425 0.066629
v -0.391711 0.022319 0.061615
v -0.457306 -0.058542 0.014670
v -0.457306 -0.018659 0.037696
v -0.457306 -0.021554 0.042710
v -0.326079 0.022916 0.062227
v -0.260526 0.022916 0.062227
v -0.260526 0.020022 0.067241
v -0.326079 0.020022 0.067241
v -0.326079 0.062799 0.085254
v -0.260526 0.059904 0.090267
v -0.589079 0.019425 0.066629
v -0.654632 0.022319 0.061615
v -0.654632 0.019425 0.066629
v -0.391711 -0.020458 0.043602
v -0.457264 -0.020458 0.043602
v -0.457264 0.022319 0.061615
v -0.457895 0.020022 0.067241
v -0.457895 0.062799 0.085254
v -0.457895 0.059904 0.090267
v -0.654674 -0.061437 0.019684
v -0.589121 -0.018659 0.037696
v -0.391516 -0.058542 0.014670
v -0.325963 -0.018659 0.037696
v -0.260290 0.022916 0.062227
v -0.194737 0.020022 0.067241
v -0.260290 0.020022 0.067241
v -0.260290 0.059904 0.090267
v 0.002632 0.059868 0.083562
v 0.002632 0.066447 0.085785
v 0.002632 0.022916 0.062227
v -0.062921 0.062492 0.085785
v -0.062921 0.059868 0.083562
v -0.329365 0.059868 0.079206
v -0.163367 0.059868 0.079206
v -0.329365 0.066447 0.079206
v -0.329365 0.066447 0.085785
v -0.163367 0.066447 0.085785
v -0.062921 0.022916 0.062227
v -0.325685 -0.020458 0.043602
v -0.325685 0.022319 0.061615
v -0.260132 0.022319 0.061615
v -0.260132 0.019425 0.066629
v -0.194737 0.022916 0.062227
v -0.260290 0.062799 0.085254
v -0.194737 0.062799 0.085254
v -0.194737 0.059904 0.090267
v -0.260174 -0.061437 0.019684
v -0.325727 -0.061437 0.019684
v -0.325727 -0.021554 0.042710
v -0.260174 -0.018659 0.037696
v -0.260174 -0.021554 0.042710
v -0.259896 -0.017563 0.038588
v -0.194343 -0.017563 0.038588
v -0.259896 -0.020458 0.043602
v -0.259896 0.022319 0.061615
v -0.194343 0.022319 0.061615
v -0.588885 -0.061437 0.019684
v -0.983580 -0.017563 0.038588
v -0.918027 -0.017563 0.038588
v -0.918027 -0.020458 0.043602
v -0.983580 -0.020458 0.043602
v -0.983580 0.022319 0.061615
v -0.983580 0.019425 0.066629
v -0.918027 0.022319 0.061615
v -0.918027 0.019425 0.066629
v -0.786211 -0.017563 0.038588
v -0.720658 -0.017563 0.038588
v -0.720658 -0.020458 0.043602
v -0.786211 -0.020458 0.043602
v -0.786211 0.022319 0.061615
v -0.786211 0.019425 0.066629
v -0.720658 0.022319 0.061615
v -0.720658 0.019425 0.066629
v -0.918185 0.022916 0.062227
v -0.852632 0.022916 0.062227
v -0.852632 0.020022 0.067241
v -0.918185 0.020022 0.067241
v -0.918185 0.062799 0.085254
v -0.918185 0.059904 0.090267
v -0.852632 0.062799 0.085254
v -0.852632 0.059904 0.090267
v -0.852001 -0.017563 0.038588
v -0.786448 -0.017563 0.038588
v -0.786448 -0.020458 0.043602
v -0.852001 -0.020458 0.043602
v -0.852001 0.022319 0.061615
v -0.852001 0.019425 0.066629
v -0.786448 0.022319 0.061615
v -0.786448 0.019425 0.066629
v -0.983621 -0.058542 0.014670
v -0.918069 -0.058542 0.014670
v -0.918069 -0.061437 0.019684
v -0.983621 -0.061437 0.019684
v -0.983621 -0.018659 0.037696
v -0.983621 -0.021554 0.042710
v -0.918069 -0.018659 0.037696
v -0.918069 -0.021554 0.042710
v -0.852043 -0.058542 0.014670
v -0.786490 -0.058542 0.014670
v -0.786490 -0.061437 0.019684
v -0.852043 -0.061437 0.019684
v -0.852043 -0.018659 0.037696
v -0.852043 -0.021554 0.042710
v -0.786490 -0.018659 0.037696
v -0.786490 -0.021554 0.042710
v -0.720422 -0.017563 0.038588
v -0.654869 -0.017563 0.038588
v -0.654869 -0.020458 0.043602
v -0.720422 -0.020458 0.043602
v -0.720422 0.022319 0.061615
v -0.720422 0.019425 0.066629
v -0.654869 0.022319 0.061615
v -0.654869 0.019425 0.066629
v -0.987260 -0.059868 0.008154
v -0.987260 -0.066447 0.008154
v -0.987260 -0.066447 0.014733
v -0.987260 -0.059868 0.014733
v -0.657895 -0.066447 0.008154
v -0.657895 -0.059868 0.008154
v -0.657895 -0.059868 0.014733
v -0.657895 -0.066447 0.014733
v -0.822577 -0.066447 0.008154
v -0.822577 -0.066447 0.014733
v -0.822577 -0.059868 0.008154
v -0.822577 -0.059868 0.014733
v -0.983974 0.022916 0.062227
v -0.918421 0.022916 0.062227
v -0.918421 0.020022 0.067241
v -0.983974 0.020022 0.067241
v -0.983974 0.062799 0.085254
v -0.983974 0.059904 0.090267
v -0.918421 0.062799 0.085254
v -0.918421 0.059904 0.090267
v -0.852395 0.022916 0.062227
v -0.786842 0.022916 0.062227
v -0.786842 0.020022 0.067241
v -0.852395 0.020022 0.067241
v -0.852395 0.062799 0.085254
v -0.852395 0.059904 0.090267
v -0.786842 0.062799 0.085254
v -0.786842 0.059904 0.090267
v -0.720816 0.022916 0.062227
v -0.720816 0.020022 0.067241
v -0.720816 0.062799 0.085254
v -0.720816 0.059904 0.090267
v -0.655263 0.062799 0.085254
v -0.655263 0.059904 0.090267
v -0.917832 -0.058542 0.014670
v -0.852279 -0.058542 0.014670
v -0.852279 -0.061437 0.019684
v -0.917832 -0.061437 0.019684
v -0.917832 -0.018659 0.037696
v -0.917832 -0.021554 0.042710
v -0.852279 -0.018659 0.037696
v -0.852279 -0.021554 0.042710
v -0.655263 0.059868 0.083562
v -0.655263 0.059868 0.079206
v -0.655263 0.066447 0.079206
v -0.655263 0.066447 0.085785
v -0.655263 0.062492 0.085785
v -0.655263 0.020022 0.067241
v -0.655263 0.022916 0.062227
v -0.720816 0.062492 0.085785
v -0.720816 0.059868 0.083562
v -0.720816 0.059868 0.085785
v -0.987260 0.059868 0.085785
v -0.987260 0.059868 0.079206
v -0.821262 0.059868 0.079206
v -0.987260 0.066447 0.079206
v -0.987260 0.066447 0.085785
v -0.821262 0.066447 0.079206
v -0.821262 0.066447 0.085785
v -0.342105 0.065132 -0.090267
v -0.328947 -0.066447 -0.090267
v -0.342105 -0.066447 -0.090267
v -0.342105 -0.053289 -0.090267
v -0.342105 -0.053289 0.014996
v -0.333474 -0.053289 0.014996
v -0.328947 -0.053289 0.012553
v -0.328947 0.060334 0.078154
v -0.328947 0.051974 0.073327
v -0.333474 0.060334 0.078154
v -0.333474 0.051974 0.073327
v -0.333474 -0.056412 0.016828
v -0.333474 0.062449 0.079375
v -0.328947 -0.055354 0.014996
v -0.326316 -0.053780 0.012270
v -0.326316 -0.056412 0.016828
v -0.326316 0.062449 0.079375
v -0.326316 0.059818 0.083933
v -0.128595 -0.058542 0.014670
v -0.194148 -0.061437 0.019684
v -0.194148 -0.018659 0.037696
v -0.062569 -0.058542 0.014670
v 0.002984 -0.058542 0.014670
v 0.002984 -0.061437 0.019684
v -0.062569 -0.021554 0.042710
v -0.655027 0.020022 0.067241
v -0.655027 0.059904 0.090267
v -0.589474 0.022916 0.062227
v -0.589474 0.062799 0.085254
v -0.325963 -0.058542 0.014670
v -0.325963 -0.061437 0.019684
v -0.391516 -0.061437 0.019684
v -0.391516 -0.018659 0.037696
v -0.391516 -0.021554 0.042710
v -0.325963 -0.021554 0.042710
v -0.654674 -0.021554 0.042710
v -0.655027 0.062799 0.085254
v -0.589121 -0.058542 0.014670
v -0.589121 -0.061437 0.019684
v -0.589237 0.020022 0.067241
v -0.589237 0.062799 0.085254
v -0.523684 0.062799 0.085254
v -0.655027 0.022916 0.062227
v -0.589474 0.020022 0.067241
v -0.589474 0.059904 0.090267
v -0.654632 -0.017563 0.038588
v -0.589079 -0.017563 0.038588
v -0.589079 -0.020458 0.043602
v -0.589079 0.022319 0.061615
v -0.654674 -0.058542 0.014670
v -0.654674 -0.018659 0.037696
v -0.589121 -0.021554 0.042710
v -0.457895 0.022916 0.062227
v -0.523448 0.020022 0.067241
v -0.523448 0.059904 0.090267
v -0.654632 -0.020458 0.043602
v -0.523290 -0.020458 0.043602
v -0.523290 0.019425 0.066629
v -0.523332 -0.061437 0.019684
v -0.588885 -0.018659 0.037696
v -0.588885 -0.021554 0.042710
v -0.523332 -0.021554 0.042710
v -0.523448 0.022916 0.062227
v -0.523448 0.062799 0.085254
v -0.786253 -0.058542 0.014670
v -0.720700 -0.058542 0.014670
v -0.720700 -0.061437 0.019684
v -0.786253 -0.061437 0.019684
v -0.786253 -0.018659 0.037696
v -0.786253 -0.021554 0.042710
v -0.720700 -0.018659 0.037696
v -0.720700 -0.021554 0.042710
v -0.588885 -0.058542 0.014670
v -0.523332 -0.058542 0.014670
v -0.523332 -0.018659 0.037696
v -0.588843 -0.017563 0.038588
v -0.523290 -0.017563 0.038588
v -0.588843 0.019425 0.066629
v -0.917790 -0.017563 0.038588
v -0.852237 -0.017563 0.038588
v -0.852237 -0.020458 0.043602
v -0.917790 -0.020458 0.043602
v -0.917790 0.022319 0.061615
v -0.917790 0.019425 0.066629
v -0.852237 0.022319 0.061615
v -0.852237 0.019425 0.066629
v -0.786606 0.022916 0.062227
v -0.721053 0.022916 0.062227
v -0.721053 0.020022 0.067241
v -0.786606 0.020022 0.067241
v -0.786606 0.062799 0.085254
v -0.786606 0.059904 0.090267
v -0.721053 0.062799 0.085254
v -0.721053 0.059904 0.090267
v -0.720464 -0.058542 0.014670
v -0.654911 -0.058542 0.014670
v -0.654911 -0.061437 0.019684
v -0.720464 -0.061437 0.019684
v -0.720464 -0.018659 0.037696
v -0.720464 -0.021554 0.042710
v -0.654911 -0.018659 0.037696
v -0.654911 -0.021554 0.042710
v -0.589237 0.022916 0.062227
v -0.523684 0.059904 0.090267
v -0.523684 0.022916 0.062227
v -0.523684 0.020022 0.067241
v -0.589237 0.059904 0.090267
v -0.588843 -0.020458 0.043602
v -0.588843 0.022319 0.061615
v -0.523290 0.022319 0.061615
v -0.194384 -0.058542 0.014670
v -0.259937 -0.061437 0.019684
v -0.259937 -0.021554 0.042710
v -0.328947 0.065132 -0.090267
v -0.328947 0.051974 -0.090267
v -0.342105 0.051974 -0.090267
v -0.328947 -0.053289 -0.090267
v -0.333474 -0.053289 0.012553
v -0.342105 -0.066447 0.014996
v -0.328947 0.065132 0.078154
v -0.342105 0.065132 0.078154
v -0.333474 0.051974 0.078154
v -0.342105 0.051974 0.078154
v -0.333474 -0.055354 0.014996
v -0.333474 0.059818 0.083933
v -0.328947 -0.053780 0.012270
v -0.328947 -0.066447 0.014996
v -0.194106 -0.020458 0.043602
v -0.194106 0.022319 0.061615
v -0.128553 0.022319 0.061615
v -0.128947 0.020022 0.067241
v -0.194500 0.062799 0.085254
v -0.128947 0.062799 0.085254
v -0.128947 0.059904 0.090267
v -0.062527 0.022319 0.061615
v 0.003026 0.022319 0.061615
v 0.003026 0.019425 0.066629
v -0.326316 0.059868 0.083562
v -0.326316 0.059868 0.079206
v -0.326316 0.066447 0.079206
v -0.326316 0.066447 0.085785
v -0.326316 0.062492 0.085785
v -0.391869 0.062492 0.085785
v -0.391869 0.059868 0.083562
v -0.391869 0.059868 0.085785
v -0.658313 0.059868 0.085785
v -0.658313 0.059868 0.079206
v -0.492314 0.059868 0.079206
v -0.658313 0.066447 0.079206
v -0.658313 0.066447 0.085785
v -0.492314 0.066447 0.079206
v -0.492314 0.066447 0.085785
v -0.391869 0.022916 0.062227
v -1.000000 -0.066447 -0.090267
v -0.986842 -0.053289 -0.090267
v -0.986842 0.051974 -0.090267
v -1.000000 0.051974 -0.090267
v -0.986842 0.065132 0.078154
v -1.000000 -0.053289 0.014996
v -0.996632 0.051974 0.078154
v -0.996632 0.060334 0.078154
v -0.989474 -0.056412 0.016828
v -0.989474 -0.053289 0.014996
v -0.989474 0.051974 0.073327
v -0.996632 -0.053289 0.012553
v -0.986842 -0.053289 0.014996
v -0.996632 0.062449 0.079375
v -0.996632 0.059818 0.083933
v 0.997369 -0.053468 -0.090080
v 0.997369 -0.056492 -0.087543
v 0.992105 -0.056492 -0.087543
v 0.992105 -0.053468 -0.090080
v 0.997369 0.050076 0.039459
v 0.992105 0.050076 0.039459
v 0.997369 0.053100 0.036922
v 0.992105 0.053100 0.036922
v 0.992105 0.049931 -0.089693
v 0.992105 -0.010546 -0.038946
v 0.992105 -0.008009 -0.035922
v 0.992105 0.052468 -0.086669
v 0.997369 0.049931 -0.089693
v 0.997369 0.052468 -0.086669
v 0.997369 -0.010546 -0.038946
v 0.997369 -0.008009 -0.035922
v 0.992105 -0.052486 0.013422
v 0.997369 -0.052486 0.013422
v 0.997369 -0.049949 0.016446
v 0.992105 -0.049949 0.016446
v 0.992105 -0.001567 -0.024151
v 0.992105 -0.004104 -0.027175
v 0.997369 -0.001567 -0.024151
v 0.997369 -0.004104 -0.027175
v -0.989474 -0.053468 -0.090080
v -0.989474 -0.056492 -0.087543
v -0.994737 -0.056492 -0.087543
v -0.994737 -0.053468 -0.090080
v -0.989474 0.050076 0.039459
v -0.994737 0.050076 0.039459
v -0.989474 0.053100 0.036922
v -0.994737 0.053100 0.036922
v -0.994737 0.049931 -0.089693
v -0.994737 -0.010546 -0.038946
v -0.994737 -0.008009 -0.035922
v -0.994737 0.052468 -0.086669
v -0.989474 0.049931 -0.089693
v -0.989474 0.052468 -0.086669
v -0.989474 -0.010546 -0.038946
v -0.989474 -0.008009 -0.035922
v -0.994737 -0.052486 0.013422
v -0.989474 -0.052486 0.013422
v -0.989474 -0.049949 0.016446
v -0.994737 -0.049949 0.016446
v -0.994737 -0.001567 -0.024151
v -0.994737 -0.004104 -0.027175
v -0.989474 -0.001567 -0.024151
v -0.989474 -0.004104 -0.027175
vn -0.0000 -0.0000 -1.0000
vn -0.0000 1.0000 -0.0000
vn -1.0000 -0.0000 -0.0000
vn 1.0000 -0.0000 -0.0000
vn -0.0000 -0.0000 1.0000
vn -0.0000 -0.8660 -0.5000
vn -0.0000 -0.8660 -0.5001
vn -0.0000 -1.0000 -0.0000
vn -0.0000 0.8661 0.4999
vn -0.0000 -0.5000 0.8660
vn -0.0000 0.5000 -0.8660
vn 0.0001 0.4999 -0.8661
vn 0.0001 0.4998 -0.8661
vn -0.0000 0.5000 -0.8661
vn -0.0000 0.8660 0.5000
vn -0.0000 -0.8661 -0.4999
vn -0.0000 0.8660 0.5001
vn -0.0000 -0.8659 -0.5002
vn -0.0000 0.8659 0.5002
vn 1.0000 -0.0000 -0.0003
vn -0.0000 0.8658 0.5003
vn 1.0000 0.0001 -0.0000
vn 1.0000 -0.0001 -0.0000
vn -0.0000 0.5001 -0.8660
vn 1.0000 -0.0006 -0.0000
vn -0.0000 -0.6427 -0.7661
vn -0.0000 -0.7661 0.6428
vn -0.0000 -0.7660 0.6428
vn -0.0000 0.6427 0.7661
vn -0.0000 0.7660 -0.6428
vn -0.0000 0.7661 -0.6428
vn -0.0000 0.7661 -0.6427
vn -0.0000 -0.7661 0.6427
vn -0.0000 0.6428 0.7660
vn -0.0000 -0.6428 -0.7660
vn -0.0000 -0.7658 0.6431
vn -0.0000 0.6428 0.7661
vn -0.0000 -0.6428 -0.7661
vn -0.0000 -0.7659 0.6430
vt 0.922704 0.955719
vt 0.911362 0.955718
vt 0.922704 0.944377
vt 0.911362 0.944377
vt 0.907780 0.955718
vt 0.896439 0.955718
vt 0.907780 0.944377
vt 0.896439 0.944377
vt 0.399100 0.429492
vt 0.487776 0.428953
vt 0.399089 0.433398
vt 0.487776 0.440275
vt 0.397221 0.440869
vt 0.396943 0.433681
vt 0.222081 0.624860
vt 0.210739 0.624860
vt 0.222081 0.534131
vt 0.210739 0.534131
vt 0.001791 0.379886
vt 0.001794 0.238892
vt 0.008998 0.384068
vt 0.013134 0.238888
vt 0.013134 0.384050
vt 0.222062 0.384055
vt 0.210721 0.384055
vt 0.222062 0.238888
vt 0.210721 0.238888
vt 0.719060 0.956486
vt 0.718657 0.949074
vt 0.726325 0.956172
vt 0.726325 0.945281
vt 0.715575 0.944377
vt 0.714664 0.948121
vt 0.502206 0.288560
vt 0.398243 0.286936
vt 0.504275 0.284951
vt 0.396943 0.284951
vt 0.405502 0.081258
vt 0.513425 0.081258
vt 0.512622 0.083381
vt 0.397453 0.289619
vt 0.396943 0.083277
vt 0.995209 0.271826
vt 0.986868 0.272751
vt 0.986868 0.268212
vt 0.988979 0.268218
vt 0.991711 0.300696
vt 0.993750 0.301372
vt 0.990841 0.303424
vt 0.992934 0.305428
vt 0.987135 0.305428
vt 0.986868 0.303707
vt 0.031667 0.624861
vt 0.031663 0.534132
vt 0.041228 0.624861
vt 0.043004 0.534131
vt 0.399359 0.427898
vt 0.890882 0.944377
vt 0.891062 0.948327
vt 0.881386 0.944525
vt 0.881386 0.955701
vt 0.892567 0.955897
vt 0.892857 0.948493
vt 0.136124 0.534131
vt 0.147465 0.534131
vt 0.136124 0.624860
vt 0.147465 0.624860
vt 0.512623 0.197162
vt 0.396943 0.197162
vt 0.512623 0.192626
vt 0.396943 0.192626
vt 0.993038 0.371351
vt 0.986868 0.371351
vt 0.993038 0.366815
vt 0.986868 0.366815
vt 0.396943 0.114295
vt 0.396943 0.108125
vt 0.512623 0.114295
vt 0.407368 0.244918
vt 0.396943 0.242650
vt 0.512621 0.242650
vt 0.512134 0.244918
vt 0.512624 0.244910
vt 0.396943 0.388560
vt 0.396943 0.384658
vt 0.501708 0.388560
vt 0.011226 0.163579
vt 0.156323 0.163579
vt 0.015324 0.171025
vt 0.156350 0.174916
vt 0.015356 0.174928
vt 0.011097 0.170870
vt 0.151029 0.238888
vt 0.162370 0.238888
vt 0.151029 0.384055
vt 0.162370 0.384055
vt 0.998209 0.072824
vt 0.986868 0.072824
vt 0.998209 0.061483
vt 0.986868 0.061483
vt 0.941209 0.955718
vt 0.941209 0.944377
vt 0.952550 0.955718
vt 0.952550 0.944377
vt 0.236986 0.384055
vt 0.225644 0.384055
vt 0.236986 0.238888
vt 0.225644 0.238888
vt 0.393361 0.031637
vt 0.393361 0.042978
vt 0.248194 0.031637
vt 0.248194 0.042978
vt 0.162388 0.624860
vt 0.151047 0.624860
vt 0.162388 0.534131
vt 0.151047 0.534131
vt 0.326542 0.624860
vt 0.315201 0.624860
vt 0.326542 0.534131
vt 0.315201 0.534131
vt 0.656741 0.962802
vt 0.661997 0.957856
vt 0.658900 0.964394
vt 0.666914 0.958775
vt 0.665707 0.949751
vt 0.661580 0.950212
vt 0.658552 0.944377
vt 0.656741 0.945443
vt 0.988979 0.297109
vt 0.986868 0.297114
vt 0.995209 0.293500
vt 0.986868 0.292575
vt 0.405509 0.040788
vt 0.396943 0.038801
vt 0.514053 0.038801
vt 0.512650 0.041555
vt 0.504275 0.297869
vt 0.396943 0.297869
vt 0.398243 0.295884
vt 0.502206 0.294260
vt 0.397453 0.293201
vt 0.993038 0.443682
vt 0.993038 0.445505
vt 0.986868 0.443682
vt 0.986868 0.445505
vt 0.013124 0.534131
vt 0.010245 0.622776
vt 0.001800 0.534131
vt 0.004066 0.622764
vt 0.001791 0.624757
vt 0.003815 0.625005
vt 0.013158 0.624751
vt 0.010540 0.625006
vt 0.699457 0.946864
vt 0.700110 0.944377
vt 0.701274 0.947495
vt 0.711082 0.944849
vt 0.711082 0.955668
vt 0.701584 0.953991
vt 0.700504 0.956508
vt 0.699788 0.954762
vt 0.180893 0.534131
vt 0.192234 0.534131
vt 0.180893 0.624860
vt 0.192234 0.624860
vt 0.396943 0.348872
vt 0.396943 0.342702
vt 0.501708 0.348872
vt 0.501708 0.342702
vt 0.993038 0.434695
vt 0.986868 0.434695
vt 0.993038 0.432589
vt 0.986868 0.432589
vt 0.399012 0.302510
vt 0.502975 0.304134
vt 0.396943 0.306120
vt 0.504275 0.306120
vt 0.405502 0.092668
vt 0.513425 0.092668
vt 0.512622 0.094791
vt 0.503765 0.301451
vt 0.396943 0.094687
vt 0.995209 0.279947
vt 0.986868 0.280872
vt 0.986868 0.276333
vt 0.988979 0.276339
vt 0.993038 0.363233
vt 0.986868 0.363233
vt 0.993038 0.358696
vt 0.986868 0.358696
vt 0.512623 0.098373
vt 0.512623 0.104543
vt 0.396943 0.098373
vt 0.396943 0.104543
vt 0.156179 0.115195
vt 0.011117 0.115168
vt 0.152151 0.112285
vt 0.011097 0.103838
vt 0.152140 0.108573
vt 0.156195 0.103838
vt 0.156320 0.105985
vt 0.156499 0.112516
vt 0.132524 0.384055
vt 0.121183 0.384055
vt 0.132524 0.238888
vt 0.121183 0.238888
vt 0.996384 0.210400
vt 0.990710 0.216070
vt 0.992633 0.210401
vt 0.990712 0.212657
vt 0.986868 0.210400
vt 0.996387 0.216066
vt 0.181804 0.984071
vt 0.181804 0.944377
vt 0.186794 0.981154
vt 0.588782 0.764023
vt 0.625524 0.759002
vt 0.625551 0.763992
vt 0.983286 0.600211
vt 0.926784 0.600211
vt 0.983286 0.595750
vt 0.926784 0.595750
vt 0.240569 0.381968
vt 0.240567 0.325454
vt 0.244322 0.381956
vt 0.244322 0.238888
vt 0.097675 0.081750
vt 0.011097 0.077995
vt 0.011105 0.076079
vt 0.240750 0.076079
vt 0.240759 0.081749
vt 0.992539 0.547283
vt 0.986868 0.547283
vt 0.992539 0.541612
vt 0.986868 0.541612
vt 0.248218 0.076406
vt 0.391276 0.076406
vt 0.248194 0.082078
vt 0.391285 0.082076
vt 0.248194 0.204317
vt 0.248194 0.198646
vt 0.391273 0.198646
vt 0.391273 0.204317
vt 0.248202 0.085487
vt 0.304712 0.085486
vt 0.005169 0.231459
vt 0.001791 0.144871
vt 0.007430 0.231445
vt 0.007515 0.001802
vt 0.001845 0.001791
vt 0.391273 0.259832
vt 0.248194 0.259832
vt 0.391273 0.254161
vt 0.248194 0.254161
vt 0.391273 0.180141
vt 0.391273 0.185812
vt 0.248194 0.185812
vt 0.248194 0.180141
vt 0.007515 0.235306
vt 0.966478 0.936922
vt 0.964519 0.940252
vt 0.926784 0.936921
vt 0.588281 0.982260
vt 0.588281 0.944377
vt 0.593252 0.981821
vt 0.590019 0.945187
vt 0.802895 0.759004
vt 0.802895 0.815512
vt 0.797905 0.759002
vt 0.797906 0.815538
vt 0.758180 0.815468
vt 0.758242 0.759004
vt 0.588782 0.820507
vt 0.625567 0.820512
vt 0.389732 0.539127
vt 0.394724 0.595615
vt 0.389735 0.595633
vt 0.350058 0.534131
vt 0.389722 0.534140
vt 0.350036 0.539123
vt 0.345047 0.595611
vt 0.345047 0.539141
vt 0.350039 0.595629
vt 0.389714 0.600626
vt 0.350049 0.600616
vt 0.694207 0.940795
vt 0.694207 0.884293
vt 0.733901 0.940795
vt 0.733901 0.884293
vt 0.803001 0.531816
vt 0.746435 0.531837
vt 0.802983 0.526827
vt 0.746371 0.526846
vt 0.018935 0.984071
vt 0.018935 0.944377
vt 0.023925 0.984071
vt 0.023925 0.944377
vt 0.746549 0.487051
vt 0.803001 0.482263
vt 0.802950 0.487247
vt 0.741376 0.526773
vt 0.741565 0.487024
vt 0.992538 0.510273
vt 0.986868 0.510273
vt 0.992538 0.504602
vt 0.986868 0.504602
vt 0.992538 0.513855
vt 0.992538 0.519525
vt 0.986868 0.513855
vt 0.986868 0.519525
vt 0.538888 0.025967
vt 0.396943 0.025967
vt 0.538888 0.020296
vt 0.396943 0.020296
vt 0.339474 0.387650
vt 0.345145 0.387650
vt 0.345145 0.529594
vt 0.339474 0.529594
vt 0.030862 0.529595
vt 0.030862 0.387665
vt 0.036533 0.529611
vt 0.036532 0.387650
vt 0.170841 0.529611
vt 0.165170 0.529595
vt 0.165170 0.387665
vt 0.170840 0.387650
vt 0.042203 0.529595
vt 0.042203 0.387665
vt 0.176511 0.529595
vt 0.176511 0.387665
vt 0.538888 0.035219
vt 0.396943 0.035219
vt 0.538888 0.029549
vt 0.396943 0.029549
vt 0.224862 0.529595
vt 0.219191 0.529595
vt 0.219191 0.387650
vt 0.224862 0.387650
vt 0.531816 0.628588
vt 0.531837 0.685154
vt 0.526827 0.628606
vt 0.526846 0.685218
vt 0.966478 0.710467
vt 0.926784 0.710467
vt 0.966478 0.705477
vt 0.926784 0.705477
vt 0.482056 0.684958
vt 0.482263 0.628588
vt 0.487051 0.685040
vt 0.487247 0.628639
vt 0.526773 0.690213
vt 0.487024 0.690024
vt 0.131619 0.940795
vt 0.131619 0.884293
vt 0.171313 0.940795
vt 0.171313 0.884293
vt 0.604095 0.104346
vt 0.547529 0.104367
vt 0.604077 0.099357
vt 0.547465 0.099376
vt 0.318956 0.984071
vt 0.318956 0.944377
vt 0.323946 0.984071
vt 0.323946 0.944377
vt 0.547724 0.054586
vt 0.604095 0.054793
vt 0.547643 0.059581
vt 0.604044 0.059777
vt 0.542470 0.099303
vt 0.542659 0.059554
vt 0.863085 0.181355
vt 0.806583 0.181355
vt 0.863085 0.141661
vt 0.806583 0.141661
vt 0.055175 0.820627
vt 0.055154 0.764061
vt 0.060163 0.820609
vt 0.060145 0.763998
vt 0.966478 0.821903
vt 0.926784 0.821903
vt 0.966478 0.816913
vt 0.926784 0.816913
vt 0.104935 0.764257
vt 0.104728 0.820627
vt 0.099939 0.764176
vt 0.099743 0.820577
vt 0.060218 0.759002
vt 0.099967 0.759192
vt 0.737483 0.940795
vt 0.737483 0.884293
vt 0.777177 0.940795
vt 0.777177 0.884293
vt 0.610961 0.535440
vt 0.667527 0.535419
vt 0.610979 0.540428
vt 0.667591 0.540410
vt 0.672586 0.540483
vt 0.672397 0.580232
vt 0.667413 0.580204
vt 0.611012 0.580008
vt 0.923202 0.820453
vt 0.866700 0.820453
vt 0.923202 0.780759
vt 0.585179 0.628588
vt 0.585200 0.685154
vt 0.580190 0.628606
vt 0.580209 0.685218
vt 0.147516 0.984071
vt 0.147516 0.944377
vt 0.152506 0.984071
vt 0.152506 0.944377
vt 0.535419 0.684958
vt 0.535626 0.628588
vt 0.540414 0.685040
vt 0.540610 0.628639
vt 0.580136 0.690213
vt 0.540387 0.690024
vt 0.923202 0.863729
vt 0.866700 0.863729
vt 0.923202 0.824035
vt 0.866700 0.824035
vt 0.741375 0.268626
vt 0.797942 0.268605
vt 0.741393 0.273615
vt 0.798005 0.273596
vt 0.001791 0.984071
vt 0.001791 0.944377
vt 0.006781 0.984071
vt 0.006781 0.944377
vt 0.797746 0.318386
vt 0.741375 0.318179
vt 0.797827 0.313391
vt 0.741426 0.313195
vt 0.477827 0.940795
vt 0.477827 0.884293
vt 0.517521 0.940795
vt 0.517521 0.884293
vt 0.001812 0.690213
vt 0.001791 0.633647
vt 0.006801 0.690195
vt 0.006782 0.633584
vt 0.156088 0.984071
vt 0.156088 0.944377
vt 0.161078 0.984071
vt 0.161078 0.944377
vt 0.051572 0.633843
vt 0.051365 0.690213
vt 0.046577 0.633762
vt 0.046381 0.690163
vt 0.006855 0.628588
vt 0.046604 0.628778
vt 0.001791 0.940795
vt 0.001791 0.884293
vt 0.041485 0.940795
vt 0.041485 0.884293
vt 0.588803 0.690213
vt 0.588782 0.633647
vt 0.593791 0.690195
vt 0.593773 0.633584
vt 0.593846 0.628588
vt 0.633595 0.628778
vt 0.045067 0.940795
vt 0.045067 0.884293
vt 0.084761 0.940795
vt 0.055175 0.690213
vt 0.055154 0.633647
vt 0.060163 0.690195
vt 0.060145 0.633584
vt 0.966478 0.796187
vt 0.926784 0.796187
vt 0.966478 0.791197
vt 0.926784 0.791197
vt 0.104935 0.633843
vt 0.104728 0.690213
vt 0.099940 0.633762
vt 0.099743 0.690162
vt 0.060218 0.628588
vt 0.099967 0.628778
vt 0.863085 0.354459
vt 0.806583 0.354459
vt 0.863085 0.314765
vt 0.806583 0.314765
vt 0.737776 0.046562
vt 0.681227 0.051572
vt 0.681164 0.046581
vt 0.498969 0.984071
vt 0.498969 0.944377
vt 0.503959 0.984071
vt 0.681423 0.001791
vt 0.737794 0.001998
vt 0.681342 0.006786
vt 0.737743 0.006982
vt 0.676168 0.046508
vt 0.676358 0.006759
vt 0.261447 0.880711
vt 0.261447 0.824209
vt 0.301141 0.880711
vt 0.301141 0.824209
vt 0.375352 0.755420
vt 0.375330 0.698854
vt 0.380340 0.755402
vt 0.380322 0.698791
vt 0.164660 0.984071
vt 0.164660 0.944377
vt 0.169650 0.984071
vt 0.169650 0.944377
vt 0.425111 0.699050
vt 0.424904 0.755420
vt 0.420116 0.698969
vt 0.419920 0.755370
vt 0.380395 0.693795
vt 0.420143 0.693985
vt 0.521103 0.940795
vt 0.521103 0.884293
vt 0.560797 0.940795
vt 0.560797 0.884293
vt 0.676168 0.055175
vt 0.732735 0.055154
vt 0.676186 0.060163
vt 0.732798 0.060145
vt 0.190376 0.984071
vt 0.190376 0.944377
vt 0.195366 0.984071
vt 0.195366 0.944377
vt 0.732539 0.104935
vt 0.676168 0.104728
vt 0.732620 0.099940
vt 0.676219 0.099743
vt 0.737794 0.060218
vt 0.737604 0.099967
vt 0.304723 0.880711
vt 0.304723 0.824209
vt 0.344417 0.880711
vt 0.344417 0.824209
vt 0.996384 0.201149
vt 0.990710 0.206818
vt 0.992633 0.201150
vt 0.990711 0.203405
vt 0.986868 0.201149
vt 0.996387 0.206815
vt 0.463314 0.594064
vt 0.502943 0.593887
vt 0.466318 0.599040
vt 0.458851 0.594060
vt 0.458717 0.537494
vt 0.463176 0.537460
vt 0.391273 0.344690
vt 0.334759 0.344691
vt 0.391261 0.340937
vt 0.248194 0.340937
vt 0.097676 0.091003
vt 0.011097 0.087248
vt 0.011105 0.085332
vt 0.240750 0.085332
vt 0.248218 0.101732
vt 0.391276 0.101736
vt 0.248194 0.107404
vt 0.391285 0.107405
vt 0.248194 0.250579
vt 0.248194 0.244909
vt 0.391273 0.244909
vt 0.248202 0.110813
vt 0.304712 0.110813
vt 0.014944 0.005169
vt 0.101532 0.001791
vt 0.014959 0.007430
vt 0.244601 0.007515
vt 0.391273 0.306094
vt 0.248194 0.306094
vt 0.391273 0.300424
vt 0.248194 0.300424
vt 0.248194 0.158054
vt 0.248194 0.152384
vt 0.391273 0.152384
vt 0.391273 0.158054
vt 0.011097 0.007515
vt 0.465177 0.534131
vt 0.502937 0.537478
vt 0.622492 0.982260
vt 0.622492 0.944377
vt 0.627463 0.981821
vt 0.624230 0.945187
vt 0.507930 0.537516
vt 0.507930 0.593891
vt 0.983286 0.557880
vt 0.926784 0.557880
vt 0.983286 0.521103
vt 0.926784 0.521103
vt 0.394724 0.539145
vt 0.746630 0.482056
vt 0.983286 0.084761
vt 0.926784 0.084761
vt 0.983286 0.045067
vt 0.926784 0.045067
vt 0.803001 0.585179
vt 0.746435 0.585200
vt 0.802983 0.580190
vt 0.746371 0.580209
vt 0.258952 0.984071
vt 0.258952 0.944377
vt 0.263942 0.984071
vt 0.263942 0.944377
vt 0.746630 0.535419
vt 0.803001 0.535626
vt 0.746549 0.540414
vt 0.802950 0.540610
vt 0.741376 0.580135
vt 0.741565 0.540387
vt 0.863085 0.787219
vt 0.806583 0.787219
vt 0.863085 0.747525
vt 0.806583 0.747525
vt 0.542488 0.112959
vt 0.599036 0.107949
vt 0.599099 0.112940
vt 0.490397 0.984071
vt 0.490397 0.944377
vt 0.495387 0.984071
vt 0.495387 0.944377
vt 0.598840 0.157730
vt 0.542470 0.157523
vt 0.598921 0.152735
vt 0.542520 0.152539
vt 0.604095 0.113013
vt 0.603905 0.152762
vt 0.863085 0.704249
vt 0.806583 0.743943
vt 0.806583 0.704249
vt 0.803001 0.273669
vt 0.802811 0.313418
vt 0.447536 0.984071
vt 0.447536 0.944377
vt 0.452527 0.984071
vt 0.452527 0.944377
vt 0.638563 0.633843
vt 0.638356 0.690213
vt 0.633568 0.633762
vt 0.633371 0.690162
vt 0.084761 0.884293
vt 0.397096 0.425774
vt 0.512623 0.108125
vt 0.986868 0.417629
vt 0.986872 0.415525
vt 0.990773 0.417632
vt 0.993039 0.415525
vt 0.989407 0.122944
vt 0.986868 0.121175
vt 0.997538 0.121175
vt 0.501708 0.384658
vt 0.507541 0.984071
vt 0.507541 0.944377
vt 0.512531 0.984071
vt 0.512531 0.944377
vt 0.983285 0.592168
vt 0.926784 0.592168
vt 0.983285 0.587178
vt 0.926784 0.587178
vt 0.966478 0.890480
vt 0.926784 0.890480
vt 0.966478 0.885489
vt 0.926784 0.885489
vt 0.218171 0.940795
vt 0.218171 0.884293
vt 0.257865 0.940795
vt 0.257865 0.884293
vt 0.327528 0.984071
vt 0.327528 0.944377
vt 0.332518 0.984071
vt 0.332518 0.944377
vt 0.667332 0.585199
vt 0.610961 0.584992
vt 0.866700 0.780759
vt 0.737794 0.051551
vt 0.503959 0.944377
vt 0.542470 0.107970
vt 0.863085 0.743943
vt 0.321989 0.820627
vt 0.321967 0.764061
vt 0.326977 0.820609
vt 0.326959 0.763998
vt 0.173232 0.984071
vt 0.173232 0.944377
vt 0.178222 0.984071
vt 0.178222 0.944377
vt 0.371748 0.764257
vt 0.371541 0.820627
vt 0.366753 0.764176
vt 0.366557 0.820577
vt 0.327032 0.759002
vt 0.366780 0.759192
vt 0.564379 0.940795
vt 0.564379 0.884293
vt 0.604073 0.940795
vt 0.604073 0.884293
vt 0.158276 0.628588
vt 0.158297 0.685154
vt 0.153288 0.628606
vt 0.153306 0.685218
vt 0.966478 0.719039
vt 0.926784 0.719039
vt 0.966478 0.714049
vt 0.926784 0.714049
vt 0.108517 0.684958
vt 0.108724 0.628588
vt 0.113512 0.685040
vt 0.113708 0.628639
vt 0.153233 0.690213
vt 0.113484 0.690024
vt 0.863085 0.224631
vt 0.806583 0.224631
vt 0.863085 0.184937
vt 0.585179 0.693795
vt 0.585200 0.750361
vt 0.580190 0.693813
vt 0.580209 0.750425
vt 0.336100 0.984071
vt 0.336100 0.944377
vt 0.341090 0.984071
vt 0.341090 0.944377
vt 0.535419 0.750165
vt 0.535626 0.693795
vt 0.540414 0.750247
vt 0.540610 0.693846
vt 0.580135 0.755420
vt 0.540387 0.755231
vt 0.001791 0.880711
vt 0.001791 0.824209
vt 0.041485 0.880711
vt 0.041485 0.824209
vt 0.806583 0.184937
vt 0.741375 0.588803
vt 0.797942 0.588782
vt 0.741394 0.593791
vt 0.798005 0.593773
vt 0.966478 0.727611
vt 0.926784 0.727611
vt 0.966478 0.722621
vt 0.926784 0.722621
vt 0.797746 0.638562
vt 0.741376 0.638355
vt 0.797827 0.633567
vt 0.741426 0.633371
vt 0.803001 0.593846
vt 0.802811 0.633595
vt 0.304723 0.940795
vt 0.304723 0.884293
vt 0.344417 0.940795
vt 0.344417 0.884293
vt 0.604095 0.531248
vt 0.547529 0.531269
vt 0.604077 0.526260
vt 0.547465 0.526278
vt 0.061795 0.984071
vt 0.061795 0.944377
vt 0.066785 0.984071
vt 0.066785 0.944377
vt 0.547643 0.486484
vt 0.604095 0.481696
vt 0.604044 0.486680
vt 0.542470 0.526205
vt 0.542659 0.486456
vt 0.780759 0.940795
vt 0.780759 0.884293
vt 0.820453 0.940795
vt 0.820453 0.884293
vt 0.803001 0.691904
vt 0.746435 0.691925
vt 0.802983 0.686915
vt 0.746371 0.686934
vt 0.070367 0.984071
vt 0.070367 0.944377
vt 0.075357 0.984071
vt 0.075357 0.944377
vt 0.746630 0.642144
vt 0.803001 0.642351
vt 0.746549 0.647139
vt 0.802950 0.647336
vt 0.741375 0.686861
vt 0.741565 0.647112
vt 0.347999 0.940795
vt 0.347999 0.884293
vt 0.387693 0.940795
vt 0.387693 0.884293
vt 0.547725 0.481489
vt 0.604095 0.371160
vt 0.547529 0.371181
vt 0.604077 0.366171
vt 0.547465 0.366190
vt 0.198948 0.984071
vt 0.198948 0.944377
vt 0.203938 0.984071
vt 0.203938 0.944377
vt 0.547725 0.321400
vt 0.604095 0.321607
vt 0.547643 0.326395
vt 0.604044 0.326591
vt 0.542470 0.366117
vt 0.542659 0.326368
vt 0.347999 0.880711
vt 0.347999 0.824209
vt 0.387693 0.880711
vt 0.387693 0.824209
vt 0.211639 0.628588
vt 0.211660 0.685154
vt 0.206651 0.628606
vt 0.206669 0.685218
vt 0.413248 0.984071
vt 0.413248 0.944377
vt 0.418238 0.984071
vt 0.418238 0.944377
vt 0.161879 0.684958
vt 0.162086 0.628588
vt 0.166874 0.685040
vt 0.167071 0.628639
vt 0.206596 0.690213
vt 0.166847 0.690024
vt 0.923202 0.690625
vt 0.866700 0.690625
vt 0.923202 0.650931
vt 0.866700 0.650931
vt 0.108538 0.755420
vt 0.108516 0.698854
vt 0.113526 0.755402
vt 0.113508 0.698791
vt 0.966478 0.804759
vt 0.926784 0.804759
vt 0.966478 0.799769
vt 0.926784 0.799769
vt 0.158297 0.699050
vt 0.158090 0.755420
vt 0.153302 0.698969
vt 0.153106 0.755370
vt 0.113581 0.693795
vt 0.153329 0.693985
vt 0.045067 0.880711
vt 0.045067 0.824209
vt 0.084761 0.880711
vt 0.084761 0.824209
vt 0.741393 0.700517
vt 0.797942 0.695507
vt 0.798005 0.700498
vt 0.207520 0.984071
vt 0.207520 0.944377
vt 0.212510 0.984071
vt 0.212510 0.944377
vt 0.803001 0.700571
vt 0.802811 0.740320
vt 0.741426 0.740097
vt 0.923202 0.777177
vt 0.866700 0.777177
vt 0.923202 0.737483
vt 0.866700 0.737483
vt 0.741375 0.695528
vt 0.737794 0.158276
vt 0.681228 0.158297
vt 0.737776 0.153288
vt 0.078939 0.984071
vt 0.078939 0.944377
vt 0.083929 0.984071
vt 0.083929 0.944377
vt 0.681423 0.108517
vt 0.737794 0.108723
vt 0.681342 0.113512
vt 0.737743 0.113708
vt 0.676168 0.153233
vt 0.676358 0.113484
vt 0.681164 0.153306
vt 0.923202 0.733901
vt 0.866700 0.733901
vt 0.923202 0.694207
vt 0.866700 0.694207
vt 0.215263 0.690213
vt 0.215242 0.633647
vt 0.220252 0.690195
vt 0.220233 0.633584
vt 0.966478 0.813331
vt 0.926784 0.813331
vt 0.966478 0.808341
vt 0.926784 0.808341
vt 0.265023 0.633843
vt 0.264816 0.690213
vt 0.260028 0.633762
vt 0.259832 0.690162
vt 0.220306 0.628588
vt 0.260055 0.628778
vt 0.391275 0.880711
vt 0.391275 0.824209
vt 0.430969 0.880711
vt 0.430969 0.824209
vt 0.967473 0.955718
vt 0.956132 0.955718
vt 0.967473 0.944377
vt 0.956132 0.944377
vt 0.937627 0.955718
vt 0.926285 0.955718
vt 0.937627 0.944377
vt 0.926285 0.944377
vt 0.399100 0.504199
vt 0.487776 0.503661
vt 0.399089 0.508105
vt 0.487776 0.514982
vt 0.397221 0.515576
vt 0.396943 0.508388
vt 0.240586 0.534131
vt 0.251927 0.534131
vt 0.240586 0.624860
vt 0.251927 0.624860
vt 0.016715 0.379886
vt 0.016718 0.238892
vt 0.023922 0.384068
vt 0.028058 0.238888
vt 0.028058 0.384050
vt 0.393361 0.061483
vt 0.393361 0.072824
vt 0.248194 0.061483
vt 0.248194 0.072824
vt 0.780032 0.956486
vt 0.779629 0.949074
vt 0.787297 0.956172
vt 0.787297 0.945281
vt 0.776547 0.944377
vt 0.775636 0.948121
vt 0.502206 0.280310
vt 0.398243 0.278686
vt 0.504275 0.276701
vt 0.396943 0.276701
vt 0.405502 0.064143
vt 0.513425 0.064143
vt 0.512622 0.066266
vt 0.397453 0.281369
vt 0.396943 0.066162
vt 0.986868 0.260119
vt 0.995260 0.260119
vt 0.994760 0.264630
vt 0.992662 0.264392
vt 0.991711 0.325637
vt 0.993750 0.326312
vt 0.990841 0.328365
vt 0.992934 0.330369
vt 0.987135 0.330369
vt 0.986868 0.328648
vt 0.061513 0.624861
vt 0.061509 0.534132
vt 0.071074 0.624861
vt 0.072850 0.534131
vt 0.397096 0.500481
vt 0.399359 0.502606
vt 0.860777 0.944377
vt 0.860957 0.948326
vt 0.851281 0.944525
vt 0.851281 0.955701
vt 0.862461 0.955897
vt 0.862752 0.948493
vt 0.165970 0.534131
vt 0.177311 0.534131
vt 0.165970 0.624860
vt 0.177311 0.624860
vt 0.512622 0.205281
vt 0.396943 0.205281
vt 0.512623 0.200744
vt 0.396943 0.200744
vt 0.993038 0.379470
vt 0.986868 0.379470
vt 0.993038 0.374933
vt 0.986868 0.374933
vt 0.512623 0.156885
vt 0.512623 0.163055
vt 0.396943 0.156885
vt 0.396943 0.163055
vt 0.986868 0.423317
vt 0.986872 0.421214
vt 0.990773 0.423320
vt 0.993039 0.421214
vt 0.972599 0.938690
vt 0.970060 0.936921
vt 0.980730 0.936921
vt 0.407367 0.256618
vt 0.396943 0.254350
vt 0.512620 0.254350
vt 0.512133 0.256618
vt 0.512623 0.256611
vt 0.501708 0.362207
vt 0.501708 0.366108
vt 0.396943 0.362207
vt 0.396943 0.366108
vt 0.011226 0.178510
vt 0.156323 0.178510
vt 0.015324 0.185956
vt 0.156350 0.189847
vt 0.015356 0.189859
vt 0.011097 0.185801
vt 0.076414 0.238888
vt 0.087755 0.238888
vt 0.076413 0.384055
vt 0.087755 0.384055
vt 0.992539 0.473263
vt 0.986868 0.473263
vt 0.992539 0.467592
vt 0.986868 0.467592
vt 0.992538 0.476845
vt 0.992538 0.482515
vt 0.986868 0.476845
vt 0.986868 0.482515
vt 0.538888 0.007462
vt 0.396943 0.007462
vt 0.538888 0.001791
vt 0.396943 0.001791
vt 0.348727 0.387650
vt 0.354397 0.387650
vt 0.354397 0.529594
vt 0.348727 0.529594
vt 0.045785 0.529595
vt 0.045785 0.387665
vt 0.051456 0.529611
vt 0.051455 0.387650
vt 0.081301 0.387650
vt 0.086973 0.387665
vt 0.086973 0.529595
vt 0.081303 0.529611
vt 0.057126 0.529595
vt 0.057126 0.387665
vt 0.075631 0.387665
vt 0.075631 0.529595
vt 0.228444 0.529594
vt 0.228444 0.387650
vt 0.234114 0.529595
vt 0.234114 0.387650
vt 0.237696 0.387650
vt 0.243367 0.387650
vt 0.243367 0.529595
vt 0.237696 0.529594
vt 0.644587 0.981154
vt 0.639597 0.944377
vt 0.644587 0.944377
vt 0.240759 0.091002
vt 0.992538 0.569370
vt 0.992538 0.575040
vt 0.986868 0.569370
vt 0.986868 0.575040
vt 0.391273 0.250579
vt 0.244612 0.001845
vt 0.797746 0.745288
vt 0.741375 0.745081
vt 0.797827 0.740293
vt 0.672586 0.211639
vt 0.616020 0.211660
vt 0.672569 0.206650
vt 0.615957 0.206669
vt 0.456109 0.984071
vt 0.456109 0.944377
vt 0.461099 0.984071
vt 0.461099 0.944377
vt 0.616216 0.161879
vt 0.672586 0.162086
vt 0.616135 0.166874
vt 0.672536 0.167070
vt 0.610961 0.206596
vt 0.611151 0.166847
vt 0.434551 0.880711
vt 0.434551 0.824209
vt 0.474245 0.880711
vt 0.474245 0.824209
vt 0.863118 0.041495
vt 0.806610 0.046506
vt 0.806583 0.041516
vt 0.966478 0.830475
vt 0.926784 0.830475
vt 0.966478 0.825485
vt 0.926784 0.825485
vt 0.983286 0.575024
vt 0.926784 0.575024
vt 0.983286 0.570034
vt 0.926784 0.570034
vt 0.550401 0.984071
vt 0.550401 0.944377
vt 0.555391 0.984071
vt 0.555391 0.944377
vt 0.806637 0.001791
vt 0.863101 0.001832
vt 0.477827 0.880711
vt 0.477827 0.824209
vt 0.517521 0.880711
vt 0.517521 0.824209
vt 0.610961 0.321989
vt 0.667527 0.321968
vt 0.610979 0.326977
vt 0.667591 0.326959
vt 0.966478 0.839047
vt 0.926784 0.839047
vt 0.966478 0.834057
vt 0.926784 0.834057
vt 0.667332 0.371748
vt 0.610961 0.371541
vt 0.667413 0.366753
vt 0.611012 0.366557
vt 0.672586 0.327032
vt 0.672397 0.366781
vt 0.863085 0.484287
vt 0.806583 0.484287
vt 0.863085 0.444593
vt 0.806583 0.444593
vt 0.737794 0.211639
vt 0.681228 0.211660
vt 0.737776 0.206650
vt 0.681164 0.206669
vt 0.087511 0.984071
vt 0.087511 0.944377
vt 0.092501 0.984071
vt 0.092501 0.944377
vt 0.681423 0.161879
vt 0.737794 0.162086
vt 0.681342 0.166874
vt 0.737743 0.167070
vt 0.676168 0.206596
vt 0.676358 0.166847
vt 0.174895 0.940795
vt 0.174895 0.884293
vt 0.214589 0.940795
vt 0.214589 0.884293
vt 0.672587 0.425090
vt 0.616020 0.425111
vt 0.672569 0.420102
vt 0.615957 0.420120
vt 0.267524 0.984071
vt 0.267524 0.944377
vt 0.272514 0.984071
vt 0.272514 0.944377
vt 0.616216 0.375330
vt 0.672587 0.375537
vt 0.616135 0.380325
vt 0.672536 0.380522
vt 0.610961 0.420047
vt 0.611151 0.380298
vt 0.521103 0.880711
vt 0.521103 0.824209
vt 0.560797 0.880711
vt 0.560797 0.824209
vt 0.737794 0.478453
vt 0.681227 0.478474
vt 0.737776 0.473464
vt 0.681164 0.473483
vt 0.966478 0.847619
vt 0.926784 0.847619
vt 0.966478 0.842629
vt 0.926784 0.842629
vt 0.681423 0.428693
vt 0.737794 0.428900
vt 0.681342 0.433688
vt 0.737743 0.433884
vt 0.676168 0.473410
vt 0.676358 0.433661
vt 0.863085 0.527563
vt 0.806583 0.527563
vt 0.863085 0.487869
vt 0.806583 0.487869
vt 0.531816 0.693795
vt 0.531837 0.750361
vt 0.526827 0.693813
vt 0.526846 0.750425
vt 0.966478 0.736183
vt 0.926784 0.736183
vt 0.966478 0.731193
vt 0.926784 0.731193
vt 0.482056 0.750165
vt 0.482263 0.693795
vt 0.487051 0.750247
vt 0.487247 0.693846
vt 0.526773 0.755420
vt 0.487024 0.755231
vt 0.434551 0.940795
vt 0.434551 0.884293
vt 0.474245 0.940795
vt 0.474245 0.884293
vt 0.604095 0.211072
vt 0.547529 0.211093
vt 0.604077 0.206083
vt 0.547465 0.206102
vt 0.464681 0.984071
vt 0.464681 0.944377
vt 0.469671 0.984071
vt 0.469671 0.944377
vt 0.547725 0.161312
vt 0.604095 0.161519
vt 0.547643 0.166307
vt 0.604044 0.166503
vt 0.542470 0.206028
vt 0.542659 0.166280
vt 0.564379 0.880711
vt 0.564379 0.824209
vt 0.604073 0.880711
vt 0.604073 0.824209
vt 0.604095 0.584611
vt 0.547529 0.584632
vt 0.604077 0.579623
vt 0.547465 0.579641
vt 0.027507 0.984071
vt 0.027507 0.944377
vt 0.032497 0.984071
vt 0.032497 0.944377
vt 0.547724 0.534851
vt 0.604095 0.535058
vt 0.547643 0.539846
vt 0.604044 0.540042
vt 0.542470 0.579568
vt 0.542659 0.539819
vt 0.863085 0.700667
vt 0.806583 0.700667
vt 0.863085 0.660973
vt 0.806583 0.660973
vt 0.001812 0.820627
vt 0.001791 0.764061
vt 0.006801 0.820609
vt 0.006782 0.763998
vt 0.216092 0.984071
vt 0.216092 0.944377
vt 0.221082 0.984071
vt 0.221082 0.944377
vt 0.051572 0.764257
vt 0.051365 0.820627
vt 0.046577 0.764176
vt 0.046381 0.820577
vt 0.006855 0.759002
vt 0.046604 0.759192
vt 0.983286 0.171313
vt 0.926784 0.171313
vt 0.983286 0.131619
vt 0.926784 0.131619
vt 0.268626 0.690213
vt 0.268605 0.633647
vt 0.273615 0.690195
vt 0.273596 0.633584
vt 0.344672 0.984071
vt 0.344672 0.944377
vt 0.349662 0.984071
vt 0.349662 0.944377
vt 0.318386 0.633843
vt 0.318179 0.690213
vt 0.313391 0.633762
vt 0.313195 0.690162
vt 0.273669 0.628588
vt 0.313418 0.628778
vt 0.607655 0.880711
vt 0.607655 0.824209
vt 0.647349 0.880711
vt 0.647349 0.824209
vt 0.737794 0.531816
vt 0.681227 0.531837
vt 0.737776 0.526827
vt 0.681164 0.526846
vt 0.966478 0.899051
vt 0.926784 0.899051
vt 0.966478 0.894061
vt 0.926784 0.894061
vt 0.681423 0.482056
vt 0.737794 0.482263
vt 0.681342 0.487051
vt 0.737743 0.487247
vt 0.676168 0.526773
vt 0.676358 0.487024
vt 0.174895 0.880711
vt 0.174895 0.824209
vt 0.214589 0.880711
vt 0.214589 0.824209
vt 0.425090 0.759002
vt 0.425111 0.815568
vt 0.420101 0.759020
vt 0.420120 0.815632
vt 0.353244 0.984071
vt 0.353244 0.944377
vt 0.358234 0.984071
vt 0.358234 0.944377
vt 0.375330 0.815372
vt 0.375537 0.759002
vt 0.380325 0.815454
vt 0.380521 0.759053
vt 0.420047 0.820627
vt 0.380298 0.820438
vt 0.983286 0.214589
vt 0.926784 0.214589
vt 0.983286 0.174895
vt 0.926784 0.174895
vt 0.672586 0.478453
vt 0.616020 0.478474
vt 0.672569 0.473464
vt 0.615957 0.473483
vt 0.421820 0.984071
vt 0.421820 0.944377
vt 0.426810 0.984071
vt 0.426810 0.944377
vt 0.616216 0.428693
vt 0.672586 0.428900
vt 0.616135 0.433688
vt 0.672536 0.433884
vt 0.610961 0.473410
vt 0.611151 0.433661
vt 0.824035 0.940795
vt 0.824035 0.884293
vt 0.863729 0.940795
vt 0.863729 0.884293
vt 0.676168 0.535440
vt 0.732735 0.535419
vt 0.676186 0.540428
vt 0.732798 0.540410
vt 0.010363 0.984071
vt 0.010363 0.944377
vt 0.015353 0.984071
vt 0.015353 0.944377
vt 0.732539 0.585200
vt 0.676168 0.584993
vt 0.732620 0.580205
vt 0.676219 0.580008
vt 0.737794 0.540483
vt 0.737604 0.580232
vt 0.218171 0.880711
vt 0.218171 0.824209
vt 0.257865 0.880711
vt 0.257865 0.824209
vt 0.998209 0.087747
vt 0.986868 0.087747
vt 0.998209 0.076406
vt 0.986868 0.076406
vt 0.998209 0.117594
vt 0.986868 0.117594
vt 0.998209 0.106252
vt 0.986868 0.106252
vt 0.399100 0.485522
vt 0.487776 0.484984
vt 0.399089 0.489428
vt 0.487776 0.496305
vt 0.397221 0.496899
vt 0.396943 0.489711
vt 0.106278 0.534131
vt 0.117619 0.534131
vt 0.106278 0.624860
vt 0.117619 0.624860
vt 0.057907 0.243070
vt 0.057904 0.384064
vt 0.050700 0.238888
vt 0.046564 0.384068
vt 0.046564 0.238906
vt 0.165952 0.238888
vt 0.177293 0.238888
vt 0.165952 0.384055
vt 0.177293 0.384055
vt 0.767658 0.944377
vt 0.768061 0.951789
vt 0.760393 0.944691
vt 0.760393 0.955582
vt 0.771144 0.956486
vt 0.772054 0.952742
vt 0.502206 0.263810
vt 0.398243 0.262186
vt 0.504275 0.260200
vt 0.396943 0.260200
vt 0.405502 0.075553
vt 0.513425 0.075553
vt 0.512622 0.077676
vt 0.397453 0.264869
vt 0.396943 0.077572
vt 0.995260 0.224163
vt 0.986868 0.224163
vt 0.987368 0.219652
vt 0.989466 0.219890
vt 0.991711 0.333951
vt 0.993750 0.334626
vt 0.990841 0.336679
vt 0.992934 0.338682
vt 0.987135 0.338682
vt 0.986868 0.336962
vt 0.091355 0.624860
vt 0.091355 0.534131
vt 0.100916 0.624861
vt 0.102696 0.534131
vt 0.397096 0.481805
vt 0.399359 0.483929
vt 0.823150 0.955897
vt 0.822970 0.951948
vt 0.832646 0.955749
vt 0.832646 0.944572
vt 0.821466 0.944377
vt 0.821175 0.951781
vt 0.285355 0.534131
vt 0.296696 0.534131
vt 0.285355 0.624860
vt 0.296696 0.624860
vt 0.512623 0.180925
vt 0.396943 0.180925
vt 0.512623 0.176389
vt 0.396943 0.176389
vt 0.993038 0.387588
vt 0.986868 0.387588
vt 0.993038 0.383052
vt 0.986868 0.383052
vt 0.396943 0.153303
vt 0.396943 0.147133
vt 0.512623 0.153303
vt 0.512623 0.147133
vt 0.994541 0.135930
vt 0.996557 0.135947
vt 0.994745 0.139946
vt 0.997239 0.141753
vt 0.986868 0.141753
vt 0.502199 0.225099
vt 0.512624 0.227368
vt 0.396946 0.227368
vt 0.397433 0.225099
vt 0.396943 0.225107
vt 0.501708 0.399625
vt 0.501708 0.403527
vt 0.396943 0.399625
vt 0.396943 0.403527
vt 0.011226 0.133717
vt 0.156323 0.133717
vt 0.015324 0.141163
vt 0.156350 0.145054
vt 0.015356 0.145066
vt 0.011097 0.141008
vt 0.147447 0.384055
vt 0.136106 0.384055
vt 0.147447 0.238888
vt 0.136106 0.238888
vt 0.992538 0.464010
vt 0.986868 0.464010
vt 0.992539 0.458339
vt 0.986868 0.458339
vt 0.992538 0.523107
vt 0.992538 0.528778
vt 0.986868 0.523107
vt 0.986868 0.528778
vt 0.538888 0.016714
vt 0.396943 0.016714
vt 0.538888 0.011043
vt 0.396943 0.011044
vt 0.363650 0.529594
vt 0.357979 0.529594
vt 0.357979 0.387650
vt 0.363650 0.387650
vt 0.195016 0.529595
vt 0.195016 0.387665
vt 0.200687 0.529611
vt 0.200686 0.387650
vt 0.111147 0.387650
vt 0.116819 0.387665
vt 0.116819 0.529595
vt 0.111149 0.529611
vt 0.206357 0.529595
vt 0.206357 0.387665
vt 0.105478 0.387665
vt 0.105478 0.529595
vt 0.283959 0.529594
vt 0.283959 0.387650
vt 0.289630 0.529594
vt 0.289630 0.387650
vt 0.209939 0.387650
vt 0.215609 0.387650
vt 0.215609 0.529595
vt 0.209939 0.529595
vt 0.996384 0.182646
vt 0.990710 0.188315
vt 0.992633 0.182647
vt 0.990712 0.184902
vt 0.986868 0.182646
vt 0.996387 0.188312
vt 0.361816 0.984071
vt 0.361816 0.944377
vt 0.366806 0.981154
vt 0.629149 0.764023
vt 0.665891 0.759002
vt 0.665919 0.763992
vt 0.983286 0.616297
vt 0.926784 0.616297
vt 0.983286 0.611836
vt 0.926784 0.611836
vt 0.391273 0.352026
vt 0.334759 0.352027
vt 0.391261 0.348273
vt 0.248194 0.348273
vt 0.154181 0.057573
vt 0.240759 0.061328
vt 0.240751 0.063244
vt 0.011106 0.063244
vt 0.011097 0.057574
vt 0.992538 0.578622
vt 0.992538 0.584293
vt 0.986868 0.578622
vt 0.986868 0.584293
vt 0.248218 0.114395
vt 0.391276 0.114399
vt 0.248194 0.120066
vt 0.391285 0.120068
vt 0.248194 0.213569
vt 0.248194 0.207899
vt 0.391273 0.207899
vt 0.391273 0.213569
vt 0.248202 0.123476
vt 0.304712 0.123476
vt 0.240765 0.041360
vt 0.154177 0.044738
vt 0.240750 0.039099
vt 0.011108 0.039014
vt 0.011097 0.044685
vt 0.391273 0.278337
vt 0.248194 0.278337
vt 0.391273 0.272666
vt 0.248194 0.272666
vt 0.391273 0.161636
vt 0.391273 0.167307
vt 0.248194 0.167307
vt 0.248194 0.161636
vt 0.244612 0.039014
vt 0.570875 0.984071
vt 0.567545 0.982113
vt 0.570875 0.944377
vt 0.596834 0.982260
vt 0.596834 0.944377
vt 0.601805 0.981821
vt 0.598572 0.945187
vt 0.863118 0.046485
vt 0.629149 0.820507
vt 0.665934 0.820512
vt 0.998209 0.091329
vt 0.998209 0.102670
vt 0.986868 0.091329
vt 0.986868 0.102670
vt 0.998209 0.013132
vt 0.986868 0.013132
vt 0.998209 0.001791
vt 0.986868 0.001791
vt 0.180875 0.238888
vt 0.192216 0.238888
vt 0.180875 0.384055
vt 0.192216 0.384055
vt 0.248194 0.013132
vt 0.248194 0.001791
vt 0.393361 0.013132
vt 0.393361 0.001791
vt 0.121201 0.534131
vt 0.132542 0.534131
vt 0.121201 0.624860
vt 0.132542 0.624860
vt 0.225662 0.534131
vt 0.237004 0.534131
vt 0.225662 0.624860
vt 0.670496 0.962802
vt 0.675752 0.957857
vt 0.672655 0.964394
vt 0.680669 0.958775
vt 0.679462 0.949752
vt 0.675335 0.950213
vt 0.672307 0.944377
vt 0.670496 0.945443
vt 0.988979 0.288988
vt 0.986868 0.288993
vt 0.995209 0.285379
vt 0.986868 0.284454
vt 0.405509 0.047123
vt 0.396943 0.045137
vt 0.514053 0.045137
vt 0.512650 0.047890
vt 0.504275 0.273119
vt 0.396943 0.273119
vt 0.398243 0.271133
vt 0.502206 0.269510
vt 0.397453 0.268451
vt 0.986868 0.440100
vt 0.986868 0.438277
vt 0.993038 0.440100
vt 0.993038 0.438276
vt 0.396943 0.519192
vt 0.485588 0.522071
vt 0.396943 0.530515
vt 0.485577 0.528249
vt 0.487569 0.530525
vt 0.487817 0.528501
vt 0.487563 0.519158
vt 0.487818 0.521776
vt 0.695875 0.954021
vt 0.695223 0.956508
vt 0.694059 0.953390
vt 0.684251 0.956036
vt 0.684251 0.945217
vt 0.693748 0.946894
vt 0.694828 0.944377
vt 0.695545 0.946124
vt 0.255509 0.534131
vt 0.266850 0.534131
vt 0.255509 0.624860
vt 0.266850 0.624860
vt 0.396943 0.358625
vt 0.396943 0.352454
vt 0.501708 0.358625
vt 0.501708 0.352454
vt 0.993038 0.429007
vt 0.986868 0.429007
vt 0.993038 0.426902
vt 0.986868 0.426902
vt 0.502206 0.321561
vt 0.398243 0.319937
vt 0.504275 0.317952
vt 0.396943 0.317952
vt 0.505487 0.059794
vt 0.398346 0.060561
vt 0.396943 0.057807
vt 0.397453 0.322620
vt 0.514053 0.057807
vt 0.993038 0.355114
vt 0.986868 0.355114
vt 0.993038 0.350578
vt 0.986868 0.350578
vt 0.512623 0.137381
vt 0.512623 0.143551
vt 0.396943 0.137381
vt 0.396943 0.143551
vt 0.156179 0.130135
vt 0.011117 0.130107
vt 0.152151 0.127225
vt 0.011097 0.118777
vt 0.152140 0.123513
vt 0.156195 0.118777
vt 0.156320 0.120924
vt 0.156499 0.127455
vt 0.117601 0.384055
vt 0.106260 0.384055
vt 0.117601 0.238888
vt 0.106260 0.238888
vt 0.610961 0.482077
vt 0.667527 0.482056
vt 0.610979 0.487066
vt 0.667591 0.487047
vt 0.224664 0.984071
vt 0.224664 0.944377
vt 0.229654 0.984071
vt 0.229654 0.944377
vt 0.667413 0.526842
vt 0.610961 0.531630
vt 0.611012 0.526646
vt 0.672586 0.487120
vt 0.672397 0.526869
vt 0.650931 0.880711
vt 0.650931 0.824209
vt 0.690625 0.880711
vt 0.690625 0.824209
vt 0.992538 0.491768
vt 0.986868 0.491768
vt 0.992539 0.486097
vt 0.986868 0.486097
vt 0.992539 0.449087
vt 0.992538 0.454758
vt 0.986868 0.449087
vt 0.986868 0.454758
vt 0.367232 0.529594
vt 0.367232 0.387650
vt 0.372902 0.529594
vt 0.372902 0.387650
vt 0.298882 0.529595
vt 0.293212 0.529594
vt 0.293212 0.387650
vt 0.298882 0.387650
vt 0.180093 0.529595
vt 0.180093 0.387665
vt 0.185764 0.529611
vt 0.185763 0.387650
vt 0.155918 0.529611
vt 0.150247 0.529595
vt 0.150247 0.387665
vt 0.155917 0.387650
vt 0.191434 0.529595
vt 0.191434 0.387665
vt 0.161588 0.529595
vt 0.161588 0.387665
vt 0.246949 0.529594
vt 0.246949 0.387650
vt 0.252620 0.529595
vt 0.252620 0.387650
vt 0.271125 0.529595
vt 0.265454 0.529595
vt 0.265454 0.387650
vt 0.271125 0.387650
vt 0.104914 0.693795
vt 0.104935 0.750361
vt 0.099925 0.693813
vt 0.099943 0.750425
vt 0.966478 0.933340
vt 0.926784 0.933340
vt 0.966478 0.928349
vt 0.926784 0.928349
vt 0.055154 0.750165
vt 0.055361 0.693795
vt 0.060149 0.750247
vt 0.060345 0.693846
vt 0.099870 0.755420
vt 0.060122 0.755231
vt 0.694207 0.880711
vt 0.694207 0.824209
vt 0.733901 0.880711
vt 0.733901 0.824209
vt 0.425090 0.628588
vt 0.425111 0.685154
vt 0.420102 0.628606
vt 0.420120 0.685218
vt 0.096083 0.984071
vt 0.096083 0.944377
vt 0.101073 0.984071
vt 0.101073 0.944377
vt 0.375331 0.684958
vt 0.375538 0.628588
vt 0.380326 0.685040
vt 0.380522 0.628639
vt 0.420047 0.690213
vt 0.380298 0.690024
vt 0.737483 0.880711
vt 0.737483 0.824209
vt 0.777177 0.880711
vt 0.777177 0.824209
vt 0.737776 0.633553
vt 0.681227 0.638562
vt 0.681164 0.633571
vt 0.370388 0.984071
vt 0.370388 0.944377
vt 0.375378 0.984071
vt 0.375378 0.944377
vt 0.681423 0.588781
vt 0.737794 0.588988
vt 0.681342 0.593776
vt 0.737743 0.593973
vt 0.676168 0.633498
vt 0.676358 0.593749
vt 0.104655 0.984071
vt 0.104655 0.944377
vt 0.109646 0.984071
vt 0.598840 0.424544
vt 0.542470 0.424337
vt 0.598921 0.419549
vt 0.542520 0.419353
vt 0.604095 0.379827
vt 0.603905 0.419576
vt 0.599099 0.379754
vt 0.863085 0.441011
vt 0.806583 0.441011
vt 0.863085 0.401317
vt 0.806583 0.401317
vt 0.986870 0.169812
vt 0.992544 0.164143
vt 0.990621 0.169811
vt 0.992543 0.167556
vt 0.996387 0.169812
vt 0.986868 0.164146
vt 0.602403 0.046407
vt 0.602226 0.006778
vt 0.607379 0.043403
vt 0.653159 0.981154
vt 0.648169 0.944377
vt 0.653159 0.944377
vt 0.602399 0.050870
vt 0.545833 0.051004
vt 0.545799 0.046545
vt 0.391273 0.337354
vt 0.334759 0.337355
vt 0.391261 0.333601
vt 0.248194 0.333601
vt 0.154181 0.048320
vt 0.240760 0.052075
vt 0.240751 0.053991
vt 0.011106 0.053991
vt 0.011097 0.048321
vt 0.992538 0.587875
vt 0.992538 0.593545
vt 0.986868 0.587875
vt 0.986868 0.593545
vt 0.391261 0.136139
vt 0.248204 0.136135
vt 0.391285 0.130467
vt 0.248194 0.130466
vt 0.391273 0.217151
vt 0.391273 0.222822
vt 0.248194 0.222822
vt 0.391277 0.127058
vt 0.334768 0.127058
vt 0.014944 0.033087
vt 0.101532 0.029709
vt 0.014959 0.035348
vt 0.244601 0.035433
vt 0.244612 0.029762
vt 0.391273 0.176559
vt 0.248194 0.176559
vt 0.391273 0.170889
vt 0.248194 0.170889
vt 0.248194 0.241327
vt 0.248194 0.235656
vt 0.391273 0.235656
vt 0.391273 0.241327
vt 0.011097 0.035433
vt 0.542470 0.044544
vt 0.545817 0.006784
vt 0.605387 0.982260
vt 0.605387 0.944377
vt 0.610357 0.981821
vt 0.607124 0.945187
vt 0.545855 0.001791
vt 0.602230 0.001791
vt 0.152094 0.234645
vt 0.011100 0.234642
vt 0.156276 0.227438
vt 0.011097 0.223303
vt 0.156259 0.223303
vt 0.399100 0.466846
vt 0.487776 0.466307
vt 0.399089 0.470751
vt 0.487776 0.477629
vt 0.397221 0.478223
vt 0.396943 0.471035
vt 0.734303 0.956486
vt 0.733900 0.949074
vt 0.741568 0.956172
vt 0.741568 0.945281
vt 0.730817 0.944377
vt 0.729907 0.948121
vt 0.399012 0.310761
vt 0.502975 0.312384
vt 0.396943 0.314370
vt 0.504275 0.314370
vt 0.405502 0.086963
vt 0.513425 0.086963
vt 0.512622 0.089086
vt 0.503765 0.309702
vt 0.396943 0.088982
vt 0.995260 0.256537
vt 0.986868 0.256537
vt 0.987368 0.252025
vt 0.989466 0.252264
vt 0.991711 0.342264
vt 0.993750 0.342940
vt 0.990841 0.344993
vt 0.992934 0.346996
vt 0.987135 0.346996
vt 0.986868 0.345275
vt 0.016744 0.624861
vt 0.016740 0.534132
vt 0.026305 0.624861
vt 0.028081 0.534131
vt 0.397096 0.463128
vt 0.399359 0.465252
vt 0.875830 0.944377
vt 0.876010 0.948326
vt 0.866334 0.944525
vt 0.866334 0.955701
vt 0.877514 0.955897
vt 0.877805 0.948493
vt 0.237004 0.624860
vt 0.512623 0.189044
vt 0.396943 0.189044
vt 0.512623 0.184507
vt 0.396943 0.184507
vt 0.993038 0.411943
vt 0.986868 0.411943
vt 0.993038 0.407407
vt 0.986868 0.407407
vt 0.512623 0.117877
vt 0.512623 0.124047
vt 0.396943 0.117877
vt 0.396943 0.124047
vt 0.994541 0.154739
vt 0.996557 0.154756
vt 0.994745 0.158754
vt 0.997238 0.160561
vt 0.986868 0.160561
vt 0.407368 0.239068
vt 0.396943 0.236800
vt 0.512621 0.236800
vt 0.512134 0.239068
vt 0.512624 0.239060
vt 0.501708 0.369690
vt 0.501708 0.373592
vt 0.396943 0.369690
vt 0.396943 0.373592
vt 0.011226 0.148648
vt 0.156323 0.148648
vt 0.015324 0.156094
vt 0.156350 0.159985
vt 0.015356 0.159997
vt 0.011097 0.155939
vt 0.158276 0.759002
vt 0.158297 0.815568
vt 0.153288 0.759020
vt 0.153306 0.815632
vt 0.966478 0.851201
vt 0.926784 0.856191
vt 0.926784 0.851201
vt 0.108516 0.815373
vt 0.108723 0.759002
vt 0.113511 0.815454
vt 0.113708 0.759053
vt 0.153233 0.820627
vt 0.113484 0.820438
vt 0.863085 0.311183
vt 0.806583 0.311183
vt 0.863085 0.271489
vt 0.806583 0.271489
vt 0.542470 0.374784
vt 0.599036 0.374763
vt 0.542488 0.379773
vt 0.109646 0.944377
vt 0.535440 0.820627
vt 0.535419 0.764061
vt 0.540428 0.820609
vt 0.540410 0.763998
vt 0.233236 0.984071
vt 0.233236 0.944377
vt 0.238226 0.984071
vt 0.238226 0.944377
vt 0.585200 0.764257
vt 0.584993 0.820627
vt 0.580205 0.764176
vt 0.580008 0.820577
vt 0.540483 0.759002
vt 0.580232 0.759192
vt 0.391275 0.940795
vt 0.391275 0.884293
vt 0.430969 0.940795
vt 0.430969 0.884293
vt 0.737794 0.318365
vt 0.681227 0.318386
vt 0.737776 0.313376
vt 0.681164 0.313395
vt 0.276096 0.984071
vt 0.276096 0.944377
vt 0.281086 0.984071
vt 0.281086 0.944377
vt 0.681423 0.268605
vt 0.737794 0.268812
vt 0.681342 0.273600
vt 0.737743 0.273796
vt 0.676168 0.313321
vt 0.676358 0.273573
vt 0.780759 0.880711
vt 0.780759 0.824209
vt 0.820453 0.880711
vt 0.820453 0.824209
vt 0.672586 0.265002
vt 0.616020 0.265023
vt 0.672569 0.260013
vt 0.615957 0.260032
vt 0.533257 0.984071
vt 0.533257 0.944377
vt 0.538247 0.984071
vt 0.538247 0.944377
vt 0.616216 0.215242
vt 0.672586 0.215449
vt 0.616135 0.220237
vt 0.672536 0.220433
vt 0.610961 0.259959
vt 0.611151 0.220210
vt 0.088343 0.880711
vt 0.088343 0.824209
vt 0.128037 0.880711
vt 0.128037 0.824209
vt 0.741375 0.321989
vt 0.797942 0.321968
vt 0.741393 0.326977
vt 0.798005 0.326959
vt 0.241808 0.984071
vt 0.241808 0.944377
vt 0.246798 0.984071
vt 0.246798 0.944377
vt 0.797746 0.371749
vt 0.741375 0.371542
vt 0.797827 0.366754
vt 0.741426 0.366557
vt 0.803001 0.327032
vt 0.802811 0.366781
vt 0.923202 0.041485
vt 0.866700 0.041485
vt 0.923202 0.001791
vt 0.866700 0.001791
vt 0.863116 0.094803
vt 0.806609 0.094803
vt 0.863118 0.089813
vt 0.806583 0.089813
vt 0.966478 0.881907
vt 0.926784 0.881907
vt 0.966478 0.876917
vt 0.926784 0.876917
vt 0.983286 0.583596
vt 0.926784 0.583596
vt 0.983286 0.578606
vt 0.926784 0.578606
vt 0.966478 0.744755
vt 0.926784 0.744755
vt 0.966478 0.739765
vt 0.926784 0.739765
vt 0.806652 0.050088
vt 0.863116 0.050150
vt 0.983286 0.257865
vt 0.926784 0.257865
vt 0.983286 0.218171
vt 0.926784 0.218171
vt 0.737794 0.371727
vt 0.681227 0.371748
vt 0.737776 0.366739
vt 0.681164 0.366757
vt 0.516113 0.984071
vt 0.516113 0.944377
vt 0.521103 0.984071
vt 0.521103 0.944377
vt 0.681423 0.321968
vt 0.737794 0.322175
vt 0.681342 0.326963
vt 0.737743 0.327159
vt 0.676168 0.366684
vt 0.676358 0.326936
vt 0.923202 0.084761
vt 0.866700 0.084761
vt 0.923202 0.045067
vt 0.866700 0.045067
vt 0.998209 0.028055
vt 0.986868 0.028055
vt 0.998209 0.016714
vt 0.986868 0.016714
vt 0.998209 0.046560
vt 0.998209 0.057901
vt 0.986868 0.046560
vt 0.986868 0.057901
vt 0.485619 0.455828
vt 0.396943 0.456366
vt 0.485630 0.451922
vt 0.396943 0.445045
vt 0.487498 0.444451
vt 0.487776 0.451639
vt 0.281773 0.624860
vt 0.270432 0.624860
vt 0.281773 0.534131
vt 0.270432 0.534131
vt 0.042983 0.243070
vt 0.042980 0.384064
vt 0.035776 0.238888
vt 0.031640 0.384068
vt 0.031640 0.238906
vt 0.248194 0.028055
vt 0.248194 0.016714
vt 0.393361 0.028055
vt 0.393361 0.016714
vt 0.795275 0.956486
vt 0.794872 0.949074
vt 0.802540 0.956172
vt 0.802540 0.945281
vt 0.791790 0.944377
vt 0.790879 0.948121
vt 0.502206 0.329811
vt 0.398243 0.328187
vt 0.504275 0.326202
vt 0.396943 0.326202
vt 0.505487 0.053458
vt 0.398346 0.054225
vt 0.396943 0.051472
vt 0.397453 0.330870
vt 0.514053 0.051472
vt 0.995260 0.232257
vt 0.986868 0.232257
vt 0.987368 0.227745
vt 0.989466 0.227983
vt 0.991711 0.317324
vt 0.993751 0.317999
vt 0.990841 0.320052
vt 0.992934 0.322055
vt 0.987135 0.322055
vt 0.986868 0.320335
vt 0.046590 0.624861
vt 0.046586 0.534132
vt 0.056151 0.624861
vt 0.057927 0.534131
vt 0.487623 0.459546
vt 0.485360 0.457421
vt 0.815618 0.944377
vt 0.815798 0.948326
vt 0.806122 0.944525
vt 0.806122 0.955701
vt 0.817303 0.955897
vt 0.817593 0.948493
vt 0.341465 0.624860
vt 0.330124 0.624860
vt 0.341465 0.534131
vt 0.330124 0.534131
vt 0.512622 0.221517
vt 0.396943 0.221517
vt 0.512622 0.216981
vt 0.396943 0.216981
vt 0.993038 0.403825
vt 0.986868 0.403825
vt 0.993038 0.399288
vt 0.986868 0.399288
vt 0.396943 0.133799
vt 0.396943 0.127629
vt 0.512623 0.133799
vt 0.512623 0.127629
vt 0.994541 0.126526
vt 0.996557 0.126543
vt 0.994745 0.130541
vt 0.997239 0.132348
vt 0.986868 0.132348
vt 0.407368 0.250768
vt 0.396943 0.248500
vt 0.512621 0.248500
vt 0.512134 0.250768
vt 0.512624 0.250761
vt 0.501708 0.377174
vt 0.501708 0.381076
vt 0.396943 0.377174
vt 0.396943 0.381076
vt 0.156221 0.204790
vt 0.011124 0.204790
vt 0.152123 0.197343
vt 0.011097 0.193453
vt 0.152091 0.193441
vt 0.156350 0.197499
vt 0.091337 0.238888
vt 0.102678 0.238888
vt 0.091337 0.384055
vt 0.102678 0.384055
vt 0.051551 0.693795
vt 0.051572 0.750361
vt 0.046562 0.693813
vt 0.046581 0.750425
vt 0.250380 0.984071
vt 0.250380 0.944377
vt 0.255370 0.984071
vt 0.255370 0.944377
vt 0.006786 0.750247
vt 0.001998 0.693795
vt 0.006982 0.693846
vt 0.046508 0.755420
vt 0.006759 0.755231
vt 0.923202 0.128037
vt 0.866700 0.128037
vt 0.923202 0.088343
vt 0.866700 0.088343
vt 0.803001 0.265002
vt 0.746435 0.265023
vt 0.802983 0.260013
vt 0.746371 0.260032
vt 0.036079 0.984071
vt 0.036079 0.944377
vt 0.041069 0.984071
vt 0.041069 0.944377
vt 0.746630 0.215242
vt 0.803001 0.215449
vt 0.746549 0.220237
vt 0.802950 0.220433
vt 0.741376 0.259959
vt 0.741565 0.220210
vt 0.923202 0.171313
vt 0.866700 0.171313
vt 0.923202 0.131619
vt 0.866700 0.131619
vt 0.478453 0.759002
vt 0.478474 0.815568
vt 0.473464 0.759020
vt 0.473483 0.815632
vt 0.966478 0.753327
vt 0.926784 0.753327
vt 0.966478 0.748337
vt 0.926784 0.748337
vt 0.433688 0.815454
vt 0.428900 0.759002
vt 0.433884 0.759053
vt 0.473410 0.820627
vt 0.433661 0.820438
vt 0.983286 0.301141
vt 0.926784 0.301141
vt 0.983286 0.261447
vt 0.926784 0.261447
vt 0.478453 0.693795
vt 0.478474 0.750361
vt 0.473464 0.693813
vt 0.473483 0.750425
vt 0.378960 0.984071
vt 0.378960 0.944377
vt 0.383950 0.984071
vt 0.383950 0.944377
vt 0.428693 0.750165
vt 0.428900 0.693795
vt 0.433688 0.750247
vt 0.433884 0.693846
vt 0.473410 0.755420
vt 0.433661 0.755231
vt 0.923202 0.214589
vt 0.866700 0.214589
vt 0.923202 0.174895
vt 0.866700 0.174895
vt 0.161900 0.755420
vt 0.161879 0.698854
vt 0.166889 0.755402
vt 0.166870 0.698791
vt 0.113228 0.984071
vt 0.113227 0.944377
vt 0.118218 0.984071
vt 0.118218 0.944377
vt 0.206665 0.698969
vt 0.211453 0.755420
vt 0.206469 0.755370
vt 0.923202 0.257865
vt 0.866700 0.257865
vt 0.923202 0.218171
vt 0.866700 0.218171
vt 0.588803 0.755420
vt 0.588782 0.698854
vt 0.593791 0.755402
vt 0.593773 0.698791
vt 0.524685 0.984071
vt 0.524685 0.944377
vt 0.529675 0.984071
vt 0.529675 0.944377
vt 0.638563 0.699050
vt 0.638356 0.755420
vt 0.633568 0.698969
vt 0.633371 0.755370
vt 0.593846 0.693795
vt 0.633595 0.693985
vt 0.131619 0.880711
vt 0.131619 0.824209
vt 0.171313 0.880711
vt 0.171313 0.824209
vt 0.284668 0.984071
vt 0.284668 0.944377
vt 0.289658 0.984071
vt 0.289658 0.944377
vt 0.482056 0.815372
vt 0.482263 0.759002
vt 0.487051 0.815454
vt 0.487247 0.759053
vt 0.526772 0.820627
vt 0.487024 0.820438
vt 0.526846 0.815632
vt 0.526827 0.759020
vt 0.983286 0.344417
vt 0.926784 0.344417
vt 0.983286 0.304723
vt 0.926784 0.304723
vt 0.992538 0.550865
vt 0.992538 0.556535
vt 0.986868 0.550865
vt 0.986868 0.556535
vt 0.992538 0.560117
vt 0.992538 0.565788
vt 0.986868 0.560117
vt 0.986868 0.565788
vt 0.376484 0.529594
vt 0.376484 0.387650
vt 0.382155 0.529594
vt 0.382155 0.387650
vt 0.320969 0.387650
vt 0.326640 0.387650
vt 0.326640 0.529594
vt 0.320969 0.529594
vt 0.131742 0.387665
vt 0.131742 0.529595
vt 0.126070 0.387650
vt 0.126072 0.529611
vt 0.140995 0.529611
vt 0.135324 0.529595
vt 0.135324 0.387665
vt 0.140994 0.387650
vt 0.120401 0.387665
vt 0.120401 0.529595
vt 0.146665 0.529595
vt 0.146665 0.387665
vt 0.302464 0.529595
vt 0.302464 0.387650
vt 0.308135 0.529595
vt 0.308135 0.387650
vt 0.256201 0.387650
vt 0.261872 0.387650
vt 0.261872 0.529595
vt 0.256201 0.529594
vt 0.691904 0.693795
vt 0.691925 0.750361
vt 0.686916 0.693813
vt 0.686934 0.750425
vt 0.121800 0.984071
vt 0.121799 0.944377
vt 0.126790 0.984071
vt 0.126790 0.944377
vt 0.642145 0.750165
vt 0.642351 0.693795
vt 0.647140 0.750247
vt 0.647336 0.693846
vt 0.686861 0.755420
vt 0.647112 0.755231
vt 0.983286 0.387693
vt 0.926784 0.387693
vt 0.983286 0.347999
vt 0.926784 0.347999
vt 0.211660 0.699050
vt 0.166944 0.693795
vt 0.206692 0.693985
vt 0.966478 0.856191
vt 0.531816 0.759002
vt 0.531837 0.815568
vt 0.604095 0.317797
vt 0.547529 0.317818
vt 0.604077 0.312809
vt 0.547465 0.312827
vt 0.473253 0.984071
vt 0.473253 0.944377
vt 0.478243 0.984071
vt 0.478243 0.944377
vt 0.547724 0.268037
vt 0.604095 0.268244
vt 0.547643 0.273032
vt 0.604044 0.273229
vt 0.542659 0.273005
vt 0.863085 0.098385
vt 0.806583 0.138079
vt 0.806583 0.098385
vt 0.803001 0.051551
vt 0.746435 0.051572
vt 0.802983 0.046562
vt 0.746371 0.046581
vt 0.966478 0.693323
vt 0.926784 0.693323
vt 0.966478 0.688333
vt 0.926784 0.688333
vt 0.746630 0.001791
vt 0.803001 0.001998
vt 0.746549 0.006786
vt 0.802950 0.006982
vt 0.741376 0.046508
vt 0.741565 0.006759
vt 0.983286 0.474245
vt 0.926784 0.474245
vt 0.983286 0.434551
vt 0.926784 0.434551
vt 0.741375 0.055175
vt 0.797942 0.055154
vt 0.741393 0.060163
vt 0.798005 0.060145
vt 0.966478 0.864763
vt 0.926784 0.864763
vt 0.966478 0.859773
vt 0.926784 0.859773
vt 0.797746 0.104935
vt 0.741375 0.104728
vt 0.797827 0.099940
vt 0.741426 0.099743
vt 0.803001 0.060218
vt 0.802811 0.099967
vt 0.863085 0.570839
vt 0.806583 0.570839
vt 0.863085 0.531145
vt 0.806583 0.531145
vt 0.610961 0.268626
vt 0.667527 0.268605
vt 0.610979 0.273614
vt 0.966478 0.779043
vt 0.926784 0.779043
vt 0.966478 0.774053
vt 0.926784 0.774053
vt 0.667332 0.318386
vt 0.610961 0.318179
vt 0.667413 0.313391
vt 0.672586 0.273669
vt 0.672397 0.313418
vt 0.667591 0.273596
vt 0.863085 0.614115
vt 0.806583 0.614115
vt 0.863085 0.574421
vt 0.806583 0.574421
vt 0.803001 0.158276
vt 0.746435 0.158297
vt 0.802983 0.153288
vt 0.746371 0.153306
vt 0.293240 0.984071
vt 0.293240 0.944377
vt 0.298230 0.984071
vt 0.298230 0.944377
vt 0.746549 0.113512
vt 0.803001 0.108724
vt 0.802950 0.113708
vt 0.741375 0.153233
vt 0.741565 0.113484
vt 0.983286 0.430969
vt 0.926784 0.430969
vt 0.983286 0.391275
vt 0.926784 0.391275
vt 0.248194 0.217151
vt 0.824035 0.880711
vt 0.824035 0.824209
vt 0.860812 0.880711
vt 0.860812 0.824209
vt 0.667332 0.531837
vt 0.746630 0.108517
vt 0.737794 0.638541
vt 0.088343 0.940795
vt 0.088343 0.884293
vt 0.128037 0.940795
vt 0.128037 0.884293
vt 0.610961 0.001812
vt 0.667527 0.001791
vt 0.610979 0.006801
vt 0.667591 0.006782
vt 0.966478 0.873335
vt 0.926784 0.873335
vt 0.966478 0.868345
vt 0.926784 0.868345
vt 0.667332 0.051572
vt 0.610961 0.051365
vt 0.667413 0.046577
vt 0.672587 0.006855
vt 0.672397 0.046604
vt 0.611012 0.046381
vt 0.923202 0.261447
vt 0.866700 0.301141
vt 0.866700 0.261447
vt 0.604095 0.477886
vt 0.547529 0.477907
vt 0.604077 0.472897
vt 0.547465 0.472915
vt 0.430392 0.984071
vt 0.430392 0.944377
vt 0.435383 0.984071
vt 0.435383 0.944377
vt 0.547725 0.428126
vt 0.604095 0.428333
vt 0.547643 0.433121
vt 0.604044 0.433317
vt 0.542470 0.472842
vt 0.542659 0.433094
vt 0.923202 0.344417
vt 0.866700 0.344417
vt 0.923202 0.304723
vt 0.866700 0.304723
vt 0.737794 0.425090
vt 0.681227 0.425111
vt 0.737776 0.420102
vt 0.681164 0.420120
vt 0.438964 0.984071
vt 0.438964 0.944377
vt 0.443955 0.984071
vt 0.443955 0.944377
vt 0.681423 0.375330
vt 0.737794 0.375537
vt 0.681342 0.380325
vt 0.737743 0.380522
vt 0.676168 0.420047
vt 0.676358 0.380298
vt 0.607655 0.940795
vt 0.607655 0.884293
vt 0.647349 0.940795
vt 0.647349 0.884293
vt 0.741375 0.375352
vt 0.797942 0.375331
vt 0.741393 0.380340
vt 0.798005 0.380322
vt 0.966478 0.787615
vt 0.926784 0.787615
vt 0.966478 0.782625
vt 0.926784 0.782625
vt 0.797746 0.425111
vt 0.741375 0.424904
vt 0.797827 0.420116
vt 0.741426 0.419920
vt 0.803001 0.380395
vt 0.802811 0.420143
vt 0.923202 0.387693
vt 0.866700 0.387693
vt 0.923202 0.347999
vt 0.866700 0.347999
vt 0.672587 0.104914
vt 0.616020 0.104935
vt 0.672569 0.099925
vt 0.615957 0.099943
vt 0.481825 0.984071
vt 0.481825 0.944377
vt 0.486815 0.984071
vt 0.486815 0.944377
vt 0.616216 0.055154
vt 0.672587 0.055361
vt 0.616135 0.060149
vt 0.672536 0.060345
vt 0.610961 0.099870
vt 0.611151 0.060122
vt 0.923202 0.430969
vt 0.866700 0.430969
vt 0.923202 0.391275
vt 0.866700 0.391275
vt 0.215263 0.820627
vt 0.215242 0.764061
vt 0.220252 0.820609
vt 0.220233 0.763998
vt 0.044651 0.984071
vt 0.044651 0.944377
vt 0.049641 0.984071
vt 0.049641 0.944377
vt 0.265023 0.764257
vt 0.264816 0.820627
vt 0.260028 0.764176
vt 0.259832 0.820577
vt 0.220306 0.759002
vt 0.260055 0.759192
vt 0.867311 0.940795
vt 0.867311 0.884293
vt 0.907005 0.940795
vt 0.907005 0.884293
vt 0.741376 0.428714
vt 0.797942 0.428693
vt 0.741394 0.433703
vt 0.798005 0.433684
vt 0.966478 0.907623
vt 0.926784 0.907623
vt 0.966478 0.902633
vt 0.926784 0.902633
vt 0.797746 0.478474
vt 0.741376 0.478267
vt 0.797827 0.473479
vt 0.741426 0.473283
vt 0.803001 0.433758
vt 0.802811 0.473506
vt 0.983286 0.041485
vt 0.926784 0.041485
vt 0.983286 0.001791
vt 0.926784 0.001791
vt 0.265002 0.693795
vt 0.265023 0.750361
vt 0.260013 0.693813
vt 0.260032 0.750425
vt 0.387532 0.984071
vt 0.387532 0.944377
vt 0.392522 0.984071
vt 0.392522 0.944377
vt 0.215242 0.750165
vt 0.215449 0.693795
vt 0.220237 0.750247
vt 0.220433 0.693846
vt 0.259959 0.755420
vt 0.220210 0.755231
vt 0.923202 0.474245
vt 0.866700 0.474245
vt 0.923202 0.434551
vt 0.866700 0.434551
vt 0.992538 0.501020
vt 0.986868 0.501020
vt 0.992539 0.495350
vt 0.986868 0.495350
vt 0.992538 0.538030
vt 0.986868 0.538030
vt 0.992538 0.532360
vt 0.986868 0.532360
vt 0.385737 0.529594
vt 0.385737 0.387650
vt 0.391407 0.529594
vt 0.391407 0.387650
vt 0.330222 0.387650
vt 0.335892 0.387650
vt 0.335892 0.529594
vt 0.330222 0.529594
vt 0.060708 0.529595
vt 0.060708 0.387665
vt 0.066380 0.529611
vt 0.066378 0.387650
vt 0.096224 0.387650
vt 0.101896 0.387665
vt 0.101896 0.529595
vt 0.096226 0.529611
vt 0.072049 0.529595
vt 0.072049 0.387665
vt 0.090554 0.387665
vt 0.090554 0.529595
vt 0.311717 0.529594
vt 0.311717 0.387650
vt 0.317387 0.529594
vt 0.317387 0.387650
vt 0.274706 0.387650
vt 0.280377 0.387650
vt 0.280377 0.529595
vt 0.274706 0.529595
vt 0.676168 0.215263
vt 0.732735 0.215242
vt 0.676186 0.220252
vt 0.732798 0.220233
vt 0.966478 0.761899
vt 0.926784 0.761899
vt 0.966478 0.756909
vt 0.926784 0.756909
vt 0.732539 0.265023
vt 0.676168 0.264816
vt 0.732620 0.260028
vt 0.676219 0.259832
vt 0.737794 0.220306
vt 0.737604 0.260055
vt 0.923202 0.517521
vt 0.866700 0.517521
vt 0.923202 0.477827
vt 0.866700 0.477827
vt 0.321989 0.690213
vt 0.321968 0.633647
vt 0.326977 0.690195
vt 0.326959 0.633584
vt 0.966478 0.701895
vt 0.926784 0.701895
vt 0.966478 0.696905
vt 0.926784 0.696905
vt 0.371749 0.633843
vt 0.371542 0.690213
vt 0.366754 0.633762
vt 0.366557 0.690162
vt 0.327032 0.628588
vt 0.366781 0.628778
vt 0.923202 0.560797
vt 0.866700 0.560797
vt 0.923202 0.521103
vt 0.866700 0.521103
vt 0.709883 0.815536
vt 0.709883 0.759028
vt 0.714873 0.815538
vt 0.714873 0.759002
vt 0.966478 0.916196
vt 0.926784 0.916196
vt 0.966478 0.911205
vt 0.926784 0.911205
vt 0.983286 0.566452
vt 0.926784 0.566452
vt 0.983286 0.561462
vt 0.926784 0.561462
vt 0.558973 0.984071
vt 0.558973 0.944377
vt 0.563963 0.984071
vt 0.563963 0.944377
vt 0.754598 0.759072
vt 0.754536 0.815536
vt 0.863085 0.267907
vt 0.806583 0.267907
vt 0.863085 0.228213
vt 0.806583 0.228213
vt 0.672587 0.158276
vt 0.616020 0.158297
vt 0.672569 0.153288
vt 0.615957 0.153306
vt 0.541829 0.984071
vt 0.541829 0.944377
vt 0.546819 0.984071
vt 0.546819 0.944377
vt 0.616216 0.108516
vt 0.672587 0.108723
vt 0.616135 0.113511
vt 0.672536 0.113708
vt 0.610961 0.153233
vt 0.611151 0.113484
vt 0.863085 0.397735
vt 0.806583 0.397735
vt 0.863085 0.358041
vt 0.806583 0.358041
vt 0.986870 0.197567
vt 0.992544 0.191897
vt 0.990621 0.197566
vt 0.992543 0.195310
vt 0.996387 0.197567
vt 0.986868 0.191901
vt 0.404676 0.984071
vt 0.404676 0.944377
vt 0.409666 0.981154
vt 0.681189 0.678930
vt 0.676168 0.642187
vt 0.681158 0.642160
vt 0.983286 0.608254
vt 0.926784 0.608254
vt 0.983286 0.603793
vt 0.926784 0.603793
vt 0.391274 0.322682
vt 0.334759 0.322683
vt 0.391261 0.318929
vt 0.248194 0.318929
vt 0.154180 0.094585
vt 0.240759 0.098340
vt 0.240751 0.100256
vt 0.011106 0.100256
vt 0.011097 0.094586
vt 0.986868 0.612050
vt 0.986868 0.606380
vt 0.992538 0.612050
vt 0.992538 0.606380
vt 0.248218 0.089069
vt 0.391276 0.089073
vt 0.248194 0.094741
vt 0.391285 0.094742
vt 0.248194 0.296842
vt 0.248194 0.291171
vt 0.391273 0.291171
vt 0.391273 0.296842
vt 0.248202 0.098150
vt 0.304712 0.098150
vt 0.240765 0.022748
vt 0.154177 0.026127
vt 0.240750 0.020487
vt 0.011108 0.020403
vt 0.011097 0.026073
vt 0.391273 0.315347
vt 0.248194 0.315347
vt 0.391273 0.309676
vt 0.248194 0.309676
vt 0.391273 0.189394
vt 0.391273 0.195064
vt 0.248194 0.195064
vt 0.248194 0.189394
vt 0.244612 0.020403
vt 0.577787 0.984071
vt 0.574457 0.982113
vt 0.577787 0.944377
vt 0.613939 0.982260
vt 0.613939 0.944377
vt 0.618910 0.981821
vt 0.615677 0.945187
vt 0.737673 0.678930
vt 0.737678 0.642144
vt 0.971055 0.955718
vt 0.982396 0.944377
vt 0.982396 0.955718
vt 0.998209 0.031637
vt 0.998209 0.042978
vt 0.986868 0.031637
vt 0.986868 0.042978
vt 0.485620 0.418486
vt 0.396943 0.419033
vt 0.485631 0.414580
vt 0.396943 0.407712
vt 0.487497 0.407109
vt 0.487777 0.414295
vt 0.195816 0.534131
vt 0.207157 0.534131
vt 0.195816 0.624860
vt 0.207157 0.624860
vt 0.072832 0.243070
vt 0.072829 0.384064
vt 0.065625 0.238888
vt 0.061489 0.384068
vt 0.061489 0.238906
vt 0.248194 0.057901
vt 0.248194 0.046560
vt 0.393361 0.057901
vt 0.393361 0.046560
vt 0.752415 0.944377
vt 0.752818 0.951789
vt 0.745150 0.944691
vt 0.745150 0.955582
vt 0.755901 0.956486
vt 0.756811 0.952742
vt 0.502206 0.338061
vt 0.398243 0.336438
vt 0.504275 0.334452
vt 0.396943 0.334452
vt 0.405502 0.069848
vt 0.513425 0.069848
vt 0.512622 0.071971
vt 0.397453 0.339120
vt 0.396943 0.071867
vt 0.995260 0.240350
vt 0.986868 0.240350
vt 0.987368 0.235839
vt 0.989466 0.236077
vt 0.988907 0.313742
vt 0.986868 0.313066
vt 0.989777 0.311014
vt 0.987684 0.309010
vt 0.993484 0.309010
vt 0.993750 0.310731
vt 0.076432 0.624860
vt 0.076432 0.534131
vt 0.085993 0.624861
vt 0.087773 0.534131
vt 0.487624 0.422192
vt 0.485361 0.420088
vt 0.838203 0.955897
vt 0.838023 0.951947
vt 0.847699 0.955749
vt 0.847699 0.944572
vt 0.836519 0.944377
vt 0.836228 0.951781
vt 0.300278 0.534131
vt 0.311619 0.534131
vt 0.300278 0.624860
vt 0.311619 0.624860
vt 0.512623 0.213399
vt 0.396943 0.213399
vt 0.512623 0.208863
vt 0.396943 0.208863
vt 0.993038 0.395706
vt 0.986868 0.395706
vt 0.993038 0.391170
vt 0.986868 0.391170
vt 0.512623 0.166637
vt 0.512623 0.172807
vt 0.396943 0.166637
vt 0.396943 0.172807
vt 0.994541 0.145335
vt 0.996557 0.145352
vt 0.994745 0.149350
vt 0.997239 0.151157
vt 0.986868 0.151157
vt 0.407368 0.233218
vt 0.396943 0.230950
vt 0.512621 0.230950
vt 0.512134 0.233218
vt 0.512624 0.233210
vt 0.501708 0.392141
vt 0.501708 0.396043
vt 0.396943 0.392141
vt 0.396943 0.396043
vt 0.011226 0.208372
vt 0.156323 0.208372
vt 0.015324 0.215818
vt 0.156350 0.219709
vt 0.015356 0.219721
vt 0.011097 0.215663
vt 0.195798 0.238888
vt 0.207139 0.238888
vt 0.195798 0.384055
vt 0.741376 0.161901
vt 0.797942 0.161879
vt 0.741394 0.166889
vt 0.798005 0.166871
vt 0.301812 0.984071
vt 0.301812 0.944377
vt 0.306802 0.984071
vt 0.306802 0.944377
vt 0.797746 0.211660
vt 0.741376 0.211453
vt 0.797827 0.206665
vt 0.741426 0.206469
vt 0.803001 0.166944
vt 0.802811 0.206692
vt 0.983286 0.128037
vt 0.926784 0.128037
vt 0.983286 0.088343
vt 0.926784 0.088343
vt 0.611012 0.313194
vt 0.268626 0.820627
vt 0.268605 0.764061
vt 0.273614 0.820609
vt 0.273596 0.763998
vt 0.966478 0.770471
vt 0.926784 0.770471
vt 0.966478 0.765481
vt 0.926784 0.765481
vt 0.318386 0.764257
vt 0.318179 0.820627
vt 0.313390 0.764176
vt 0.313194 0.820577
vt 0.273669 0.759002
vt 0.313418 0.759192
vt 0.983285 0.517521
vt 0.926784 0.517521
vt 0.983285 0.477827
vt 0.926784 0.477827
vt 0.542470 0.312754
vt 0.863085 0.138079
vt 0.268626 0.755420
vt 0.268605 0.698854
vt 0.273615 0.755402
vt 0.273596 0.698791
vt 0.130372 0.984071
vt 0.130372 0.944377
vt 0.135362 0.984071
vt 0.135362 0.944377
vt 0.318386 0.699050
vt 0.318179 0.755420
vt 0.313391 0.698969
vt 0.313195 0.755370
vt 0.273669 0.693795
vt 0.313418 0.693985
vt 0.923202 0.604073
vt 0.866700 0.604073
vt 0.923202 0.564379
vt 0.866700 0.564379
vt 0.542470 0.214696
vt 0.599036 0.214675
vt 0.542488 0.219684
vt 0.599099 0.219666
vt 0.966478 0.924768
vt 0.926784 0.924768
vt 0.966478 0.919777
vt 0.926784 0.919777
vt 0.598840 0.264455
vt 0.542470 0.264248
vt 0.598921 0.259460
vt 0.542520 0.259264
vt 0.604095 0.219739
vt 0.603905 0.259488
vt 0.863085 0.657391
vt 0.806583 0.657391
vt 0.863085 0.617697
vt 0.806583 0.617697
vt 0.923202 0.301141
vt 0.478453 0.628588
vt 0.478474 0.685154
vt 0.473465 0.628606
vt 0.473483 0.685218
vt 0.310384 0.984071
vt 0.310384 0.944377
vt 0.315374 0.984071
vt 0.315374 0.944377
vt 0.428693 0.684958
vt 0.428900 0.628588
vt 0.433688 0.685040
vt 0.433885 0.628639
vt 0.473410 0.690213
vt 0.433661 0.690024
vt 0.923202 0.647349
vt 0.866700 0.647349
vt 0.923202 0.607655
vt 0.866700 0.607655
vt 0.371727 0.693795
vt 0.371748 0.750361
vt 0.366739 0.693813
vt 0.366757 0.750425
vt 0.138944 0.984071
vt 0.138944 0.944377
vt 0.143934 0.984071
vt 0.143934 0.944377
vt 0.321968 0.750165
vt 0.322175 0.693795
vt 0.326963 0.750247
vt 0.327159 0.693846
vt 0.366684 0.755420
vt 0.326936 0.755231
vt 0.261447 0.940795
vt 0.261447 0.884293
vt 0.301141 0.940795
vt 0.301141 0.884293
vt 0.211639 0.759002
vt 0.211660 0.815568
vt 0.206650 0.759020
vt 0.206669 0.815632
vt 0.053223 0.984071
vt 0.053223 0.944377
vt 0.058213 0.984071
vt 0.058213 0.944377
vt 0.161879 0.815373
vt 0.162086 0.759002
vt 0.166874 0.815454
vt 0.167070 0.759053
vt 0.206596 0.820627
vt 0.166847 0.820438
vt 0.650931 0.940795
vt 0.650931 0.884293
vt 0.690625 0.940795
vt 0.690625 0.884293
vt 0.971055 0.944377
vt 0.207139 0.384055
vt 0.428693 0.815372
vt 0.001791 0.750165
vt 0.996384 0.173394
vt 0.990710 0.179064
vt 0.992633 0.173395
vt 0.990712 0.175651
vt 0.986868 0.173394
vt 0.996387 0.179060
vt 0.396104 0.984071
vt 0.396104 0.944377
vt 0.401094 0.981154
vt 0.669516 0.764023
vt 0.706258 0.759002
vt 0.706286 0.763992
vt 0.983285 0.624340
vt 0.926784 0.624340
vt 0.983285 0.619879
vt 0.926784 0.619879
vt 0.391273 0.330018
vt 0.334759 0.330019
vt 0.391261 0.326265
vt 0.248194 0.326265
vt 0.154181 0.066826
vt 0.240759 0.070581
vt 0.240751 0.072497
vt 0.011106 0.072497
vt 0.011097 0.066827
vt 0.992539 0.602798
vt 0.986868 0.602798
vt 0.992538 0.597127
vt 0.986868 0.597127
vt 0.391261 0.148802
vt 0.248204 0.148798
vt 0.391285 0.143130
vt 0.248194 0.143128
vt 0.248194 0.232074
vt 0.248194 0.226404
vt 0.391273 0.226404
vt 0.391273 0.232074
vt 0.391277 0.139721
vt 0.334768 0.139721
vt 0.240765 0.013442
vt 0.154177 0.016821
vt 0.240750 0.011182
vt 0.011108 0.011097
vt 0.011097 0.016767
vt 0.391273 0.287589
vt 0.248194 0.287589
vt 0.391273 0.281919
vt 0.248194 0.281919
vt 0.391273 0.263414
vt 0.391273 0.269084
vt 0.248194 0.269084
vt 0.248194 0.263414
vt 0.244612 0.011097
vt 0.584700 0.984071
vt 0.581369 0.982113
vt 0.584700 0.944377
vt 0.631044 0.982260
vt 0.631044 0.944377
vt 0.636015 0.981821
vt 0.632782 0.945187
vt 0.669516 0.820507
vt 0.706301 0.820512
vt 0.995260 0.248443
vt 0.986868 0.248443
vt 0.987368 0.243932
vt 0.989466 0.244170
vt 0.991404 0.653956
vt 0.986868 0.653956
vt 0.991404 0.650553
vt 0.986868 0.650553
vt 0.391093 0.363728
vt 0.391093 0.368264
vt 0.248194 0.363728
vt 0.248194 0.368264
vt 0.020296 0.530549
vt 0.016894 0.530549
vt 0.020296 0.387650
vt 0.016894 0.387650
vt 0.991404 0.660940
vt 0.986868 0.660940
vt 0.991404 0.657538
vt 0.986868 0.657538
vt 0.391093 0.371846
vt 0.391093 0.376383
vt 0.248194 0.371846
vt 0.248194 0.376383
vt 0.009909 0.530549
vt 0.009909 0.387650
vt 0.013312 0.530549
vt 0.013312 0.387650
vt 0.430780 0.602178
vt 0.430780 0.534131
vt 0.434182 0.602178
vt 0.434182 0.534131
vt 0.991404 0.688877
vt 0.986868 0.688877
vt 0.991404 0.685475
vt 0.986868 0.685475
vt 0.444748 0.602178
vt 0.444748 0.534131
vt 0.448151 0.602178
vt 0.448151 0.534131
vt 0.991404 0.695861
vt 0.986868 0.695861
vt 0.991404 0.692459
vt 0.986868 0.692459
vt 0.414543 0.534131
vt 0.419079 0.534131
vt 0.414543 0.602178
vt 0.419079 0.602178
vt 0.427198 0.602178
vt 0.422661 0.602178
vt 0.427198 0.534131
vt 0.422661 0.534131
vt 0.991404 0.639987
vt 0.986868 0.639987
vt 0.991404 0.636585
vt 0.986868 0.636585
vt 0.981221 0.684751
vt 0.926784 0.684751
vt 0.981221 0.681348
vt 0.926784 0.681348
vt 0.926784 0.640577
vt 0.926784 0.636040
vt 0.981221 0.640577
vt 0.981221 0.636040
vt 0.981221 0.627922
vt 0.981221 0.632458
vt 0.926784 0.627922
vt 0.926784 0.632458
vt 0.991404 0.667924
vt 0.986868 0.667924
vt 0.991404 0.664522
vt 0.986868 0.664522
vt 0.981221 0.670782
vt 0.926784 0.670782
vt 0.981221 0.667380
vt 0.926784 0.667380
vt 0.991404 0.633003
vt 0.986868 0.633003
vt 0.991404 0.629601
vt 0.986868 0.629601
vt 0.391093 0.355609
vt 0.391093 0.360146
vt 0.248194 0.355609
vt 0.248194 0.360146
vt 0.027280 0.530549
vt 0.023878 0.530549
vt 0.027280 0.387650
vt 0.023878 0.387650
vt 0.991404 0.674909
vt 0.986868 0.674909
vt 0.991404 0.671506
vt 0.986868 0.671506
vt 0.001791 0.387650
vt 0.006328 0.387650
vt 0.001791 0.530548
vt 0.006328 0.530548
vt 0.391093 0.383367
vt 0.248194 0.383367
vt 0.391093 0.379964
vt 0.248194 0.379964
vt 0.437764 0.602178
vt 0.437764 0.534131
vt 0.441166 0.602178
vt 0.441166 0.534131
vt 0.991404 0.626019
vt 0.986868 0.626019
vt 0.991404 0.622616
vt 0.986868 0.622616
vt 0.451732 0.602178
vt 0.451732 0.534131
vt 0.455135 0.602178
vt 0.455135 0.534131
vt 0.991404 0.646972
vt 0.986868 0.646972
vt 0.991404 0.643569
vt 0.986868 0.643569
vt 0.398306 0.534131
vt 0.402842 0.534131
vt 0.398306 0.602178
vt 0.402842 0.602178
vt 0.410961 0.602178
vt 0.406424 0.602178
vt 0.410961 0.534131
vt 0.406424 0.534131
vt 0.991404 0.619034
vt 0.986868 0.619034
vt 0.991404 0.615632
vt 0.986868 0.615632
vt 0.981221 0.663798
vt 0.926784 0.663798
vt 0.981221 0.660396
vt 0.926784 0.660396
vt 0.926784 0.648695
vt 0.926784 0.644159
vt 0.981221 0.648695
vt 0.981221 0.644159
vt 0.981221 0.652277
vt 0.981221 0.656814
vt 0.926784 0.652277
vt 0.926784 0.656814
vt 0.991404 0.681893
vt 0.986868 0.681893
vt 0.991404 0.678490
vt 0.986868 0.678490
vt 0.981221 0.677766
vt 0.926784 0.677766
vt 0.981221 0.674364
vt 0.926784 0.674364
s 1
usemtl Material.003
f 1/1/1 2/2/1 186/3/1
f 186/3/1 2/2/1 187/4/1
f 3/5/1 4/6/1 188/7/1
f 188/7/1 4/6/1 5/8/1
f 8/9/2 188/10/2 189/11/2
f 189/11/2 188/10/2 5/12/2
f 189/11/2 5/12/2 6/13/2
f 6/13/2 7/14/2 189/11/2
f 5/15/3 4/16/3 6/17/3
f 6/17/3 4/16/3 190/18/3
f 192/19/4 1/20/4 191/21/4
f 191/21/4 1/20/4 186/22/4
f 191/21/4 186/22/4 9/23/4
f 186/24/2 187/25/2 9/26/2
f 9/26/2 187/25/2 10/27/2
f 11/28/5 193/29/5 194/30/5
f 194/30/5 193/29/5 10/31/5
f 10/31/5 193/29/5 9/32/5
f 9/32/5 193/29/5 191/33/5
f 195/34/3 7/35/3 11/36/3
f 11/36/3 7/35/3 12/37/3
f 11/38/3 12/39/3 196/40/3
f 195/34/3 189/41/3 7/35/3
f 196/40/3 197/42/3 11/38/3
f 11/43/3 197/44/3 198/45/3
f 11/43/3 198/45/3 193/46/3
f 200/47/6 13/48/6 199/49/7
f 199/49/7 13/48/6 201/50/7
f 196/51/7 12/52/7 199/49/7
f 202/53/4 3/54/4 199/55/4
f 199/55/4 3/54/4 188/56/4
f 200/57/4 188/10/4 8/9/4
f 199/58/5 12/59/5 202/60/5
f 202/60/5 12/59/5 190/61/5
f 190/61/5 12/59/5 6/62/5
f 6/62/5 12/59/5 7/63/5
f 4/64/8 3/65/8 190/66/8
f 190/66/8 3/65/8 202/67/8
f 13/68/4 203/69/4 201/70/4
f 201/70/4 203/69/4 14/71/4
f 203/72/9 198/73/9 14/74/9
f 14/74/9 198/73/9 197/75/9
f 14/76/10 197/77/10 201/78/10
f 192/79/11 203/80/11 13/81/12
f 192/79/11 13/81/12 8/82/13
f 8/82/13 13/81/12 200/83/14
f 8/84/13 189/85/11 192/86/11
f 194/87/8 2/88/8 195/89/8
f 195/89/8 2/88/8 1/90/8
f 195/89/8 1/90/8 192/91/8
f 195/89/8 11/92/8 194/87/8
f 187/93/3 2/94/3 10/95/3
f 10/95/3 2/94/3 194/96/3
f 16/97/1 17/98/1 15/99/1
f 15/99/1 17/98/1 18/100/1
f 20/101/1 21/102/1 19/103/1
f 19/103/1 21/102/1 22/104/1
f 20/105/4 19/106/4 24/107/4
f 24/107/4 19/106/4 23/108/4
f 19/109/2 22/110/2 23/111/2
f 23/111/2 22/110/2 25/112/2
f 16/113/3 15/114/3 27/115/3
f 27/115/3 15/114/3 26/116/3
f 15/117/8 18/118/8 26/119/8
f 26/119/8 18/118/8 28/120/8
f 29/121/5 30/122/5 33/123/5
f 33/123/5 30/122/5 25/124/5
f 25/124/5 30/122/5 23/125/5
f 23/125/5 30/122/5 31/126/5
f 23/125/5 31/126/5 24/127/5
f 24/127/5 31/126/5 32/128/5
f 31/129/4 34/130/4 32/131/4
f 32/131/4 34/130/4 35/132/4
f 32/133/4 35/134/4 36/135/4
f 36/135/4 37/136/4 32/133/4
f 32/137/4 37/138/4 38/139/4
f 32/137/4 38/139/4 40/140/4
f 40/140/4 38/139/4 39/141/4
f 37/142/7 36/143/7 41/144/7
f 41/144/7 36/143/7 42/145/7
f 16/146/2 44/147/2 17/148/2
f 17/148/2 44/147/2 39/149/2
f 17/148/2 39/149/2 45/150/2
f 45/150/2 39/149/2 38/151/2
f 16/146/2 27/152/2 44/147/2
f 44/147/2 27/152/2 43/153/2
f 43/154/5 27/155/5 41/156/5
f 41/156/5 27/155/5 26/157/5
f 41/156/5 26/157/5 28/158/5
f 41/156/5 28/158/5 37/159/5
f 37/159/5 28/158/5 45/160/5
f 37/159/5 45/160/5 38/161/5
f 18/162/4 17/163/4 28/164/4
f 28/164/4 17/163/4 45/165/4
f 46/166/11 40/167/11 44/168/11
f 44/168/11 40/167/11 39/169/11
f 31/170/11 30/171/11 34/172/11
f 34/172/11 30/171/11 47/173/11
f 46/174/3 43/175/3 29/176/3
f 29/176/3 43/175/3 41/177/3
f 29/178/3 41/179/3 42/180/3
f 46/174/3 44/181/3 43/175/3
f 42/180/3 48/182/3 29/178/3
f 29/183/3 48/184/3 47/185/3
f 29/183/3 47/185/3 30/186/3
f 34/187/9 47/188/9 35/189/9
f 35/189/9 47/188/9 48/190/9
f 35/191/10 48/192/10 36/193/10
f 36/193/10 48/192/10 42/194/10
f 33/195/8 21/196/8 46/197/8
f 46/197/8 21/196/8 20/198/8
f 46/197/8 20/198/8 40/199/8
f 40/199/8 20/198/8 24/200/8
f 40/199/8 24/200/8 32/201/8
f 46/197/8 29/202/8 33/195/8
f 22/203/3 21/204/3 25/205/3
f 25/205/3 21/204/3 33/206/3
f 50/207/4 52/208/4 49/209/4
f 49/209/4 52/208/4 53/210/4
f 49/209/4 53/210/4 54/211/4
f 50/207/4 51/212/4 52/208/4
f 54/213/4 211/214/4 49/215/4
f 49/216/4 211/217/4 55/218/4
f 53/219/15 56/220/15 54/221/15
f 54/221/15 56/220/15 57/222/15
f 49/223/8 58/224/8 50/225/8
f 50/225/8 58/224/8 62/226/8
f 62/227/8 58/228/8 59/229/8
f 62/227/8 59/229/8 60/230/8
f 60/230/8 61/231/8 62/227/8
f 61/232/3 60/233/3 63/234/3
f 63/234/3 60/233/3 64/235/3
f 51/236/2 65/237/2 52/238/2
f 52/238/2 65/237/2 66/239/2
f 66/240/2 65/241/2 63/242/2
f 66/240/2 63/242/2 64/243/2
f 53/244/5 52/238/5 56/245/5
f 56/245/5 52/238/5 66/239/5
f 56/246/5 66/247/5 59/248/5
f 59/248/5 66/247/5 60/249/5
f 60/249/5 66/247/5 64/250/5
f 63/251/1 65/252/1 61/253/1
f 61/253/1 65/252/1 62/254/1
f 62/255/1 65/256/1 51/257/1
f 62/255/1 51/257/1 50/258/1
f 56/246/3 59/248/3 57/259/3
f 57/260/3 59/261/3 212/262/3
f 212/263/3 59/264/3 67/265/3
f 67/265/3 59/264/3 58/266/3
f 67/267/16 55/268/16 212/269/16
f 212/269/16 55/268/16 211/270/16
f 54/271/10 57/272/10 211/270/10
f 211/270/10 57/272/10 212/269/10
f 58/273/11 49/216/11 67/274/11
f 67/274/11 49/216/11 55/218/11
f 155/275/6 154/276/6 68/277/6
f 69/278/3 153/279/3 156/280/3
f 70/281/9 69/282/9 157/283/9
f 157/283/9 69/282/9 156/280/9
f 154/284/4 70/285/4 68/277/4
f 68/277/4 70/285/4 157/283/4
f 157/283/10 156/280/10 68/277/10
f 68/277/10 156/280/10 155/275/10
f 154/286/11 153/287/11 70/288/11
f 70/288/11 153/287/11 69/289/11
f 158/290/6 159/291/6 72/292/6
f 72/292/6 159/291/6 71/293/6
f 160/294/3 158/295/3 73/296/3
f 73/296/3 158/295/3 72/297/3
f 162/298/15 160/299/15 73/300/15
f 159/301/4 161/302/4 71/293/4
f 71/293/4 161/302/4 162/298/4
f 162/298/10 73/300/10 71/293/10
f 71/293/10 73/300/10 72/292/10
f 75/303/3 76/304/3 74/305/3
f 74/305/3 76/304/3 77/306/3
f 78/307/4 79/308/4 81/309/4
f 81/309/4 79/308/4 80/310/4
f 75/311/8 82/312/8 76/313/8
f 76/313/8 82/312/8 83/314/8
f 83/315/8 82/316/8 78/317/8
f 83/315/8 78/317/8 81/318/8
f 79/319/2 84/320/2 80/321/2
f 80/321/2 84/320/2 85/322/2
f 85/323/2 84/324/2 74/325/2
f 85/323/2 74/325/2 77/326/2
f 80/321/5 85/322/5 81/327/5
f 81/327/5 85/322/5 83/328/5
f 83/329/5 85/323/5 77/326/5
f 83/329/5 77/326/5 76/330/5
f 74/331/1 84/332/1 75/333/1
f 75/333/1 84/332/1 82/334/1
f 82/335/1 84/336/1 79/337/1
f 82/335/1 79/337/1 78/338/1
f 86/339/16 87/340/16 89/341/16
f 89/341/16 87/340/16 88/342/16
f 90/343/3 86/344/3 91/345/3
f 91/345/3 86/344/3 89/346/3
f 92/347/17 90/348/17 93/349/17
f 93/349/17 90/348/17 91/350/17
f 87/351/4 92/352/4 88/342/4
f 88/342/4 92/352/4 93/349/4
f 93/349/10 91/350/10 88/342/10
f 88/342/10 91/350/10 89/341/10
f 87/353/11 86/354/11 92/355/11
f 92/355/11 86/354/11 90/356/11
f 94/357/6 95/358/6 97/359/6
f 97/359/6 95/358/6 96/360/6
f 98/361/3 94/362/3 99/363/3
f 99/363/3 94/362/3 97/364/3
f 100/365/9 98/366/9 101/367/9
f 101/367/9 98/366/9 99/368/9
f 95/369/4 100/370/4 96/360/4
f 96/360/4 100/370/4 101/367/4
f 101/367/10 99/368/10 96/360/10
f 96/360/10 99/368/10 97/359/10
f 95/371/11 94/372/11 100/373/11
f 100/373/11 94/372/11 98/374/11
f 102/375/6 103/376/6 105/377/6
f 105/377/6 103/376/6 104/378/6
f 106/379/3 102/380/3 107/381/3
f 107/381/3 102/380/3 105/382/3
f 108/383/15 106/384/15 109/385/15
f 109/385/15 106/384/15 107/386/15
f 103/387/4 108/388/4 104/378/4
f 104/378/4 108/388/4 109/385/4
f 109/385/10 107/386/10 104/378/10
f 104/378/10 107/386/10 105/377/10
f 103/389/11 102/390/11 108/391/11
f 108/391/11 102/390/11 106/392/11
f 213/393/16 110/394/16 214/395/16
f 214/395/16 110/394/16 111/396/16
f 110/397/4 217/398/4 111/396/4
f 111/396/4 217/398/4 218/399/4
f 218/399/10 216/400/10 111/396/10
f 111/396/10 216/400/10 214/395/10
f 110/401/11 213/402/11 217/403/11
f 112/404/6 113/405/6 208/406/6
f 208/406/6 113/405/6 114/407/6
f 209/408/3 112/409/3 210/410/3
f 210/410/3 112/409/3 208/411/3
f 115/412/9 209/413/9 116/414/9
f 116/414/9 209/413/9 210/415/9
f 113/416/4 115/417/4 114/407/4
f 114/407/4 115/417/4 116/414/4
f 116/414/10 210/415/10 114/407/10
f 114/407/10 210/415/10 208/406/10
f 113/418/11 112/419/11 115/420/11
f 115/420/11 112/419/11 209/421/11
f 117/422/6 171/423/6 118/424/6
f 118/424/6 171/423/6 172/425/6
f 119/426/3 117/427/3 120/428/3
f 120/428/3 117/427/3 118/429/3
f 173/430/15 119/431/15 174/432/15
f 174/432/15 119/431/15 120/433/15
f 174/432/10 120/433/10 172/425/10
f 172/425/10 120/433/10 118/424/10
f 171/434/11 117/435/11 173/436/11
f 173/436/11 117/435/11 119/437/11
f 219/438/16 121/439/16 221/440/18
f 221/440/18 121/439/16 220/441/18
f 122/442/3 219/443/3 123/444/3
f 123/444/3 219/443/3 221/445/3
f 222/446/17 122/447/17 124/448/17
f 124/448/17 122/447/17 123/449/17
f 121/450/4 222/451/4 220/441/4
f 220/441/4 222/451/4 124/448/4
f 124/448/10 123/449/10 220/441/10
f 220/441/10 123/449/10 221/440/10
f 121/452/11 219/453/11 222/454/11
f 222/454/11 219/453/11 122/455/11
f 178/456/6 125/457/6 180/458/6
f 180/458/6 125/457/6 179/459/6
f 125/460/4 183/461/4 179/459/4
f 125/462/11 178/463/11 183/464/11
f 126/465/6 127/466/6 175/467/6
f 175/467/6 127/466/6 128/468/6
f 176/469/3 126/470/3 129/471/3
f 129/471/3 126/470/3 175/472/3
f 130/473/15 176/474/15 177/475/15
f 177/475/15 176/474/15 129/476/15
f 127/477/4 130/478/4 128/468/4
f 128/468/4 130/478/4 177/475/4
f 177/475/10 129/476/10 128/468/10
f 128/468/10 129/476/10 175/467/10
f 127/479/11 126/480/11 130/481/11
f 130/481/11 126/480/11 176/482/11
f 225/483/16 224/484/16 131/485/16
f 132/486/3 223/487/3 226/488/3
f 133/489/17 132/490/17 227/491/17
f 227/491/17 132/490/17 226/492/17
f 224/493/4 133/494/4 131/485/4
f 131/485/4 133/494/4 227/491/4
f 227/491/10 226/492/10 131/485/10
f 131/485/10 226/492/10 225/483/10
f 224/495/11 223/496/11 133/497/11
f 133/497/11 223/496/11 132/498/11
f 204/499/6 134/500/6 206/501/6
f 206/501/6 134/500/6 205/502/6
f 207/503/3 204/504/3 135/505/3
f 135/505/3 204/504/3 206/506/3
f 136/507/9 207/508/9 137/509/19
f 137/509/19 207/508/9 135/510/9
f 134/511/4 136/512/4 205/502/4
f 205/502/4 136/512/4 137/509/4
f 137/509/10 135/510/10 205/502/10
f 205/502/10 135/510/10 206/501/10
f 134/513/11 204/514/11 136/515/11
f 136/515/11 204/514/11 207/516/11
f 138/517/6 185/518/6 140/519/6
f 140/519/6 185/518/6 139/520/6
f 141/521/3 138/522/3 142/523/3
f 142/523/3 138/522/3 140/524/3
f 143/525/15 141/526/15 144/527/15
f 144/527/15 141/526/15 142/528/15
f 185/529/4 143/530/4 139/520/4
f 139/520/4 143/530/4 144/527/4
f 144/527/10 142/528/10 139/520/10
f 139/520/10 142/528/10 140/519/10
f 185/531/11 138/532/11 143/533/11
f 143/533/11 138/532/11 141/534/11
f 368/535/4 146/536/4 367/537/4
f 367/537/4 146/536/4 369/538/4
f 367/537/4 369/538/4 147/539/4
f 368/535/4 145/540/4 146/536/4
f 147/541/4 370/542/4 367/543/4
f 369/544/15 148/545/15 147/541/15
f 147/541/15 148/545/15 372/546/15
f 367/547/8 149/548/8 368/549/8
f 368/549/8 149/548/8 375/550/8
f 375/551/8 149/552/8 150/553/8
f 375/551/8 150/553/8 373/554/8
f 145/555/2 151/556/2 146/557/2
f 146/557/2 151/556/2 378/558/2
f 378/559/2 151/560/2 376/561/2
f 369/562/5 146/557/5 148/563/5
f 148/563/5 146/557/5 378/558/5
f 148/564/5 378/565/5 150/566/5
f 150/566/5 378/565/5 373/567/5
f 376/568/1 151/569/1 374/570/1
f 374/570/1 151/569/1 375/571/1
f 375/572/1 151/573/1 145/574/1
f 375/572/1 145/574/1 368/575/1
f 148/564/3 150/566/3 372/576/3
f 372/546/3 150/577/3 379/578/3
f 379/579/3 150/580/3 152/581/3
f 152/581/3 150/580/3 149/582/3
f 152/583/16 371/584/16 379/578/16
f 147/541/10 372/546/10 370/542/10
f 149/585/11 367/586/11 152/587/11
f 152/587/11 367/586/11 371/588/11
f 153/589/6 154/276/6 155/275/6
f 156/280/3 153/279/3 155/275/3
f 161/590/15 160/299/15 162/298/15
f 159/591/11 158/592/11 161/593/11
f 161/593/11 158/592/11 160/594/11
f 163/595/6 234/596/6 235/597/6
f 235/597/6 234/596/6 164/598/6
f 236/599/3 163/600/3 165/601/3
f 165/601/3 163/600/3 235/602/3
f 237/603/15 236/604/15 166/605/15
f 166/605/15 236/604/15 165/606/15
f 234/607/4 237/608/4 164/598/4
f 164/598/4 237/608/4 166/605/4
f 166/605/10 165/606/10 164/598/10
f 164/598/10 165/606/10 235/597/10
f 234/609/11 163/610/11 237/611/11
f 237/611/11 163/610/11 236/612/11
f 230/613/6 229/614/6 167/615/6
f 168/616/3 228/617/3 169/618/3
f 169/618/3 228/617/3 230/619/3
f 231/620/9 168/621/9 170/622/9
f 170/622/9 168/621/9 169/623/9
f 229/624/4 231/625/4 167/615/4
f 167/615/4 231/625/4 170/622/4
f 170/622/10 169/623/10 167/615/10
f 167/615/10 169/623/10 230/613/10
f 231/626/11 228/627/11 168/628/11
f 171/629/4 173/630/4 172/425/4
f 172/425/4 173/630/4 174/432/4
f 181/631/3 178/632/3 182/633/3
f 182/633/3 178/632/3 180/634/3
f 183/635/9 181/636/19 184/637/9
f 184/637/9 181/636/19 182/638/9
f 179/459/4 183/461/4 184/637/4
f 184/637/10 182/638/10 179/459/10
f 179/459/10 182/638/10 180/458/10
f 183/464/11 178/463/11 181/639/11
f 199/49/7 201/50/7 196/51/7
f 199/640/4 188/10/4 200/57/4
f 201/78/10 197/77/10 196/641/10
f 193/642/11 198/643/11 191/644/11
f 191/644/11 198/643/11 203/645/11
f 191/646/11 203/647/11 192/648/11
f 192/86/11 189/85/11 195/649/11
f 232/650/3 67/651/3 57/652/3
f 57/652/3 67/651/3 212/653/3
f 233/654/17 232/655/17 54/656/17
f 54/656/17 232/655/17 57/657/17
f 55/658/4 233/659/4 211/660/4
f 211/660/4 233/659/4 54/661/4
f 55/662/11 67/663/11 233/664/11
f 233/664/11 67/663/11 232/665/11
f 215/666/3 213/667/3 216/668/3
f 216/668/3 213/667/3 214/669/3
f 217/670/17 215/671/17 218/399/17
f 218/399/17 215/671/17 216/400/17
f 217/403/11 213/402/11 215/672/11
f 223/673/16 224/484/16 225/483/16
f 226/488/3 223/487/3 225/674/3
f 228/675/6 229/614/6 230/613/6
f 229/676/11 228/627/11 231/626/11
f 251/677/6 244/678/6 252/679/6
f 252/679/6 244/678/6 238/680/6
f 253/681/3 251/682/3 245/683/3
f 245/683/3 251/682/3 252/684/3
f 239/685/9 253/686/9 254/687/9
f 254/687/9 253/686/9 245/688/9
f 244/689/4 239/690/4 238/680/4
f 238/680/4 239/690/4 254/687/4
f 254/687/10 245/688/10 238/680/10
f 238/680/10 245/688/10 252/679/10
f 244/691/11 251/692/11 239/693/11
f 239/693/11 251/692/11 253/694/11
f 255/695/16 246/696/16 247/697/16
f 247/697/16 246/696/16 240/698/18
f 256/699/3 255/700/3 241/701/3
f 241/701/3 255/700/3 247/702/3
f 257/703/17 256/704/17 242/705/17
f 242/705/17 256/704/17 241/706/17
f 246/707/4 257/708/4 240/698/4
f 240/698/4 257/708/4 242/705/4
f 242/705/10 241/706/10 240/698/10
f 240/698/10 241/706/10 247/697/10
f 246/709/11 255/710/11 257/711/11
f 248/712/6 258/713/6 259/714/6
f 259/714/6 258/713/6 243/715/6
f 249/716/3 248/717/3 260/718/3
f 260/718/3 248/717/3 259/719/3
f 250/720/15 249/721/15 261/722/15
f 261/722/15 249/721/15 260/723/15
f 258/724/4 250/725/4 243/715/4
f 243/715/4 250/725/4 261/722/4
f 261/722/10 260/723/10 243/715/10
f 243/715/10 260/723/10 259/714/10
f 258/726/11 248/727/11 250/728/11
f 250/728/11 248/727/11 249/729/11
f 257/711/11 255/710/11 256/730/11
f 267/731/16 264/732/16 262/733/16
f 262/733/16 264/732/16 268/734/16
f 265/735/3 267/736/3 269/737/3
f 269/737/3 267/736/3 262/738/3
f 263/739/17 265/740/17 266/741/17
f 266/741/17 265/740/17 269/742/17
f 264/743/4 263/744/4 268/734/4
f 268/734/4 263/744/4 266/741/4
f 266/741/10 269/742/10 268/734/10
f 268/734/10 269/742/10 262/733/10
f 264/745/11 267/746/11 263/747/11
f 263/747/11 267/746/11 265/748/11
f 270/749/6 284/750/6 285/751/6
f 285/751/6 284/750/6 271/752/6
f 276/753/3 270/754/3 272/755/3
f 272/755/3 270/754/3 285/756/3
f 278/757/15 276/758/15 272/759/15
f 284/760/4 277/761/4 271/752/4
f 271/752/4 277/761/4 278/757/4
f 278/757/10 272/759/10 271/752/10
f 271/752/10 272/759/10 285/751/10
f 284/762/11 270/763/11 277/764/11
f 277/764/11 270/763/11 276/765/11
f 279/766/6 273/767/6 283/768/6
f 283/768/6 273/767/6 282/769/6
f 280/770/3 279/771/3 274/772/3
f 274/772/3 279/771/3 283/773/3
f 275/774/9 280/775/19 281/776/19
f 281/776/19 280/775/19 274/777/9
f 273/778/4 275/779/4 282/769/4
f 282/769/4 275/779/4 281/776/4
f 281/776/10 274/777/10 282/769/10
f 282/769/10 274/777/10 283/768/10
f 273/780/11 279/781/11 275/782/11
f 275/782/11 279/781/11 280/783/11
f 277/784/15 276/758/15 278/757/15
f 291/785/16 292/786/16 287/787/16
f 287/787/16 292/786/16 286/788/16
f 293/789/3 291/790/3 289/791/3
f 289/791/3 291/790/3 287/792/3
f 290/793/17 293/794/17 288/795/17
f 288/795/17 293/794/17 289/796/17
f 292/797/4 290/798/4 286/788/4
f 286/788/4 290/798/4 288/795/4
f 288/795/10 289/796/10 286/788/10
f 286/788/10 289/796/10 287/787/10
f 292/799/11 291/800/11 290/801/11
f 290/801/11 291/800/11 293/802/11
f 294/803/6 295/804/6 300/805/6
f 300/805/6 295/804/6 299/806/6
f 296/807/3 294/808/3 298/809/3
f 298/809/3 294/808/3 300/810/3
f 297/811/9 296/812/19 301/813/19
f 301/813/19 296/812/19 298/814/9
f 295/815/4 297/816/4 299/806/4
f 299/806/4 297/816/4 301/813/4
f 301/813/10 298/814/10 299/806/10
f 299/806/10 298/814/10 300/805/10
f 295/817/11 294/818/11 297/819/11
f 297/819/11 294/818/11 296/820/11
f 302/821/6 307/822/6 304/823/6
f 304/823/6 307/822/6 303/824/6
f 308/825/3 302/826/3 305/827/3
f 305/827/3 302/826/3 304/828/3
f 309/829/15 308/830/15 306/831/15
f 306/831/15 308/830/15 305/832/15
f 307/833/4 309/834/4 303/824/4
f 303/824/4 309/834/4 306/831/4
f 306/831/10 305/832/10 303/824/10
f 303/824/10 305/832/10 304/823/10
f 307/835/11 302/836/11 309/837/11
f 309/837/11 302/836/11 308/838/11
f 312/839/16 311/840/16 384/841/16
f 385/842/3 310/843/3 386/844/3
f 386/844/3 310/843/3 312/845/3
f 311/846/4 387/847/4 384/841/4
f 384/841/10 386/848/10 312/839/10
f 311/849/11 310/850/11 387/851/11
f 387/851/11 310/850/11 385/852/11
f 310/853/16 311/840/16 312/839/16
f 315/854/6 380/855/6 382/856/6
f 313/857/3 315/858/3 383/859/3
f 383/859/3 315/858/3 382/860/3
f 316/861/9 313/862/19 314/863/19
f 314/863/19 313/862/19 383/864/9
f 380/865/4 316/866/4 381/867/4
f 381/867/4 316/866/4 314/863/4
f 314/863/10 383/864/10 381/867/10
f 380/868/11 315/869/11 316/870/11
f 316/870/11 315/869/11 313/871/11
f 389/872/6 390/873/6 318/874/6
f 318/874/6 390/873/6 317/875/6
f 319/876/3 389/877/3 322/878/3
f 322/878/3 389/877/3 318/879/3
f 320/880/15 319/881/15 321/882/15
f 321/882/15 319/881/15 322/883/15
f 390/884/4 320/885/4 317/875/4
f 317/875/4 320/885/4 321/882/4
f 321/882/10 322/883/10 317/875/10
f 317/875/10 322/883/10 318/874/10
f 390/886/11 389/887/11 320/888/11
f 320/888/11 389/887/11 319/889/11
f 324/890/1 325/891/1 323/892/1
f 323/892/1 325/891/1 326/893/1
f 328/894/1 329/895/1 327/896/1
f 327/896/1 329/895/1 330/897/1
f 334/898/2 327/899/2 333/900/2
f 333/900/2 327/899/2 330/901/2
f 333/900/2 330/901/2 331/902/2
f 331/902/2 332/903/2 333/900/2
f 330/904/3 329/905/3 331/906/3
f 331/906/3 329/905/3 335/907/3
f 338/908/4 324/909/4 337/910/4
f 337/910/4 324/909/4 323/911/4
f 337/910/4 323/911/4 336/912/4
f 323/913/2 326/914/2 336/915/2
f 336/915/2 326/914/2 339/916/2
f 340/917/5 341/918/5 342/919/5
f 342/919/5 341/918/5 339/920/5
f 339/920/5 341/918/5 336/921/5
f 336/921/5 341/918/5 337/922/5
f 343/923/3 332/924/3 340/925/3
f 340/925/3 332/924/3 344/926/3
f 340/927/3 344/928/3 345/929/3
f 343/923/3 333/930/3 332/924/3
f 345/929/3 346/931/3 340/927/3
f 340/932/3 346/933/3 347/934/3
f 340/932/3 347/934/3 341/935/3
f 349/936/6 350/937/6 348/938/7
f 348/938/7 350/937/6 351/939/7
f 348/938/7 351/939/7 345/940/7
f 345/940/7 344/941/7 348/938/7
f 352/942/4 328/943/4 348/944/4
f 348/944/4 328/943/4 327/945/4
f 348/946/4 327/899/4 349/947/4
f 349/947/4 327/899/4 334/898/4
f 348/948/5 344/949/5 352/950/5
f 352/950/5 344/949/5 335/951/5
f 335/951/5 344/949/5 331/952/5
f 331/952/5 344/949/5 332/953/5
f 329/954/8 328/955/8 335/956/8
f 335/956/8 328/955/8 352/957/8
f 350/958/4 353/959/4 351/960/4
f 351/960/4 353/959/4 354/961/4
f 353/962/9 347/963/9 354/964/9
f 354/964/9 347/963/9 346/965/9
f 354/966/10 346/967/10 351/968/10
f 351/968/10 346/967/10 345/969/10
f 341/970/11 347/971/11 337/972/11
f 337/972/11 347/971/11 353/973/11
f 337/974/11 353/975/11 338/976/11
f 338/977/11 353/978/11 350/979/12
f 338/977/11 350/979/12 334/980/13
f 334/980/13 350/979/12 349/981/11
f 334/982/13 333/983/11 338/984/11
f 338/984/11 333/983/11 343/985/11
f 342/986/8 325/987/8 343/988/8
f 343/988/8 325/987/8 324/989/8
f 343/988/8 324/989/8 338/990/8
f 343/988/8 340/991/8 342/986/8
f 326/992/3 325/993/3 339/994/3
f 339/994/3 325/993/3 342/995/3
f 356/996/3 357/997/3 355/998/3
f 355/998/3 357/997/3 358/999/3
f 359/1000/4 360/1001/4 362/1002/4
f 362/1002/4 360/1001/4 361/1003/4
f 356/1004/8 363/1005/8 357/1006/8
f 357/1006/8 363/1005/8 364/1007/8
f 364/1008/8 363/1009/8 359/1010/8
f 364/1008/8 359/1010/8 362/1011/8
f 360/1012/2 365/1013/2 361/1014/2
f 361/1014/2 365/1013/2 366/1015/2
f 366/1016/2 365/1017/2 355/1018/2
f 366/1016/2 355/1018/2 358/1019/2
f 361/1014/5 366/1015/5 362/1020/5
f 362/1020/5 366/1015/5 364/1021/5
f 364/1022/5 366/1016/5 358/1019/5
f 364/1022/5 358/1019/5 357/1023/5
f 355/1024/1 365/1025/1 356/1026/1
f 356/1026/1 365/1025/1 363/1027/1
f 363/1028/1 365/1029/1 360/1030/1
f 363/1028/1 360/1030/1 359/1031/1
f 367/1032/4 370/1033/4 371/1034/4
f 373/554/8 374/1035/8 375/551/8
f 374/1036/3 373/1037/3 376/1038/3
f 376/1038/3 373/1037/3 377/1039/3
f 378/559/2 376/561/2 377/1040/2
f 373/567/5 378/565/5 377/1041/5
f 379/578/16 371/584/16 370/542/16
f 370/542/10 372/546/10 379/578/10
f 382/856/6 380/855/6 381/867/6
f 381/867/10 383/864/10 382/856/10
f 387/1042/17 385/1043/17 388/1044/17
f 388/1044/17 385/1043/17 386/848/17
f 384/841/4 387/847/4 388/1044/4
f 388/1044/10 386/848/10 384/841/10
f 391/1045/6 392/1046/6 394/1047/6
f 394/1047/6 392/1046/6 393/1048/6
f 395/1049/3 391/1050/3 396/1051/3
f 396/1051/3 391/1050/3 394/1052/3
f 397/1053/9 395/1054/9 398/1055/19
f 398/1055/19 395/1054/9 396/1056/9
f 392/1057/4 397/1058/4 393/1048/4
f 393/1048/4 397/1058/4 398/1055/4
f 398/1055/10 396/1056/10 393/1048/10
f 393/1048/10 396/1056/10 394/1047/10
f 392/1059/11 391/1060/11 397/1061/11
f 397/1061/11 391/1060/11 395/1062/11
f 569/1063/16 557/1064/16 399/1065/16
f 400/1066/3 568/1067/3 401/1068/3
f 401/1068/3 568/1067/3 569/1069/3
f 402/1070/17 400/1071/17 556/1072/17
f 556/1072/17 400/1071/17 401/1073/17
f 557/1074/4 402/1075/4 399/1076/4
f 399/1076/4 402/1075/4 556/1077/4
f 556/1078/10 401/1079/10 399/1065/10
f 399/1065/10 401/1079/10 569/1063/10
f 557/1080/11 568/1081/11 402/1082/11
f 402/1082/11 568/1081/11 400/1083/11
f 403/1084/6 404/1085/6 406/1086/6
f 406/1086/6 404/1085/6 405/1087/6
f 407/1088/3 403/1089/3 408/1090/3
f 408/1090/3 403/1089/3 406/1091/3
f 409/1092/15 407/1093/15 410/1094/15
f 410/1094/15 407/1093/15 408/1095/15
f 404/1096/4 409/1097/4 405/1087/4
f 405/1087/4 409/1097/4 410/1094/4
f 410/1094/10 408/1095/10 405/1087/10
f 405/1087/10 408/1095/10 406/1086/10
f 404/1098/11 403/1099/11 409/1100/11
f 409/1100/11 403/1099/11 407/1101/11
f 411/1102/18 412/1103/16 414/1104/16
f 414/1104/16 412/1103/16 413/1105/18
f 415/1106/3 411/1107/3 416/1108/3
f 416/1108/3 411/1107/3 414/1109/3
f 417/1110/17 415/1111/17 418/1112/17
f 418/1112/17 415/1111/17 416/1113/17
f 412/1114/4 417/1115/4 413/1105/4
f 413/1105/4 417/1115/4 418/1112/4
f 418/1112/10 416/1113/10 413/1105/10
f 413/1105/10 416/1113/10 414/1104/10
f 412/1116/11 411/1117/11 417/1118/11
f 417/1118/11 411/1117/11 415/1119/11
f 419/1120/6 420/1121/6 422/1122/6
f 422/1122/6 420/1121/6 421/1123/6
f 423/1124/3 419/1125/3 424/1126/3
f 424/1126/3 419/1125/3 422/1127/3
f 425/1128/9 423/1129/9 426/1130/19
f 426/1130/19 423/1129/9 424/1131/9
f 420/1132/4 425/1133/4 421/1123/4
f 421/1123/4 425/1133/4 426/1130/4
f 426/1130/10 424/1131/10 421/1123/10
f 421/1123/10 424/1131/10 422/1122/10
f 420/1134/11 419/1135/11 425/1136/11
f 425/1136/11 419/1135/11 423/1137/11
f 427/1138/6 428/1139/6 430/1140/6
f 430/1140/6 428/1139/6 429/1141/6
f 431/1142/3 427/1143/3 432/1144/3
f 432/1144/3 427/1143/3 430/1145/3
f 433/1146/15 431/1147/15 434/1148/15
f 434/1148/15 431/1147/15 432/1149/15
f 428/1150/4 433/1151/4 429/1141/4
f 429/1141/4 433/1151/4 434/1148/4
f 434/1148/10 432/1149/10 429/1141/10
f 429/1141/10 432/1149/10 430/1140/10
f 428/1152/11 427/1153/11 433/1154/11
f 433/1154/11 427/1153/11 431/1155/11
f 435/1156/16 436/1157/16 438/1158/16
f 438/1158/16 436/1157/16 437/1159/16
f 439/1160/3 435/1161/3 440/1162/3
f 440/1162/3 435/1161/3 438/1163/3
f 441/1164/17 439/1165/17 442/1166/17
f 442/1166/17 439/1165/17 440/1167/17
f 436/1168/4 441/1169/4 437/1159/4
f 437/1159/4 441/1169/4 442/1166/4
f 442/1166/10 440/1167/10 437/1159/10
f 437/1159/10 440/1167/10 438/1158/10
f 436/1170/11 435/1171/11 441/1172/11
f 441/1172/11 435/1171/11 439/1173/11
f 443/1174/6 444/1175/6 446/1176/6
f 446/1176/6 444/1175/6 445/1177/6
f 447/1178/3 443/1179/3 448/1180/3
f 448/1180/3 443/1179/3 446/1181/3
f 449/1182/9 447/1183/9 450/1184/9
f 450/1184/9 447/1183/9 448/1185/9
f 444/1186/4 449/1187/4 445/1177/4
f 445/1177/4 449/1187/4 450/1184/4
f 450/1184/10 448/1185/10 445/1177/10
f 445/1177/10 448/1185/10 446/1176/10
f 444/1188/11 443/1189/11 449/1190/11
f 449/1190/11 443/1189/11 447/1191/11
f 451/1192/6 452/1193/6 454/1194/6
f 454/1194/6 452/1193/6 453/1195/6
f 455/1196/3 451/1197/3 456/1198/3
f 456/1198/3 451/1197/3 454/1199/3
f 457/1200/15 455/1201/15 458/1202/15
f 458/1202/15 455/1201/15 456/1203/15
f 452/1204/4 457/1205/4 453/1195/4
f 453/1195/4 457/1205/4 458/1202/4
f 458/1202/10 456/1203/10 453/1195/10
f 453/1195/10 456/1203/10 454/1194/10
f 452/1206/11 451/1207/11 457/1208/11
f 457/1208/11 451/1207/11 455/1209/11
f 459/1210/16 460/1211/16 462/1212/16
f 462/1212/16 460/1211/16 461/1213/16
f 463/1214/3 459/1215/3 464/1216/3
f 464/1216/3 459/1215/3 462/1217/3
f 465/1218/17 463/1219/17 466/1220/17
f 466/1220/17 463/1219/17 464/1221/17
f 460/1222/4 465/1223/4 461/1213/4
f 461/1213/4 465/1223/4 466/1220/4
f 466/1220/10 464/1221/10 461/1213/10
f 461/1213/10 464/1221/10 462/1212/10
f 460/1224/11 459/1225/11 465/1226/11
f 465/1226/11 459/1225/11 463/1227/11
f 467/1228/6 468/1229/6 470/1230/6
f 470/1230/6 468/1229/6 469/1231/6
f 471/1232/3 467/1233/3 472/1234/3
f 472/1234/3 467/1233/3 470/1235/3
f 473/1236/9 471/1237/9 474/1238/9
f 474/1238/9 471/1237/9 472/1239/9
f 468/1240/4 473/1241/4 469/1231/4
f 469/1231/4 473/1241/4 474/1238/4
f 474/1238/10 472/1239/10 469/1231/10
f 469/1231/10 472/1239/10 470/1230/10
f 468/1242/11 467/1243/11 473/1244/11
f 473/1244/11 467/1243/11 471/1245/11
f 475/1246/6 476/1247/6 478/1248/6
f 478/1248/6 476/1247/6 477/1249/6
f 479/1250/3 475/1251/3 480/1252/3
f 480/1252/3 475/1251/3 478/1253/3
f 481/1254/15 479/1255/15 482/1256/15
f 482/1256/15 479/1255/15 480/1257/15
f 476/1258/4 481/1259/4 477/1249/4
f 477/1249/4 481/1259/4 482/1256/4
f 482/1256/10 480/1257/10 477/1249/10
f 477/1249/10 480/1257/10 478/1248/10
f 476/1260/11 475/1261/11 481/1262/11
f 481/1262/11 475/1261/11 479/1263/11
f 483/1264/16 484/1265/16 486/1266/16
f 486/1266/16 484/1265/16 485/1267/16
f 487/1268/3 483/1269/3 488/1270/3
f 488/1270/3 483/1269/3 486/1271/3
f 489/1272/17 487/1273/17 490/1274/17
f 490/1274/17 487/1273/17 488/1275/17
f 484/1276/4 489/1277/4 485/1267/4
f 485/1267/4 489/1277/4 490/1274/4
f 490/1274/10 488/1275/10 485/1267/10
f 485/1267/10 488/1275/10 486/1266/10
f 484/1278/11 483/1279/11 489/1280/11
f 489/1280/11 483/1279/11 487/1281/11
f 491/1282/6 492/1283/6 494/1284/6
f 494/1284/6 492/1283/6 493/1285/6
f 495/1286/3 491/1287/3 496/1288/3
f 496/1288/3 491/1287/3 494/1289/3
f 497/1290/9 495/1291/9 498/1292/9
f 498/1292/9 495/1291/9 496/1293/19
f 492/1294/4 497/1295/4 493/1285/4
f 493/1285/4 497/1295/4 498/1292/4
f 498/1292/10 496/1293/10 493/1285/10
f 493/1285/10 496/1293/10 494/1284/10
f 492/1296/11 491/1297/11 497/1298/11
f 497/1298/11 491/1297/11 495/1299/11
f 499/1300/6 500/1301/6 502/1302/6
f 502/1302/6 500/1301/6 501/1303/6
f 503/1304/3 499/1305/3 504/1306/3
f 504/1306/3 499/1305/3 502/1307/3
f 505/1308/15 503/1309/15 506/1310/15
f 506/1310/15 503/1309/15 504/1311/15
f 500/1312/4 505/1313/4 501/1303/4
f 501/1303/4 505/1313/4 506/1310/4
f 506/1310/10 504/1311/10 501/1303/10
f 501/1303/10 504/1311/10 502/1302/10
f 500/1314/11 499/1315/11 505/1316/11
f 505/1316/11 499/1315/11 503/1317/11
f 508/1318/1 509/1319/1 507/1320/1
f 507/1320/1 509/1319/1 510/1321/1
f 512/1322/1 513/1323/1 511/1324/1
f 511/1324/1 513/1323/1 514/1325/1
f 518/1326/2 511/1327/2 517/1328/2
f 517/1328/2 511/1327/2 514/1329/2
f 517/1328/2 514/1329/2 515/1330/2
f 515/1330/2 516/1331/2 517/1328/2
f 514/1332/3 513/1333/3 515/1334/3
f 515/1334/3 513/1333/3 519/1335/3
f 522/1336/4 508/1337/4 521/1338/4
f 521/1338/4 508/1337/4 507/1339/4
f 521/1338/4 507/1339/4 520/1340/4
f 507/1341/2 510/1342/2 520/1343/2
f 520/1343/2 510/1342/2 523/1344/2
f 524/1345/5 525/1346/5 526/1347/5
f 526/1347/5 525/1346/5 523/1348/5
f 523/1348/5 525/1346/5 520/1349/5
f 520/1349/5 525/1346/5 521/1350/5
f 527/1351/3 516/1352/3 524/1353/3
f 524/1353/3 516/1352/3 528/1354/3
f 524/1355/3 528/1356/3 529/1357/3
f 527/1351/3 517/1358/3 516/1352/3
f 529/1357/3 530/1359/3 524/1355/3
f 524/1360/3 530/1361/3 531/1362/3
f 524/1360/3 531/1362/3 525/1363/3
f 533/1364/6 534/1365/6 532/1366/7
f 532/1366/7 534/1365/6 535/1367/7
f 532/1366/7 535/1367/7 529/1368/7
f 529/1368/7 528/1369/7 532/1366/7
f 536/1370/4 512/1371/4 532/1372/4
f 532/1372/4 512/1371/4 511/1373/4
f 532/1374/4 511/1327/4 533/1375/4
f 533/1375/4 511/1327/4 518/1326/4
f 532/1376/5 528/1377/5 536/1378/5
f 536/1378/5 528/1377/5 519/1379/5
f 519/1379/5 528/1377/5 515/1380/5
f 515/1380/5 528/1377/5 516/1381/5
f 513/1382/8 512/1383/8 519/1384/8
f 519/1384/8 512/1383/8 536/1385/8
f 534/1386/4 537/1387/4 535/1388/4
f 535/1388/4 537/1387/4 538/1389/4
f 537/1390/9 531/1391/9 538/1392/9
f 538/1392/9 531/1391/9 530/1393/9
f 538/1394/10 530/1395/10 535/1396/10
f 535/1396/10 530/1395/10 529/1397/10
f 525/1398/11 531/1399/11 521/1400/11
f 521/1400/11 531/1399/11 537/1401/11
f 521/1400/11 537/1401/11 522/1402/11
f 522/1403/11 537/1404/11 534/1405/12
f 522/1403/11 534/1405/12 518/1406/13
f 518/1406/13 534/1405/12 533/1407/11
f 518/1408/13 517/1409/11 522/1410/11
f 522/1410/11 517/1409/11 527/1411/11
f 526/1412/8 509/1413/8 527/1414/8
f 527/1414/8 509/1413/8 508/1415/8
f 527/1414/8 508/1415/8 522/1416/8
f 527/1414/8 524/1417/8 526/1412/8
f 510/1418/3 509/1419/3 523/1420/3
f 523/1420/3 509/1419/3 526/1421/3
f 540/1422/3 541/1423/3 539/1424/3
f 539/1424/3 541/1423/3 542/1425/3
f 543/1426/4 544/1427/4 546/1428/4
f 546/1428/4 544/1427/4 545/1429/4
f 540/1430/8 547/1431/8 541/1432/8
f 541/1432/8 547/1431/8 548/1433/8
f 548/1434/8 547/1435/8 543/1436/8
f 548/1434/8 543/1436/8 546/1437/8
f 544/1438/2 549/1439/2 545/1440/2
f 545/1440/2 549/1439/2 550/1441/2
f 550/1442/2 549/1443/2 539/1444/2
f 550/1442/2 539/1444/2 542/1445/2
f 545/1440/5 550/1441/5 546/1446/5
f 546/1446/5 550/1441/5 548/1447/5
f 548/1448/5 550/1442/5 542/1445/5
f 548/1448/5 542/1445/5 541/1449/5
f 539/1450/1 549/1451/1 540/1452/1
f 540/1452/1 549/1451/1 547/1453/1
f 547/1454/1 549/1455/1 544/1456/1
f 547/1454/1 544/1456/1 543/1457/1
f 552/1458/4 554/1459/4 551/1460/4
f 551/1460/4 554/1459/4 555/1461/4
f 551/1460/4 555/1461/4 556/1462/4
f 552/1458/4 553/1463/4 554/1459/4
f 556/1464/4 399/1465/4 551/1466/4
f 551/1467/4 399/1468/4 557/1469/4
f 555/1470/15 558/1471/15 556/1472/15
f 556/1472/15 558/1471/15 401/1473/15
f 551/1474/8 559/1475/8 552/1476/8
f 552/1476/8 559/1475/8 563/1477/8
f 563/1478/8 559/1479/8 560/1480/8
f 563/1478/8 560/1480/8 561/1481/8
f 561/1481/8 562/1482/8 563/1478/8
f 562/1483/3 561/1484/3 564/1485/3
f 564/1485/3 561/1484/3 565/1486/3
f 553/1487/2 566/1488/2 554/1489/2
f 554/1489/2 566/1488/2 567/1490/2
f 567/1491/2 566/1492/2 564/1493/2
f 567/1491/2 564/1493/2 565/1494/2
f 555/1495/5 554/1489/5 558/1496/5
f 558/1496/5 554/1489/5 567/1490/5
f 558/1497/5 567/1498/5 560/1499/5
f 560/1499/5 567/1498/5 561/1500/5
f 561/1500/5 567/1498/5 565/1501/5
f 564/1502/1 566/1503/1 562/1504/1
f 562/1504/1 566/1503/1 563/1505/1
f 563/1506/1 566/1507/1 553/1508/1
f 563/1506/1 553/1508/1 552/1509/1
f 558/1497/3 560/1499/3 401/1510/3
f 401/1511/3 560/1512/3 569/1513/3
f 569/1514/3 560/1515/3 568/1516/3
f 568/1516/3 560/1515/3 559/1517/3
f 568/1518/16 557/1064/16 569/1063/16
f 559/1519/11 551/1467/11 568/1520/11
f 568/1520/11 551/1467/11 557/1469/11
f 570/1521/1 1111/1522/1 1110/1523/1
f 1110/1523/1 1111/1522/1 625/1524/1
f 1112/1525/1 1113/1526/1 571/1527/1
f 571/1527/1 1113/1526/1 572/1528/1
f 1112/1529/4 571/1530/4 573/1531/4
f 573/1531/4 571/1530/4 1114/1532/4
f 571/1533/2 572/1534/2 1114/1535/2
f 1114/1535/2 572/1534/2 574/1536/2
f 570/1537/3 1110/1538/3 1115/1539/3
f 1115/1539/3 1110/1538/3 631/1540/3
f 1110/1541/8 625/1542/8 631/1543/8
f 1116/1544/5 1117/1545/5 634/1546/5
f 634/1546/5 1117/1545/5 574/1547/5
f 574/1547/5 1117/1545/5 1114/1548/5
f 1114/1548/5 1117/1545/5 575/1549/5
f 1114/1548/5 575/1549/5 573/1550/5
f 573/1550/5 575/1549/5 576/1551/5
f 575/1552/20 577/1553/4 576/1554/4
f 576/1554/4 577/1553/4 578/1555/4
f 576/1556/4 578/1557/4 1118/1558/4
f 1118/1558/4 579/1559/4 576/1556/4
f 576/1560/4 579/1561/4 1119/1562/4
f 576/1560/4 1119/1562/4 1120/1563/4
f 1120/1563/4 1119/1562/4 580/1564/4
f 579/1565/7 1118/1566/7 581/1567/7
f 581/1567/7 1118/1566/7 582/1568/7
f 570/1569/2 1121/1570/2 1111/1571/2
f 1111/1571/2 1121/1570/2 580/1572/2
f 1111/1571/2 580/1572/2 1122/1573/2
f 1122/1573/2 580/1572/2 1119/1574/2
f 570/1569/2 1115/1575/2 1121/1570/2
f 1121/1570/2 1115/1575/2 583/1576/2
f 583/1577/5 1115/1578/5 581/1579/5
f 581/1579/5 1115/1578/5 631/1580/5
f 581/1579/5 631/1580/5 644/1581/5
f 581/1579/5 644/1581/5 579/1582/5
f 579/1582/5 644/1581/5 1122/1583/5
f 579/1582/5 1122/1583/5 1119/1584/5
f 625/1585/4 1111/1586/4 644/1587/4
f 644/1587/4 1111/1586/4 1122/1588/4
f 584/1589/11 1120/1590/11 1121/1591/11
f 1121/1591/11 1120/1590/11 580/1592/11
f 575/1593/11 1117/1594/11 577/1595/11
f 577/1595/11 1117/1594/11 1123/1596/11
f 584/1597/3 583/1598/3 1116/1599/3
f 1116/1599/3 583/1598/3 581/1600/3
f 1116/1601/3 581/1602/3 582/1603/3
f 584/1597/3 1121/1604/3 583/1598/3
f 582/1603/3 1124/1605/3 1116/1601/3
f 577/1606/9 1123/1607/9 578/1608/9
f 578/1608/9 1123/1607/9 1124/1609/9
f 578/1610/10 1124/1611/10 1118/1612/10
f 1118/1612/10 1124/1611/10 582/1613/10
f 634/1614/8 1113/1615/8 584/1616/8
f 584/1616/8 1113/1615/8 1112/1617/8
f 584/1616/8 1112/1617/8 1120/1618/8
f 1120/1618/8 1112/1617/8 573/1619/8
f 1120/1618/8 573/1619/8 576/1620/8
f 584/1616/8 1116/1621/8 634/1614/8
f 572/1622/3 1113/1623/3 574/1624/3
f 574/1624/3 1113/1623/3 634/1625/3
f 585/1626/6 586/1627/6 823/1628/6
f 823/1628/6 586/1627/6 587/1629/6
f 824/1630/3 585/1631/3 588/1632/3
f 588/1632/3 585/1631/3 823/1633/3
f 826/1634/9 824/1635/19 588/1636/9
f 586/1637/4 825/1638/4 587/1629/4
f 587/1629/4 825/1638/4 826/1634/4
f 826/1634/10 588/1636/10 587/1629/10
f 587/1629/10 588/1636/10 823/1628/10
f 586/1639/11 585/1640/11 825/1641/11
f 825/1641/11 585/1640/11 824/1642/11
f 590/1643/3 591/1644/3 589/1645/3
f 589/1645/3 591/1644/3 592/1646/3
f 593/1647/4 594/1648/4 596/1649/4
f 596/1649/4 594/1648/4 595/1650/4
f 590/1651/8 597/1652/8 591/1653/8
f 591/1653/8 597/1652/8 598/1654/8
f 598/1655/8 597/1656/8 593/1657/8
f 598/1655/8 593/1657/8 596/1658/8
f 594/1659/2 599/1660/2 595/1661/2
f 595/1661/2 599/1660/2 600/1662/2
f 600/1663/2 599/1664/2 589/1665/2
f 600/1663/2 589/1665/2 592/1666/2
f 595/1661/5 600/1662/5 596/1667/5
f 596/1667/5 600/1662/5 598/1668/5
f 598/1669/5 600/1663/5 592/1666/5
f 598/1669/5 592/1666/5 591/1670/5
f 589/1671/1 599/1672/1 590/1673/1
f 590/1673/1 599/1672/1 597/1674/1
f 597/1675/1 599/1676/1 594/1677/1
f 597/1675/1 594/1677/1 593/1678/1
f 601/1679/6 602/1680/6 832/1681/6
f 832/1681/6 602/1680/6 831/1682/6
f 603/1683/3 601/1684/3 833/1685/3
f 833/1685/3 601/1684/3 832/1686/3
f 834/1687/15 603/1688/15 835/1689/15
f 835/1689/15 603/1688/15 833/1690/15
f 602/1691/4 834/1692/4 831/1682/4
f 602/1693/11 601/1694/11 834/1695/11
f 834/1695/11 601/1694/11 603/1696/11
f 604/1697/6 605/1698/6 1084/1699/6
f 1084/1699/6 605/1698/6 606/1700/6
f 1085/1701/3 604/1702/3 607/1703/3
f 607/1703/3 604/1702/3 1084/1704/3
f 1086/1705/21 1085/1706/9 608/1707/9
f 608/1707/9 1085/1706/9 607/1708/9
f 605/1709/4 1086/1710/4 606/1700/4
f 606/1700/4 1086/1710/4 608/1707/4
f 608/1707/10 607/1708/10 606/1700/10
f 606/1700/10 607/1708/10 1084/1699/10
f 605/1711/11 604/1712/11 1086/1713/11
f 1086/1713/11 604/1712/11 1085/1714/11
f 838/1715/6 837/1716/6 609/1717/6
f 839/1718/3 836/1719/3 610/1720/3
f 610/1720/3 836/1719/3 838/1721/3
f 840/1722/9 839/1723/9 611/1724/9
f 611/1724/9 839/1723/9 610/1725/9
f 837/1726/4 840/1727/4 609/1717/4
f 609/1717/4 840/1727/4 611/1724/4
f 611/1724/10 610/1725/10 609/1717/10
f 609/1717/10 610/1725/10 838/1715/10
f 612/1728/3 649/1729/3 653/1730/3
f 613/1731/9 612/1732/9 614/1733/9
f 614/1733/9 612/1732/9 653/1734/9
f 650/1735/4 613/1736/4 651/1737/4
f 651/1737/4 613/1736/4 614/1733/4
f 614/1733/10 653/1734/10 651/1737/10
f 650/1738/11 649/1739/11 613/1740/11
f 613/1740/11 649/1739/11 612/1741/11
f 615/1742/4 813/1743/4 812/1744/4
f 812/1744/4 813/1743/4 617/1745/4
f 812/1744/4 617/1745/4 618/1746/4
f 615/1742/4 616/1747/4 813/1743/4
f 618/1748/4 619/1749/4 812/1750/4
f 812/1751/4 619/1752/4 814/1753/4
f 617/1754/15 815/1755/15 618/1748/15
f 618/1748/15 815/1755/15 620/1756/15
f 812/1757/8 816/1758/8 615/1759/8
f 615/1759/8 816/1758/8 818/1760/8
f 818/1761/8 816/1762/8 621/1763/8
f 818/1761/8 621/1763/8 622/1764/8
f 622/1764/8 817/1765/8 818/1761/8
f 817/1766/3 622/1767/3 819/1768/3
f 819/1768/3 622/1767/3 820/1769/3
f 616/1770/2 623/1771/2 813/1772/2
f 813/1772/2 623/1771/2 821/1773/2
f 821/1774/2 623/1775/2 819/1776/2
f 617/1777/5 813/1772/5 815/1778/5
f 815/1779/5 821/1780/5 621/1781/5
f 621/1781/5 821/1780/5 622/1782/5
f 622/1782/5 821/1780/5 820/1783/5
f 819/1784/1 623/1785/1 817/1786/1
f 817/1786/1 623/1785/1 818/1787/1
f 818/1788/1 623/1789/1 616/1790/1
f 818/1788/1 616/1790/1 615/1791/1
f 815/1779/3 621/1781/3 620/1792/3
f 620/1756/3 621/1793/3 624/1794/3
f 624/1795/3 621/1796/3 822/1797/3
f 822/1797/3 621/1796/3 816/1798/3
f 822/1799/16 814/1800/16 624/1794/16
f 624/1794/16 814/1800/16 619/1749/16
f 618/1748/10 620/1756/10 619/1749/10
f 619/1749/10 620/1756/10 624/1794/10
f 627/1801/4 1112/1802/4 626/1803/4
f 626/1803/4 1112/1802/4 571/1804/4
f 626/1803/4 571/1804/4 1114/1805/4
f 630/1806/2 1111/1807/2 629/1808/2
f 629/1808/2 1111/1807/2 570/1809/2
f 629/1808/2 570/1809/2 1115/1810/2
f 1115/1810/2 628/1811/2 629/1808/2
f 632/1812/5 633/1813/5 634/1814/5
f 634/1814/5 633/1813/5 574/1815/5
f 574/1815/5 633/1813/5 1114/1816/5
f 1114/1816/5 633/1813/5 626/1817/5
f 635/1818/3 628/1819/3 632/1820/3
f 632/1820/3 628/1819/3 636/1821/3
f 632/1822/3 636/1823/3 637/1824/3
f 635/1818/3 629/1825/3 628/1819/3
f 637/1824/3 638/1826/3 632/1822/3
f 632/1827/3 638/1828/3 639/1829/3
f 632/1827/3 639/1829/3 633/1830/3
f 641/1831/6 642/1832/6 640/1833/7
f 640/1833/7 642/1832/6 643/1834/7
f 640/1833/7 643/1834/7 637/1835/7
f 637/1835/7 636/1836/7 640/1833/7
f 644/1837/4 625/1838/4 640/1839/4
f 640/1839/4 625/1838/4 1111/1840/4
f 640/1841/22 1111/1807/4 641/1842/23
f 641/1842/23 1111/1807/4 630/1806/4
f 640/1843/5 636/1844/5 644/1845/5
f 644/1845/5 636/1844/5 631/1846/5
f 631/1846/5 636/1844/5 1115/1847/5
f 1115/1847/5 636/1844/5 628/1848/5
f 631/1543/8 625/1542/8 644/1849/8
f 642/1850/4 645/1851/4 643/1852/4
f 643/1852/4 645/1851/4 646/1853/4
f 645/1854/9 639/1855/9 646/1856/9
f 646/1856/9 639/1855/9 638/1857/9
f 646/1858/10 638/1859/10 643/1860/10
f 643/1860/10 638/1859/10 637/1861/10
f 633/1862/11 639/1863/11 626/1864/11
f 626/1864/11 639/1863/11 645/1865/11
f 626/1864/11 645/1865/11 627/1866/11
f 627/1867/11 645/1868/11 642/1869/12
f 627/1867/11 642/1869/12 630/1870/13
f 630/1870/13 642/1869/12 641/1871/24
f 630/1872/13 629/1873/11 627/1874/11
f 627/1874/11 629/1873/11 635/1875/11
f 634/1876/8 1113/1877/8 635/1878/8
f 635/1878/8 1113/1877/8 1112/1879/8
f 635/1878/8 1112/1879/8 627/1880/8
f 635/1878/8 632/1881/8 634/1876/8
f 786/1882/6 647/1883/6 725/1884/6
f 725/1884/6 647/1883/6 724/1885/6
f 788/1886/3 786/1887/3 725/1888/3
f 726/1889/15 787/1890/15 648/1891/15
f 648/1891/15 787/1890/15 788/1892/15
f 647/1893/4 726/1894/4 724/1885/4
f 724/1885/4 726/1894/4 648/1891/4
f 648/1891/10 788/1892/10 724/1885/10
f 724/1885/10 788/1892/10 725/1884/10
f 647/1895/11 786/1896/11 726/1897/11
f 726/1897/11 786/1896/11 787/1898/11
f 649/1899/6 650/1900/6 652/1901/6
f 652/1901/6 650/1900/6 651/1737/6
f 653/1730/3 649/1729/3 652/1902/3
f 651/1737/10 653/1734/10 652/1901/10
f 654/1903/16 655/1904/16 657/1905/16
f 657/1905/16 655/1904/16 656/1906/16
f 658/1907/3 654/1908/3 659/1909/3
f 659/1909/3 654/1908/3 657/1910/3
f 660/1911/17 658/1912/17 661/1913/17
f 661/1913/17 658/1912/17 659/1914/17
f 655/1915/4 660/1916/4 656/1906/4
f 656/1906/4 660/1916/4 661/1913/4
f 661/1913/10 659/1914/10 656/1906/10
f 656/1906/10 659/1914/10 657/1905/10
f 655/1917/11 654/1918/11 660/1919/11
f 660/1919/11 654/1918/11 658/1920/11
f 662/1921/6 1067/1922/6 1068/1923/6
f 1068/1923/6 1067/1922/6 663/1924/6
f 664/1925/3 662/1926/3 1069/1927/3
f 1069/1927/3 662/1926/3 1068/1928/3
f 665/1929/15 664/1930/15 666/1931/15
f 666/1931/15 664/1930/15 1069/1932/15
f 1067/1933/4 665/1934/4 663/1924/4
f 663/1924/4 665/1934/4 666/1931/4
f 666/1931/10 1069/1932/10 663/1924/10
f 663/1924/10 1069/1932/10 1068/1923/10
f 1067/1935/11 662/1936/11 665/1937/11
f 665/1937/11 662/1936/11 664/1938/11
f 978/1939/6 979/1940/6 667/1941/6
f 667/1941/6 979/1940/6 980/1942/6
f 668/1943/3 978/1944/3 981/1945/3
f 981/1945/3 978/1944/3 667/1946/3
f 669/1947/15 668/1948/15 670/1949/15
f 670/1949/15 668/1948/15 981/1950/15
f 979/1951/4 669/1952/4 980/1942/4
f 980/1942/4 669/1952/4 670/1949/4
f 670/1949/10 981/1950/10 980/1942/10
f 980/1942/10 981/1950/10 667/1941/10
f 979/1953/11 978/1954/11 669/1955/11
f 669/1955/11 978/1954/11 668/1956/11
f 671/1957/6 672/1958/6 674/1959/6
f 674/1959/6 672/1958/6 673/1960/6
f 675/1961/3 671/1962/3 676/1963/3
f 676/1963/3 671/1962/3 674/1964/3
f 677/1965/9 675/1966/9 678/1967/9
f 678/1967/9 675/1966/9 676/1968/9
f 672/1969/4 677/1970/4 673/1960/4
f 673/1960/4 677/1970/4 678/1967/4
f 678/1967/10 676/1968/10 673/1960/10
f 673/1960/10 676/1968/10 674/1959/10
f 672/1971/11 671/1972/11 677/1973/11
f 677/1973/11 671/1972/11 675/1974/11
f 1109/1975/16 679/1976/16 742/1977/16
f 742/1977/16 679/1976/16 741/1978/16
f 680/1979/3 1109/1980/3 681/1981/3
f 681/1981/3 1109/1980/3 742/1982/3
f 682/1983/17 680/1984/17 683/1985/17
f 683/1985/17 680/1984/17 681/1986/17
f 679/1987/4 682/1988/4 741/1989/4
f 741/1989/4 682/1988/4 683/1990/4
f 683/1991/10 681/1992/10 741/1978/10
f 741/1978/10 681/1992/10 742/1977/10
f 679/1993/11 1109/1994/11 682/1995/11
f 682/1995/11 1109/1994/11 680/1996/11
f 684/1997/6 685/1998/6 687/1999/6
f 687/1999/6 685/1998/6 686/2000/6
f 688/2001/3 684/2002/3 689/2003/3
f 689/2003/3 684/2002/3 687/2004/3
f 690/2005/15 688/2006/15 691/2007/15
f 691/2007/15 688/2006/15 689/2008/15
f 685/2009/4 690/2010/4 686/2000/4
f 686/2000/4 690/2010/4 691/2007/4
f 691/2007/10 689/2008/10 686/2000/10
f 686/2000/10 689/2008/10 687/1999/10
f 685/2011/11 684/2012/11 690/2013/11
f 690/2013/11 684/2012/11 688/2014/11
f 693/2015/1 694/2016/1 692/2017/1
f 692/2017/1 694/2016/1 695/2018/1
f 697/2019/1 698/2020/1 696/2021/1
f 696/2021/1 698/2020/1 699/2022/1
f 703/2023/2 696/2024/2 702/2025/2
f 702/2025/2 696/2024/2 699/2026/2
f 702/2025/2 699/2026/2 700/2027/2
f 700/2027/2 701/2028/2 702/2025/2
f 699/2029/3 698/2030/3 700/2031/3
f 700/2031/3 698/2030/3 704/2032/3
f 707/2033/4 693/2034/4 706/2035/4
f 706/2035/4 693/2034/4 692/2036/4
f 706/2035/4 692/2036/4 705/2037/4
f 692/2038/2 695/2039/2 705/2040/2
f 705/2040/2 695/2039/2 708/2041/2
f 709/2042/5 710/2043/5 711/2044/5
f 711/2044/5 710/2043/5 708/2045/5
f 708/2045/5 710/2043/5 705/2046/5
f 705/2046/5 710/2043/5 706/2047/5
f 712/2048/3 701/2049/3 709/2050/3
f 709/2050/3 701/2049/3 713/2051/3
f 709/2052/3 713/2053/3 714/2054/3
f 712/2048/3 702/2055/3 701/2049/3
f 714/2054/3 715/2056/3 709/2052/3
f 709/2057/3 715/2058/3 716/2059/3
f 709/2057/3 716/2059/3 710/2060/3
f 718/2061/6 719/2062/6 717/2063/7
f 717/2063/7 719/2062/6 720/2064/7
f 717/2063/7 720/2064/7 714/2065/7
f 714/2065/7 713/2066/7 717/2063/7
f 721/2067/4 697/2068/4 717/2069/4
f 717/2069/4 697/2068/4 696/2070/4
f 717/2071/4 696/2024/4 718/2072/4
f 718/2072/4 696/2024/4 703/2023/25
f 717/2073/5 713/2074/5 721/2075/5
f 721/2075/5 713/2074/5 704/2076/5
f 704/2076/5 713/2074/5 700/2077/5
f 700/2077/5 713/2074/5 701/2078/5
f 698/2079/8 697/2080/8 704/2081/8
f 704/2081/8 697/2080/8 721/2082/8
f 719/2083/4 722/2084/4 720/2085/4
f 720/2085/4 722/2084/4 723/2086/4
f 722/2087/9 716/2088/9 723/2089/9
f 723/2089/9 716/2088/9 715/2090/9
f 723/2091/10 715/2092/10 720/2093/10
f 720/2093/10 715/2092/10 714/2094/10
f 710/2095/11 716/2096/11 706/2097/11
f 706/2097/11 716/2096/11 722/2098/11
f 706/2097/11 722/2098/11 707/2099/11
f 707/2100/11 722/2101/11 719/2102/12
f 707/2100/11 719/2102/12 703/2103/13
f 703/2103/13 719/2102/12 718/2104/24
f 703/2105/13 702/2106/11 707/2107/11
f 707/2107/11 702/2106/11 712/2108/11
f 711/2109/8 694/2110/8 712/2111/8
f 712/2111/8 694/2110/8 693/2112/8
f 712/2111/8 693/2112/8 707/2113/8
f 712/2111/8 709/2114/8 711/2109/8
f 695/2115/3 694/2116/3 708/2117/3
f 708/2117/3 694/2116/3 711/2118/3
f 727/2119/6 728/2120/6 730/2121/6
f 730/2121/6 728/2120/6 729/2122/6
f 1091/2123/3 727/2124/3 731/2125/3
f 731/2125/3 727/2124/3 730/2126/3
f 1093/2127/9 1091/2128/9 731/2129/9
f 728/2130/4 1092/2131/4 729/2122/4
f 729/2122/4 1092/2131/4 1093/2127/4
f 1093/2127/10 731/2129/10 729/2122/10
f 729/2122/10 731/2129/10 730/2121/10
f 728/2132/11 727/2133/11 1092/2134/11
f 1092/2134/11 727/2133/11 1091/2135/11
f 732/2136/6 975/2137/6 976/2138/6
f 976/2138/6 975/2137/6 733/2139/6
f 977/2140/3 732/2141/3 734/2142/3
f 734/2142/3 732/2141/3 976/2143/3
f 735/2144/15 977/2145/15 736/2146/15
f 736/2146/15 977/2145/15 734/2147/15
f 975/2148/4 735/2149/4 733/2139/4
f 733/2139/4 735/2149/4 736/2146/4
f 736/2146/10 734/2147/10 733/2139/10
f 733/2139/10 734/2147/10 976/2138/10
f 975/2150/11 732/2151/11 735/2152/11
f 735/2152/11 732/2151/11 977/2153/11
f 737/2154/16 738/2155/16 739/2156/16
f 739/2156/16 738/2155/16 1087/2157/16
f 1088/2158/3 737/2159/3 740/2160/3
f 740/2160/3 737/2159/3 739/2161/3
f 1090/2162/17 1088/2163/17 740/2164/17
f 738/2165/4 1089/2166/4 1087/2157/4
f 1090/2162/10 740/2164/10 1087/2157/10
f 1087/2157/10 740/2164/10 739/2156/10
f 738/2167/11 737/2168/11 1089/2169/11
f 1089/2169/11 737/2168/11 1088/2170/11
f 783/2171/6 743/2172/6 799/2173/6
f 799/2173/6 743/2172/6 798/2174/6
f 800/2175/3 783/2176/3 784/2177/3
f 784/2177/3 783/2176/3 799/2178/3
f 785/2179/9 800/2180/19 744/2181/9
f 744/2181/9 800/2180/19 784/2182/9
f 743/2183/4 785/2184/4 798/2174/4
f 798/2174/4 785/2184/4 744/2181/4
f 744/2181/10 784/2182/10 798/2174/10
f 798/2174/10 784/2182/10 799/2173/10
f 743/2185/11 783/2186/11 785/2187/11
f 785/2187/11 783/2186/11 800/2188/11
f 766/2189/6 778/2190/6 767/2191/6
f 767/2191/6 778/2190/6 779/2192/6
f 780/2193/3 766/2194/3 745/2195/3
f 745/2195/3 766/2194/3 767/2196/3
f 782/2197/9 780/2198/9 745/2199/9
f 782/2197/10 745/2199/10 779/2192/10
f 779/2192/10 745/2199/10 767/2191/10
f 778/2200/11 766/2201/11 781/2202/11
f 781/2202/11 766/2201/11 780/2203/11
f 746/2204/6 747/2205/6 748/2206/6
f 748/2206/6 747/2205/6 768/2207/6
f 749/2208/3 746/2209/3 750/2210/3
f 750/2210/3 746/2209/3 748/2211/3
f 769/2212/15 749/2213/15 753/2214/15
f 753/2214/15 749/2213/15 750/2215/15
f 747/2216/4 769/2217/4 768/2207/4
f 768/2207/4 769/2217/4 753/2214/4
f 753/2214/10 750/2215/10 768/2207/10
f 768/2207/10 750/2215/10 748/2206/10
f 747/2218/11 746/2219/11 769/2220/11
f 769/2220/11 746/2219/11 749/2221/11
f 793/2222/3 789/2223/3 751/2224/3
f 751/2224/3 789/2223/3 792/2225/3
f 752/2226/17 793/2227/17 794/2228/17
f 794/2228/17 793/2227/17 751/2229/17
f 790/2230/4 752/2231/4 791/2232/4
f 791/2232/4 752/2231/4 794/2228/4
f 794/2228/10 751/2229/10 791/2232/10
f 791/2232/10 751/2229/10 792/2233/10
f 790/2234/11 789/2235/11 752/2236/11
f 752/2236/11 789/2235/11 793/2237/11
f 755/2238/3 756/2239/3 754/2240/3
f 754/2240/3 756/2239/3 757/2241/3
f 758/2242/4 759/2243/4 761/2244/4
f 761/2244/4 759/2243/4 760/2245/4
f 755/2246/8 762/2247/8 756/2248/8
f 756/2248/8 762/2247/8 763/2249/8
f 763/2250/8 762/2251/8 758/2252/8
f 763/2250/8 758/2252/8 761/2253/8
f 759/2254/2 764/2255/2 760/2256/2
f 760/2256/2 764/2255/2 765/2257/2
f 765/2258/2 764/2259/2 754/2260/2
f 765/2258/2 754/2260/2 757/2261/2
f 760/2256/5 765/2257/5 761/2262/5
f 761/2262/5 765/2257/5 763/2263/5
f 763/2264/5 765/2258/5 757/2261/5
f 763/2264/5 757/2261/5 756/2265/5
f 754/2266/1 764/2267/1 755/2268/1
f 755/2268/1 764/2267/1 762/2269/1
f 762/2270/1 764/2271/1 759/2272/1
f 762/2270/1 759/2272/1 758/2273/1
f 772/2274/16 775/2275/16 776/2276/18
f 776/2276/18 775/2275/16 773/2277/16
f 777/2278/3 772/2279/3 774/2280/3
f 774/2280/3 772/2279/3 776/2281/3
f 770/2282/17 777/2283/17 771/2284/17
f 771/2284/17 777/2283/17 774/2285/17
f 775/2286/4 770/2287/4 773/2277/4
f 773/2277/4 770/2287/4 771/2284/4
f 771/2284/10 774/2285/10 773/2277/10
f 773/2277/10 774/2285/10 776/2276/10
f 775/2288/11 772/2289/11 770/2290/11
f 770/2290/11 772/2289/11 777/2291/11
f 781/2292/9 780/2198/9 782/2197/9
f 778/2293/4 781/2294/4 779/2192/4
f 779/2192/4 781/2294/4 782/2197/4
f 787/2295/3 786/1887/3 788/1886/3
f 789/2296/16 790/2297/16 792/2233/16
f 792/2233/16 790/2297/16 791/2232/16
f 1002/2298/6 1003/2299/6 1012/2300/6
f 1012/2300/6 1003/2299/6 1004/2301/6
f 796/2302/3 1002/2303/3 797/2304/3
f 797/2304/3 1002/2303/3 1012/2305/3
f 1005/2306/9 796/2307/9 795/2308/9
f 795/2308/9 796/2307/9 797/2309/9
f 1004/2301/4 1005/2310/4 795/2308/4
f 795/2308/10 797/2309/10 1004/2301/10
f 1004/2301/10 797/2309/10 1012/2300/10
f 1005/2311/11 1002/2312/11 796/2313/11
f 1019/2314/16 1009/2315/16 1010/2316/18
f 1010/2316/18 1009/2315/16 801/2317/16
f 1020/2318/3 1019/2319/3 1011/2320/3
f 1011/2320/3 1019/2319/3 1010/2321/3
f 802/2322/17 1020/2323/17 803/2324/17
f 803/2324/17 1020/2323/17 1011/2325/17
f 1009/2326/4 802/2327/4 801/2317/4
f 801/2317/4 802/2327/4 803/2324/4
f 803/2324/10 1011/2325/10 801/2317/10
f 801/2317/10 1011/2325/10 1010/2316/10
f 1009/2328/11 1019/2329/11 802/2330/11
f 802/2330/11 1019/2329/11 1020/2331/11
f 1006/2332/6 994/2333/6 804/2334/6
f 804/2334/6 994/2333/6 995/2335/6
f 1007/2336/3 1006/2337/3 992/2338/3
f 992/2338/3 1006/2337/3 804/2339/3
f 805/2340/15 1007/2341/15 1008/2342/15
f 1008/2342/15 1007/2341/15 992/2343/15
f 994/2344/4 805/2345/4 995/2335/4
f 995/2335/4 805/2345/4 1008/2342/4
f 1008/2342/10 992/2343/10 995/2335/10
f 995/2335/10 992/2343/10 804/2334/10
f 994/2346/11 1006/2347/11 805/2348/11
f 805/2348/11 1006/2347/11 1007/2349/11
f 806/2350/6 986/2351/6 988/2352/6
f 989/2353/3 806/2354/3 990/2355/3
f 990/2355/3 806/2354/3 988/2356/3
f 807/2357/15 989/2358/15 991/2359/15
f 986/2360/4 807/2361/4 987/2362/4
f 987/2362/4 807/2361/4 991/2359/4
f 986/2363/11 806/2364/11 807/2365/11
f 807/2365/11 806/2364/11 989/2366/11
f 808/2367/16 827/2368/16 810/2369/16
f 810/2369/16 827/2368/16 809/2370/16
f 828/2371/3 808/2372/3 811/2373/3
f 811/2373/3 808/2372/3 810/2374/3
f 830/2375/17 828/2376/17 811/2377/17
f 827/2378/4 829/2379/4 809/2370/4
f 809/2370/4 829/2379/4 830/2375/4
f 830/2375/10 811/2377/10 809/2370/10
f 809/2370/10 811/2377/10 810/2369/10
f 827/2380/11 808/2381/11 829/2382/11
f 829/2382/11 808/2381/11 828/2383/11
f 821/1774/2 819/1776/2 820/2384/2
f 815/1778/5 813/1772/5 821/1773/5
f 816/2385/11 812/2386/11 822/2387/11
f 822/2387/11 812/2386/11 814/2388/11
f 825/2389/9 824/1635/19 826/1634/9
f 829/2390/17 828/2376/17 830/2375/17
f 831/1682/4 834/1692/4 835/1689/4
f 835/1689/10 833/1690/10 831/1682/10
f 831/1682/10 833/1690/10 832/1681/10
f 836/2391/6 837/1716/6 838/1715/6
f 837/2392/11 836/2393/11 840/2394/11
f 840/2394/11 836/2393/11 839/2395/11
f 1029/2396/6 1030/2397/6 841/2398/6
f 841/2398/6 1030/2397/6 1015/2399/6
f 1016/2400/3 1029/2401/3 1017/2402/3
f 1017/2402/3 1029/2401/3 841/2403/3
f 1031/2404/15 1016/2405/15 1018/2406/15
f 1030/2407/4 1031/2408/4 1015/2399/4
f 1015/2399/4 1031/2408/4 1018/2406/4
f 1015/2399/10 1017/2409/10 841/2398/10
f 1031/2410/11 1029/2411/11 1016/2412/11
f 842/2413/6 843/2414/6 845/2415/6
f 845/2415/6 843/2414/6 844/2416/6
f 846/2417/3 842/2418/3 847/2419/3
f 847/2419/3 842/2418/3 845/2420/3
f 848/2421/9 846/2422/9 849/2423/9
f 849/2423/9 846/2422/9 847/2424/9
f 843/2425/4 848/2426/4 844/2416/4
f 844/2416/4 848/2426/4 849/2423/4
f 849/2423/10 847/2424/10 844/2416/10
f 844/2416/10 847/2424/10 845/2415/10
f 843/2427/11 842/2428/11 848/2429/11
f 848/2429/11 842/2428/11 846/2430/11
f 850/2431/6 851/2432/6 853/2433/6
f 853/2433/6 851/2432/6 852/2434/6
f 854/2435/3 850/2436/3 855/2437/3
f 855/2437/3 850/2436/3 853/2438/3
f 856/2439/9 854/2440/9 857/2441/9
f 857/2441/9 854/2440/9 855/2442/9
f 851/2443/4 856/2444/4 852/2434/4
f 852/2434/4 856/2444/4 857/2441/4
f 857/2441/10 855/2442/10 852/2434/10
f 852/2434/10 855/2442/10 853/2433/10
f 851/2445/11 850/2446/11 856/2447/11
f 856/2447/11 850/2446/11 854/2448/11
f 858/2449/16 859/2450/16 861/2451/16
f 861/2451/16 859/2450/16 860/2452/16
f 862/2453/3 858/2454/3 863/2455/3
f 863/2455/3 858/2454/3 861/2456/3
f 864/2457/17 862/2458/17 865/2459/17
f 865/2459/17 862/2458/17 863/2460/17
f 859/2461/4 864/2462/4 860/2452/4
f 860/2452/4 864/2462/4 865/2459/4
f 865/2459/10 863/2460/10 860/2452/10
f 860/2452/10 863/2460/10 861/2451/10
f 859/2463/11 858/2464/11 864/2465/11
f 864/2465/11 858/2464/11 862/2466/11
f 866/2467/6 867/2468/6 869/2469/6
f 869/2469/6 867/2468/6 868/2470/6
f 870/2471/3 866/2472/3 871/2473/3
f 871/2473/3 866/2472/3 869/2474/3
f 872/2475/9 870/2476/9 873/2477/9
f 873/2477/9 870/2476/9 871/2478/9
f 867/2479/4 872/2480/4 868/2470/4
f 868/2470/4 872/2480/4 873/2477/4
f 873/2477/10 871/2478/10 868/2470/10
f 868/2470/10 871/2478/10 869/2469/10
f 867/2481/11 866/2482/11 872/2483/11
f 872/2483/11 866/2482/11 870/2484/11
f 874/2485/6 875/2486/6 877/2487/6
f 877/2487/6 875/2486/6 876/2488/6
f 878/2489/3 874/2490/3 879/2491/3
f 879/2491/3 874/2490/3 877/2492/3
f 880/2493/15 878/2494/15 881/2495/15
f 881/2495/15 878/2494/15 879/2496/15
f 875/2497/4 880/2498/4 876/2488/4
f 876/2488/4 880/2498/4 881/2495/4
f 881/2495/10 879/2496/10 876/2488/10
f 876/2488/10 879/2496/10 877/2487/10
f 875/2499/11 874/2500/11 880/2501/11
f 880/2501/11 874/2500/11 878/2502/11
f 882/2503/6 883/2504/6 885/2505/6
f 885/2505/6 883/2504/6 884/2506/6
f 886/2507/3 882/2508/3 887/2509/3
f 887/2509/3 882/2508/3 885/2510/3
f 888/2511/15 886/2512/15 889/2513/15
f 889/2513/15 886/2512/15 887/2514/15
f 883/2515/4 888/2516/4 884/2506/4
f 884/2506/4 888/2516/4 889/2513/4
f 889/2513/10 887/2514/10 884/2506/10
f 884/2506/10 887/2514/10 885/2505/10
f 883/2517/11 882/2518/11 888/2519/11
f 888/2519/11 882/2518/11 886/2520/11
f 890/2521/6 891/2522/6 893/2523/6
f 893/2523/6 891/2522/6 892/2524/6
f 894/2525/3 890/2526/3 895/2527/3
f 895/2527/3 890/2526/3 893/2528/3
f 896/2529/9 894/2530/9 897/2531/9
f 897/2531/9 894/2530/9 895/2532/9
f 891/2533/4 896/2534/4 892/2524/4
f 892/2524/4 896/2534/4 897/2531/4
f 897/2531/10 895/2532/10 892/2524/10
f 892/2524/10 895/2532/10 893/2523/10
f 891/2535/11 890/2536/11 896/2537/11
f 896/2537/11 890/2536/11 894/2538/11
f 899/2539/3 900/2540/3 898/2541/3
f 898/2541/3 900/2540/3 901/2542/3
f 902/2543/4 903/2544/4 905/2545/4
f 905/2545/4 903/2544/4 904/2546/4
f 899/2547/8 906/2548/8 900/2549/8
f 900/2549/8 906/2548/8 907/2550/8
f 907/2551/8 906/2552/8 902/2553/8
f 907/2551/8 902/2553/8 905/2554/8
f 903/2555/2 908/2556/2 904/2557/2
f 904/2557/2 908/2556/2 909/2558/2
f 909/2559/2 908/2560/2 898/2561/2
f 909/2559/2 898/2561/2 901/2562/2
f 904/2557/5 909/2558/5 905/2563/5
f 905/2563/5 909/2558/5 907/2564/5
f 907/2565/5 909/2559/5 901/2562/5
f 907/2565/5 901/2562/5 900/2566/5
f 898/2567/1 908/2568/1 899/2569/1
f 899/2569/1 908/2568/1 906/2570/1
f 906/2571/1 908/2572/1 903/2573/1
f 906/2571/1 903/2573/1 902/2574/1
f 910/2575/16 911/2576/16 913/2577/16
f 913/2577/16 911/2576/16 912/2578/16
f 914/2579/3 910/2580/3 915/2581/3
f 915/2581/3 910/2580/3 913/2582/3
f 916/2583/17 914/2584/17 917/2585/17
f 917/2585/17 914/2584/17 915/2586/17
f 911/2587/4 916/2588/4 912/2578/4
f 912/2578/4 916/2588/4 917/2585/4
f 917/2585/10 915/2586/10 912/2578/10
f 912/2578/10 915/2586/10 913/2577/10
f 911/2589/11 910/2590/11 916/2591/11
f 916/2591/11 910/2590/11 914/2592/11
f 918/2593/16 919/2594/16 921/2595/16
f 921/2595/16 919/2594/16 920/2596/16
f 922/2597/3 918/2598/3 923/2599/3
f 923/2599/3 918/2598/3 921/2600/3
f 924/2601/17 922/2602/17 925/2603/17
f 925/2603/17 922/2602/17 923/2604/17
f 919/2605/4 924/2606/4 920/2596/4
f 920/2596/4 924/2606/4 925/2603/4
f 925/2603/10 923/2604/10 920/2596/10
f 920/2596/10 923/2604/10 921/2595/10
f 919/2607/11 918/2608/11 924/2609/11
f 924/2609/11 918/2608/11 922/2610/11
f 926/2611/16 946/2612/16 927/2613/16
f 927/2613/16 946/2612/16 945/2614/18
f 928/2615/3 926/2616/3 929/2617/3
f 929/2617/3 926/2616/3 927/2618/3
f 930/2619/17 928/2620/17 931/2621/17
f 931/2621/17 928/2620/17 929/2622/17
f 946/2623/4 930/2624/4 945/2625/4
f 945/2625/4 930/2624/4 931/2626/4
f 931/2627/10 929/2628/10 945/2614/10
f 945/2614/10 929/2628/10 927/2613/10
f 946/2629/11 926/2630/11 930/2631/11
f 930/2631/11 926/2630/11 928/2632/11
f 932/2633/6 933/2634/6 935/2635/6
f 935/2635/6 933/2634/6 934/2636/6
f 936/2637/3 932/2638/3 937/2639/3
f 937/2639/3 932/2638/3 935/2640/3
f 938/2641/15 936/2642/15 939/2643/15
f 939/2643/15 936/2642/15 937/2644/15
f 933/2645/4 938/2646/4 934/2636/4
f 934/2636/4 938/2646/4 939/2643/4
f 939/2643/10 937/2644/10 934/2636/10
f 934/2636/10 937/2644/10 935/2635/10
f 933/2647/11 932/2648/11 938/2649/11
f 938/2649/11 932/2648/11 936/2650/11
f 941/2651/4 943/2652/4 940/2653/4
f 940/2653/4 943/2652/4 944/2654/4
f 940/2653/4 944/2654/4 931/2655/4
f 941/2651/4 942/2656/4 943/2652/4
f 931/2657/4 945/2658/4 940/2659/4
f 940/2660/4 945/2661/4 946/2662/4
f 944/2663/15 947/2664/15 931/2665/15
f 931/2665/15 947/2664/15 929/2666/15
f 940/2667/8 948/2668/8 941/2669/8
f 941/2669/8 948/2668/8 952/2670/8
f 952/2671/8 948/2672/8 949/2673/8
f 952/2671/8 949/2673/8 950/2674/8
f 950/2674/8 951/2675/8 952/2671/8
f 951/2676/3 950/2677/3 953/2678/3
f 953/2678/3 950/2677/3 954/2679/3
f 942/2680/2 955/2681/2 943/2682/2
f 943/2682/2 955/2681/2 956/2683/2
f 956/2684/2 955/2685/2 953/2686/2
f 956/2684/2 953/2686/2 954/2687/2
f 944/2688/5 943/2682/5 947/2689/5
f 947/2689/5 943/2682/5 956/2683/5
f 947/2690/5 956/2691/5 949/2692/5
f 949/2692/5 956/2691/5 950/2693/5
f 950/2693/5 956/2691/5 954/2694/5
f 953/2695/1 955/2696/1 951/2697/1
f 951/2697/1 955/2696/1 952/2698/1
f 952/2699/1 955/2700/1 942/2701/1
f 952/2699/1 942/2701/1 941/2702/1
f 947/2690/3 949/2692/3 929/2703/3
f 929/2704/3 949/2705/3 927/2706/3
f 927/2707/3 949/2708/3 926/2709/3
f 926/2709/3 949/2708/3 948/2710/3
f 948/2711/11 940/2660/11 926/2712/11
f 926/2712/11 940/2660/11 946/2662/11
f 1070/2713/1 1072/2714/1 957/2715/1
f 958/2716/1 959/2717/1 1073/2718/1
f 1073/2718/1 959/2717/1 960/2719/1
f 963/2720/2 1073/2721/2 1074/2722/2
f 1074/2722/2 1073/2721/2 960/2723/2
f 1074/2722/2 960/2723/2 961/2724/2
f 961/2724/2 962/2725/2 1074/2722/2
f 960/2726/3 959/2727/3 961/2728/3
f 961/2728/3 959/2727/3 1075/2729/3
f 965/2730/4 1071/2731/4 964/2732/4
f 964/2732/4 1071/2731/4 1070/2733/4
f 964/2732/4 1070/2733/4 1076/2734/4
f 1070/2735/2 957/2736/2 1076/2737/2
f 1076/2737/2 957/2736/2 1077/2738/2
f 1078/2739/5 966/2740/5 1079/2741/5
f 1079/2741/5 966/2740/5 1077/2742/5
f 1077/2742/5 966/2740/5 1076/2743/5
f 1076/2743/5 966/2740/5 964/2744/5
f 967/2745/3 962/2746/3 1078/2747/3
f 1078/2747/3 962/2746/3 1080/2748/3
f 1078/2749/3 1080/2750/3 968/2751/3
f 967/2745/3 1074/2752/3 962/2746/3
f 968/2751/3 1081/2753/3 1078/2749/3
f 1078/2754/3 1081/2755/3 969/2756/3
f 1078/2754/3 969/2756/3 966/2757/3
f 1082/2758/6 971/2759/6 970/2760/7
f 970/2760/7 971/2759/6 972/2761/7
f 970/2760/7 972/2761/7 968/2762/7
f 968/2762/7 1080/2763/7 970/2760/7
f 1083/2764/4 958/2765/4 970/2766/4
f 970/2766/4 958/2765/4 1073/2767/4
f 970/2768/4 1073/2721/4 1082/2769/4
f 1082/2769/4 1073/2721/4 963/2720/25
f 970/2770/5 1080/2771/5 1083/2772/5
f 1075/2773/5 1080/2771/5 961/2774/5
f 961/2774/5 1080/2771/5 962/2775/5
f 959/2776/8 958/2777/8 1075/2778/8
f 1075/2778/8 958/2777/8 1083/2779/8
f 971/2780/4 973/2781/4 972/2782/4
f 972/2782/4 973/2781/4 974/2783/4
f 973/2784/9 969/2785/9 974/2786/9
f 974/2786/9 969/2785/9 1081/2787/9
f 974/2788/10 1081/2789/10 972/2790/10
f 972/2790/10 1081/2789/10 968/2791/10
f 966/2792/11 969/2793/11 964/2794/11
f 964/2794/11 969/2793/11 973/2795/11
f 964/2794/11 973/2795/11 965/2796/11
f 965/2797/11 973/2798/11 971/2799/12
f 965/2797/11 971/2799/12 963/2800/13
f 963/2800/13 971/2799/12 1082/2801/11
f 963/2802/13 1074/2803/11 965/2804/11
f 965/2804/11 1074/2803/11 967/2805/11
f 1079/2806/8 1072/2807/8 967/2808/8
f 967/2808/8 1072/2807/8 1071/2809/8
f 967/2808/8 1071/2809/8 965/2810/8
f 967/2808/8 1078/2811/8 1079/2806/8
f 957/2812/3 1072/2813/3 1077/2814/3
f 999/2815/16 984/2816/16 982/2817/16
f 982/2817/16 984/2816/16 1000/2818/16
f 993/2819/3 999/2820/3 983/2821/3
f 983/2821/3 999/2820/3 982/2822/3
f 985/2823/17 993/2824/17 1001/2825/17
f 1001/2825/17 993/2824/17 983/2826/17
f 984/2827/4 985/2828/4 1000/2818/4
f 1000/2818/4 985/2828/4 1001/2825/4
f 1001/2825/10 983/2826/10 1000/2818/10
f 1000/2818/10 983/2826/10 982/2817/10
f 984/2829/11 999/2830/11 985/2831/11
f 985/2831/11 999/2830/11 993/2832/11
f 988/2352/6 986/2351/6 987/2362/6
f 991/2359/15 989/2358/15 990/2833/15
f 991/2359/10 990/2833/10 987/2362/10
f 987/2362/10 990/2833/10 988/2352/10
f 1059/2834/16 1061/2835/16 996/2836/16
f 996/2836/16 1061/2835/16 1062/2837/16
f 997/2838/3 1059/2839/3 1063/2840/3
f 1063/2840/3 1059/2839/3 996/2841/3
f 998/2842/17 997/2843/17 1060/2844/17
f 1060/2844/17 997/2843/17 1063/2845/17
f 1061/2846/4 998/2847/4 1062/2837/4
f 1062/2837/4 998/2847/4 1060/2844/4
f 1060/2844/10 1063/2845/10 1062/2837/10
f 1062/2837/10 1063/2845/10 996/2836/10
f 1061/2848/11 1059/2849/11 998/2850/11
f 998/2850/11 1059/2849/11 997/2851/11
f 1003/2852/4 1005/2310/4 1004/2301/4
f 1003/2853/11 1002/2312/11 1005/2311/11
f 1032/2854/6 1033/2855/6 1064/2856/6
f 1064/2856/6 1033/2855/6 1013/2857/6
f 1065/2858/3 1032/2859/3 1034/2860/3
f 1034/2860/3 1032/2859/3 1064/2861/3
f 1066/2862/9 1065/2863/9 1014/2864/19
f 1014/2864/19 1065/2863/9 1034/2865/9
f 1033/2866/4 1066/2867/4 1013/2857/4
f 1013/2857/4 1066/2867/4 1014/2864/4
f 1014/2864/10 1034/2865/10 1013/2857/10
f 1013/2857/10 1034/2865/10 1064/2856/10
f 1033/2868/11 1032/2869/11 1066/2870/11
f 1066/2870/11 1032/2869/11 1065/2871/11
f 1018/2406/15 1016/2405/15 1017/2409/15
f 1018/2406/10 1017/2409/10 1015/2399/10
f 1021/2872/6 1022/2873/6 1024/2874/6
f 1024/2874/6 1022/2873/6 1023/2875/6
f 1025/2876/3 1021/2877/3 1026/2878/3
f 1026/2878/3 1021/2877/3 1024/2879/3
f 1027/2880/15 1025/2881/15 1028/2882/15
f 1028/2882/15 1025/2881/15 1026/2883/15
f 1022/2884/4 1027/2885/4 1023/2875/4
f 1023/2875/4 1027/2885/4 1028/2882/4
f 1028/2882/10 1026/2883/10 1023/2875/10
f 1023/2875/10 1026/2883/10 1024/2874/10
f 1022/2886/11 1021/2887/11 1027/2888/11
f 1027/2888/11 1021/2887/11 1025/2889/11
f 1030/2890/11 1029/2411/11 1031/2410/11
f 1035/2891/6 1036/2892/6 1038/2893/6
f 1038/2893/6 1036/2892/6 1037/2894/6
f 1039/2895/3 1035/2896/3 1040/2897/3
f 1040/2897/3 1035/2896/3 1038/2898/3
f 1041/2899/9 1039/2900/9 1042/2901/9
f 1042/2901/9 1039/2900/9 1040/2902/9
f 1036/2903/4 1041/2904/4 1037/2894/4
f 1037/2894/4 1041/2904/4 1042/2901/4
f 1042/2901/10 1040/2902/10 1037/2894/10
f 1037/2894/10 1040/2902/10 1038/2893/10
f 1036/2905/11 1035/2906/11 1041/2907/11
f 1041/2907/11 1035/2906/11 1039/2908/11
f 1043/2909/16 1044/2910/16 1046/2911/16
f 1046/2911/16 1044/2910/16 1045/2912/16
f 1047/2913/3 1043/2914/3 1048/2915/3
f 1048/2915/3 1043/2914/3 1046/2916/3
f 1049/2917/17 1047/2918/17 1050/2919/17
f 1050/2919/17 1047/2918/17 1048/2920/17
f 1044/2921/4 1049/2922/4 1045/2912/4
f 1045/2912/4 1049/2922/4 1050/2919/4
f 1050/2919/10 1048/2920/10 1045/2912/10
f 1045/2912/10 1048/2920/10 1046/2911/10
f 1044/2923/11 1043/2924/11 1049/2925/11
f 1049/2925/11 1043/2924/11 1047/2926/11
f 1051/2927/6 1052/2928/6 1054/2929/6
f 1054/2929/6 1052/2928/6 1053/2930/6
f 1055/2931/3 1051/2932/3 1056/2933/3
f 1056/2933/3 1051/2932/3 1054/2934/3
f 1057/2935/15 1055/2936/15 1058/2937/15
f 1058/2937/15 1055/2936/15 1056/2938/15
f 1052/2939/4 1057/2940/4 1053/2930/4
f 1053/2930/4 1057/2940/4 1058/2937/4
f 1058/2937/10 1056/2938/10 1053/2930/10
f 1053/2930/10 1056/2938/10 1054/2929/10
f 1052/2941/11 1051/2942/11 1057/2943/11
f 1057/2943/11 1051/2942/11 1055/2944/11
f 1071/2945/1 1072/2714/1 1070/2713/1
f 1083/2772/5 1080/2771/5 1075/2773/5
f 1077/2814/3 1072/2813/3 1079/2946/3
f 1089/2947/17 1088/2163/17 1090/2162/17
f 1087/2157/4 1089/2166/4 1090/2162/4
f 1092/2948/9 1091/2128/9 1093/2127/9
f 1095/2949/4 1097/2950/4 1094/2951/4
f 1094/2951/4 1097/2950/4 1098/2952/4
f 1094/2951/4 1098/2952/4 683/2953/4
f 1095/2949/4 1096/2954/4 1097/2950/4
f 683/2955/4 741/2956/4 1094/2957/4
f 1094/2958/4 741/2959/4 679/2960/4
f 1098/2961/15 1099/2962/15 683/2963/15
f 683/2963/15 1099/2962/15 681/2964/15
f 1094/2965/8 1100/2966/8 1095/2967/8
f 1095/2967/8 1100/2966/8 1104/2968/8
f 1104/2969/8 1100/2970/8 1101/2971/8
f 1104/2969/8 1101/2971/8 1102/2972/8
f 1102/2972/8 1103/2973/8 1104/2969/8
f 1103/2974/3 1102/2975/3 1105/2976/3
f 1105/2976/3 1102/2975/3 1106/2977/3
f 1096/2978/2 1107/2979/2 1097/2980/2
f 1097/2980/2 1107/2979/2 1108/2981/2
f 1108/2982/2 1107/2983/2 1105/2984/2
f 1108/2982/2 1105/2984/2 1106/2985/2
f 1098/2986/5 1097/2980/5 1099/2987/5
f 1099/2987/5 1097/2980/5 1108/2981/5
f 1099/2988/5 1108/2989/5 1101/2990/5
f 1101/2990/5 1108/2989/5 1102/2991/5
f 1102/2991/5 1108/2989/5 1106/2992/5
f 1105/2993/1 1107/2994/1 1103/2995/1
f 1103/2995/1 1107/2994/1 1104/2996/1
f 1104/2997/1 1107/2998/1 1096/2999/1
f 1104/2997/1 1096/2999/1 1095/3000/1
f 1099/2988/3 1101/2990/3 681/3001/3
f 681/3002/3 1101/3003/3 742/3004/3
f 742/3005/3 1101/3006/3 1109/3007/3
f 1109/3007/3 1101/3006/3 1100/3008/3
f 1100/3009/11 1094/2958/11 1109/3010/11
f 1109/3010/11 1094/2958/11 679/2960/11
f 1116/3011/3 1124/3012/3 1123/3013/3
f 1116/3011/3 1123/3013/3 1117/3014/3
f 1126/3015/26 1127/3016/26 1125/3017/26
f 1125/3017/26 1127/3016/26 1128/3018/26
f 1127/3019/27 1126/3020/27 1130/3021/28
f 1130/3021/28 1126/3020/27 1129/3022/28
f 1126/3023/4 1125/3024/4 1129/3025/4
f 1129/3025/4 1125/3024/4 1131/3026/4
f 1131/3027/29 1132/3028/29 1129/3029/29
f 1129/3029/29 1132/3028/29 1130/3030/29
f 1125/3031/30 1128/3032/30 1131/3033/31
f 1131/3033/31 1128/3032/30 1132/3034/31
f 1127/3035/3 1130/3036/3 1128/3037/3
f 1128/3037/3 1130/3036/3 1132/3038/3
f 1133/3039/3 1134/3040/3 1136/3041/3
f 1136/3041/3 1134/3040/3 1135/3042/3
f 1137/3043/32 1133/3044/32 1138/3045/32
f 1138/3045/32 1133/3044/32 1136/3046/32
f 1139/3047/4 1137/3048/4 1140/3049/4
f 1140/3049/4 1137/3048/4 1138/3050/4
f 1134/3051/33 1139/3052/33 1135/3053/33
f 1135/3053/33 1139/3052/33 1140/3054/33
f 1135/3055/34 1140/3056/34 1136/3057/34
f 1136/3057/34 1140/3056/34 1138/3058/34
f 1139/3059/35 1134/3060/35 1137/3061/35
f 1137/3061/35 1134/3060/35 1133/3062/35
f 1141/3063/36 1142/3064/33 1144/3065/33
f 1144/3065/33 1142/3064/33 1143/3066/33
f 1144/3067/3 1145/3068/3 1141/3069/3
f 1141/3069/3 1145/3068/3 1146/3070/3
f 1144/3071/34 1143/3072/34 1145/3073/37
f 1145/3073/37 1143/3072/34 1147/3074/37
f 1142/3075/38 1141/3076/38 1148/3077/35
f 1148/3077/35 1141/3076/38 1146/3078/35
f 1148/3079/32 1146/3080/32 1147/3081/32
f 1147/3081/32 1146/3080/32 1145/3082/32
f 1142/3083/4 1148/3084/4 1143/3085/4
f 1143/3085/4 1148/3084/4 1147/3086/4
f 1150/3087/26 1151/3088/26 1149/3089/26
f 1149/3089/26 1151/3088/26 1152/3090/26
f 1151/3091/27 1150/3092/27 1154/3093/28
f 1154/3093/28 1150/3092/27 1153/3094/28
f 1150/3095/4 1149/3096/4 1153/3097/4
f 1153/3097/4 1149/3096/4 1155/3098/4
f 1155/3099/29 1156/3100/29 1153/3101/29
f 1153/3101/29 1156/3100/29 1154/3102/29
f 1149/3103/30 1152/3104/30 1155/3105/31
f 1155/3105/31 1152/3104/30 1156/3106/31
f 1151/3107/3 1154/3108/3 1152/3109/3
f 1152/3109/3 1154/3108/3 1156/3110/3
f 1157/3111/3 1158/3112/3 1160/3113/3
f 1160/3113/3 1158/3112/3 1159/3114/3
f 1161/3115/32 1157/3116/32 1162/3117/32
f 1162/3117/32 1157/3116/32 1160/3118/32
f 1163/3119/4 1161/3120/4 1164/3121/4
f 1164/3121/4 1161/3120/4 1162/3122/4
f 1158/3123/39 1163/3124/33 1159/3125/33
f 1159/3125/33 1163/3124/33 1164/3126/33
f 1159/3127/34 1164/3128/34 1160/3129/34
f 1160/3129/34 1164/3128/34 1162/3130/34
f 1163/3131/35 1158/3132/35 1161/3133/35
f 1161/3133/35 1158/3132/35 1157/3134/35
f 1165/3135/33 1166/3136/33 1168/3137/33
f 1168/3137/33 1166/3136/33 1167/3138/33
f 1168/3139/3 1169/3140/3 1165/3141/3
f 1165/3141/3 1169/3140/3 1170/3142/3
f 1168/3143/34 1167/3144/34 1169/3145/37
f 1169/3145/37 1167/3144/34 1171/3146/37
f 1166/3147/38 1165/3148/38 1172/3149/35
f 1172/3149/35 1165/3148/38 1170/3150/35
f 1172/3151/32 1170/3152/32 1171/3153/32
f 1171/3153/32 1170/3152/32 1169/3154/32
f 1166/3155/4 1172/3156/4 1167/3157/4
f 1167/3157/4 1172/3156/4 1171/3158/4
