mtllib model_8.mtl
usemtl material_8
o model_8
v -0.10154050588607788 1.5587973594665527 4.258694648742676 
v -0.06932349503040314 1.5587973594665527 4.258694648742676 
v -0.10154050588607788 1.5591169595718384 4.2581377029418945 
v -0.06932349503040314 1.5591169595718384 4.2581377029418945 
v -0.10154050588607788 1.5592235326766968 4.257413387298584 
v -0.06932349503040314 1.5592235326766968 4.257413387298584 
v -0.10154048353433609 1.5592235326766968 4.146865367889404 
v -0.06932348012924194 1.5592235326766968 4.146865367889404 
v -0.10154048353433609 1.559117078781128 4.146141529083252 
v -0.06874914467334747 1.5587973594665527 4.258638858795166 
v -0.06898846477270126 1.5591169595718384 4.258081912994385 
v -0.06833892315626144 1.5587973594665527 4.258360385894775 
v -0.06874914467334747 1.5591169595718384 4.257970333099365 
v -0.06809276342391968 1.5587973594665527 4.257970333099365 
v -0.06860554218292236 1.5591169595718384 4.257747650146484 
v -0.06801073253154755 1.5587973594665527 4.257413387298584 
v -0.06855771690607071 1.5591169595718384 4.257413387298584 
v -0.06801071017980576 1.5587973594665527 4.146865367889404 
v -0.06855770200490952 1.5591169595718384 4.146865367889404 
v -0.06801071017980576 1.5586907863616943 4.146308422088623 
v -0.06855770200490952 1.5590105056762695 4.146197319030762 
v -0.06801071017980576 1.5584421157836914 4.145918846130371 
v -0.06855770200490952 1.5586907863616943 4.1456403732299805 
v -0.06932348012924194 1.5591169595718384 4.146141529083252 
v -0.06932348012924194 1.5587973594665527 4.145584583282471 
v -0.10154048353433609 1.5587973594665527 4.145584583282471 
v -0.10154048353433609 1.5587973594665527 4.145584583282471 
v -0.06932348012924194 1.5587973594665527 4.145584583282471 
v -0.10154048353433609 1.5582290887832642 4.14525032043457 
v -0.06932348012924194 1.5582289695739746 4.14525032043457 
v -0.10154048353433609 1.557483196258545 4.145139217376709 
v -0.06932348012924194 1.5574830770492554 4.145139217376709 
v -0.10154051333665848 1.4882562160491943 4.145139217376709 
v -0.06932350993156433 1.4882560968399048 4.145139217376709 
v -0.10154051333665848 1.4875102043151855 4.14525032043457 
v -0.06801071017980576 1.5584421157836914 4.145918846130371 
v -0.06855770200490952 1.5586907863616943 4.1456403732299805 
v -0.06801071017980576 1.5580514669418335 4.1456403732299805 
v -0.06855770200490952 1.558193564414978 4.14536190032959 
v -0.06801071017980576 1.5574830770492554 4.145584583282471 
v -0.06855770200490952 1.5574830770492554 4.14525032043457 
v -0.0685577318072319 1.4882560968399048 4.14525032043457 
v -0.0685577318072319 1.4875457286834717 4.14536190032959 
v -0.06801073998212814 1.4876878261566162 4.1456403732299805 
v -0.06801073998212814 1.4872971773147583 4.145918846130371 
v -0.0685577318072319 1.4870485067367554 4.1456403732299805 
v -0.06932350993156433 1.4875102043151855 4.14525032043457 
v -0.06932350993156433 1.486941933631897 4.145584583282471 
v -0.10154051333665848 1.486941933631897 4.145584583282471 
v -0.06801073998212814 1.4882560968399048 4.145584583282471 
v -0.10154053568840027 1.486941933631897 4.258694648742676 
v -0.10154053568840027 1.4866222143173218 4.2581377029418945 
v -0.06932353228330612 1.4866222143173218 4.2581377029418945 
v -0.06932353228330612 1.4865156412124634 4.257413387298584 
v -0.10154053568840027 1.486515760421753 4.257413387298584 
v -0.06932350993156433 1.486515760421753 4.146865367889404 
v -0.10154051333665848 1.486515760421753 4.146865367889404 
v -0.06932353228330612 1.486941933631897 4.258694648742676 
v -0.06860557198524475 1.4867287874221802 4.2581377029418945 
v -0.06874918192625046 1.4870485067367554 4.258694648742676 
v -0.06809279322624207 1.4870485067367554 4.2581377029418945 
v -0.06833895295858383 1.4872970581054688 4.258694648742676 
v -0.06801076233386993 1.486941933631897 4.257413387298584 
v -0.0685577467083931 1.4866222143173218 4.257413387298584 
v -0.0685577318072319 1.4866222143173218 4.146865367889404 
v -0.06801073998212814 1.486941933631897 4.146865367889404 
v -0.0685577318072319 1.4867287874221802 4.146197319030762 
v -0.06801073998212814 1.4870485067367554 4.146308422088623 
v -0.0685577318072319 1.4870485067367554 4.1456403732299805 
v -0.06801073998212814 1.4872971773147583 4.145918846130371 
v -0.06932350993156433 1.486941933631897 4.145584583282471 
v -0.06932350993156433 1.4866222143173218 4.146141529083252 
v -0.10154051333665848 1.4866223335266113 4.146141529083252 
v -0.10154051333665848 1.486941933631897 4.145584583282471 
v -0.10154053568840027 1.486941933631897 4.258694648742676 
v -0.06932353228330612 1.486941933631897 4.258694648742676 
v -0.10154053568840027 1.4875102043151855 4.259028434753418 
v -0.06932353228330612 1.4875102043151855 4.259028434753418 
v -0.10154053568840027 1.4882560968399048 4.2591400146484375 
v -0.06932353228330612 1.4882560968399048 4.2591400146484375 
v -0.10154050588607788 1.5574830770492554 4.2591400146484375 
v -0.06932350248098373 1.5574830770492554 4.2591400146484375 
v -0.10154050588607788 1.5582289695739746 4.259028434753418 
v -0.06874918192625046 1.4870485067367554 4.258694648742676 
v -0.06898849457502365 1.4875457286834717 4.259028434753418 
v -0.06833895295858383 1.4872970581054688 4.258694648742676 
v -0.06874918192625046 1.4876878261566162 4.259028434753418 
v -0.06809279322624207 1.4876878261566162 4.258694648742676 
v -0.06860557198524475 1.4879364967346191 4.259028434753418 
v -0.06801076233386993 1.4882560968399048 4.258694648742676 
v -0.0685577467083931 1.4882560968399048 4.259028434753418 
v -0.06801073253154755 1.5574830770492554 4.258694648742676 
v -0.06855771690607071 1.5574830770492554 4.259028434753418 
v -0.06860554218292236 1.5582289695739746 4.258917331695557 
v -0.06809276342391968 1.5582289695739746 4.258638858795166 
v -0.06874914467334747 1.5587973594665527 4.258638858795166 
v -0.06833892315626144 1.5587973594665527 4.258360385894775 
v -0.06932350248098373 1.5582289695739746 4.259028434753418 
v -0.10154050588607788 1.5587973594665527 4.258694648742676 
v -0.06932349503040314 1.5587973594665527 4.258694648742676 
v -0.06833892315626144 1.5587973594665527 4.258360385894775 
v -0.06778509169816971 1.5582289695739746 4.258081912994385 
v -0.06809276342391968 1.5587973594665527 4.257970333099365 
v -0.06768253445625305 1.5582289695739746 4.257413387298584 
v -0.06801073253154755 1.5587973594665527 4.257413387298584 
v -0.06768251955509186 1.5582289695739746 4.146865367889404 
v -0.06801071017980576 1.5587973594665527 4.146865367889404 
v -0.06768251955509186 1.558193564414978 4.146531581878662 
v -0.06801071017980576 1.5586907863616943 4.146308422088623 
v -0.06768251955509186 1.5580514669418335 4.146308422088623 
v -0.06801071017980576 1.5584421157836914 4.145918846130371 
v -0.06768251955509186 1.5578027963638306 4.146197319030762 
v -0.06757312268018723 1.5574830770492554 4.146865367889404 
v -0.06757313758134842 1.5574830770492554 4.257413387298584 
v -0.06801071017980576 1.5580514669418335 4.1456403732299805 
v -0.06768251955509186 1.5574830770492554 4.146141529083252 
v -0.06801071017980576 1.5574830770492554 4.145584583282471 
v -0.06768254935741425 1.4882560968399048 4.146141529083252 
v -0.06801073998212814 1.4882560968399048 4.145584583282471 
v -0.06768254935741425 1.4879364967346191 4.146197319030762 
v -0.06801073998212814 1.4876878261566162 4.1456403732299805 
v -0.06768254935741425 1.4876878261566162 4.146308422088623 
v -0.06801073998212814 1.4872971773147583 4.145918846130371 
v -0.06768254935741425 1.4875457286834717 4.146531105041504 
v -0.06801073998212814 1.4870485067367554 4.146308422088623 
v -0.06768254935741425 1.4875102043151855 4.146865367889404 
v -0.06801073998212814 1.486941933631897 4.146865367889404 
v -0.06768256425857544 1.4875102043151855 4.257413387298584 
v -0.06801076233386993 1.486941933631897 4.257413387298584 
v -0.06809279322624207 1.4870485067367554 4.2581377029418945 
v -0.06778512895107269 1.4875457286834717 4.2581377029418945 
v -0.06833895295858383 1.4872970581054688 4.258694648742676 
v -0.06809279322624207 1.4876878261566162 4.258694648742676 
v -0.06768256425857544 1.4882560968399048 4.2581377029418945 
v -0.06801076233386993 1.4882560968399048 4.258694648742676 
v -0.06757315248250961 1.4882560968399048 4.146865367889404 
v -0.0675731673836708 1.4882560968399048 4.257413387298584 
v -0.06768253445625305 1.5574830770492554 4.2581377029418945 
v -0.06801073253154755 1.5574830770492554 4.258694648742676 
v -0.06809276342391968 1.5582289695739746 4.258638858795166 
v -0.10329087823629379 1.4882562160491943 4.162626266479492 
v -0.103290855884552 1.5349639654159546 4.162626266479492 
v -0.10329087823629379 1.4882562160491943 4.146865367889404 
v -0.103290855884552 1.5349639654159546 4.146865367889404 
v -0.10318148136138916 1.4882562160491943 4.146141529083252 
v -0.1032908484339714 1.5472536087036133 4.146865367889404 
v -0.1032908484339714 1.557483196258545 4.146865367889404 
v -0.1032908484339714 1.5574830770492554 4.162626266479492 
v -0.10318145155906677 1.5582290887832642 4.146865367889404 
v -0.103290855884552 1.5574830770492554 4.20261287689209 
v -0.103290855884552 1.5472536087036133 4.162626266479492 
v -0.1032908633351326 1.5472536087036133 4.20261287689209 
v -0.10318145155906677 1.557483196258545 4.146141529083252 
v -0.10285328328609467 1.4882562160491943 4.145584583282471 
v -0.1030789241194725 1.4875102043151855 4.146197319030762 
v -0.10318148136138916 1.4875102043151855 4.146865367889404 
v -0.10318149626255035 1.4875102043151855 4.257413387298584 
v -0.10329088568687439 1.4882560968399048 4.20261287689209 
v -0.1032908633351326 1.5349639654159546 4.20261287689209 
v -0.1032908707857132 1.5349639654159546 4.257413387298584 
v -0.1032908707857132 1.5472536087036133 4.257413387298584 
v -0.1032908633351326 1.5574830770492554 4.257413387298584 
v -0.10318146646022797 1.5574830770492554 4.2581377029418945 
v -0.10329089313745499 1.4882560968399048 4.257413387298584 
v -0.10318149626255035 1.4882560968399048 4.2581377029418945 
v -0.10285327583551407 1.5574830770492554 4.258694648742676 
v -0.10307890921831131 1.5582289695739746 4.258081912994385 
v -0.10318146646022797 1.5582289695739746 4.257413387298584 
v -0.10285325348377228 1.5587973594665527 4.146865367889404 
v -0.10307889431715012 1.558193564414978 4.146141529083252 
v -0.10285325348377228 1.557483196258545 4.145584583282471 
v -0.1023062989115715 1.4882562160491943 4.14525032043457 
v -0.10277118533849716 1.4875102043151855 4.1456403732299805 
v -0.10277118533849716 1.486941933631897 4.146308422088623 
v -0.10285329073667526 1.486941933631897 4.146865367889404 
v -0.10285330563783646 1.486941933631897 4.257413387298584 
v -0.1030789390206337 1.4875457286834717 4.2581377029418945 
v -0.10285330563783646 1.4882560968399048 4.258694648742676 
v -0.10230628401041031 1.5574830770492554 4.259028434753418 
v -0.10277117788791656 1.5582289695739746 4.258638858795166 
v -0.10277117788791656 1.5587973594665527 4.257970333099365 
v -0.10285327583551407 1.5587973594665527 4.257413387298584 
v -0.10230626910924911 1.559117078781128 4.146865367889404 
v -0.10277122259140015 1.5586907863616943 4.146141529083252 
v -0.10277115553617477 1.5580514669418335 4.145584583282471 
v -0.10230626910924911 1.557483196258545 4.14525032043457 
v -0.10230628401041031 1.5591169595718384 4.257413387298584 
v -0.10154048353433609 1.5592235326766968 4.146865367889404 
v -0.10225837677717209 1.5590105056762695 4.146141529083252 
v -0.10252506285905838 1.5584421157836914 4.145584583282471 
v -0.10225837677717209 1.5578027963638306 4.14525032043457 
v -0.10225839912891388 1.5591169595718384 4.257747650146484 
v -0.10154050588607788 1.5592235326766968 4.257413387298584 
v -0.10211485624313354 1.5591169595718384 4.257970333099365 
v -0.10187553614377975 1.5591169595718384 4.258081912994385 
v -0.10211485624313354 1.5587973594665527 4.258638858795166 
v -0.10154050588607788 1.5587973594665527 4.258694648742676 
v -0.10154050588607788 1.5582289695739746 4.259028434753418 
v -0.10154050588607788 1.5591169595718384 4.2581377029418945 
v -0.10252508521080017 1.5587973594665527 4.258360385894775 
v -0.10225839912891388 1.5582289695739746 4.258917331695557 
v -0.10154050588607788 1.5574830770492554 4.2591400146484375 
v -0.1023063138127327 1.4882560968399048 4.259028434753418 
v -0.10154053568840027 1.4882560968399048 4.2591400146484375 
v -0.10277120769023895 1.4876878261566162 4.258694648742676 
v -0.10225842893123627 1.4879364967346191 4.259028434753418 
v -0.10211488604545593 1.4876878261566162 4.259028434753418 
v -0.10187556594610214 1.4875457286834717 4.259028434753418 
v -0.10211488604545593 1.4870485067367554 4.258694648742676 
v -0.10154053568840027 1.486941933631897 4.258694648742676 
v -0.10154053568840027 1.4866222143173218 4.2581377029418945 
v -0.10277127474546432 1.4870485067367554 4.2581377029418945 
v -0.10252511501312256 1.4872971773147583 4.258694648742676 
v -0.10154053568840027 1.4875102043151855 4.259028434753418 
v -0.1023063212633133 1.4866222143173218 4.257413387298584 
v -0.10225842893123627 1.4867287874221802 4.2581377029418945 
v -0.10154053568840027 1.486515760421753 4.257413387298584 
v -0.1023062989115715 1.4866223335266113 4.146865367889404 
v -0.10225840657949448 1.4866223335266113 4.146531105041504 
v -0.10252509266138077 1.486941933631897 4.145918846130371 
v -0.10211487114429474 1.4866223335266113 4.146308422088623 
v -0.10154051333665848 1.486515760421753 4.146865367889404 
v -0.10187555104494095 1.4866223335266113 4.146197319030762 
v -0.10154051333665848 1.4866223335266113 4.146141529083252 
v -0.10154051333665848 1.486941933631897 4.145584583282471 
v -0.10211487114429474 1.486941933631897 4.1456403732299805 
v -0.10225840657949448 1.4875102043151855 4.14536190032959 
v -0.10154051333665848 1.4882562160491943 4.145139217376709 
v -0.10154048353433609 1.557483196258545 4.145139217376709 
v -0.10211484134197235 1.5580514669418335 4.14525032043457 
v -0.10187552124261856 1.558193564414978 4.14525032043457 
v -0.10154048353433609 1.5582290887832642 4.14525032043457 
v -0.10154048353433609 1.5587973594665527 4.145584583282471 
v -0.10211484134197235 1.5586907863616943 4.145584583282471 
v -0.10154048353433609 1.559117078781128 4.146141529083252 
v -0.10154051333665848 1.4875102043151855 4.14525032043457 
v -0.103290855884552 1.5472536087036133 4.162626266479492 
v -0.10267210006713867 1.5460103750228882 4.163851261138916 
v -0.1032908633351326 1.5472536087036133 4.20261287689209 
v -0.10267210006713867 1.5460103750228882 4.201332092285156 
v -0.103290855884552 1.5349639654159546 4.162626266479492 
v -0.10267210006713867 1.536171555519104 4.163851261138916 
v -0.103290855884552 1.5472536087036133 4.162626266479492 
v -0.10267210006713867 1.5460103750228882 4.163851261138916 
v -0.1032908633351326 1.5349639654159546 4.20261287689209 
v -0.10267210751771927 1.536171555519104 4.201332092285156 
v -0.103290855884552 1.5349639654159546 4.162626266479492 
v -0.10267210006713867 1.536171555519104 4.163851261138916 
v -0.1032908633351326 1.5472536087036133 4.20261287689209 
v -0.10267210006713867 1.5460103750228882 4.201332092285156 
v -0.1032908633351326 1.5349639654159546 4.20261287689209 
v -0.10267210751771927 1.536171555519104 4.201332092285156 
v -0.10329087823629379 1.505411982536316 4.205954551696777 
v -0.10718163847923279 1.504488468170166 4.204896450042725 
v -0.10329087823629379 1.5036360025405884 4.20701265335083 
v -0.10718163847923279 1.5031386613845825 4.205676078796387 
v -0.10329087823629379 1.501611351966858 4.2073469161987305 
v -0.10718163847923279 1.501611351966858 4.205954551696777 
v -0.10329087823629379 1.499586820602417 4.20701265335083 
v -0.10718163847923279 1.5000485181808472 4.205676078796387 
v -0.10329088568687439 1.4978108406066895 4.205954551696777 
v -0.10718163847923279 1.4986988306045532 4.204896450042725 
v -0.10718163847923279 1.504488468170166 4.204896450042725 
v -0.10329087823629379 1.505411982536316 4.205954551696777 
v -0.10718163102865219 1.5055185556411743 4.203726768493652 
v -0.10329087823629379 1.5067261457443237 4.204394817352295 
v -0.10718163102865219 1.5060513019561768 4.20222282409668 
v -0.10329087823629379 1.5074365139007568 4.202445983886719 
v -0.10718163102865219 1.5060513019561768 4.2006635665893555 
v -0.10329087823629379 1.5074365139007568 4.200440883636475 
v -0.10718163102865219 1.5055185556411743 4.199160099029541 
v -0.10329087823629379 1.5067261457443237 4.19849157333374 
v -0.10718163102865219 1.504488468170166 4.197990417480469 
v -0.10329087823629379 1.505411982536316 4.196932315826416 
v -0.10718163102865219 1.504488468170166 4.197990417480469 
v -0.10329087823629379 1.505411982536316 4.196932315826416 
v -0.10718163102865219 1.5031386613845825 4.197210788726807 
v -0.10329087823629379 1.5036360025405884 4.195874214172363 
v -0.10718163847923279 1.501611351966858 4.196932315826416 
v -0.10329087823629379 1.501611351966858 4.195539951324463 
v -0.10718163847923279 1.5000485181808472 4.197210788726807 
v -0.10329087823629379 1.499586820602417 4.195874214172363 
v -0.10718163847923279 1.4986988306045532 4.197990417480469 
v -0.10329087823629379 1.4978108406066895 4.196932315826416 
v -0.10718163847923279 1.4986988306045532 4.197990417480469 
v -0.10329087823629379 1.4978108406066895 4.196932315826416 
v -0.10718163847923279 1.497704267501831 4.199160099029541 
v -0.10329087823629379 1.4964611530303955 4.19849157333374 
v -0.10718163847923279 1.4971359968185425 4.2006635665893555 
v -0.10329088568687439 1.495786190032959 4.200440883636475 
v -0.10718163847923279 1.4971359968185425 4.20222282409668 
v -0.10329088568687439 1.495786190032959 4.202445983886719 
v -0.10718163847923279 1.497704267501831 4.203726768493652 
v -0.10329088568687439 1.4964611530303955 4.204394817352295 
v -0.10718163847923279 1.4986988306045532 4.204896450042725 
v -0.10329088568687439 1.4978108406066895 4.205954551696777 
v -0.10329088568687439 1.4978108406066895 4.205954551696777 
v -0.10329088568687439 1.4964611530303955 4.204394817352295 
v -0.10329087823629379 1.499586820602417 4.20701265335083 
v -0.10329088568687439 1.495786190032959 4.202445983886719 
v -0.10329088568687439 1.495786190032959 4.200440883636475 
v -0.10329087823629379 1.4964611530303955 4.19849157333374 
v -0.10329087823629379 1.4978108406066895 4.196932315826416 
v -0.10329087823629379 1.499586820602417 4.195874214172363 
v -0.10329087823629379 1.501611351966858 4.195539951324463 
v -0.10329087823629379 1.5036360025405884 4.195874214172363 
v -0.10329087823629379 1.505411982536316 4.196932315826416 
v -0.10329087823629379 1.5067261457443237 4.19849157333374 
v -0.10329087823629379 1.5074365139007568 4.200440883636475 
v -0.10329087823629379 1.5074365139007568 4.202445983886719 
v -0.10329087823629379 1.5067261457443237 4.204394817352295 
v -0.10329087823629379 1.505411982536316 4.205954551696777 
v -0.10329087823629379 1.5036360025405884 4.20701265335083 
v -0.10329087823629379 1.501611351966858 4.2073469161987305 
v -0.10555878281593323 1.5023927688598633 4.203670978546143 
v -0.10555878281593323 1.501611351966858 4.203782558441162 
v -0.10555878281593323 1.5031031370162964 4.203281402587891 
v -0.10555878281593323 1.5036360025405884 4.20261287689209 
v -0.10555878281593323 1.503920078277588 4.201833248138428 
v -0.10555878281593323 1.503920078277588 4.201053619384766 
v -0.10555878281593323 1.5036360025405884 4.2002739906311035 
v -0.10555878281593323 1.5031031370162964 4.1996612548828125 
v -0.10555878281593323 1.5023927688598633 4.199215888977051 
v -0.10555878281593323 1.501611351966858 4.199104309082031 
v -0.10555878281593323 1.5007944107055664 4.199215888977051 
v -0.10555878281593323 1.5000840425491333 4.1996612548828125 
v -0.10555878281593323 1.4995512962341309 4.2002739906311035 
v -0.10555878281593323 1.4992671012878418 4.201053619384766 
v -0.10555878281593323 1.4992671012878418 4.201833248138428 
v -0.10555878281593323 1.4995512962341309 4.20261287689209 
v -0.10555878281593323 1.5000840425491333 4.203281402587891 
v -0.10555878281593323 1.5007944107055664 4.203670978546143 
v -0.10718163847923279 1.501611351966858 4.205954551696777 
v -0.10718163847923279 1.5025348663330078 4.204061031341553 
v -0.10718163847923279 1.5031386613845825 4.205676078796387 
v -0.10718163847923279 1.5033518075942993 4.203559875488281 
v -0.10718163847923279 1.501611351966858 4.204172134399414 
v -0.10718163847923279 1.5000485181808472 4.205676078796387 
v -0.10718163847923279 1.5006523132324219 4.204061031341553 
v -0.10718163847923279 1.4986988306045532 4.204896450042725 
v -0.10718163847923279 1.4998353719711304 4.203559875488281 
v -0.10718163847923279 1.497704267501831 4.203726768493652 
v -0.10718163847923279 1.4991960525512695 4.202835559844971 
v -0.10718163847923279 1.4971359968185425 4.20222282409668 
v -0.10718163847923279 1.4988764524459839 4.201944351196289 
v -0.10718163847923279 1.4971359968185425 4.2006635665893555 
v -0.10718163847923279 1.4988764524459839 4.200942039489746 
v -0.10718163847923279 1.497704267501831 4.199160099029541 
v -0.10718163847923279 1.4991960525512695 4.200051307678223 
v -0.10718163847923279 1.4986988306045532 4.197990417480469 
v -0.10718163847923279 1.4998353719711304 4.199326992034912 
v -0.10718163847923279 1.5000485181808472 4.197210788726807 
v -0.10718163847923279 1.5006523132324219 4.19888162612915 
v -0.10718163847923279 1.501611351966858 4.196932315826416 
v -0.10718163847923279 1.501611351966858 4.198714256286621 
v -0.10718163102865219 1.5031386613845825 4.197210788726807 
v -0.10718163847923279 1.5025348663330078 4.19888162612915 
v -0.10718163102865219 1.504488468170166 4.197990417480469 
v -0.10718163102865219 1.5033518075942993 4.199326992034912 
v -0.10718163102865219 1.5055185556411743 4.199160099029541 
v -0.10718163102865219 1.5039911270141602 4.200051307678223 
v -0.10718163102865219 1.5060513019561768 4.2006635665893555 
v -0.10718163102865219 1.5043108463287354 4.200942039489746 
v -0.10718163102865219 1.5060513019561768 4.20222282409668 
v -0.10718163102865219 1.5043108463287354 4.201944351196289 
v -0.10718163102865219 1.5055185556411743 4.203726768493652 
v -0.10718163847923279 1.5039911270141602 4.202835559844971 
v -0.10718163847923279 1.504488468170166 4.204896450042725 
v -0.10718163847923279 1.5025348663330078 4.204061031341553 
v -0.10718163847923279 1.501611351966858 4.204172134399414 
v -0.10555878281593323 1.5023927688598633 4.203670978546143 
v -0.10555878281593323 1.501611351966858 4.203782558441162 
v -0.10718163847923279 1.5033518075942993 4.203559875488281 
v -0.10718163847923279 1.5025348663330078 4.204061031341553 
v -0.10555878281593323 1.5031031370162964 4.203281402587891 
v -0.10555878281593323 1.5023927688598633 4.203670978546143 
v -0.10718163847923279 1.5039911270141602 4.202835559844971 
v -0.10718163847923279 1.5033518075942993 4.203559875488281 
v -0.10555878281593323 1.5036360025405884 4.20261287689209 
v -0.10555878281593323 1.5031031370162964 4.203281402587891 
v -0.10718163102865219 1.5043108463287354 4.201944351196289 
v -0.10718163847923279 1.5039911270141602 4.202835559844971 
v -0.10555878281593323 1.503920078277588 4.201833248138428 
v -0.10555878281593323 1.5036360025405884 4.20261287689209 
v -0.10718163102865219 1.5043108463287354 4.200942039489746 
v -0.10718163102865219 1.5043108463287354 4.201944351196289 
v -0.10555878281593323 1.503920078277588 4.201053619384766 
v -0.10555878281593323 1.503920078277588 4.201833248138428 
v -0.10718163102865219 1.5039911270141602 4.200051307678223 
v -0.10718163102865219 1.5043108463287354 4.200942039489746 
v -0.10555878281593323 1.5036360025405884 4.2002739906311035 
v -0.10555878281593323 1.503920078277588 4.201053619384766 
v -0.10718163102865219 1.5033518075942993 4.199326992034912 
v -0.10718163102865219 1.5039911270141602 4.200051307678223 
v -0.10555878281593323 1.5031031370162964 4.1996612548828125 
v -0.10555878281593323 1.5036360025405884 4.2002739906311035 
v -0.10718163847923279 1.5025348663330078 4.19888162612915 
v -0.10718163102865219 1.5033518075942993 4.199326992034912 
v -0.10555878281593323 1.5023927688598633 4.199215888977051 
v -0.10555878281593323 1.5031031370162964 4.1996612548828125 
v -0.10718163847923279 1.501611351966858 4.198714256286621 
v -0.10718163847923279 1.5025348663330078 4.19888162612915 
v -0.10555878281593323 1.501611351966858 4.199104309082031 
v -0.10555878281593323 1.5023927688598633 4.199215888977051 
v -0.10718163847923279 1.5006523132324219 4.19888162612915 
v -0.10718163847923279 1.501611351966858 4.198714256286621 
v -0.10555878281593323 1.5007944107055664 4.199215888977051 
v -0.10555878281593323 1.501611351966858 4.199104309082031 
v -0.10718163847923279 1.4998353719711304 4.199326992034912 
v -0.10718163847923279 1.5006523132324219 4.19888162612915 
v -0.10555878281593323 1.5000840425491333 4.1996612548828125 
v -0.10555878281593323 1.5007944107055664 4.199215888977051 
v -0.10718163847923279 1.4991960525512695 4.200051307678223 
v -0.10718163847923279 1.4998353719711304 4.199326992034912 
v -0.10555878281593323 1.4995512962341309 4.2002739906311035 
v -0.10555878281593323 1.5000840425491333 4.1996612548828125 
v -0.10718163847923279 1.4988764524459839 4.200942039489746 
v -0.10718163847923279 1.4991960525512695 4.200051307678223 
v -0.10555878281593323 1.4992671012878418 4.201053619384766 
v -0.10555878281593323 1.4995512962341309 4.2002739906311035 
v -0.10718163847923279 1.4988764524459839 4.201944351196289 
v -0.10718163847923279 1.4988764524459839 4.200942039489746 
v -0.10555878281593323 1.4992671012878418 4.201833248138428 
v -0.10555878281593323 1.4992671012878418 4.201053619384766 
v -0.10718163847923279 1.4991960525512695 4.202835559844971 
v -0.10718163847923279 1.4988764524459839 4.201944351196289 
v -0.10555878281593323 1.4995512962341309 4.20261287689209 
v -0.10555878281593323 1.4992671012878418 4.201833248138428 
v -0.10718163847923279 1.4998353719711304 4.203559875488281 
v -0.10718163847923279 1.4991960525512695 4.202835559844971 
v -0.10555878281593323 1.5000840425491333 4.203281402587891 
v -0.10555878281593323 1.4995512962341309 4.20261287689209 
v -0.10718163847923279 1.5006523132324219 4.204061031341553 
v -0.10718163847923279 1.4998353719711304 4.203559875488281 
v -0.10555878281593323 1.5007944107055664 4.203670978546143 
v -0.10555878281593323 1.5000840425491333 4.203281402587891 
v -0.10718163847923279 1.501611351966858 4.204172134399414 
v -0.10718163847923279 1.5006523132324219 4.204061031341553 
v -0.10555878281593323 1.501611351966858 4.203782558441162 
v -0.10555878281593323 1.5007944107055664 4.203670978546143 
vn -0.21544769406318665 3.0092034339904785 3.0492870807647705 
vn 0.21544931828975677 3.0092031955718994 3.0492870807647705 
vn -0.10307252407073975 4.032110214233398 1.459910273551941 
vn 0.1030755415558815 4.032110214233398 1.459910273551941 
vn -0.25287574529647827 4.274697780609131 0.25077512860298157 
vn 0.25287938117980957 4.274697303771973 0.25077521800994873 
vn -0.30898216366767883 4.267305850982666 -0.30741700530052185 
vn 0.30898594856262207 4.267305374145508 -0.3074169158935547 
vn -0.2902853190898895 4.039130687713623 -1.4145781993865967 
vn 1.0118424892425537 3.012620210647583 2.8810012340545654 
vn 0.4955696761608124 4.016887187957764 1.4208811521530151 
vn 2.1393418312072754 3.0427167415618896 2.136577844619751 
vn 1.0482313632965088 4.024967670440674 1.0491515398025513 
vn 2.880441188812256 3.010694742202759 1.019141435623169 
vn 1.4072550535202026 4.021033763885498 0.5007928013801575 
vn 3.0562448501586914 3.001896381378174 0.21876606345176697 
vn 1.460248351097107 4.031710147857666 0.11340919882059097 
vn 3.003175735473633 3.0555741786956787 -0.21041801571846008 
vn 1.4249470233917236 4.0359930992126465 -0.283125102519989 
vn 3.003175735473633 2.8836007118225098 -1.0323059558868408 
vn 1.4426114559173584 3.802140474319458 -1.364725112915039 
vn 3.0298259258270264 2.1442294120788574 -2.1499555110931396 
vn 1.460248351097107 2.8577005863189697 -2.8462424278259277 
vn 0.30898603796958923 4.027073860168457 -1.4446717500686646 
vn 0.3276766836643219 3.0299954414367676 -3.018547534942627 
vn -0.21544669568538666 3.043593645095825 -3.0149619579315186 
vn -0.21544669568538666 3.043593645095825 -3.0149619579315186 
vn 0.3276766836643219 3.0299954414367676 -3.018547534942627 
vn -0.10307274758815765 1.4599103927612305 -4.032110214233398 
vn 0.30898532271385193 1.429419994354248 -4.03251314163208 
vn -0.25287675857543945 0.24269460141658783 -4.275163650512695 
vn 0.3089848756790161 0.29126399755477905 -4.268438339233398 
vn -0.3089834749698639 -0.291262686252594 -4.268438816070557 
vn 0.308984637260437 -0.2912629544734955 -4.268438339233398 
vn -0.2902872860431671 -1.4298560619354248 -4.033747673034668 
vn 3.0298259258270264 2.1442294120788574 -2.1499555110931396 
vn 1.460248351097107 2.8577005863189697 -2.8462424278259277 
vn 3.0031752586364746 1.0170406103134155 -2.8890204429626465 
vn 1.4426108598709106 1.3647258281707764 -3.802140474319458 
vn 3.0031750202178955 0.22657567262649536 -3.0544192790985107 
vn 1.4249459505081177 0.27504926919937134 -4.0365519523620605 
vn 1.4249457120895386 -0.27504926919937134 -4.0365519523620605 
vn 1.4426096677780151 -1.364725947380066 -3.802140712738037 
vn 3.0031745433807373 -1.0170422792434692 -2.8890206813812256 
vn 3.0298240184783936 -2.1442313194274902 -2.149956226348877 
vn 1.460245966911316 -2.857700824737549 -2.846243381500244 
vn 0.30898410081863403 -1.4294190406799316 -4.032513618469238 
vn 0.3276740610599518 -3.0299949645996094 -3.0185484886169434 
vn -0.21544930338859558 -2.9976539611816406 -3.0606415271759033 
vn 3.0031747817993164 -0.22657735645771027 -3.0544192790985107 
vn -0.21545031666755676 -3.054969549179077 3.0034339427948 
vn -0.2902892827987671 -4.039130687713623 1.4145780801773071 
vn 0.2902853190898895 -4.039130687713623 1.4145781993865967 
vn 0.30898216366767883 -4.267305850982666 0.30741700530052185 
vn -0.30898594856262207 -4.267305374145508 0.3074169158935547 
vn 0.308982253074646 -4.267305850982666 -0.30741819739341736 
vn -0.25287938117980957 -4.2756147384643555 -0.23461297154426575 
vn 0.21544669568538666 -3.0549697875976562 3.0034339427948 
vn 1.3540165424346924 -3.8087873458862305 1.43514883518219 
vn 1.0118398666381836 -2.8751466274261475 3.018209218978882 
vn 2.852552652359009 -2.8443965911865234 1.4738467931747437 
vn 2.1393394470214844 -2.156419515609741 3.028688669204712 
vn 3.0298233032226562 -3.0183191299438477 0.3313515782356262 
vn 1.4426077604293823 -4.026681900024414 0.3234013020992279 
vn 1.424943447113037 -4.035994052886963 -0.2831262946128845 
vn 3.0031731128692627 -3.055576801300049 -0.2104189395904541 
vn 1.4426082372665405 -3.8021411895751953 -1.364726185798645 
vn 3.003173351287842 -2.8836028575897217 -1.0323067903518677 
vn 1.460245966911316 -2.857700824737549 -2.846243381500244 
vn 3.0298240184783936 -2.1442313194274902 -2.149956226348877 
vn 0.3276740610599518 -3.0299949645996094 -3.0185484886169434 
vn 0.3089825510978699 -4.027073860168457 -1.44467294216156 
vn -0.1030755415558815 -4.032110214233398 -1.459910273551941 
vn -0.21544930338859558 -2.9976539611816406 -3.0606415271759033 
vn -0.21545031666755676 -3.054969549179077 3.0034339427948 
vn 0.21544669568538666 -3.0549697875976562 3.0034339427948 
vn -0.10307532548904419 -1.459910273551941 4.032110214233398 
vn 0.10307274758815765 -1.4599103927612305 4.032110214233398 
vn -0.2528783679008484 -0.25885483622550964 4.2742156982421875 
vn 0.25287675857543945 -0.25885507464408875 4.2742156982421875 
vn -0.308984637260437 0.2912629544734955 4.268438339233398 
vn 0.3089834749698639 0.291262686252594 4.268438816070557 
vn -0.2902873456478119 1.429856300354004 4.03374719619751 
vn 1.0118398666381836 -2.8751466274261475 3.018209218978882 
vn 0.4955669045448303 -1.397969365119934 4.024918556213379 
vn 2.1393394470214844 -2.156419515609741 3.028688669204712 
vn 1.0482287406921387 -1.056984305381775 4.022918701171875 
vn 2.880439281463623 -1.0191421508789062 3.0106964111328125 
vn 1.407252550125122 -0.48471736907958984 4.023004055023193 
vn 3.0562429428100586 -0.22685420513153076 3.001297950744629 
vn 1.460245966911316 -0.0972118005156517 4.032134056091309 
vn 3.0298242568969727 0.3232991099357605 3.019191265106201 
vn 1.4426090717315674 0.32340043783187866 4.026681900024414 
vn 1.3540183305740356 1.4275623559951782 3.8116366863250732 
vn 2.8525543212890625 1.4666457176208496 2.8481149673461914 
vn 1.0118424892425537 3.012620210647583 2.8810012340545654 
vn 2.1393418312072754 3.0427167415618896 2.136577844619751 
vn 0.2902872860431671 1.4298560619354248 4.033747673034668 
vn -0.21544769406318665 3.0092034339904785 3.0492870807647705 
vn 0.21544931828975677 3.0092031955718994 3.0492870807647705 
vn 2.1393418312072754 3.0427167415618896 2.136577844619751 
vn 3.8035171031951904 1.447474479675293 1.3557103872299194 
vn 2.880441188812256 3.010694742202759 1.019141435623169 
vn 4.036486625671387 1.4204949140548706 0.2980658710002899 
vn 3.0562448501586914 3.001896381378174 0.21876606345176697 
vn 4.030106067657471 1.4640355110168457 -0.1213126927614212 
vn 3.003175735473633 3.0555741786956787 -0.21041801571846008 
vn 4.023649215698242 1.4077516794204712 -0.4778670072555542 
vn 3.003175735473633 2.8836007118225098 -1.0323059558868408 
vn 4.023648738861084 1.0512185096740723 -1.0512193441390991 
vn 3.0298259258270264 2.1442294120788574 -2.1499555110931396 
vn 4.023648738861084 0.47786635160446167 -1.4077526330947876 
vn 4.274734020233154 0.2486364245414734 -0.2543632388114929 
vn 4.26786470413208 0.2955436706542969 0.3128211796283722 
vn 3.0031752586364746 1.0170406103134155 -2.8890204429626465 
vn 4.030106067657471 0.11324111372232437 -1.4646828174591064 
vn 3.0031750202178955 0.22657567262649536 -3.0544192790985107 
vn 4.030106067657471 -0.11324416100978851 -1.464682936668396 
vn 3.0031747817993164 -0.22657735645771027 -3.0544192790985107 
vn 4.023648262023926 -0.4778694212436676 -1.4077527523040771 
vn 3.0031745433807373 -1.0170422792434692 -2.8890206813812256 
vn 4.023648262023926 -1.0512217283248901 -1.0512195825576782 
vn 3.0298240184783936 -2.1442313194274902 -2.149956226348877 
vn 4.023647785186768 -1.4077550172805786 -0.4778674244880676 
vn 3.003173351287842 -2.8836028575897217 -1.0323067903518677 
vn 4.030105113983154 -1.4640389680862427 -0.12131313234567642 
vn 3.0031731128692627 -3.055576801300049 -0.2104189395904541 
vn 4.030105113983154 -1.4386156797409058 0.29750964045524597 
vn 3.0298233032226562 -3.0183191299438477 0.3313515782356262 
vn 2.852552652359009 -2.8443965911865234 1.4738467931747437 
vn 3.803515911102295 -1.3557113409042358 1.4474767446517944 
vn 2.1393394470214844 -2.156419515609741 3.028688669204712 
vn 2.880439281463623 -1.0191421508789062 3.0106964111328125 
vn 4.03648567199707 -0.29012173414230347 1.4221413135528564 
vn 3.0562429428100586 -0.22685420513153076 3.001297950744629 
vn 4.274734020233154 -0.2486400604248047 -0.2543632984161377 
vn 4.26786470413208 -0.2955474853515625 0.31282109022140503 
vn 4.0301055908203125 0.3212525248527527 1.4334989786148071 
vn 3.0298242568969727 0.3232991099357605 3.019191265106201 
vn 2.8525543212890625 1.4666457176208496 2.8481149673461914 
vn -4.279029369354248 -0.2995283603668213 -0.007977219298481941 
vn -4.2895073890686035 0.0000018578905383037636 -6.98850840308296e-7 
vn -4.26786470413208 -0.3014790117740631 -0.3071051239967346 
vn -4.279029369354248 -0.015945402905344963 -0.29921242594718933 
vn -4.0301055908203125 -0.32014739513397217 -1.4337462186813354 
vn -4.279029369354248 -0.015945402905344963 -0.29921242594718933 
vn -4.26786470413208 0.30148279666900635 -0.30710500478744507 
vn -4.279029369354248 0.29953205585479736 -0.007977128960192204 
vn -4.030105113983154 1.4371774196624756 -0.30438172817230225 
vn -4.279029369354248 0.29953205585479736 -0.007977128960192204 
vn -4.2895073890686035 0.0000018578905383037636 -6.98850840308296e-7 
vn -4.2895073890686035 0.0000018578905383037636 -6.98850840308296e-7 
vn -4.03648567199707 0.2722896635532379 -1.4256629943847656 
vn -3.0298242568969727 -0.3227532207965851 -3.019249677658081 
vn -3.8035171031951904 -1.4417146444320679 -1.3618340492248535 
vn -4.036486625671387 -1.4209290742874146 -0.2959892153739929 
vn -4.030106544494629 -1.4371739625930786 0.3043803870677948 
vn -4.279029369354248 -0.2995283603668213 -0.007977219298481941 
vn -4.2895073890686035 0.0000018578905383037636 -6.98850840308296e-7 
vn -4.279029369354248 0.0000018081083226206829 0.29963570833206177 
vn -4.279029369354248 0.0000018081083226206829 0.29963570833206177 
vn -4.26786470413208 0.3126247823238373 0.2957538068294525 
vn -4.0301055908203125 0.32015088200569153 1.4337449073791504 
vn -4.267865180969238 -0.31262117624282837 0.29575371742248535 
vn -4.036486625671387 -0.2880953848361969 1.4225512742996216 
vn -3.02982497215271 0.3227558434009552 3.0192487239837646 
vn -3.803516149520874 1.4417179822921753 1.3618327379226685 
vn -4.03648567199707 1.4241307973861694 0.2801961898803711 
vn -3.0298233032226562 3.0209262371063232 -0.3066738247871399 
vn -3.803515672683716 1.3735237121582031 -1.430585503578186 
vn -3.0562429428100586 0.20995889604091644 -3.0025272369384766 
vn -1.4426090717315674 -0.32340043783187866 -4.026681900024414 
vn -2.8525543212890625 -1.4644677639007568 -2.8492352962493896 
vn -2.880441188812256 -3.0138142108917236 -1.0098791122436523 
vn -3.0562448501586914 -3.001950979232788 -0.21801947057247162 
vn -3.0298259258270264 -3.020923614501953 0.3066728413105011 
vn -3.8035173416137695 -1.3735204935073853 1.4305843114852905 
vn -3.056244134902954 -0.22607745230197906 3.0013556480407715 
vn -1.4426101446151733 0.32340168952941895 4.026681423187256 
vn -2.8525540828704834 1.4644702672958374 2.8492343425750732 
vn -2.880439043045044 3.0086357593536377 1.0252104997634888 
vn -3.0562422275543213 3.0030810832977295 0.20189417898654938 
vn -1.4426077604293823 4.026681900024414 -0.3234013020992279 
vn -2.852552652359009 2.8565964698791504 -1.4500600099563599 
vn -2.880439281463623 1.032868504524231 -3.0060150623321533 
vn -1.460245966911316 0.1132647916674614 -4.031714916229248 
vn -1.4602450132369995 4.031480312347412 0.12135181576013565 
vn -0.30898216366767883 4.267305850982666 -0.30741700530052185 
vn -1.3540165424346924 3.806583881378174 -1.4409830570220947 
vn -2.1393394470214844 2.153823137283325 -3.0305356979370117 
vn -1.407252550125122 0.5001600980758667 -4.021113395690918 
vn -1.4072517156600952 4.024036884307861 0.47607284784317017 
vn -0.25287574529647827 4.274697780609131 0.25077512860298157 
vn -1.0482282638549805 4.02496862411499 1.0491513013839722 
vn -0.4955666661262512 4.016887664794922 1.4208810329437256 
vn -1.0118408203125 3.0126211643218994 2.8810009956359863 
vn -0.21544769406318665 3.0092034339904785 3.0492870807647705 
vn -0.2902873456478119 1.429856300354004 4.03374719619751 
vn -0.10307252407073975 4.032110214233398 1.459910273551941 
vn -2.1393399238586426 3.039879083633423 2.1406149864196777 
vn -1.3540183305740356 1.4258344173431396 3.812283515930176 
vn -0.308984637260437 0.2912629544734955 4.268438339233398 
vn -1.4602473974227905 -0.09708640724420547 4.032136917114258 
vn -0.2528783679008484 -0.25885483622550964 4.2742156982421875 
vn -2.880441188812256 -1.0175468921661377 3.0112342834472656 
vn -1.4072542190551758 -0.4841032028198242 4.023077487945557 
vn -1.0482308864593506 -1.056983470916748 4.022918224334717 
vn -0.4955694377422333 -1.3979690074920654 4.024918079376221 
vn -1.0118433237075806 -2.875145673751831 3.0182087421417236 
vn -0.21545031666755676 -3.054969549179077 3.0034339427948 
vn -0.2902892827987671 -4.039130687713623 1.4145780801773071 
vn -2.852555751800537 -2.8565938472747803 1.4500590562820435 
vn -2.1393423080444336 -2.1538212299346924 3.0305349826812744 
vn -0.10307532548904419 -1.459910273551941 4.032110214233398 
vn -1.4426114559173584 -4.026680946350098 0.3234008252620697 
vn -1.3540202379226685 -3.8065829277038574 1.4409825801849365 
vn -0.30898594856262207 -4.267305374145508 0.3074169158935547 
vn -1.4602484703063965 -4.031933307647705 -0.10517604649066925 
vn -1.4072550535202026 -4.022103309631348 -0.49213284254074097 
vn -2.1393418312072754 -3.039877414703369 -2.140615701675415 
vn -1.0482313632965088 -4.029021263122559 -1.0334748029708862 
vn -0.25287938117980957 -4.2756147384643555 -0.23461297154426575 
vn -0.4955696761608124 -4.022255897521973 -1.4056116342544556 
vn -0.1030755415558815 -4.032110214233398 -1.459910273551941 
vn -0.21544930338859558 -2.9976539611816406 -3.0606415271759033 
vn -1.0118424892425537 -3.0014097690582275 -2.8926782608032227 
vn -1.3540183305740356 -1.4258332252502441 -3.812283992767334 
vn -0.3089834749698639 -0.291262686252594 -4.268438816070557 
vn -0.25287675857543945 0.24269460141658783 -4.275163650512695 
vn -1.0482287406921387 1.0413154363632202 -4.027002811431885 
vn -0.4955669045448303 1.413249135017395 -4.01957893371582 
vn -0.10307274758815765 1.4599103927612305 -4.032110214233398 
vn -0.21544669568538666 3.043593645095825 -3.0149619579315186 
vn -1.0118398666381836 2.886845350265503 -3.007021188735962 
vn -0.2902853190898895 4.039130687713623 -1.4145781993865967 
vn -0.2902872860431671 -1.4298560619354248 -4.033747673034668 
vn -3.8375964164733887 -1.9164191484451294 0.008069660514593124 
vn -3.8375964164733887 -1.9164191484451294 0.008069660514593124 
vn -3.8375964164733887 -1.9164191484451294 0.008069660514593124 
vn -3.8375964164733887 -1.9164191484451294 0.008069660514593124 
vn -3.8375957012176514 0.0000013727816394748515 1.9164372682571411 
vn -3.8375957012176514 0.0000013727816394748515 1.9164372682571411 
vn -3.8375957012176514 0.0000013727816394748515 1.9164372682571411 
vn -3.8375957012176514 0.0000013727816394748515 1.9164372682571411 
vn -3.837594747543335 1.9164224863052368 0.008070239797234535 
vn -3.837594747543335 1.9164224863052368 0.008070239797234535 
vn -3.837594747543335 1.9164224863052368 0.008070239797234535 
vn -3.837594747543335 1.9164224863052368 0.008070239797234535 
vn -3.837595224380493 0.016142958775162697 -1.9163705110549927 
vn -3.837595224380493 0.016142958775162697 -1.9163705110549927 
vn -3.837595224380493 0.016142958775162697 -1.9163705110549927 
vn -3.837595224380493 0.016142958775162697 -1.9163705110549927 
vn -1.4426089525222778 2.593878746032715 3.096860647201538 
vn -1.4426089525222778 2.593878746032715 3.096860647201538 
vn -1.4426096677780151 1.3951531648635864 3.791081666946411 
vn -1.4426096677780151 1.3951531648635864 3.791081666946411 
vn -1.442610263824463 1.4858228425396192e-8 4.039647102355957 
vn -1.442610263824463 1.4858228425396192e-8 4.039647102355957 
vn -1.4426108598709106 -1.3951530456542969 3.791081190109253 
vn -1.4426108598709106 -1.3951530456542969 3.791081190109253 
vn -1.4426112174987793 -2.5938785076141357 3.096859931945801 
vn -1.4426112174987793 -2.5938785076141357 3.096859931945801 
vn -1.4426089525222778 2.593878746032715 3.096860647201538 
vn -1.4426089525222778 2.593878746032715 3.096860647201538 
vn -1.4426084756851196 3.5038208961486816 2.0104711055755615 
vn -1.4426084756851196 3.5038208961486816 2.0104711055755615 
vn -1.4426079988479614 3.9770209789276123 0.7085617780685425 
vn -1.4426079988479614 3.9770209789276123 0.7085617780685425 
vn -1.4426077604293823 3.9770212173461914 -0.7085610628128052 
vn -1.4426077604293823 3.9770212173461914 -0.7085610628128052 
vn -1.4426077604293823 3.50382137298584 -2.010470390319824 
vn -1.4426077604293823 3.50382137298584 -2.010470390319824 
vn -1.4426079988479614 2.5938796997070312 -3.096860408782959 
vn -1.4426079988479614 2.5938796997070312 -3.096860408782959 
vn -1.4426079988479614 2.5938796997070312 -3.096860408782959 
vn -1.4426079988479614 2.5938796997070312 -3.096860408782959 
vn -1.44260835647583 1.3951542377471924 -3.791081666946411 
vn -1.44260835647583 1.3951542377471924 -3.791081666946411 
vn -1.4426089525222778 0.0000012347999245321262 -4.039647579193115 
vn -1.4426089525222778 0.0000012347999245321262 -4.039647579193115 
vn -1.4426095485687256 -1.3951518535614014 -3.7910821437835693 
vn -1.4426095485687256 -1.3951518535614014 -3.7910821437835693 
vn -1.442610263824463 -2.5938775539398193 -3.0968611240386963 
vn -1.442610263824463 -2.5938775539398193 -3.0968611240386963 
vn -1.442610263824463 -2.5938775539398193 -3.0968611240386963 
vn -1.442610263824463 -2.5938775539398193 -3.0968611240386963 
vn -1.4426108598709106 -3.503819704055786 -2.0104715824127197 
vn -1.4426108598709106 -3.503819704055786 -2.0104715824127197 
vn -1.4426112174987793 -3.977019786834717 -0.7085622549057007 
vn -1.4426112174987793 -3.977019786834717 -0.7085622549057007 
vn -1.4426114559173584 -3.977020025253296 0.708560585975647 
vn -1.4426114559173584 -3.977020025253296 0.708560585975647 
vn -1.4426114559173584 -3.5038201808929443 2.010469913482666 
vn -1.4426114559173584 -3.5038201808929443 2.010469913482666 
vn -1.4426112174987793 -2.5938785076141357 3.096859931945801 
vn -1.4426112174987793 -2.5938785076141357 3.096859931945801 
vn 4.2895073890686035 -0.0000018578905383037636 6.988499876570131e-7 
vn 4.2895073890686035 -0.0000018578905383037636 6.988499876570131e-7 
vn 4.2895073890686035 -0.0000018578905383037636 6.988499876570131e-7 
vn 4.2895073890686035 -0.0000018578905383037636 6.988499876570131e-7 
vn 4.2895073890686035 -0.0000018578905383037636 6.988499876570131e-7 
vn 4.2895073890686035 -0.0000018578905383037636 6.988499876570131e-7 
vn 4.2895073890686035 -0.0000018578905383037636 6.988499876570131e-7 
vn 4.2895073890686035 -0.0000018578905383037636 6.988499876570131e-7 
vn 4.2895073890686035 -0.0000018578905383037636 6.988499876570131e-7 
vn 4.2895073890686035 -0.0000018578905383037636 6.988499876570131e-7 
vn 4.2895073890686035 -0.0000018578905383037636 6.988499876570131e-7 
vn 4.2895073890686035 -0.0000018578905383037636 6.988499876570131e-7 
vn 4.2895073890686035 -0.0000018578905383037636 6.988499876570131e-7 
vn 4.2895073890686035 -0.0000018578905383037636 6.988499876570131e-7 
vn 4.2895073890686035 -0.0000018578905383037636 6.988499876570131e-7 
vn 4.2895073890686035 -0.0000018578905383037636 6.988499876570131e-7 
vn 4.2895073890686035 -0.0000018578905383037636 6.988499876570131e-7 
vn 4.2895073890686035 -0.0000018578905383037636 6.988499876570131e-7 
vn -4.2895073890686035 0.0000018578905383037636 -6.98850840308296e-7 
vn -4.2895073890686035 0.0000018578905383037636 -6.98850840308296e-7 
vn -4.2895073890686035 0.0000018578905383037636 -6.98850840308296e-7 
vn -4.2895073890686035 0.0000018578905383037636 -6.98850840308296e-7 
vn -4.2895073890686035 0.0000018578905383037636 -6.98850840308296e-7 
vn -4.2895073890686035 0.0000018578905383037636 -6.98850840308296e-7 
vn -4.2895073890686035 0.0000018578905383037636 -6.98850840308296e-7 
vn -4.2895073890686035 0.0000018578905383037636 -6.98850840308296e-7 
vn -4.2895073890686035 0.0000018578905383037636 -6.98850840308296e-7 
vn -4.2895073890686035 0.0000018578905383037636 -6.98850840308296e-7 
vn -4.2895073890686035 0.0000018578905383037636 -6.98850840308296e-7 
vn -4.2895073890686035 0.0000018578905383037636 -6.98850840308296e-7 
vn -4.2895073890686035 0.0000018578905383037636 -6.98850840308296e-7 
vn -4.2895073890686035 0.0000018578905383037636 -6.98850840308296e-7 
vn -4.2895073890686035 0.0000018578905383037636 -6.98850840308296e-7 
vn -4.2895073890686035 0.0000018578905383037636 -6.98850840308296e-7 
vn -4.2895073890686035 0.0000018578905383037636 -6.98850840308296e-7 
vn -4.2895073890686035 0.0000018578905383037636 -6.98850840308296e-7 
vn -4.2895073890686035 0.0000018578905383037636 -6.98850840308296e-7 
vn -4.2895073890686035 0.0000018578905383037636 -6.98850840308296e-7 
vn -4.2895073890686035 0.0000018578905383037636 -6.98850840308296e-7 
vn -4.2895073890686035 0.0000018578905383037636 -6.98850840308296e-7 
vn -4.2895073890686035 0.0000018578905383037636 -6.98850840308296e-7 
vn -4.2895073890686035 0.0000018578905383037636 -6.98850840308296e-7 
vn -4.2895073890686035 0.0000018578905383037636 -6.98850840308296e-7 
vn -4.2895073890686035 0.0000018578905383037636 -6.98850840308296e-7 
vn -4.2895073890686035 0.0000018578905383037636 -6.98850840308296e-7 
vn -4.2895073890686035 0.0000018578905383037636 -6.98850840308296e-7 
vn -4.2895073890686035 0.0000018578905383037636 -6.98850840308296e-7 
vn -4.2895073890686035 0.0000018578905383037636 -6.98850840308296e-7 
vn -4.2895073890686035 0.0000018578905383037636 -6.98850840308296e-7 
vn -4.2895073890686035 0.0000018578905383037636 -6.98850840308296e-7 
vn -4.2895073890686035 0.0000018578905383037636 -6.98850840308296e-7 
vn -4.2895073890686035 0.0000018578905383037636 -6.98850840308296e-7 
vn -4.2895073890686035 0.0000018578905383037636 -6.98850840308296e-7 
vn -4.2895073890686035 0.0000018578905383037636 -6.98850840308296e-7 
vn -4.2895073890686035 0.0000018578905383037636 -6.98850840308296e-7 
vn -4.2895073890686035 0.0000018578905383037636 -6.98850840308296e-7 
vn -4.2895073890686035 0.0000018578905383037636 -6.98850840308296e-7 
vn -4.2895073890686035 0.0000018578905383037636 -6.98850840308296e-7 
vn -4.2895073890686035 0.0000018578905383037636 -6.98850840308296e-7 
vn -4.2895073890686035 0.0000018578905383037636 -6.98850840308296e-7 
vn -4.2895073890686035 0.0000018578905383037636 -6.98850840308296e-7 
vn -4.2895073890686035 0.0000018578905383037636 -6.98850840308296e-7 
vn -4.2895073890686035 0.0000018578905383037636 -6.98850840308296e-7 
vn -4.2895073890686035 0.0000018578905383037636 -6.98850840308296e-7 
vn -4.2895073890686035 0.0000018578905383037636 -6.98850840308296e-7 
vn -4.2895073890686035 0.0000018578905383037636 -6.98850840308296e-7 
vn -4.2895073890686035 0.0000018578905383037636 -6.98850840308296e-7 
vn -4.2895073890686035 0.0000018578905383037636 -6.98850840308296e-7 
vn -4.2895073890686035 0.0000018578905383037636 -6.98850840308296e-7 
vn -4.2895073890686035 0.0000018578905383037636 -6.98850840308296e-7 
vn -4.2895073890686035 0.0000018578905383037636 -6.98850840308296e-7 
vn -4.2895073890686035 0.0000018578905383037636 -6.98850840308296e-7 
vn -0.9936180710792542 -0.7405380606651306 -4.10660457611084 
vn -0.9936180710792542 -0.7405380606651306 -4.10660457611084 
vn -0.9936180710792542 -0.7405380606651306 -4.10660457611084 
vn -0.9936180710792542 -0.7405380606651306 -4.10660457611084 
vn -0.9936187267303467 -2.100419521331787 -3.6056668758392334 
vn -0.9936187267303467 -2.100419521331787 -3.6056668758392334 
vn -0.9936187267303467 -2.100419521331787 -3.6056668758392334 
vn -0.9936187267303467 -2.100419521331787 -3.6056668758392334 
vn -0.9936193823814392 -3.1861531734466553 -2.6946284770965576 
vn -0.9936193823814392 -3.1861531734466553 -2.6946284770965576 
vn -0.9936193823814392 -3.2069592475891113 -2.669832706451416 
vn -0.9936193823814392 -3.1861531734466553 -2.6946284770965576 
vn -0.9936198592185974 -3.915621757507324 -1.4423937797546387 
vn -0.9936198592185974 -3.915621757507324 -1.4423937797546387 
vn -0.9936198592185974 -3.915621757507324 -1.4423937797546387 
vn -0.9936198592185974 -3.915621757507324 -1.4423937797546387 
vn -0.9936202168464661 -4.172808647155762 0.01618356816470623 
vn -0.9936202168464661 -4.172808647155762 0.01618356816470623 
vn -0.9936202168464661 -4.172808647155762 0.01618356816470623 
vn -0.9936202168464661 -4.172808647155762 0.01618356816470623 
vn -0.9936203360557556 -3.9156222343444824 1.442392349243164 
vn -0.9936203360557556 -3.9156222343444824 1.442392349243164 
vn -0.9936203360557556 -3.9156222343444824 1.442392349243164 
vn -0.9936203360557556 -3.9156222343444824 1.442392349243164 
vn -0.9936202168464661 -3.1861541271209717 2.694627285003662 
vn -0.9936202168464661 -3.1861541271209717 2.694627285003662 
vn -0.9936202168464661 -3.1861541271209717 2.694627285003662 
vn -0.9936202168464661 -3.1861541271209717 2.694627285003662 
vn -0.9936199188232422 -2.1004207134246826 3.605665922164917 
vn -0.9936199188232422 -2.1004207134246826 3.605665922164917 
vn -0.9936199188232422 -2.1004207134246826 3.605665922164917 
vn -0.9936199188232422 -2.1004207134246826 3.605665922164917 
vn -0.9936193823814392 -0.7405393123626709 4.106604099273682 
vn -0.9936193823814392 -0.7405393123626709 4.106604099273682 
vn -0.9936193823814392 -0.7405393123626709 4.106604099273682 
vn -0.9936193823814392 -0.7405393123626709 4.106604099273682 
vn -0.9936187863349915 0.7086620330810547 4.11222505569458 
vn -0.9936187863349915 0.7086620330810547 4.11222505569458 
vn -0.9936187863349915 0.7086620330810547 4.11222505569458 
vn -0.9936187863349915 0.7086620330810547 4.11222505569458 
vn -0.9936181306838989 2.072388172149658 3.6218507289886475 
vn -0.9936181306838989 2.072388172149658 3.6218507289886475 
vn -0.9936181306838989 2.072388172149658 3.6218507289886475 
vn -0.9936181306838989 2.072388172149658 3.6218507289886475 
vn -0.9936174750328064 3.1861541271209717 2.6946282386779785 
vn -0.9936174750328064 3.1861541271209717 2.6946282386779785 
vn -0.9936174750328064 3.1861541271209717 2.6946282386779785 
vn -0.9936174750328064 3.1861541271209717 2.6946282386779785 
vn -0.9936169385910034 3.9266934394836426 1.4119768142700195 
vn -0.9936169385910034 3.9266934394836426 1.4119768142700195 
vn -0.9936169385910034 3.9266934394836426 1.4119768142700195 
vn -0.9936169385910034 3.9266934394836426 1.4119768142700195 
vn -0.9936166405677795 4.17280912399292 0.01618482731282711 
vn -0.9936166405677795 4.17280912399292 0.01618482731282711 
vn -0.9936166405677795 4.17280912399292 0.01618482731282711 
vn -0.9936166405677795 4.17280912399292 0.01618482731282711 
vn -0.9936164617538452 3.926693916320801 -1.4119758605957031 
vn -0.9936164617538452 3.926693916320801 -1.4119758605957031 
vn -0.9936164617538452 3.926693916320801 -1.4119758605957031 
vn -0.9936164617538452 3.926693916320801 -1.4119758605957031 
vn -0.9936165809631348 3.206960916519165 -2.6698317527770996 
vn -0.9936165809631348 3.206960916519165 -2.6698317527770996 
vn -0.9936165809631348 3.206960916519165 -2.6698317527770996 
vn -0.9936165809631348 3.206960916519165 -2.6698317527770996 
vn -0.9936169385910034 2.10042142868042 -3.605666160583496 
vn -0.9936169385910034 2.10042142868042 -3.605666160583496 
vn -0.9936169385910034 2.10042142868042 -3.605666160583496 
vn -0.9936169385910034 2.10042142868042 -3.605666160583496 
vn -0.9936174154281616 0.7405402064323425 -4.106604099273682 
vn -0.9936174154281616 0.7405402064323425 -4.106604099273682 
vn -0.9936174154281616 0.7405402064323425 -4.106604099273682 
vn -0.9936174154281616 0.7405402064323425 -4.106604099273682 
vt 0.252216637134552 0.8159770369529724 
vt 0.252216637134552 0.8159770369529724 
vt 0.251613587141037 0.8156045079231262 
vt 0.251613587141037 0.8156045079231262 
vt 0.2507692873477936 0.8154803514480591 
vt 0.2507692873477936 0.8154803514480591 
vt 0.13425712287425995 0.8154803514480591 
vt 0.13425712287425995 0.8154803514480591 
vt 0.13341283798217773 0.8156045079231262 
vt 0.252096027135849 0.8159770369529724 
vt 0.2514929473400116 0.8156045079231262 
vt 0.251854807138443 0.8159770369529724 
vt 0.2513723373413086 0.8156045079231262 
vt 0.2513723373413086 0.8159770369529724 
vt 0.2511311173439026 0.8156045079231262 
vt 0.2507692873477936 0.8159770369529724 
vt 0.2507692873477936 0.8156045079231262 
vt 0.13425712287425995 0.8159770369529724 
vt 0.13425712287425995 0.8156045079231262 
vt 0.13365405797958374 0.8161012530326843 
vt 0.13353344798088074 0.8157287240028381 
vt 0.13317160308361053 0.8163495659828186 
vt 0.13293038308620453 0.8161012530326843 
vt 0.13341283798217773 0.8156045079231262 
vt 0.13293038308620453 0.8159770369529724 
vt 0.13293038308620453 0.8159770369529724 
vt 0.13244792819023132 0.8159770369529724 
vt 0.24642722308635712 0.8159770369529724 
vt 0.13244792819023132 0.8165979385375977 
vt 0.24642722308635712 0.8165979385375977 
vt 0.13244792819023132 0.8175913095474243 
vt 0.24642722308635712 0.8175913095474243 
vt 0.13244792819023132 0.9002898335456848 
vt 0.24642722308635712 0.9002898335456848 
vt 0.13244792819023132 0.9012832045555115 
vt 0.2511311173439026 0.8163495659828186 
vt 0.24908070266246796 0.8161012530326843 
vt 0.2511311173439026 0.8168462514877319 
vt 0.24908070266246796 0.8167220950126648 
vt 0.2511311173439026 0.8175913095474243 
vt 0.24908070266246796 0.8175913095474243 
vt 0.24908070266246796 0.9002898335456848 
vt 0.24908070266246796 0.9011590480804443 
vt 0.2511311173439026 0.9010348916053772 
vt 0.2511311173439026 0.9015315771102905 
vt 0.24908070266246796 0.9017798900604248 
vt 0.24642722308635712 0.9012832045555115 
vt 0.24642722308635712 0.9019040465354919 
vt 0.13244792819023132 0.9019040465354919 
vt 0.2511311173439026 0.9002898335456848 
vt 0.252216637134552 0.9019040465354919 
vt 0.251613587141037 0.9022765755653381 
vt 0.251613587141037 0.9022765755653381 
vt 0.2507692873477936 0.90240079164505 
vt 0.2507692873477936 0.90240079164505 
vt 0.13425712287425995 0.90240079164505 
vt 0.13425712287425995 0.90240079164505 
vt 0.252216637134552 0.9019040465354919 
vt 0.251613587141037 0.902152419090271 
vt 0.252216637134552 0.9017798900604248 
vt 0.251613587141037 0.9017798900604248 
vt 0.252216637134552 0.9015315771102905 
vt 0.2507692873477936 0.9019040465354919 
vt 0.2507692873477936 0.9022765755653381 
vt 0.13425712287425995 0.9022765755653381 
vt 0.13425712287425995 0.9019040465354919 
vt 0.13353344798088074 0.902152419090271 
vt 0.13365405797958374 0.9017798900604248 
vt 0.13293038308620453 0.9017798900604248 
vt 0.13317160308361053 0.9015315771102905 
vt 0.13293038308620453 0.9019040465354919 
vt 0.13341283798217773 0.9022765755653381 
vt 0.13341283798217773 0.9022765755653381 
vt 0.13293038308620453 0.9019040465354919 
vt 0.13244792819023132 0.9019040465354919 
vt 0.24642722308635712 0.9019040465354919 
vt 0.13244792819023132 0.9012832045555115 
vt 0.24642722308635712 0.9012832045555115 
vt 0.13244792819023132 0.9002898335456848 
vt 0.24642722308635712 0.9002898335456848 
vt 0.13244792819023132 0.8175913095474243 
vt 0.24642722308635712 0.8175913095474243 
vt 0.13244792819023132 0.8165979385375977 
vt 0.24847763776779175 0.9017798900604248 
vt 0.24763335287570953 0.9011590480804443 
vt 0.24992498755455017 0.9015315771102905 
vt 0.24847763776779175 0.9010348916053772 
vt 0.2507692873477936 0.9010348916053772 
vt 0.24896009266376495 0.9007865190505981 
vt 0.2511311173439026 0.9002898335456848 
vt 0.24908070266246796 0.9002898335456848 
vt 0.2511311173439026 0.8175913095474243 
vt 0.24908070266246796 0.8175913095474243 
vt 0.24896009266376495 0.8165979385375977 
vt 0.2507692873477936 0.8165979385375977 
vt 0.24847763776779175 0.8159770369529724 
vt 0.24992498755455017 0.8159770369529724 
vt 0.24642722308635712 0.8165979385375977 
vt 0.13244792819023132 0.8159770369529724 
vt 0.24642722308635712 0.8159770369529724 
vt 0.251854807138443 0.8173429369926453 
vt 0.2514929473400116 0.8159770369529724 
vt 0.2513723373413086 0.8167220950126648 
vt 0.2507692873477936 0.8157287240028381 
vt 0.2507692873477936 0.8165979385375977 
vt 0.13425712287425995 0.8157287240028381 
vt 0.13425712287425995 0.8165979385375977 
vt 0.13389529287815094 0.8157287240028381 
vt 0.13365405797958374 0.8165979385375977 
vt 0.13365405797958374 0.8157287240028381 
vt 0.13317160308361053 0.8165979385375977 
vt 0.13353344798088074 0.8157287240028381 
vt 0.13425712287425995 0.8154803514480591 
vt 0.2507692873477936 0.8154803514480591 
vt 0.13293038308620453 0.8165979385375977 
vt 0.13341283798217773 0.8157287240028381 
vt 0.13293038308620453 0.8165979385375977 
vt 0.13341283798217773 0.8157287240028381 
vt 0.13293038308620453 0.8165979385375977 
vt 0.13353344798088074 0.8157287240028381 
vt 0.13293038308620453 0.8165979385375977 
vt 0.13365405797958374 0.8157287240028381 
vt 0.13317160308361053 0.8165979385375977 
vt 0.13389529287815094 0.8157287240028381 
vt 0.13365405797958374 0.8165979385375977 
vt 0.13425712287425995 0.8157287240028381 
vt 0.13425712287425995 0.8165979385375977 
vt 0.2507692873477936 0.8157287240028381 
vt 0.2507692873477936 0.8165979385375977 
vt 0.251613587141037 0.8167220950126648 
vt 0.251613587141037 0.8159770369529724 
vt 0.252216637134552 0.8173429369926453 
vt 0.252216637134552 0.8167220950126648 
vt 0.251613587141037 0.8157287240028381 
vt 0.252216637134552 0.8165979385375977 
vt 0.13425712287425995 0.8154803514480591 
vt 0.2507692873477936 0.8154803514480591 
vt 0.251613587141037 0.8157287240028381 
vt 0.252216637134552 0.8165979385375977 
vt 0.252096027135849 0.8167220950126648 
vt 0.16477221250534058 0.9927979707717896 
vt 0.1735769659280777 0.33965325355529785 
vt 0.028600137680768967 0.9927979707717896 
vt 0.028600137680768967 0.33965325355529785 
vt 0.021966423839330673 0.9927979707717896 
vt 0.028600137680768967 0.16879259049892426 
vt 0.028600137680768967 0.024628896266222 
vt 0.16477221250534058 0.024628896266222 
vt 0.028600137680768967 0.013950103893876076 
vt 0.511293351650238 0.024628896266222 
vt 0.1735769659280777 0.16879259049892426 
vt 0.511293351650238 0.16879259049892426 
vt 0.021966423839330673 0.024628896266222 
vt 0.017141902819275856 0.9927979707717896 
vt 0.02232826128602028 1.0034767389297485 
vt 0.028600137680768967 1.0034767389297485 
vt 0.9861467480659485 1.0034767389297485 
vt 0.511293351650238 0.9927979707717896 
vt 0.511293351650238 0.33965325355529785 
vt 0.9861467480659485 0.33965325355529785 
vt 0.9861467480659485 0.16879259049892426 
vt 0.9861467480659485 0.024628896266222 
vt 0.9927804470062256 0.024628896266222 
vt 0.9861467480659485 0.9927979707717896 
vt 0.9927804470062256 0.9927979707717896 
vt 0.9976049661636353 0.024628896266222 
vt 0.992418646812439 0.013950103893876076 
vt 0.9861467480659485 0.013950103893876076 
vt 0.028600137680768967 0.006251439917832613 
vt 0.021966423839330673 0.014570963568985462 
vt 0.017141902819275856 0.024628896266222 
vt 0.014367803931236267 0.9927979707717896 
vt 0.017865581437945366 1.0034767389297485 
vt 0.023534391075372696 1.0111753940582275 
vt 0.028600137680768967 1.0111753940582275 
vt 0.9861467480659485 1.0111753940582275 
vt 0.9927804470062256 1.002855896949768 
vt 0.9976049661636353 0.9927979707717896 
vt 1.0003790855407715 0.024628896266222 
vt 0.9968813061714172 0.013950103893876076 
vt 0.9912124872207642 0.006251439917832613 
vt 0.9861467480659485 0.006251439917832613 
vt 0.028600137680768967 0.001657075947150588 
vt 0.021966423839330673 0.0074931601993739605 
vt 0.017141902819275856 0.016557715833187103 
vt 0.014367803931236267 0.024628896266222 
vt 0.9861467480659485 0.001657075947150588 
vt 0.028600137680768967 0.0001670119963819161 
vt 0.021966423839330673 0.003147139912471175 
vt 0.017141902819275856 0.010845803655683994 
vt 0.014367803931236267 0.019910359755158424 
vt 0.9890414476394653 0.001657075947150588 
vt 0.9861467480659485 0.0001670119963819161 
vt 0.9912124872207642 0.001657075947150588 
vt 0.992418646812439 0.001657075947150588 
vt 0.9968813061714172 0.006251439917832613 
vt 0.9976049661636353 0.006251439917832613 
vt 1.0003790855407715 0.013950103893876076 
vt 0.9927804470062256 0.001657075947150588 
vt 0.9947102665901184 0.006251439917832613 
vt 0.9995347857475281 0.013950103893876076 
vt 1.0013439655303955 0.024628896266222 
vt 1.0003790855407715 0.9927979707717896 
vt 1.0013439655303955 0.9927979707717896 
vt 0.9976049661636353 1.0008691549301147 
vt 1.0003790855407715 0.9975165128707886 
vt 1.0003790855407715 1.0008691549301147 
vt 1.0003790855407715 1.002855896949768 
vt 0.9976049661636353 1.0099337100982666 
vt 0.9976049661636353 1.0111753940582275 
vt 0.9927804470062256 1.0157698392868042 
vt 0.9927804470062256 1.0099337100982666 
vt 0.9976049661636353 1.0065810680389404 
vt 1.0003790855407715 1.0034767389297485 
vt 0.9861467480659485 1.0157698392868042 
vt 0.9927804470062256 1.0142797231674194 
vt 0.9861467480659485 1.0172598361968994 
vt 0.028600137680768967 1.0157698392868042 
vt 0.025705425068736076 1.0157698392868042 
vt 0.020036615431308746 1.0111753940582275 
vt 0.023534391075372696 1.0157698392868042 
vt 0.028600137680768967 1.0172598361968994 
vt 0.02232826128602028 1.0157698392868042 
vt 0.021966423839330673 1.0157698392868042 
vt 0.017141902819275856 1.0111753940582275 
vt 0.017865581437945366 1.0111753940582275 
vt 0.015212095342576504 1.0034767389297485 
vt 0.013402899727225304 0.9927979707717896 
vt 0.013402899727225304 0.024628896266222 
vt 0.014367803931236267 0.016557715833187103 
vt 0.014367803931236267 0.014570963568985462 
vt 0.014367803931236267 0.013950103893876076 
vt 0.017141902819275856 0.006251439917832613 
vt 0.017141902819275856 0.0074931601993739605 
vt 0.021966423839330673 0.001657075947150588 
vt 0.014367803931236267 1.0034767389297485 
vt 0.17044103145599365 0.1677992045879364 
vt 0.1811755895614624 0.18543162941932678 
vt 0.5167209506034851 0.1677992045879364 
vt 0.5059863924980164 0.18543162941932678 
vt 0.17044103145599365 0.34275755286216736 
vt 0.1811755895614624 0.3252493143081665 
vt 0.17044103145599365 0.1677992045879364 
vt 0.1811755895614624 0.18543162941932678 
vt 0.5167209506034851 0.34275755286216736 
vt 0.5059863924980164 0.3252493143081665 
vt 0.17044103145599365 0.34275755286216736 
vt 0.1811755895614624 0.3252493143081665 
vt 0.5167209506034851 0.1677992045879364 
vt 0.5059863924980164 0.18543162941932678 
vt 0.5167209506034851 0.34275755286216736 
vt 0.5059863924980164 0.3252493143081665 
vt 0.3640248775482178 0.762831449508667 
vt 0.2160327434539795 0.775000274181366 
vt 0.3640248775482178 0.7870450019836426 
vt 0.2160327434539795 0.7935019135475159 
vt 0.3640248775482178 0.8144869804382324 
vt 0.2160327434539795 0.8144869804382324 
vt 0.3640248775482178 0.8420531749725342 
vt 0.2160327434539795 0.835472047328949 
vt 0.3640248775482178 0.8662667274475098 
vt 0.2160327434539795 0.8539736866950989 
vt 0.33338919281959534 0.775000274181366 
vt 0.3467772305011749 0.762831449508667 
vt 0.31831255555152893 0.761341392993927 
vt 0.32699671387672424 0.7448264956474304 
vt 0.29985877871513367 0.7540152072906494 
vt 0.3028740882873535 0.7352652549743652 
vt 0.2801988422870636 0.7540152072906494 
vt 0.27718353271484375 0.7352652549743652 
vt 0.26174506545066833 0.761341392993927 
vt 0.2530609369277954 0.7448264956474304 
vt 0.24678905308246613 0.775000274181366 
vt 0.23340101540088654 0.762831449508667 
vt 0.2160327434539795 0.775000274181366 
vt 0.3640248775482178 0.762831449508667 
vt 0.2160327434539795 0.7935019135475159 
vt 0.3640248775482178 0.7870450019836426 
vt 0.2160327434539795 0.8144869804382324 
vt 0.3640248775482178 0.8144869804382324 
vt 0.2160327434539795 0.835472047328949 
vt 0.3640248775482178 0.8420531749725342 
vt 0.2160327434539795 0.8539736866950989 
vt 0.3640248775482178 0.8662667274475098 
vt 0.24678905308246613 0.8539736866950989 
vt 0.23340101540088654 0.8662667274475098 
vt 0.26174506545066833 0.8677567839622498 
vt 0.2530609369277954 0.8841474652290344 
vt 0.2801988422870636 0.8749587535858154 
vt 0.27718353271484375 0.8937087059020996 
vt 0.29985877871513367 0.8749587535858154 
vt 0.3028740882873535 0.8937087059020996 
vt 0.31831255555152893 0.8677567839622498 
vt 0.32699671387672424 0.8841474652290344 
vt 0.33338919281959534 0.8539736866950989 
vt 0.3467772305011749 0.8662667274475098 
vt 0.3467772305011749 0.7352652549743652 
vt 0.32699671387672424 0.7352652549743652 
vt 0.3595622181892395 0.7352652549743652 
vt 0.3028740882873535 0.7352652549743652 
vt 0.27718353271484375 0.7352652549743652 
vt 0.2530609369277954 0.7352652549743652 
vt 0.23340101540088654 0.7352652549743652 
vt 0.22049541771411896 0.7352652549743652 
vt 0.2160327434539795 0.7352652549743652 
vt 0.22049541771411896 0.7352652549743652 
vt 0.23340101540088654 0.7352652549743652 
vt 0.2530609369277954 0.7352652549743652 
vt 0.27718353271484375 0.7352652549743652 
vt 0.3028740882873535 0.7352652549743652 
vt 0.32699671387672424 0.7352652549743652 
vt 0.3467772305011749 0.7352652549743652 
vt 0.3595622181892395 0.7352652549743652 
vt 0.3640248775482178 0.7352652549743652 
vt 0.3178301155567169 0.8276492357254028 
vt 0.31963929533958435 0.8276492357254028 
vt 0.31264376640319824 0.8276492357254028 
vt 0.30480390787124634 0.8276492357254028 
vt 0.295154869556427 0.8276492357254028 
vt 0.28490275144577026 0.8276492357254028 
vt 0.2752537131309509 0.8276492357254028 
vt 0.2674138844013214 0.8276492357254028 
vt 0.26222750544548035 0.8276492357254028 
vt 0.2605389356613159 0.8276492357254028 
vt 0.26222750544548035 0.8276492357254028 
vt 0.2674138844013214 0.8276492357254028 
vt 0.2752537131309509 0.8276492357254028 
vt 0.28490275144577026 0.8276492357254028 
vt 0.295154869556427 0.8276492357254028 
vt 0.30480390787124634 0.8276492357254028 
vt 0.31264376640319824 0.8276492357254028 
vt 0.3178301155567169 0.8276492357254028 
vt 0.3465360105037689 0.8937087059020996 
vt 0.3224134147167206 0.8937087059020996 
vt 0.3431588411331177 0.8937087059020996 
vt 0.3163827657699585 0.8937087059020996 
vt 0.324463814496994 0.8937087059020996 
vt 0.3431588411331177 0.8937087059020996 
vt 0.3224134147167206 0.8937087059020996 
vt 0.33338919281959534 0.8937087059020996 
vt 0.3163827657699585 0.8937087059020996 
vt 0.31831255555152893 0.8937087059020996 
vt 0.30721616744995117 0.8937087059020996 
vt 0.29985877871513367 0.8937087059020996 
vt 0.2959991693496704 0.8937087059020996 
vt 0.2801988422870636 0.8937087059020996 
vt 0.28405848145484924 0.8937087059020996 
vt 0.26174506545066833 0.8937087059020996 
vt 0.2728414535522461 0.8937087059020996 
vt 0.24678905308246613 0.8937087059020996 
vt 0.26367488503456116 0.8937087059020996 
vt 0.23689879477024078 0.8937087059020996 
vt 0.2576442360877991 0.8937087059020996 
vt 0.23352162539958954 0.8937087059020996 
vt 0.25559380650520325 0.8937087059020996 
vt 0.23689879477024078 0.8937087059020996 
vt 0.2576442360877991 0.8937087059020996 
vt 0.24678905308246613 0.8937087059020996 
vt 0.26367488503456116 0.8937087059020996 
vt 0.26174506545066833 0.8937087059020996 
vt 0.2728414535522461 0.8937087059020996 
vt 0.2801988422870636 0.8937087059020996 
vt 0.28405848145484924 0.8937087059020996 
vt 0.29985877871513367 0.8937087059020996 
vt 0.2959991693496704 0.8937087059020996 
vt 0.31831255555152893 0.8937087059020996 
vt 0.30721616744995117 0.8937087059020996 
vt 0.33338919281959534 0.8937087059020996 
vt 0.2160327434539795 0.8016972541809082 
vt 0.2160327434539795 0.8144869804382324 
vt 0.27778658270835876 0.8035598397254944 
vt 0.27778658270835876 0.8144869804382324 
vt 0.2160327434539795 0.7903976440429688 
vt 0.2160327434539795 0.8016972541809082 
vt 0.27778658270835876 0.7938744425773621 
vt 0.27778658270835876 0.8035598397254944 
vt 0.30721616744995117 0.7820780873298645 
vt 0.3163827657699585 0.7903976440429688 
vt 0.30480390787124634 0.7866724729537964 
vt 0.31264376640319824 0.7938744425773621 
vt 0.2959991693496704 0.7776079177856445 
vt 0.30721616744995117 0.7820780873298645 
vt 0.295154869556427 0.7828231453895569 
vt 0.30480390787124634 0.7866724729537964 
vt 0.28405848145484924 0.7776079177856445 
vt 0.2959991693496704 0.7776079177856445 
vt 0.28490275144577026 0.7828231453895569 
vt 0.295154869556427 0.7828231453895569 
vt 0.2728414535522461 0.7820780873298645 
vt 0.28405848145484924 0.7776079177856445 
vt 0.2752537131309509 0.7866724729537964 
vt 0.28490275144577026 0.7828231453895569 
vt 0.26367488503456116 0.7903976440429688 
vt 0.2728414535522461 0.7820780873298645 
vt 0.2674138844013214 0.7938744425773621 
vt 0.2752537131309509 0.7866724729537964 
vt 0.2160327434539795 0.8016972541809082 
vt 0.2160327434539795 0.7903976440429688 
vt 0.27778658270835876 0.8035598397254944 
vt 0.27778658270835876 0.7938744425773621 
vt 0.2160327434539795 0.8144869804382324 
vt 0.2160327434539795 0.8016972541809082 
vt 0.27778658270835876 0.8144869804382324 
vt 0.27778658270835876 0.8035598397254944 
vt 0.2160327434539795 0.8272767066955566 
vt 0.2160327434539795 0.8144869804382324 
vt 0.27778658270835876 0.8255382776260376 
vt 0.27778658270835876 0.8144869804382324 
vt 0.2160327434539795 0.8385763764381409 
vt 0.2160327434539795 0.8272767066955566 
vt 0.27778658270835876 0.8350995182991028 
vt 0.27778658270835876 0.8255382776260376 
vt 0.2728414535522461 0.8468958735466003 
vt 0.26367488503456116 0.8385763764381409 
vt 0.2752537131309509 0.8423014879226685 
vt 0.2674138844013214 0.8350995182991028 
vt 0.28405848145484924 0.8513660430908203 
vt 0.2728414535522461 0.8468958735466003 
vt 0.28490275144577026 0.8461508750915527 
vt 0.2752537131309509 0.8423014879226685 
vt 0.2959991693496704 0.8513660430908203 
vt 0.28405848145484924 0.8513660430908203 
vt 0.295154869556427 0.8461508750915527 
vt 0.28490275144577026 0.8461508750915527 
vt 0.30721616744995117 0.8468958735466003 
vt 0.2959991693496704 0.8513660430908203 
vt 0.30480390787124634 0.8423014879226685 
vt 0.295154869556427 0.8461508750915527 
vt 0.3163827657699585 0.8385763764381409 
vt 0.30721616744995117 0.8468958735466003 
vt 0.31264376640319824 0.8350995182991028 
vt 0.30480390787124634 0.8423014879226685 
vt 0.2160327434539795 0.8272767066955566 
vt 0.2160327434539795 0.8385763764381409 
vt 0.27778658270835876 0.8255382776260376 
vt 0.27778658270835876 0.8350995182991028 
vt 0.2160327434539795 0.8144869804382324 
vt 0.2160327434539795 0.8272767066955566 
vt 0.27778658270835876 0.8144869804382324 
vt 0.27778658270835876 0.8255382776260376 
s on 
f 1/1/1 2/2/2 3/3/3 
f 2/2/2 4/4/4 3/3/3 
f 3/3/3 4/4/4 5/5/5 
f 4/4/4 6/6/6 5/5/5 
f 5/5/5 6/6/6 7/7/7 
f 6/6/6 8/8/8 7/7/7 
f 7/7/7 8/8/8 9/9/9 
f 8/8/8 9/9/9 9/9/9 
f 9/9/9 9/9/9 2/2/2 
f 9/9/9 2/2/2 2/2/2 
f 2/2/2 2/2/2 4/4/4 
f 2/2/2 10/10/10 4/4/4 
f 4/4/4 10/10/10 11/11/11 
f 10/10/10 12/12/12 11/11/11 
f 11/11/11 12/12/12 13/13/13 
f 12/12/12 14/14/14 13/13/13 
f 13/13/13 14/14/14 15/15/15 
f 14/14/14 16/16/16 15/15/15 
f 15/15/15 16/16/16 17/17/17 
f 16/16/16 18/18/18 17/17/17 
f 17/17/17 18/18/18 19/19/19 
f 18/18/18 20/20/20 19/19/19 
f 19/19/19 20/20/20 21/21/21 
f 20/20/20 22/22/22 21/21/21 
f 21/21/21 22/22/22 21/21/21 
f 22/22/22 23/23/23 21/21/21 
f 21/21/21 23/23/23 24/24/24 
f 23/23/23 25/25/25 24/24/24 
f 24/24/24 25/25/25 24/24/24 
f 25/25/25 26/26/26 24/24/24 
f 24/24/24 26/26/26 24/24/24 
f 26/26/26 9/9/9 24/24/24 
f 24/24/24 9/9/9 24/24/24 
f 9/9/9 8/8/8 24/24/24 
f 24/24/24 8/8/8 21/21/21 
f 8/8/8 8/8/8 21/21/21 
f 21/21/21 8/8/8 19/19/19 
f 8/8/8 6/6/6 19/19/19 
f 19/19/19 6/6/6 17/17/17 
f 6/6/6 6/6/6 17/17/17 
f 17/17/17 6/6/6 15/15/15 
f 6/6/6 6/6/6 15/15/15 
f 15/15/15 6/6/6 13/13/13 
f 6/6/6 6/6/6 13/13/13 
f 13/13/13 6/6/6 11/11/11 
f 6/6/6 4/4/4 11/11/11 
f 11/11/11 4/4/4 4/4/4 
f 4/4/4 27/27/27 4/4/4 
f 4/4/4 27/27/27 27/27/27 
f 27/27/27 28/28/28 27/27/27 
f 27/27/27 28/28/28 29/29/29 
f 28/28/28 30/30/30 29/29/29 
f 29/29/29 30/30/30 31/31/31 
f 30/30/30 32/32/32 31/31/31 
f 31/31/31 32/32/32 33/33/33 
f 32/32/32 34/34/34 33/33/33 
f 33/33/33 34/34/34 35/35/35 
f 34/34/34 35/35/35 35/35/35 
f 35/35/35 35/35/35 36/36/36 
f 35/35/35 36/36/36 36/36/36 
f 36/36/36 36/36/36 37/37/37 
f 36/36/36 38/38/38 37/37/37 
f 37/37/37 38/38/38 39/39/39 
f 38/38/38 40/40/40 39/39/39 
f 39/39/39 40/40/40 39/39/39 
f 40/40/40 41/41/41 39/39/39 
f 39/39/39 41/41/41 30/30/30 
f 41/41/41 41/41/41 30/30/30 
f 30/30/30 41/41/41 32/32/32 
f 41/41/41 42/42/42 32/32/32 
f 32/32/32 42/42/42 34/34/34 
f 42/42/42 42/42/42 34/34/34 
f 34/34/34 42/42/42 43/43/43 
f 42/42/42 44/44/44 43/43/43 
f 43/43/43 44/44/44 43/43/43 
f 44/44/44 45/45/45 43/43/43 
f 43/43/43 45/45/45 43/43/43 
f 45/45/45 46/46/46 43/43/43 
f 43/43/43 46/46/46 47/47/47 
f 46/46/46 48/48/48 47/47/47 
f 47/47/47 48/48/48 47/47/47 
f 48/48/48 49/49/49 47/47/47 
f 47/47/47 49/49/49 47/47/47 
f 49/49/49 35/35/35 47/47/47 
f 47/47/47 35/35/35 47/47/47 
f 35/35/35 34/34/34 47/47/47 
f 47/47/47 34/34/34 43/43/43 
f 34/34/34 43/43/43 43/43/43 
f 43/43/43 43/43/43 30/30/30 
f 43/43/43 30/30/30 30/30/30 
f 30/30/30 30/30/30 39/39/39 
f 30/30/30 28/28/28 39/39/39 
f 39/39/39 28/28/28 37/37/37 
f 28/28/28 37/37/37 37/37/37 
f 37/37/37 37/37/37 40/40/40 
f 37/37/37 40/40/40 40/40/40 
f 40/40/40 40/40/40 41/41/41 
f 40/40/40 50/50/50 41/41/41 
f 41/41/41 50/50/50 42/42/42 
f 50/50/50 44/44/44 42/42/42 
f 42/42/42 44/44/44 44/44/44 
f 44/44/44 51/51/51 44/44/44 
f 44/44/44 51/51/51 51/51/51 
f 51/51/51 52/52/52 51/51/51 
f 51/51/51 52/52/52 53/53/53 
f 52/52/52 52/52/52 53/53/53 
f 53/53/53 52/52/52 54/54/54 
f 52/52/52 55/55/55 54/54/54 
f 54/54/54 55/55/55 56/56/56 
f 55/55/55 57/57/57 56/56/56 
f 56/56/56 57/57/57 57/57/57 
f 57/57/57 51/51/51 57/57/57 
f 57/57/57 51/51/51 51/51/51 
f 51/51/51 53/53/53 51/51/51 
f 51/51/51 53/53/53 58/58/58 
f 53/53/53 59/59/59 58/58/58 
f 58/58/58 59/59/59 60/60/60 
f 59/59/59 61/61/61 60/60/60 
f 60/60/60 61/61/61 62/62/62 
f 61/61/61 62/62/62 62/62/62 
f 62/62/62 62/62/62 61/61/61 
f 62/62/62 61/61/61 61/61/61 
f 61/61/61 61/61/61 63/63/63 
f 61/61/61 59/59/59 63/63/63 
f 63/63/63 59/59/59 64/64/64 
f 59/59/59 53/53/53 64/64/64 
f 64/64/64 53/53/53 64/64/64 
f 53/53/53 54/54/54 64/64/64 
f 64/64/64 54/54/54 64/64/64 
f 54/54/54 56/56/56 64/64/64 
f 64/64/64 56/56/56 64/64/64 
f 56/56/56 65/65/65 64/64/64 
f 64/64/64 65/65/65 63/63/63 
f 65/65/65 65/65/65 63/63/63 
f 63/63/63 65/65/65 66/66/66 
f 65/65/65 67/67/67 66/66/66 
f 66/66/66 67/67/67 68/68/68 
f 67/67/67 69/69/69 68/68/68 
f 68/68/68 69/69/69 70/70/70 
f 69/69/69 70/70/70 70/70/70 
f 70/70/70 70/70/70 69/69/69 
f 70/70/70 69/69/69 69/69/69 
f 69/69/69 69/69/69 71/71/71 
f 69/69/69 67/67/67 71/71/71 
f 71/71/71 67/67/67 72/72/72 
f 67/67/67 65/65/65 72/72/72 
f 72/72/72 65/65/65 72/72/72 
f 65/65/65 56/56/56 72/72/72 
f 72/72/72 56/56/56 72/72/72 
f 56/56/56 57/57/57 72/72/72 
f 72/72/72 57/57/57 72/72/72 
f 57/57/57 73/73/73 72/72/72 
f 72/72/72 73/73/73 71/71/71 
f 73/73/73 74/74/74 71/71/71 
f 71/71/71 74/74/74 74/74/74 
f 74/74/74 75/75/75 74/74/74 
f 74/74/74 75/75/75 75/75/75 
f 75/75/75 76/76/76 75/75/75 
f 75/75/75 76/76/76 77/77/77 
f 76/76/76 78/78/78 77/77/77 
f 77/77/77 78/78/78 79/79/79 
f 78/78/78 80/80/80 79/79/79 
f 79/79/79 80/80/80 81/81/81 
f 80/80/80 82/82/82 81/81/81 
f 81/81/81 82/82/82 83/83/83 
f 82/82/82 83/83/83 83/83/83 
f 83/83/83 83/83/83 76/76/76 
f 83/83/83 76/76/76 76/76/76 
f 76/76/76 76/76/76 78/78/78 
f 76/76/76 84/84/84 78/78/78 
f 78/78/78 84/84/84 85/85/85 
f 84/84/84 86/86/86 85/85/85 
f 85/85/85 86/86/86 87/87/87 
f 86/86/86 88/88/88 87/87/87 
f 87/87/87 88/88/88 89/89/89 
f 88/88/88 90/90/90 89/89/89 
f 89/89/89 90/90/90 91/91/91 
f 90/90/90 92/92/92 91/91/91 
f 91/91/91 92/92/92 93/93/93 
f 92/92/92 92/92/92 93/93/93 
f 93/93/93 92/92/92 94/94/94 
f 92/92/92 95/95/95 94/94/94 
f 94/94/94 95/95/95 96/96/96 
f 95/95/95 97/97/97 96/96/96 
f 96/96/96 97/97/97 97/97/97 
f 97/97/97 78/78/78 97/97/97 
f 97/97/97 78/78/78 78/78/78 
f 78/78/78 85/85/85 78/78/78 
f 78/78/78 85/85/85 80/80/80 
f 85/85/85 87/87/87 80/80/80 
f 80/80/80 87/87/87 80/80/80 
f 87/87/87 89/89/89 80/80/80 
f 80/80/80 89/89/89 80/80/80 
f 89/89/89 91/91/91 80/80/80 
f 80/80/80 91/91/91 80/80/80 
f 91/91/91 93/93/93 80/80/80 
f 80/80/80 93/93/93 82/82/82 
f 93/93/93 98/98/98 82/82/82 
f 82/82/82 98/98/98 83/83/83 
f 98/98/98 98/98/98 83/83/83 
f 83/83/83 98/98/98 99/99/99 
f 98/98/98 98/98/98 99/99/99 
f 99/99/99 98/98/98 100/100/100 
f 98/98/98 94/94/94 100/100/100 
f 100/100/100 94/94/94 96/96/96 
f 94/94/94 96/96/96 96/96/96 
f 96/96/96 96/96/96 93/93/93 
f 96/96/96 93/93/93 93/93/93 
f 93/93/93 93/93/93 98/98/98 
f 93/93/93 94/94/94 98/98/98 
f 98/98/98 94/94/94 94/94/94 
f 94/94/94 101/101/101 94/94/94 
f 94/94/94 101/101/101 101/101/101 
f 101/101/101 102/102/102 101/101/101 
f 101/101/101 102/102/102 103/103/103 
f 102/102/102 104/104/104 103/103/103 
f 103/103/103 104/104/104 105/105/105 
f 104/104/104 106/106/106 105/105/105 
f 105/105/105 106/106/106 107/107/107 
f 106/106/106 108/108/108 107/107/107 
f 107/107/107 108/108/108 109/109/109 
f 108/108/108 110/110/110 109/109/109 
f 109/109/109 110/110/110 111/111/111 
f 110/110/110 110/110/110 111/111/111 
f 111/111/111 110/110/110 112/112/112 
f 110/110/110 110/110/110 112/112/112 
f 112/112/112 110/110/110 113/113/113 
f 110/110/110 108/108/108 113/113/113 
f 113/113/113 108/108/108 113/113/113 
f 108/108/108 106/106/106 113/113/113 
f 113/113/113 106/106/106 113/113/113 
f 106/106/106 104/104/104 113/113/113 
f 113/113/113 104/104/104 114/114/114 
f 104/104/104 102/102/102 114/114/114 
f 114/114/114 102/102/102 102/102/102 
f 102/102/102 111/111/111 102/102/102 
f 102/102/102 111/111/111 111/111/111 
f 111/111/111 112/112/112 111/111/111 
f 111/111/111 112/112/112 115/115/115 
f 112/112/112 116/116/116 115/115/115 
f 115/115/115 116/116/116 117/117/117 
f 116/116/116 118/118/118 117/117/117 
f 117/117/117 118/118/118 119/119/119 
f 118/118/118 120/120/120 119/119/119 
f 119/119/119 120/120/120 121/121/121 
f 120/120/120 122/122/122 121/121/121 
f 121/121/121 122/122/122 123/123/123 
f 122/122/122 124/124/124 123/123/123 
f 123/123/123 124/124/124 125/125/125 
f 124/124/124 126/126/126 125/125/125 
f 125/125/125 126/126/126 127/127/127 
f 126/126/126 128/128/128 127/127/127 
f 127/127/127 128/128/128 129/129/129 
f 128/128/128 128/128/128 129/129/129 
f 129/129/129 128/128/128 130/130/130 
f 128/128/128 131/131/131 130/130/130 
f 130/130/130 131/131/131 132/132/132 
f 131/131/131 131/131/131 132/132/132 
f 132/132/132 131/131/131 133/133/133 
f 131/131/131 134/134/134 133/133/133 
f 133/133/133 134/134/134 135/135/135 
f 134/134/134 135/135/135 135/135/135 
f 135/135/135 135/135/135 113/113/113 
f 135/135/135 113/113/113 113/113/113 
f 113/113/113 113/113/113 112/112/112 
f 113/113/113 116/116/116 112/112/112 
f 112/112/112 116/116/116 116/116/116 
f 116/116/116 136/136/136 116/116/116 
f 116/116/116 136/136/136 136/136/136 
f 136/136/136 113/113/113 136/136/136 
f 136/136/136 113/113/113 114/114/114 
f 113/113/113 114/114/114 114/114/114 
f 114/114/114 114/114/114 134/134/134 
f 114/114/114 134/134/134 134/134/134 
f 134/134/134 134/134/134 137/137/137 
f 134/134/134 131/131/131 137/137/137 
f 137/137/137 131/131/131 137/137/137 
f 131/131/131 128/128/128 137/137/137 
f 137/137/137 128/128/128 137/137/137 
f 128/128/128 126/126/126 137/137/137 
f 137/137/137 126/126/126 136/136/136 
f 126/126/126 124/124/124 136/136/136 
f 136/136/136 124/124/124 136/136/136 
f 124/124/124 122/122/122 136/136/136 
f 136/136/136 122/122/122 136/136/136 
f 122/122/122 120/120/120 136/136/136 
f 136/136/136 120/120/120 136/136/136 
f 120/120/120 118/118/118 136/136/136 
f 136/136/136 118/118/118 136/136/136 
f 118/118/118 116/116/116 136/136/136 
f 136/136/136 116/116/116 113/113/113 
f 116/116/116 113/113/113 113/113/113 
f 113/113/113 113/113/113 136/136/136 
f 113/113/113 136/136/136 136/136/136 
f 136/136/136 136/136/136 137/137/137 
f 136/136/136 114/114/114 137/137/137 
f 137/137/137 114/114/114 134/134/134 
f 114/114/114 138/138/138 134/134/134 
f 134/134/134 138/138/138 135/135/135 
f 138/138/138 138/138/138 135/135/135 
f 135/135/135 138/138/138 139/139/139 
f 138/138/138 138/138/138 139/139/139 
f 139/139/139 138/138/138 140/140/140 
f 138/138/138 102/102/102 140/140/140 
f 140/140/140 102/102/102 101/101/101 
f 102/102/102 101/101/101 101/101/101 
f 101/101/101 101/101/101 102/102/102 
f 101/101/101 102/102/102 102/102/102 
f 102/102/102 102/102/102 114/114/114 
f 102/102/102 138/138/138 114/114/114 
f 114/114/114 138/138/138 138/138/138 
f 138/138/138 141/141/141 138/138/138 
f 138/138/138 141/141/141 141/141/141 
f 141/141/141 142/142/142 141/141/141 
f 141/141/141 142/142/142 143/143/143 
f 142/142/142 144/144/144 143/143/143 
f 143/143/143 144/144/144 145/145/145 
f 144/144/144 146/146/146 145/145/145 
f 145/145/145 146/146/146 147/147/147 
f 146/146/146 148/148/148 147/147/147 
f 147/147/147 148/148/148 149/149/149 
f 148/148/148 148/148/148 149/149/149 
f 149/149/149 148/148/148 150/150/150 
f 148/148/148 151/151/151 150/150/150 
f 150/150/150 151/151/151 152/152/152 
f 151/151/151 152/152/152 152/152/152 
f 152/152/152 152/152/152 148/148/148 
f 152/152/152 148/148/148 148/148/148 
f 148/148/148 148/148/148 151/151/151 
f 148/148/148 146/146/146 151/151/151 
f 151/151/151 146/146/146 151/151/151 
f 146/146/146 144/144/144 151/151/151 
f 151/151/151 144/144/144 142/142/142 
f 144/144/144 142/142/142 142/142/142 
f 142/142/142 142/142/142 149/149/149 
f 142/142/142 149/149/149 149/149/149 
f 149/149/149 149/149/149 147/147/147 
f 149/149/149 153/153/153 147/147/147 
f 147/147/147 153/153/153 145/145/145 
f 153/153/153 154/154/154 145/145/145 
f 145/145/145 154/154/154 145/145/145 
f 154/154/154 155/155/155 145/145/145 
f 145/145/145 155/155/155 145/145/145 
f 155/155/155 156/156/156 145/145/145 
f 145/145/145 156/156/156 143/143/143 
f 156/156/156 157/157/157 143/143/143 
f 143/143/143 157/157/157 141/141/141 
f 157/157/157 158/158/158 141/141/141 
f 141/141/141 158/158/158 159/159/159 
f 158/158/158 160/160/160 159/159/159 
f 159/159/159 160/160/160 152/152/152 
f 160/160/160 161/161/161 152/152/152 
f 152/152/152 161/161/161 150/150/150 
f 161/161/161 162/162/162 150/150/150 
f 150/150/150 162/162/162 149/149/149 
f 162/162/162 149/149/149 149/149/149 
f 149/149/149 149/149/149 159/159/159 
f 149/149/149 159/159/159 159/159/159 
f 159/159/159 159/159/159 141/141/141 
f 159/159/159 142/142/142 141/141/141 
f 141/141/141 142/142/142 142/142/142 
f 142/142/142 162/162/162 142/142/142 
f 142/142/142 162/162/162 162/162/162 
f 162/162/162 161/161/161 162/162/162 
f 162/162/162 161/161/161 163/163/163 
f 161/161/161 160/160/160 163/163/163 
f 163/163/163 160/160/160 164/164/164 
f 160/160/160 158/158/158 164/164/164 
f 164/164/164 158/158/158 164/164/164 
f 158/158/158 157/157/157 164/164/164 
f 164/164/164 157/157/157 164/164/164 
f 157/157/157 165/165/165 164/164/164 
f 164/164/164 165/165/165 163/163/163 
f 165/165/165 166/166/166 163/163/163 
f 163/163/163 166/166/166 163/163/163 
f 166/166/166 167/167/167 163/163/163 
f 163/163/163 167/167/167 163/163/163 
f 167/167/167 168/168/168 163/163/163 
f 163/163/163 168/168/168 162/162/162 
f 168/168/168 168/168/168 162/162/162 
f 162/162/162 168/168/168 149/149/149 
f 168/168/168 169/169/169 149/149/149 
f 149/149/149 169/169/169 149/149/149 
f 169/169/169 170/170/170 149/149/149 
f 149/149/149 170/170/170 153/153/153 
f 170/170/170 171/171/171 153/153/153 
f 153/153/153 171/171/171 154/154/154 
f 171/171/171 172/172/172 154/154/154 
f 154/154/154 172/172/172 154/154/154 
f 172/172/172 173/173/173 154/154/154 
f 154/154/154 173/173/173 155/155/155 
f 173/173/173 174/174/174 155/155/155 
f 155/155/155 174/174/174 155/155/155 
f 174/174/174 175/175/175 155/155/155 
f 155/155/155 175/175/175 156/156/156 
f 175/175/175 176/176/176 156/156/156 
f 156/156/156 176/176/176 157/157/157 
f 176/176/176 177/177/177 157/157/157 
f 157/157/157 177/177/177 165/165/165 
f 177/177/177 178/178/178 165/165/165 
f 165/165/165 178/178/178 166/166/166 
f 178/178/178 179/179/179 166/166/166 
f 166/166/166 179/179/179 166/166/166 
f 179/179/179 180/180/180 166/166/166 
f 166/166/166 180/180/180 167/167/167 
f 180/180/180 181/181/181 167/167/167 
f 167/167/167 181/181/181 167/167/167 
f 181/181/181 182/182/182 167/167/167 
f 167/167/167 182/182/182 168/168/168 
f 182/182/182 182/182/182 168/168/168 
f 168/168/168 182/182/182 169/169/169 
f 182/182/182 183/183/183 169/169/169 
f 169/169/169 183/183/183 169/169/169 
f 183/183/183 184/184/184 169/169/169 
f 169/169/169 184/184/184 170/170/170 
f 184/184/184 185/185/185 170/170/170 
f 170/170/170 185/185/185 171/171/171 
f 185/185/185 186/186/186 171/171/171 
f 171/171/171 186/186/186 172/172/172 
f 186/186/186 172/172/172 172/172/172 
f 172/172/172 172/172/172 182/182/182 
f 172/172/172 182/182/182 182/182/182 
f 182/182/182 182/182/182 183/183/183 
f 182/182/182 187/187/187 183/183/183 
f 183/183/183 187/187/187 183/183/183 
f 187/187/187 188/188/188 183/183/183 
f 183/183/183 188/188/188 183/183/183 
f 188/188/188 189/189/189 183/183/183 
f 183/183/183 189/189/189 184/184/184 
f 189/189/189 190/190/190 184/184/184 
f 184/184/184 190/190/190 185/185/185 
f 190/190/190 191/191/191 185/185/185 
f 185/185/185 191/191/191 186/186/186 
f 191/191/191 186/186/186 186/186/186 
f 186/186/186 186/186/186 182/182/182 
f 186/186/186 182/182/182 182/182/182 
f 182/182/182 182/182/182 187/187/187 
f 182/182/182 181/181/181 187/187/187 
f 187/187/187 181/181/181 187/187/187 
f 181/181/181 192/192/192 187/187/187 
f 187/187/187 192/192/192 193/193/193 
f 192/192/192 194/194/194 193/193/193 
f 193/193/193 194/194/194 195/195/195 
f 194/194/194 196/196/196 195/195/195 
f 195/195/195 196/196/196 197/197/197 
f 196/196/196 198/198/198 197/197/197 
f 197/197/197 198/198/198 198/198/198 
f 198/198/198 187/187/187 198/198/198 
f 198/198/198 187/187/187 187/187/187 
f 187/187/187 193/193/193 187/187/187 
f 187/187/187 193/193/193 188/188/188 
f 193/193/193 188/188/188 188/188/188 
f 188/188/188 188/188/188 193/193/193 
f 188/188/188 193/193/193 193/193/193 
f 193/193/193 193/193/193 199/199/199 
f 193/193/193 195/195/195 199/199/199 
f 199/199/199 195/195/195 197/197/197 
f 195/195/195 197/197/197 197/197/197 
f 197/197/197 197/197/197 196/196/196 
f 197/197/197 196/196/196 196/196/196 
f 196/196/196 196/196/196 200/200/200 
f 196/196/196 194/194/194 200/200/200 
f 200/200/200 194/194/194 200/200/200 
f 194/194/194 192/192/192 200/200/200 
f 200/200/200 192/192/192 200/200/200 
f 192/192/192 181/181/181 200/200/200 
f 200/200/200 181/181/181 200/200/200 
f 181/181/181 180/180/180 200/200/200 
f 200/200/200 180/180/180 201/201/201 
f 180/180/180 179/179/179 201/201/201 
f 201/201/201 179/179/179 202/202/202 
f 179/179/179 203/203/203 202/202/202 
f 202/202/202 203/203/203 204/204/204 
f 203/203/203 204/204/204 204/204/204 
f 204/204/204 204/204/204 200/200/200 
f 204/204/204 200/200/200 200/200/200 
f 200/200/200 200/200/200 196/196/196 
f 200/200/200 201/201/201 196/196/196 
f 196/196/196 201/201/201 198/198/198 
f 201/201/201 202/202/202 198/198/198 
f 198/198/198 202/202/202 202/202/202 
f 202/202/202 179/179/179 202/202/202 
f 202/202/202 179/179/179 179/179/179 
f 179/179/179 178/178/178 179/179/179 
f 179/179/179 178/178/178 203/203/203 
f 178/178/178 205/205/205 203/203/203 
f 203/203/203 205/205/205 203/203/203 
f 205/205/205 206/206/206 203/203/203 
f 203/203/203 206/206/206 204/204/204 
f 206/206/206 207/207/207 204/204/204 
f 204/204/204 207/207/207 208/208/208 
f 207/207/207 209/209/209 208/208/208 
f 208/208/208 209/209/209 210/210/210 
f 209/209/209 211/211/211 210/210/210 
f 210/210/210 211/211/211 211/211/211 
f 211/211/211 178/178/178 211/211/211 
f 211/211/211 178/178/178 178/178/178 
f 178/178/178 177/177/177 178/178/178 
f 178/178/178 177/177/177 205/205/205 
f 177/177/177 212/212/212 205/205/205 
f 205/205/205 212/212/212 205/205/205 
f 212/212/212 213/213/213 205/205/205 
f 205/205/205 213/213/213 206/206/206 
f 213/213/213 213/213/213 206/206/206 
f 206/206/206 213/213/213 207/207/207 
f 213/213/213 209/209/209 207/207/207 
f 207/207/207 209/209/209 209/209/209 
f 209/209/209 204/204/204 209/209/209 
f 209/209/209 204/204/204 204/204/204 
f 204/204/204 208/208/208 204/204/204 
f 204/204/204 208/208/208 214/214/214 
f 208/208/208 210/210/210 214/214/214 
f 214/214/214 210/210/210 210/210/210 
f 210/210/210 177/177/177 210/210/210 
f 210/210/210 177/177/177 177/177/177 
f 177/177/177 176/176/176 177/177/177 
f 177/177/177 176/176/176 212/212/212 
f 176/176/176 215/215/215 212/212/212 
f 212/212/212 215/215/215 216/216/216 
f 215/215/215 217/217/217 216/216/216 
f 216/216/216 217/217/217 216/216/216 
f 217/217/217 211/211/211 216/216/216 
f 216/216/216 211/211/211 216/216/216 
f 211/211/211 209/209/209 216/216/216 
f 216/216/216 209/209/209 216/216/216 
f 209/209/209 213/213/213 216/216/216 
f 216/216/216 213/213/213 212/212/212 
f 213/213/213 212/212/212 212/212/212 
f 212/212/212 212/212/212 176/176/176 
f 212/212/212 176/176/176 176/176/176 
f 176/176/176 176/176/176 215/215/215 
f 176/176/176 175/175/175 215/215/215 
f 215/215/215 175/175/175 218/218/218 
f 175/175/175 174/174/174 218/218/218 
f 218/218/218 174/174/174 219/219/219 
f 174/174/174 220/220/220 219/219/219 
f 219/219/219 220/220/220 219/219/219 
f 220/220/220 221/221/221 219/219/219 
f 219/219/219 221/221/221 222/222/222 
f 221/221/221 223/223/223 222/222/222 
f 222/222/222 223/223/223 224/224/224 
f 223/223/223 223/223/223 224/224/224 
f 224/224/224 223/223/223 225/225/225 
f 223/223/223 223/223/223 225/225/225 
f 225/225/225 223/223/223 226/226/226 
f 223/223/223 221/221/221 226/226/226 
f 226/226/226 221/221/221 226/226/226 
f 221/221/221 220/220/220 226/226/226 
f 226/226/226 220/220/220 227/227/227 
f 220/220/220 173/173/173 227/227/227 
f 227/227/227 173/173/173 227/227/227 
f 173/173/173 172/172/172 227/227/227 
f 227/227/227 172/172/172 228/228/228 
f 172/172/172 186/186/186 228/228/228 
f 228/228/228 186/186/186 229/229/229 
f 186/186/186 191/191/191 229/229/229 
f 229/229/229 191/191/191 230/230/230 
f 191/191/191 190/190/190 230/230/230 
f 230/230/230 190/190/190 190/190/190 
f 190/190/190 215/215/215 190/190/190 
f 190/190/190 215/215/215 215/215/215 
f 215/215/215 218/218/218 215/215/215 
f 215/215/215 218/218/218 217/217/217 
f 218/218/218 218/218/218 217/217/217 
f 217/217/217 218/218/218 222/222/222 
f 218/218/218 219/219/219 222/222/222 
f 222/222/222 219/219/219 219/219/219 
f 219/219/219 173/173/173 219/219/219 
f 219/219/219 173/173/173 173/173/173 
f 173/173/173 220/220/220 173/173/173 
f 173/173/173 220/220/220 174/174/174 
f 220/220/220 174/174/174 174/174/174 
f 174/174/174 174/174/174 230/230/230 
f 174/174/174 230/230/230 230/230/230 
f 230/230/230 230/230/230 229/229/229 
f 230/230/230 231/231/231 229/229/229 
f 229/229/229 231/231/231 232/232/232 
f 231/231/231 231/231/231 232/232/232 
f 232/232/232 231/231/231 233/233/233 
f 231/231/231 234/234/234 233/233/233 
f 233/233/233 234/234/234 235/235/235 
f 234/234/234 189/189/189 235/235/235 
f 235/235/235 189/189/189 188/188/188 
f 189/189/189 188/188/188 188/188/188 
f 188/188/188 188/188/188 231/231/231 
f 188/188/188 231/231/231 231/231/231 
f 231/231/231 231/231/231 234/234/234 
f 231/231/231 230/230/230 234/234/234 
f 234/234/234 230/230/230 234/234/234 
f 230/230/230 190/190/190 234/234/234 
f 234/234/234 190/190/190 189/189/189 
f 190/190/190 189/189/189 189/189/189 
f 189/189/189 189/189/189 228/228/228 
f 189/189/189 228/228/228 228/228/228 
f 228/228/228 228/228/228 227/227/227 
f 228/228/228 236/236/236 227/227/227 
f 227/227/227 236/236/236 226/226/226 
f 236/236/236 225/225/225 226/226/226 
f 226/226/226 225/225/225 225/225/225 
f 225/225/225 237/237/237 225/225/225 
f 225/225/225 237/237/237 237/237/237 
f 237/237/237 238/238/238 237/237/237 
f 237/237/237 238/238/238 239/239/239 
f 238/238/238 240/240/240 239/239/239 
f 239/239/239 240/240/240 240/240/240 
f 240/240/240 241/241/241 240/240/240 
f 240/240/240 241/241/241 241/241/241 
f 241/241/241 242/242/242 241/241/241 
f 241/241/241 242/242/242 243/243/243 
f 242/242/242 244/244/244 243/243/243 
f 243/243/243 244/244/244 244/244/244 
f 244/244/244 245/245/245 244/244/244 
f 244/244/244 245/245/245 245/245/245 
f 245/245/245 246/246/246 245/245/245 
f 245/245/245 246/246/246 247/247/247 
f 246/246/246 248/248/248 247/247/247 
f 247/247/247 248/248/248 248/248/248 
f 248/248/248 249/249/249 248/248/248 
f 248/248/248 249/249/249 249/249/249 
f 249/249/249 250/250/250 249/249/249 
f 249/249/249 250/250/250 251/251/251 
f 250/250/250 252/252/252 251/251/251 
f 251/251/251 252/252/252 252/252/252 
f 252/252/252 253/253/253 252/252/252 
f 252/252/252 253/253/253 253/253/253 
f 253/253/253 254/254/254 253/253/253 
f 253/253/253 254/254/254 255/255/255 
f 254/254/254 256/256/256 255/255/255 
f 255/255/255 256/256/256 257/257/257 
f 256/256/256 258/258/258 257/257/257 
f 257/257/257 258/258/258 259/259/259 
f 258/258/258 260/260/260 259/259/259 
f 259/259/259 260/260/260 261/261/261 
f 260/260/260 262/262/262 261/261/261 
f 261/261/261 262/262/262 262/262/262 
f 262/262/262 263/263/263 262/262/262 
f 262/262/262 263/263/263 263/263/263 
f 263/263/263 264/264/264 263/263/263 
f 263/263/263 264/264/264 265/265/265 
f 264/264/264 266/266/266 265/265/265 
f 265/265/265 266/266/266 267/267/267 
f 266/266/266 268/268/268 267/267/267 
f 267/267/267 268/268/268 269/269/269 
f 268/268/268 270/270/270 269/269/269 
f 269/269/269 270/270/270 271/271/271 
f 270/270/270 272/272/272 271/271/271 
f 271/271/271 272/272/272 273/273/273 
f 272/272/272 274/274/274 273/273/273 
f 273/273/273 274/274/274 274/274/274 
f 274/274/274 275/275/275 274/274/274 
f 274/274/274 275/275/275 275/275/275 
f 275/275/275 276/276/276 275/275/275 
f 275/275/275 276/276/276 277/277/277 
f 276/276/276 278/278/278 277/277/277 
f 277/277/277 278/278/278 279/279/279 
f 278/278/278 280/280/280 279/279/279 
f 279/279/279 280/280/280 281/281/281 
f 280/280/280 282/282/282 281/281/281 
f 281/281/281 282/282/282 283/283/283 
f 282/282/282 284/284/284 283/283/283 
f 283/283/283 284/284/284 284/284/284 
f 284/284/284 285/285/285 284/284/284 
f 284/284/284 285/285/285 285/285/285 
f 285/285/285 286/286/286 285/285/285 
f 285/285/285 286/286/286 287/287/287 
f 286/286/286 288/288/288 287/287/287 
f 287/287/287 288/288/288 289/289/289 
f 288/288/288 290/290/290 289/289/289 
f 289/289/289 290/290/290 291/291/291 
f 290/290/290 292/292/292 291/291/291 
f 291/291/291 292/292/292 293/293/293 
f 292/292/292 294/294/294 293/293/293 
f 293/293/293 294/294/294 295/295/295 
f 294/294/294 296/296/296 295/295/295 
f 295/295/295 296/296/296 296/296/296 
f 296/296/296 297/297/297 296/296/296 
f 296/296/296 297/297/297 297/297/297 
f 297/297/297 298/298/298 297/297/297 
f 297/297/297 298/298/298 299/299/299 
f 298/298/298 300/300/300 299/299/299 
f 299/299/299 300/300/300 299/299/299 
f 300/300/300 301/301/301 299/299/299 
f 299/299/299 301/301/301 299/299/299 
f 301/301/301 302/302/302 299/299/299 
f 299/299/299 302/302/302 299/299/299 
f 302/302/302 303/303/303 299/299/299 
f 299/299/299 303/303/303 299/299/299 
f 303/303/303 304/304/304 299/299/299 
f 299/299/299 304/304/304 299/299/299 
f 304/304/304 305/305/305 299/299/299 
f 299/299/299 305/305/305 299/299/299 
f 305/305/305 306/306/306 299/299/299 
f 299/299/299 306/306/306 299/299/299 
f 306/306/306 307/307/307 299/299/299 
f 299/299/299 307/307/307 299/299/299 
f 307/307/307 308/308/308 299/299/299 
f 299/299/299 308/308/308 299/299/299 
f 308/308/308 309/309/309 299/299/299 
f 299/299/299 309/309/309 299/299/299 
f 309/309/309 310/310/310 299/299/299 
f 299/299/299 310/310/310 299/299/299 
f 310/310/310 311/311/311 299/299/299 
f 299/299/299 311/311/311 299/299/299 
f 311/311/311 312/312/312 299/299/299 
f 299/299/299 312/312/312 299/299/299 
f 312/312/312 313/313/313 299/299/299 
f 299/299/299 313/313/313 314/314/314 
f 313/313/313 314/314/314 314/314/314 
f 314/314/314 314/314/314 315/315/315 
f 314/314/314 315/315/315 315/315/315 
f 315/315/315 315/315/315 316/316/316 
f 315/315/315 317/317/317 316/316/316 
f 316/316/316 317/317/317 316/316/316 
f 317/317/317 318/318/318 316/316/316 
f 316/316/316 318/318/318 316/316/316 
f 318/318/318 319/319/319 316/316/316 
f 316/316/316 319/319/319 316/316/316 
f 319/319/319 320/320/320 316/316/316 
f 316/316/316 320/320/320 316/316/316 
f 320/320/320 321/321/321 316/316/316 
f 316/316/316 321/321/321 316/316/316 
f 321/321/321 322/322/322 316/316/316 
f 316/316/316 322/322/322 316/316/316 
f 322/322/322 323/323/323 316/316/316 
f 316/316/316 323/323/323 316/316/316 
f 323/323/323 324/324/324 316/316/316 
f 316/316/316 324/324/324 316/316/316 
f 324/324/324 325/325/325 316/316/316 
f 316/316/316 325/325/325 316/316/316 
f 325/325/325 326/326/326 316/316/316 
f 316/316/316 326/326/326 316/316/316 
f 326/326/326 327/327/327 316/316/316 
f 316/316/316 327/327/327 316/316/316 
f 327/327/327 328/328/328 316/316/316 
f 316/316/316 328/328/328 316/316/316 
f 328/328/328 329/329/329 316/316/316 
f 316/316/316 329/329/329 316/316/316 
f 329/329/329 330/330/330 316/316/316 
f 316/316/316 330/330/330 316/316/316 
f 330/330/330 331/331/331 316/316/316 
f 316/316/316 331/331/331 332/332/332 
f 331/331/331 332/332/332 332/332/332 
f 332/332/332 332/332/332 333/333/333 
f 332/332/332 333/333/333 333/333/333 
f 333/333/333 333/333/333 334/334/334 
f 333/333/333 335/335/335 334/334/334 
f 334/334/334 335/335/335 336/336/336 
f 335/335/335 336/336/336 336/336/336 
f 336/336/336 336/336/336 334/334/334 
f 336/336/336 334/334/334 334/334/334 
f 334/334/334 334/334/334 333/333/333 
f 334/334/334 337/337/337 333/333/333 
f 333/333/333 337/337/337 338/338/338 
f 337/337/337 339/339/339 338/338/338 
f 338/338/338 339/339/339 340/340/340 
f 339/339/339 341/341/341 340/340/340 
f 340/340/340 341/341/341 342/342/342 
f 341/341/341 343/343/343 342/342/342 
f 342/342/342 343/343/343 344/344/344 
f 343/343/343 345/345/345 344/344/344 
f 344/344/344 345/345/345 346/346/346 
f 345/345/345 347/347/347 346/346/346 
f 346/346/346 347/347/347 348/348/348 
f 347/347/347 349/349/349 348/348/348 
f 348/348/348 349/349/349 350/350/350 
f 349/349/349 351/351/351 350/350/350 
f 350/350/350 351/351/351 352/352/352 
f 351/351/351 353/353/353 352/352/352 
f 352/352/352 353/353/353 354/354/354 
f 353/353/353 355/355/355 354/354/354 
f 354/354/354 355/355/355 356/356/356 
f 355/355/355 357/357/357 356/356/356 
f 356/356/356 357/357/357 358/358/358 
f 357/357/357 359/359/359 358/358/358 
f 358/358/358 359/359/359 360/360/360 
f 359/359/359 361/361/361 360/360/360 
f 360/360/360 361/361/361 362/362/362 
f 361/361/361 363/363/363 362/362/362 
f 362/362/362 363/363/363 364/364/364 
f 363/363/363 365/365/365 364/364/364 
f 364/364/364 365/365/365 366/366/366 
f 365/365/365 367/367/367 366/366/366 
f 366/366/366 367/367/367 368/368/368 
f 367/367/367 336/336/336 368/368/368 
f 368/368/368 336/336/336 335/335/335 
f 336/336/336 335/335/335 335/335/335 
f 335/335/335 335/335/335 369/369/369 
f 335/335/335 369/369/369 369/369/369 
f 369/369/369 369/369/369 370/370/370 
f 369/369/369 371/371/371 370/370/370 
f 370/370/370 371/371/371 372/372/372 
f 371/371/371 372/372/372 372/372/372 
f 372/372/372 372/372/372 373/373/373 
f 372/372/372 373/373/373 373/373/373 
f 373/373/373 373/373/373 374/374/374 
f 373/373/373 375/375/375 374/374/374 
f 374/374/374 375/375/375 376/376/376 
f 375/375/375 376/376/376 376/376/376 
f 376/376/376 376/376/376 377/377/377 
f 376/376/376 377/377/377 377/377/377 
f 377/377/377 377/377/377 378/378/378 
f 377/377/377 379/379/379 378/378/378 
f 378/378/378 379/379/379 380/380/380 
f 379/379/379 380/380/380 380/380/380 
f 380/380/380 380/380/380 381/381/381 
f 380/380/380 381/381/381 381/381/381 
f 381/381/381 381/381/381 382/382/382 
f 381/381/381 383/383/383 382/382/382 
f 382/382/382 383/383/383 384/384/384 
f 383/383/383 384/384/384 384/384/384 
f 384/384/384 384/384/384 385/385/385 
f 384/384/384 385/385/385 385/385/385 
f 385/385/385 385/385/385 386/386/386 
f 385/385/385 387/387/387 386/386/386 
f 386/386/386 387/387/387 388/388/388 
f 387/387/387 388/388/388 388/388/388 
f 388/388/388 388/388/388 389/389/389 
f 388/388/388 389/389/389 389/389/389 
f 389/389/389 389/389/389 390/390/390 
f 389/389/389 391/391/391 390/390/390 
f 390/390/390 391/391/391 392/392/392 
f 391/391/391 392/392/392 392/392/392 
f 392/392/392 392/392/392 393/393/393 
f 392/392/392 393/393/393 393/393/393 
f 393/393/393 393/393/393 394/394/394 
f 393/393/393 395/395/395 394/394/394 
f 394/394/394 395/395/395 396/396/396 
f 395/395/395 396/396/396 396/396/396 
f 396/396/396 396/396/396 397/397/397 
f 396/396/396 397/397/397 397/397/397 
f 397/397/397 397/397/397 398/398/398 
f 397/397/397 399/399/399 398/398/398 
f 398/398/398 399/399/399 400/400/400 
f 399/399/399 400/400/400 400/400/400 
f 400/400/400 400/400/400 401/401/401 
f 400/400/400 401/401/401 401/401/401 
f 401/401/401 401/401/401 402/402/402 
f 401/401/401 403/403/403 402/402/402 
f 402/402/402 403/403/403 404/404/404 
f 403/403/403 404/404/404 404/404/404 
f 404/404/404 404/404/404 405/405/405 
f 404/404/404 405/405/405 405/405/405 
f 405/405/405 405/405/405 406/406/406 
f 405/405/405 407/407/407 406/406/406 
f 406/406/406 407/407/407 408/408/408 
f 407/407/407 408/408/408 408/408/408 
f 408/408/408 408/408/408 409/409/409 
f 408/408/408 409/409/409 409/409/409 
f 409/409/409 409/409/409 410/410/410 
f 409/409/409 411/411/411 410/410/410 
f 410/410/410 411/411/411 412/412/412 
f 411/411/411 412/412/412 412/412/412 
f 412/412/412 412/412/412 413/413/413 
f 412/412/412 413/413/413 413/413/413 
f 413/413/413 413/413/413 414/414/414 
f 413/413/413 415/415/415 414/414/414 
f 414/414/414 415/415/415 416/416/416 
f 415/415/415 416/416/416 416/416/416 
f 416/416/416 416/416/416 417/417/417 
f 416/416/416 417/417/417 417/417/417 
f 417/417/417 417/417/417 418/418/418 
f 417/417/417 419/419/419 418/418/418 
f 418/418/418 419/419/419 420/420/420 
f 419/419/419 420/420/420 420/420/420 
f 420/420/420 420/420/420 421/421/421 
f 420/420/420 421/421/421 421/421/421 
f 421/421/421 421/421/421 422/422/422 
f 421/421/421 423/423/423 422/422/422 
f 422/422/422 423/423/423 424/424/424 
f 423/423/423 424/424/424 424/424/424 
f 424/424/424 424/424/424 425/425/425 
f 424/424/424 425/425/425 425/425/425 
f 425/425/425 425/425/425 426/426/426 
f 425/425/425 427/427/427 426/426/426 
f 426/426/426 427/427/427 428/428/428 
f 427/427/427 428/428/428 428/428/428 
f 428/428/428 428/428/428 429/429/429 
f 428/428/428 429/429/429 429/429/429 
f 429/429/429 429/429/429 430/430/430 
f 429/429/429 431/431/431 430/430/430 
f 430/430/430 431/431/431 432/432/432 
f 431/431/431 432/432/432 432/432/432 
f 432/432/432 432/432/432 433/433/433 
f 432/432/432 433/433/433 433/433/433 
f 433/433/433 433/433/433 434/434/434 
f 433/433/433 435/435/435 434/434/434 
f 434/434/434 435/435/435 436/436/436 
f 435/435/435 436/436/436 436/436/436 
f 436/436/436 436/436/436 437/437/437 
f 436/436/436 437/437/437 437/437/437 
f 437/437/437 437/437/437 438/438/438 
f 437/437/437 439/439/439 438/438/438 
f 438/438/438 439/439/439 440/440/440 

